# vtk DataFile Version 2.0
academic_pulse, Created by Gmsh 4.11.1 
ASCII
DATASET UNSTRUCTURED_GRID
POINTS 8376 double
-1 -1 0
1 -1 0
1 0 0
-1 0 0
-1 1 0
1 1 0
-0.9761904761905423 -1 0
-0.9523809523810847 -1 0
-0.9285714285716269 -1 0
-0.9047619047621692 -1 0
-0.8809523809527116 -1 0
-0.8571428571432539 -1 0
-0.8333333333337962 -1 0
-0.8095238095243386 -1 0
-0.7857142857148809 -1 0
-0.7619047619054232 -1 0
-0.7380952380959656 -1 0
-0.7142857142865078 -1 0
-0.6904761904770502 -1 0
-0.6666666666675924 -1 0
-0.6428571428581348 -1 0
-0.6190476190486771 -1 0
-0.5952380952392194 -1 0
-0.5714285714297618 -1 0
-0.547619047620304 -1 0
-0.5238095238108464 -1 0
-0.5000000000013887 -1 0
-0.476190476191931 -1 0
-0.4523809523824733 -1 0
-0.4285714285730157 -1 0
-0.404761904763558 -1 0
-0.3809523809541003 -1 0
-0.3571428571446426 -1 0
-0.333333333335185 -1 0
-0.3095238095257273 -1 0
-0.2857142857162696 -1 0
-0.2619047619068119 -1 0
-0.2380952380973542 -1 0
-0.2142857142878964 -1 0
-0.1904761904784389 -1 0
-0.1666666666689811 -1 0
-0.1428571428595236 -1 0
-0.1190476190500658 -1 0
-0.095238095240608 -1 0
-0.07142857143115044 -1 0
-0.04761904762169278 -1 0
-0.023809523812235 -1 0
-2.755795591724564e-12 -1 0
0.02380952380681256 -1 0
0.04761904761640268 -1 0
0.07142857142599235 -1 0
0.09523809523558247 -1 0
0.1190476190451724 -1 0
0.1428571428547623 -1 0
0.1666666666643524 -1 0
0.190476190473942 -1 0
0.2142857142835322 -1 0
0.2380952380931221 -1 0
0.2619047619027119 -1 0
0.2857142857123021 -1 0
0.3095238095218917 -1 0
0.3333333333314819 -1 0
0.3571428571410717 -1 0
0.3809523809506616 -1 0
0.4047619047602518 -1 0
0.4285714285698417 -1 0
0.4523809523794315 -1 0
0.4761904761890214 -1 0
0.4999999999986113 -1 0
0.5238095238082014 -1 0
0.5476190476177911 -1 0
0.5714285714273812 -1 0
0.5952380952369709 -1 0
0.6190476190465608 -1 0
0.6428571428561509 -1 0
0.6666666666657408 -1 0
0.6904761904753309 -1 0
0.7142857142849206 -1 0
0.7380952380945105 -1 0
0.7619047619041006 -1 0
0.7857142857136905 -1 0
0.8095238095232806 -1 0
0.8333333333328705 -1 0
0.8571428571424602 -1 0
0.8809523809520503 -1 0
0.9047619047616402 -1 0
0.9285714285712303 -1 0
0.9523809523808204 -1 0
0.9761904761904099 -1 0
1 -0.9761904761903771 0
1 -0.9523809523807542 0
1 -0.9285714285711313 0
1 -0.9047619047615084 0
1 -0.8809523809518907 0
1 -0.8571428571424609 0
1 -0.8333333333331022 0
1 -0.8095238095237437 0
1 -0.7857142857143851 0
1 -0.7619047619050265 0
1 -0.7380952380956679 0
1 -0.7142857142863093 0
1 -0.6904761904769507 0
1 -0.6666666666675921 0
1 -0.6428571428582336 0
1 -0.619047619048875 0
1 -0.5952380952395164 0
1 -0.571428571430158 0
1 -0.5476190476207996 0
1 -0.5238095238114411 0
1 -0.500000000002061 0
1 -0.4761904761924597 0
1 -0.4523809523828367 0
1 -0.4285714285732136 0
1 -0.4047619047635908 0
1 -0.3809523809539678 0
1 -0.3571428571443448 0
1 -0.3333333333347217 0
1 -0.3095238095250987 0
1 -0.2857142857154759 0
1 -0.2619047619058528 0
1 -0.2380952380962298 0
1 -0.2142857142866069 0
1 -0.1904761904769838 0
1 -0.166666666667361 0
1 -0.1428571428577379 0
1 -0.1190476190481149 0
1 -0.09523809523849203 0
1 -0.07142857142886894 0
1 -0.04761904761924596 0
1 -0.02380952380962287 0
0.9761904761905423 0 0
0.9523809523810847 0 0
0.9285714285716269 0 0
0.9047619047621692 0 0
0.8809523809527116 0 0
0.8571428571432539 0 0
0.8333333333337962 0 0
0.8095238095243386 0 0
0.7857142857148809 0 0
0.7619047619054232 0 0
0.7380952380959656 0 0
0.7142857142865078 0 0
0.6904761904770502 0 0
0.6666666666675924 0 0
0.6428571428581348 0 0
0.6190476190486771 0 0
0.5952380952392194 0 0
0.5714285714297618 0 0
0.547619047620304 0 0
0.5238095238108464 0 0
0.5000000000013887 0 0
0.476190476191931 0 0
0.4523809523824733 0 0
0.4285714285730157 0 0
0.404761904763558 0 0
0.3809523809541003 0 0
0.3571428571446426 0 0
0.333333333335185 0 0
0.3095238095257273 0 0
0.2857142857162696 0 0
0.2619047619068119 0 0
0.2380952380973542 0 0
0.2142857142878964 0 0
0.1904761904784389 0 0
0.1666666666689811 0 0
0.1428571428595236 0 0
0.1190476190500658 0 0
0.095238095240608 0 0
0.07142857143115044 0 0
0.04761904762169278 0 0
0.023809523812235 0 0
2.755795591724564e-12 0 0
-0.02380952380681256 0 0
-0.04761904761640268 0 0
-0.07142857142599235 0 0
-0.09523809523558247 0 0
-0.1190476190451724 0 0
-0.1428571428547623 0 0
-0.1666666666643524 0 0
-0.190476190473942 0 0
-0.2142857142835322 0 0
-0.2380952380931221 0 0
-0.2619047619027119 0 0
-0.2857142857123021 0 0
-0.3095238095218917 0 0
-0.3333333333314819 0 0
-0.3571428571410717 0 0
-0.3809523809506616 0 0
-0.4047619047602518 0 0
-0.4285714285698417 0 0
-0.4523809523794315 0 0
-0.4761904761890214 0 0
-0.4999999999986113 0 0
-0.5238095238082014 0 0
-0.5476190476177911 0 0
-0.5714285714273812 0 0
-0.5952380952369709 0 0
-0.6190476190465608 0 0
-0.6428571428561509 0 0
-0.6666666666657408 0 0
-0.6904761904753309 0 0
-0.7142857142849206 0 0
-0.7380952380945105 0 0
-0.7619047619041006 0 0
-0.7857142857136905 0 0
-0.8095238095232806 0 0
-0.8333333333328705 0 0
-0.8571428571424602 0 0
-0.8809523809520503 0 0
-0.9047619047616402 0 0
-0.9285714285712303 0 0
-0.9523809523808204 0 0
-0.9761904761904099 0 0
-1 -0.02380952380947892 0
-1 -0.04761904761895239 0
-1 -0.07142857142842945 0
-1 -0.09523809523791683 0
-1 -0.1190476190474036 0
-1 -0.1428571428568668 0
-1 -0.1666666666663211 0
-1 -0.1904761904757755 0
-1 -0.2142857142852298 0
-1 -0.2380952380946841 0
-1 -0.2619047619041385 0
-1 -0.2857142857135928 0
-1 -0.3095238095230471 0
-1 -0.3333333333325014 0
-1 -0.3571428571419557 0
-1 -0.38095238095141 0
-1 -0.4047619047608644 0
-1 -0.4285714285703187 0
-1 -0.452380952379773 0
-1 -0.4761904761892274 0
-1 -0.4999999999986925 0
-1 -0.5238095238082683 0
-1 -0.547619047617855 0
-1 -0.5714285714274415 0
-1 -0.5952380952370281 0
-1 -0.6190476190466146 0
-1 -0.6428571428562012 0
-1 -0.6666666666657878 0
-1 -0.6904761904753745 0
-1 -0.714285714284961 0
-1 -0.7380952380945476 0
-1 -0.7619047619041343 0
-1 -0.7857142857137206 0
-1 -0.8095238095233073 0
-1 -0.8333333333328938 0
-1 -0.8571428571424804 0
-1 -0.880952380952067 0
-1 -0.9047619047616536 0
-1 -0.9285714285712402 0
-1 -0.9523809523808268 0
-1 -0.9761904761904134 0
-1 0.02380952380947892 0
-1 0.04761904761895239 0
-1 0.07142857142842945 0
-1 0.09523809523791683 0
-1 0.1190476190474036 0
-1 0.1428571428568668 0
-1 0.1666666666663211 0
-1 0.1904761904757755 0
-1 0.2142857142852298 0
-1 0.2380952380946841 0
-1 0.2619047619041385 0
-1 0.2857142857135928 0
-1 0.3095238095230471 0
-1 0.3333333333325014 0
-1 0.3571428571419557 0
-1 0.38095238095141 0
-1 0.4047619047608644 0
-1 0.4285714285703187 0
-1 0.452380952379773 0
-1 0.4761904761892274 0
-1 0.4999999999986925 0
-1 0.5238095238082683 0
-1 0.547619047617855 0
-1 0.5714285714274415 0
-1 0.5952380952370281 0
-1 0.6190476190466146 0
-1 0.6428571428562012 0
-1 0.6666666666657878 0
-1 0.6904761904753745 0
-1 0.714285714284961 0
-1 0.7380952380945476 0
-1 0.7619047619041343 0
-1 0.7857142857137206 0
-1 0.8095238095233073 0
-1 0.8333333333328938 0
-1 0.8571428571424804 0
-1 0.880952380952067 0
-1 0.9047619047616536 0
-1 0.9285714285712402 0
-1 0.9523809523808268 0
-1 0.9761904761904134 0
-0.9761904761905423 1 0
-0.9523809523810847 1 0
-0.9285714285716269 1 0
-0.9047619047621692 1 0
-0.8809523809527116 1 0
-0.8571428571432539 1 0
-0.8333333333337962 1 0
-0.8095238095243386 1 0
-0.7857142857148809 1 0
-0.7619047619054232 1 0
-0.7380952380959656 1 0
-0.7142857142865078 1 0
-0.6904761904770502 1 0
-0.6666666666675924 1 0
-0.6428571428581348 1 0
-0.6190476190486771 1 0
-0.5952380952392194 1 0
-0.5714285714297618 1 0
-0.547619047620304 1 0
-0.5238095238108464 1 0
-0.5000000000013887 1 0
-0.476190476191931 1 0
-0.4523809523824733 1 0
-0.4285714285730157 1 0
-0.404761904763558 1 0
-0.3809523809541003 1 0
-0.3571428571446426 1 0
-0.333333333335185 1 0
-0.3095238095257273 1 0
-0.2857142857162696 1 0
-0.2619047619068119 1 0
-0.2380952380973542 1 0
-0.2142857142878964 1 0
-0.1904761904784389 1 0
-0.1666666666689811 1 0
-0.1428571428595236 1 0
-0.1190476190500658 1 0
-0.095238095240608 1 0
-0.07142857143115044 1 0
-0.04761904762169278 1 0
-0.023809523812235 1 0
-2.755795591724564e-12 1 0
0.02380952380681256 1 0
0.04761904761640268 1 0
0.07142857142599235 1 0
0.09523809523558247 1 0
0.1190476190451724 1 0
0.1428571428547623 1 0
0.1666666666643524 1 0
0.190476190473942 1 0
0.2142857142835322 1 0
0.2380952380931221 1 0
0.2619047619027119 1 0
0.2857142857123021 1 0
0.3095238095218917 1 0
0.3333333333314819 1 0
0.3571428571410717 1 0
0.3809523809506616 1 0
0.4047619047602518 1 0
0.4285714285698417 1 0
0.4523809523794315 1 0
0.4761904761890214 1 0
0.4999999999986113 1 0
0.5238095238082014 1 0
0.5476190476177911 1 0
0.5714285714273812 1 0
0.5952380952369709 1 0
0.6190476190465608 1 0
0.6428571428561509 1 0
0.6666666666657408 1 0
0.6904761904753309 1 0
0.7142857142849206 1 0
0.7380952380945105 1 0
0.7619047619041006 1 0
0.7857142857136905 1 0
0.8095238095232806 1 0
0.8333333333328705 1 0
0.8571428571424602 1 0
0.8809523809520503 1 0
0.9047619047616402 1 0
0.9285714285712303 1 0
0.9523809523808204 1 0
0.9761904761904099 1 0
1 0.9761904761903771 0
1 0.9523809523807542 0
1 0.9285714285711313 0
1 0.9047619047615084 0
1 0.8809523809518907 0
1 0.8571428571424609 0
1 0.8333333333331022 0
1 0.8095238095237437 0
1 0.7857142857143851 0
1 0.7619047619050265 0
1 0.7380952380956679 0
1 0.7142857142863093 0
1 0.6904761904769507 0
1 0.6666666666675921 0
1 0.6428571428582336 0
1 0.619047619048875 0
1 0.5952380952395164 0
1 0.571428571430158 0
1 0.5476190476207996 0
1 0.5238095238114411 0
1 0.500000000002061 0
1 0.4761904761924597 0
1 0.4523809523828367 0
1 0.4285714285732136 0
1 0.4047619047635908 0
1 0.3809523809539678 0
1 0.3571428571443448 0
1 0.3333333333347217 0
1 0.3095238095250987 0
1 0.2857142857154759 0
1 0.2619047619058528 0
1 0.2380952380962298 0
1 0.2142857142866069 0
1 0.1904761904769838 0
1 0.166666666667361 0
1 0.1428571428577379 0
1 0.1190476190481149 0
1 0.09523809523849203 0
1 0.07142857142886894 0
1 0.04761904761924596 0
1 0.02380952380962287 0
-0.4863195864375294 -0.9772876945985677 0
0.4898872152602604 -0.02195713029846415 0
0.3427135039812901 -0.02209860951249646 0
-0.3460238208126182 -0.9782751953245195 0
-0.1993920523434257 -0.9773631746169634 0
0.1773497960842491 -0.02180205871873239 0
-0.0595238095264612 -0.9793803475290215 0
0.03656598065978043 -0.02173208828824607 0
0.2738095238075126 -0.979380347528882 0
-0.4166288662210949 -0.02145212462411031 0
0.4168231650854999 -0.9792352131441301 0
-0.2722176112896586 -0.02129624734173902 0
0.1069815909615048 -0.9792509223102834 0
-0.1289477320664016 -0.02143609043531245 0
0.9793803475291789 -0.5119047619066126 0
-0.9793803475289974 -0.4880952380939599 0
0.5598039601324111 -0.9788961296378873 0
-0.5629315876825289 -0.02262310189558845 0
0.9793803475292051 -0.3690476190488408 0
-0.9793803475288876 -0.6309523809514079 0
-0.6072268337278977 -0.9773762516414578 0
0.6058967559139884 -0.01891311276823613 0
-0.9793803475290022 -0.3690476190466829 0
0.9793803475291624 -0.6309523809532329 0
0.6749019104592175 -0.9773614813412485 0
-0.6789191568975436 -0.02127425234802015 0
0.7257885345043105 -0.02088779109661649 0
-0.7279538478086527 -0.9785354780606635 0
0.9793803475291645 -0.7500000000001192 0
-0.9793803475290022 -0.2499999999994113 0
0.9793803475288577 -0.2500000000010316 0
-0.9793803475288877 -0.749999999999341 0
0.7753041366554735 -0.9810003768688771 0
-0.7737610937344903 -0.02080046630229459 0
0.8214285714290674 -0.02061965247100078 0
-0.8182530448675909 -0.9773735617083361 0
0.9793803475289292 -0.8452380952378636 0
-0.9793803475290022 -0.154761904761594 0
0.9793803475288561 -0.1547619047625494 0
-0.9793803475288876 -0.8452380952376871 0
-0.03342436015120782 -0.02267871445325714 0
0.03602706019350319 -0.9785095352532129 0
0.8464438395924431 -0.9793421771192119 0
-0.8452380952376654 -0.0206196524711151 0
0.9793803475290376 -0.4404761904777208 0
-0.9793803475288876 -0.5595238095226482 0
-0.4880952380938191 -0.02061965247111489 0
0.2029400039424016 -0.9797229522491856 0
0.3452380952362749 -0.9793803475288853 0
-0.3463189563572999 -0.02119315945225802 0
-0.1993920523403412 -0.02263682538278864 0
0.488685031084666 -0.9788199723534454 0
0.1071428571453369 -0.02061965247100078 0
0.2528600649752296 -0.02259032111566828 0
0.4194686644964324 -0.02264757418891716 0
-0.4166666666682868 -0.9793803475289993 0
-0.2760491104902135 -0.9773180963814113 0
-0.1309523809547947 -0.9793803475289993 0
0.8914354123166575 -0.0212466137820565 0
-0.8949086735672892 -0.9773059890627126 0
-0.9166666666664494 -0.02061965247111392 0
0.9793803475288705 -0.9166666666663137 0
-0.9793803475288876 -0.9166666666664474 0
0.9793803475290779 -0.0833333333334816 0
0.9171759516046893 -0.9788643076657932 0
-0.9793803475289782 -0.08333333333317314 0
0.9793803475288613 -0.2023809523817872 0
0.6300497557672977 -0.9783996057125928 0
0.9793803475290666 -0.2976190476200923 0
0.7250204648387891 -0.9786341292907413 0
-0.9796763290954741 -0.702380952380169 0
-0.9793803475288884 -0.7976190476185208 0
-0.6333199710876416 -0.02145909522195164 0
-0.7289423462531329 -0.02265051466569464 0
0.1542265094907007 -0.9837400278279997 0
-0.08320338095420668 -0.02016554589416156 0
-0.01190476190749798 -0.9793803475289656 0
-0.5357142857155752 -0.9793803475289993 0
0.536114883750991 -0.01773326103584339 0
0.2980844176857681 -0.02101803194052928 0
-0.6535860105799822 -0.9798344414817609 0
-0.7736245647126242 -0.9788557971724665 0
-0.9793803475290022 -0.4166666666655915 0
0.6554453032666009 -0.02101495325379409 0
-0.9793803475290022 -0.3214285714277743 0
0.775304136656306 -0.0189996231309454 0
-0.9793803475290022 -0.2023809523805026 0
0.9793803475291596 -0.6785714285719858 0
0.9793803475291845 -0.5833333333344539 0
0.979380347529173 -0.7976190476189466 0
0.9425410870171478 -0.02134038392754357 0
-0.9390596666838871 -0.9773643183090207 0
-0.9633648777476341 -0.02008800724802473 0
0.9793803475288562 -0.9642857142855656 0
-0.9780389817049415 -0.9625370954497789 0
0.9798387608319756 -0.03581517545921337 0
0.9793803475288902 -0.8928571428567379 0
0.9588610417394455 -0.9045880992105022 0
0.9587774195047309 -0.880923413360185 0
0.938260901123171 -0.8926495417819302 0
0.9381638064172868 -0.8690081909361791 0
0.9175451605102618 -0.8809112094209472 0
0.9175291458199051 -0.8571294238688409 0
0.8969069919945423 -0.8690385182464064 0
0.8969039059870498 -0.8452343395587052 0
0.876283322289068 -0.8571407143958729 0
0.8762826527500842 -0.8333323502620057 0
0.8556627334846518 -0.8452375742681785 0
0.8556625774292925 -0.8214283207547191 0
0.8350428544831376 -0.8333332047258006 0
0.8350428167281356 -0.8095237463100453 0
0.8144231462186818 -0.821428539458128 0
0.8144231369198349 -0.7976190317547978 0
0.7938034798925045 -0.8095238015512056 0
0.7938034775835223 -0.7857142817412235 0
0.7731838239680962 -0.7976190456279129 0
0.7731838233926195 -0.7738095228153337 0
0.7525641706348606 -0.7857142852165393 0
0.7525641704911218 -0.7619047616560024 0
0.7319445179483474 -0.7738095236849764 0
0.7319445179124281 -0.749999999937685 0
0.7113248654234724 -0.7619047618734622 0
0.7113248654145231 -0.7380952380794584 0
0.6907052129390066 -0.7499999999919602 0
0.6907052129367668 -0.726190476186334 0
0.6700855604645806 -0.7380952380930665 0
0.6700855604640046 -0.7142857142846009 0
0.6494659079926839 -0.726190476189797 0
0.6494659079925318 -0.7023809523805966 0
0.6288462555214356 -0.7142857142853966 0
0.6288462555213687 -0.6904761904760035 0
0.6082266030503127 -0.7023809523807674 0
0.6082266030502901 -0.6785714285712953 0
0.587606950579237 -0.6904761904760586 0
0.5876069505792481 -0.6666666666665804 0
0.5669872981081853 -0.6785714285713169 0
0.5669872981082004 -0.6547619047618324 0
0.5463676456371365 -0.6666666666665637 0
0.546367645637137 -0.6428571428570511 0
0.5257479931660844 -0.6547619047618015 0
0.5257479931661 -0.630952380952313 0
0.505128340695038 -0.6428571428570473 0
0.5051283406950537 -0.6190476190475597 0
0.4845086882239912 -0.6309523809522908 0
0.4845086882239786 -0.6071428571428035 0
0.4638890357529403 -0.6190476190475345 0
0.4638890357529349 -0.5952380952380316 0
0.443269383281895 -0.6071428571427753 0
0.5051283406951903 -0.5952380952381487 0
0.4432693832818824 -0.5833333333332897 0
0.4226497308108506 -0.5952380952380208 0
0.4226497308108508 -0.5714285714285152 0
0.4020300783398112 -0.5833333333332628 0
0.4020300783398119 -0.5595238095237589 0
0.3814104258687726 -0.5714285714285077 0
0.3814104258687738 -0.5476190476190068 0
0.3607907733977358 -0.5595238095237551 0
0.360790773397737 -0.5357142857142561 0
0.3401711209267057 -0.5476190476189957 0
0.4020300783398125 -0.5357142857142557 0
0.3401711209267031 -0.523809523809506 0
0.3195514684556862 -0.5357142857142219 0
0.3195514684556611 -0.5119047619047723 0
0.2989318159846504 -0.5238095238094799 0
0.2989318159846269 -0.5000000000000288 0
0.2783121635136059 -0.5119047619047563 0
0.2783121635136054 -0.4880952380952644 0
0.2576925110425752 -0.5000000000000107 0
0.2576925110425712 -0.4761904761904858 0
0.2370728585715429 -0.4880952380952596 0
0.2370728585715428 -0.5119047619047596 0
0.2164532061005202 -0.4999999999999862 0
0.6082266030503695 -0.6547619047618234 0
0.216453206100508 -0.4761904761905011 0
0.1958335536294694 -0.4880952380952511 0
0.1958335536294956 -0.5119047619046793 0
0.175213901158445 -0.4999999999999659 0
0.1752139011584293 -0.4761904761904902 0
0.1545942486873831 -0.4880952380952431 0
0.1545942486873759 -0.5119047619046913 0
0.1339745962163297 -0.4999999999999919 0
0.1339745962163341 -0.4761904761904897 0
0.1133549437452818 -0.4880952380952417 0
0.1133549437452767 -0.5119047619047572 0
0.09273529127422811 -0.4999999999999966 0
0.09273529127423731 -0.5238095238094883 0
0.07211563880317622 -0.5119047619047465 0
0.07211563880317957 -0.4880952380952335 0
0.05149598633212467 -0.499999999999988 0
0.05149598633212939 -0.4761904761904703 0
0.03087633386107363 -0.4880952380952251 0
0.03087633386106898 -0.5119047619047438 0
0.01025668139001817 -0.4999999999999805 0
0.01025668139002709 -0.523809523809475 0
-0.01036297108102142 -0.5119047619047088 0
-0.01036297108103013 -0.4880952380952127 0
-0.03098262355208522 -0.4999999999999683 0
-0.03098262355209451 -0.5238095238094294 0
-0.05160227602314313 -0.5119047619047186 0
-0.05160227602313975 -0.4880952380952079 0
-0.07222192849419551 -0.4999999999999688 0
-0.07222192849424958 -0.5238095238094389 0
-0.09284158096526381 -0.5119047619047042 0
-0.09284158096522145 -0.4880952380952537 0
-0.1134612334362751 -0.5000000000000087 0
-0.1134612334363634 -0.5238095238094183 0
-0.1340808859073601 -0.5119047619047106 0
-0.1340808859072313 -0.4880952380953161 0
-0.1547005383783603 -0.5000000000000195 0
-0.1547005383784003 -0.5238095238094805 0
-0.1753201908494719 -0.5119047619047197 0
-0.1753201908493334 -0.4880952380953176 0
-0.1959398433204614 -0.5000000000000218 0
-0.1959398433205528 -0.5238095238094618 0
-0.2165594957915453 -0.5119047619047257 0
-0.2165594957914296 -0.4880952380953188 0
-0.2371791482625532 -0.5000000000000246 0
-0.2371791482626308 -0.5238095238094505 0
-0.25779880073365 -0.5119047619047126 0
-0.2577988007335276 -0.4880952380953181 0
-0.2784184532046485 -0.5000000000000255 0
-0.2784184532046827 -0.5238095238094861 0
-0.2990381056757226 -0.5119047619047428 0
-0.2990381056756509 -0.4880952380953135 0
-0.3196577581467729 -0.5000000000000221 0
-0.3196577581467805 -0.5238095238094791 0
-0.3402774106178163 -0.5119047619047428 0
-0.340277410617832 -0.4880952380952636 0
-0.3608970630888634 -0.4999999999999993 0
-0.3608970630888561 -0.5238095238095006 0
-0.3815167155599011 -0.5119047619047531 0
-0.3815167155599074 -0.4880952380952481 0
-0.4021363680309463 -0.5000000000000058 0
-0.402136368030953 -0.4761904761905005 0
-0.4227560205019915 -0.4880952380952604 0
-0.4227560205019845 -0.5119047619047636 0
-0.4433756729730289 -0.5000000000000188 0
-0.4433756729730215 -0.5238095238095213 0
-0.4639953254440647 -0.511904761904777 0
-0.4639953254440727 -0.4880952380952742 0
-0.4846149779151079 -0.5000000000000328 0
-0.4846149779151181 -0.4761904761905301 0
-0.4846149779150991 -0.5238095238095339 0
0.2989318159847084 -0.4761904761905518 0
-0.5052346303861414 -0.511904761904791 0
-0.5052346303861328 -0.5357142857142903 0
-0.5258542828571733 -0.5238095238095479 0
-0.5258542828571648 -0.5476190476190466 0
0.3401711209267092 -0.5714285714284748 0
-0.5464739353282049 -0.5357142857143049 0
-0.5464739353281957 -0.5595238095238031 0
-0.5258542828571569 -0.5714285714285441 0
-0.5464739353281872 -0.5833333333333004 0
-0.567093587799226 -0.5714285714285594 0
-0.5258542828571496 -0.5952380952380414 0
-0.5670935877992174 -0.595238095238056 0
-0.5877132402702561 -0.5833333333333156 0
-0.5877132402702474 -0.6071428571428135 0
0.4226497308108506 -0.6190476190475236 0
0.6907052129352693 -0.7023809523799353 0
-0.6083328927412863 -0.5952380952380717 0
-0.6083328927412786 -0.6190476190475709 0
-0.6289525452123198 -0.6071428571428281 0
-0.6289525452123287 -0.5833333333333275 0
-0.6289525452123104 -0.6309523809523281 0
-0.6083328927412699 -0.6428571428570694 0
-0.6289525452122995 -0.6547619047618261 0
0.5051283406950425 -0.6666666666665426 0
-0.6083328927412602 -0.6666666666665658 0
-0.6495721976833608 -0.5952380952380848 0
-0.6495721976833722 -0.5714285714285833 0
-0.6289525452122882 -0.6785714285713219 0
-0.6701918501544042 -0.5833333333333414 0
-0.6701918501544151 -0.5595238095238402 0
-0.6083328927412516 -0.6904761904760601 0
-0.6289525452122759 -0.7023809523808138 0
-0.6495721976833142 -0.6904761904760789 0
-0.6908115026254498 -0.5714285714285977 0
-0.6908115026254579 -0.5476190476190987 0
0.5876069505792667 -0.7142857142855368 0
-0.6495721976832979 -0.7142857142855679 0
-0.6701918501543414 -0.7023809523808353 0
-0.6083328927412347 -0.7142857142855494 0
-0.6701918501543263 -0.7261904761903279 0
-0.6908115026253664 -0.7142857142855923 0
0.7731838229385529 -0.7499999997926192 0
-0.7114311550964902 -0.5595238095238555 0
-0.7114311550964982 -0.5357142857143581 0
-0.6908115026254678 -0.5238095238096026 0
-0.711431155096506 -0.5119047619048627 0
-0.6908115026254777 -0.5000000000001084 0
-0.7114311550965143 -0.488095238095368 0
-0.6908115026254864 -0.4761904761906143 0
-0.7114311550965224 -0.4642857142858734 0
-0.690811502625494 -0.4523809523811191 0
-0.7114311550965657 -0.4404761904763777 0
-0.6908115026255063 -0.4285714285716226 0
-0.7114311550965813 -0.4166666666668799 0
-0.6908115026255152 -0.4047619047621237 0
-0.7114311550965496 -0.3928571428573808 0
-0.6908115026255147 -0.3809523809526227 0
-0.7114311550966341 -0.3690476190478528 0
-0.690811502625532 -0.3571428571431122 0
-0.7114311550966318 -0.3452380952383552 0
-0.6908115026255378 -0.3333333333336027 0
-0.7114311550965781 -0.3214285714288566 0
-0.6908115026255316 -0.3095238095240913 0
-0.6701918501544776 -0.3214285714288425 0
-0.670191850154481 -0.2976190476193241 0
-0.6495721976834206 -0.309523809524079 0
-0.7114311550967329 -0.2976190476192503 0
-0.6495721976834269 -0.2857142857145547 0
-0.6289525452123632 -0.297619047619312 0
-0.6289525452123694 -0.2738095238097834 0
-0.6083328927413022 -0.2857142857145426 0
-0.6908115026253596 -0.7380952380950917 0
-0.7114311550963951 -0.7261904761903584 0
-0.608332892741336 -0.261904761904942 0
-0.5877132402702433 -0.2738095238097601 0
-0.7320508075677182 -0.4523809523810468 0
-0.7320508075678234 -0.3333333333335178 0
-0.7320508075675298 -0.5476190476191131 0
-0.5877132402702713 -0.2500000000001541 0
-0.5670935877991778 -0.2619047619049831 0
-0.711431155096392 -0.7499999999998551 0
-0.7320508075674352 -0.7380952380951196 0
-0.6289525452125208 -0.2500000000000913 0
-0.6701918501543187 -0.7499999999998292 0
0.6494659079927803 -0.7499999999992826 0
-0.5670935877991803 -0.238095238095461 0
-0.546473935328105 -0.2500000000002245 0
-0.7320508075674278 -0.7619047619046189 0
-0.7526704600384766 -0.7499999999998758 0
-0.7526704600384587 -0.7738095238093706 0
-0.5464739353281108 -0.2261904761906829 0
-0.5258542828570338 -0.2380952380954488 0
-0.5258542828570664 -0.2619047619049806 0
-0.5052346303859698 -0.2500000000002021 0
-0.5052346303859633 -0.2261904761906707 0
-0.4846149779148864 -0.2380952380954378 0
-0.4846149779149497 -0.2619047619049617 0
-0.4639953254438073 -0.250000000000209 0
-0.4639953254438103 -0.2261904761906647 0
-0.4433756729727321 -0.2380952380954347 0
-0.4433756729727482 -0.2619047619049767 0
-0.4227560205016576 -0.2500000000002052 0
-0.4227560205016561 -0.2261904761906605 0
-0.4021363680305786 -0.2380952380954323 0
-0.4021363680305776 -0.2619047619049779 0
-0.3815167155595014 -0.2500000000002048 0
-0.381516715559501 -0.2738095238097491 0
-0.3608970630884248 -0.2619047619049767 0
-0.360897063088424 -0.2380952380954333 0
-0.3402774106173477 -0.2500000000002053 0
-0.3402774106173478 -0.2738095238097497 0
-0.319657758146271 -0.2619047619049787 0
-0.3196577581462681 -0.2380952380954355 0
-0.2990381056751925 -0.2500000000002078 0
-0.2990381056751971 -0.2738095238097532 0
-0.2784184532041197 -0.2619047619049839 0
-0.2784184532041143 -0.2380952380954661 0
-0.2577988007330332 -0.250000000000234 0
-0.2577988007330477 -0.2738095238097601 0
-0.237179148261971 -0.2619047619049927 0
-0.2371791482619436 -0.2380952380954938 0
-0.2165594957908843 -0.2500000000002485 0
-0.2165594957909063 -0.2738095238097715 0
-0.1959398433198282 -0.2619047619050086 0
-0.1959398433197987 -0.2380952380955086 0
-0.1753201908487445 -0.2500000000002645 0
-0.1753201908487655 -0.2738095238097806 0
-0.154700538377706 -0.261904761905036 0
-0.1547005383776617 -0.2380952380955274 0
-0.1340808859066135 -0.2500000000002783 0
-0.1340808859066738 -0.2738095238098249 0
-0.1134612334355704 -0.261904761905053 0
-0.1134612334355278 -0.2380952380955456 0
-0.0928415809644826 -0.2500000000002977 0
-0.09284158096450991 -0.273809523809827 0
-0.07222192849343112 -0.2619047619050623 0
-0.07222192849340509 -0.2380952380955473 0
-0.05160227602236112 -0.25000000000031 0
-0.05160227602237445 -0.2738095238098316 0
-0.0309826235513106 -0.2619047619050797 0
-0.03098262355129855 -0.2380952380955573 0
-0.01036297108025134 -0.250000000000328 0
-0.0103629710802393 -0.2261904761908087 0
0.01025668139080284 -0.238095238095576 0
0.01025668139079403 -0.2619047619050919 0
0.03087633386184483 -0.2500000000003426 0
0.0308763338618543 -0.2261904761908285 0
0.05149598633289352 -0.2380952380955925 0
0.05149598633288655 -0.261904761905112 0
0.07211563880393139 -0.2500000000003579 0
0.07211563880394008 -0.2261904761908493 0
0.09273529127497479 -0.2380952380956099 0
0.09273529127497 -0.2619047619051265 0
0.113354943746009 -0.2500000000003706 0
0.1133549437460105 -0.2261904761908673 0
0.1339745962170418 -0.2380952380956216 0
0.1339745962170438 -0.2619047619051385 0
0.1545942486880773 -0.2500000000003806 0
0.1545942486880837 -0.2261904761908785 0
0.175213901159096 -0.2380952380956132 0
0.1752139011591089 -0.2619047619051454 0
0.1958335536301398 -0.2500000000003816 0
0.1958335536301067 -0.2261904761908548 0
0.2164532061011641 -0.238095238095632 0
0.2164532061011681 -0.2619047619051263 0
0.237072858572168 -0.2500000000003358 0
0.2370728585721805 -0.2261904761908658 0
0.2576925110432179 -0.2380952380956333 0
0.2576925110430942 -0.2619047619050487 0
0.2783121635142318 -0.2500000000003603 0
0.2783121635142459 -0.2261904761908968 0
0.2989318159852689 -0.2380952380956409 0
0.2989318159852777 -0.2619047619051099 0
0.3195514684562952 -0.250000000000385 0
0.3195514684563011 -0.2738095238098574 0
0.3401711209273188 -0.2619047619051281 0
0.340171120927301 -0.2857142857146447 0
0.3607907733983381 -0.273809523809878 0
0.3607907733983228 -0.2976190476193962 0
0.381410425869361 -0.2857142857146229 0
0.3814104258693639 -0.2619047619051339 0
0.4020300783403877 -0.2738095238098766 0
0.4020300783403876 -0.2976190476193608 0
0.422649730811414 -0.2857142857146179 0
0.4226497308114139 -0.3095238095241056 0
0.4432693832824424 -0.2976190476193606 0
0.4432693832824406 -0.3214285714288515 0
0.4638890357534713 -0.3095238095241068 0
0.4638890357534718 -0.2857142857146144 0
0.4845086882245044 -0.2976190476193608 0
0.4845086882244897 -0.3214285714288732 0
0.505128340695538 -0.3095238095241122 0
0.5051283406955249 -0.3333333333336297 0
0.5257479931665788 -0.3214285714288626 0
0.5257479931665795 -0.3452380952383672 0
0.5463676456376267 -0.3333333333336099 0
0.5463676456376213 -0.3095238095241059 0
0.5669872981086733 -0.3214285714288536 0
0.5669872981086758 -0.3452380952383666 0
0.5876069505797277 -0.3333333333336069 0
0.5876069505797288 -0.3571428571431251 0
0.6082266030507815 -0.3452380952383648 0
0.608226603050781 -0.3214285714288419 0
0.6288462555218397 -0.3333333333335999 0
0.6288462555218417 -0.3571428571431264 0
0.6494659079929016 -0.3452380952383618 0
0.6494659079929035 -0.3690476190478905 0
0.6494659079928981 -0.3214285714288329 0
0.6700855604639534 -0.333333333333595 0
0.6700855604639598 -0.3095238095240648 0
0.6907052129350155 -0.3214285714288285 0
0.6907052129350234 -0.2976190476192954 0
0.7113248654060911 -0.3095238095240602 0
0.7113248654060884 -0.2857142857145263 0
0.6907052129350237 -0.273809523809764 0
0.7113248654060859 -0.2619047619049943 0
0.7319445178771511 -0.2738095238097557 0
0.6907052129350228 -0.2500000000002358 0
0.731944517877148 -0.2500000000002235 0
0.71132486540606 -0.3333333333335989 0
0.4020300783403877 -0.2500000000003916 0
0.4845086882245033 -0.2738095238098666 0
0.7525641703482147 -0.2619047619049859 0
0.7525641703482098 -0.2380952380954527 0
-0.7526704600384797 -0.7261904761903779 0
-0.7320508075673821 -0.7857142857140862 0
-0.6083328927413226 -0.3095238095240639 0
-0.5670935877991826 -0.2142857142859168 0
0.7113248654206 -0.7857142856880885 0
-0.7732901125095155 -0.7619047619046337 0
0.5051283406955129 -0.3571428571431727 0
0.7731838228192707 -0.2500000000001996 0
0.7731838228192639 -0.2261904761906784 0
0.7525641703482041 -0.2142857142859217 0
-0.77329011250949 -0.7857142857141337 0
0.2989318159852737 -0.2142857142861626 0
-0.5877132402702163 -0.7023809523807977 0
-0.587713240270201 -0.7261904761902864 0
-0.5670935877991841 -0.7142857142855343 0
-0.567093587799174 -0.7380952380950216 0
-0.5464739353281546 -0.7261904761902704 0
-0.5464739353281445 -0.749999999999756 0
-0.5258542828571258 -0.7380952380950058 0
-0.5258542828571159 -0.7619047619044893 0
-0.5052346303860977 -0.74999999999974 0
-0.505234630386088 -0.7738095238092222 0
-0.4846149779150705 -0.7619047619044732 0
-0.5464739353281265 -0.7738095238092415 0
-0.4846149779150611 -0.7857142857139545 0
-0.4639953254440439 -0.7738095238092059 0
-0.463995325444053 -0.7499999999997238 0
-0.4433756729730267 -0.7619047619044576 0
-0.4433756729730356 -0.7380952380949751 0
-0.4227560205020087 -0.7499999999997091 0
-0.4227560205020001 -0.7738095238091908 0
-0.402136368030982 -0.7619047619044427 0
-0.4021363680309905 -0.7380952380949597 0
-0.3815167155599837 -0.7499999999996538 0
-0.3815167155599589 -0.7738095238091699 0
-0.3608970630889407 -0.7619047619044201 0
-0.3608970630889712 -0.7380952380949055 0
-0.3402774106179171 -0.7499999999996786 0
-0.3402774106179108 -0.7738095238091606 0
-0.3196577581468903 -0.7619047619044129 0
-0.3196577581469353 -0.7380952380949145 0
-0.2990381056758855 -0.7499999999996387 0
-0.2990381056758565 -0.7738095238091602 0
-0.2784184532048346 -0.7619047619044148 0
-0.2784184532048753 -0.73809523809485 0
-0.2577988007338326 -0.7499999999996254 0
-0.257798800733776 -0.7738095238091907 0
-0.2371791482627744 -0.761904761904415 0
-0.2371791482628177 -0.7380952380948502 0
-0.2165594957917762 -0.7499999999996219 0
-0.2165594957917581 -0.7738095238091399 0
-0.1959398433207405 -0.7619047619043797 0
-0.1959398433207603 -0.7380952380948457 0
-0.1753201908497205 -0.7499999999996133 0
-0.1753201908496893 -0.7738095238091529 0
-0.1547005383786687 -0.7619047619043935 0
-0.1547005383786912 -0.738095238094851 0
-0.1340808859076494 -0.7499999999996178 0
-0.1340808859076195 -0.773809523809169 0
-0.1134612334365986 -0.7619047619043973 0
-0.1134612334366126 -0.738095238094863 0
-0.0928415809655708 -0.7499999999996271 0
-0.0928415809655595 -0.773809523809165 0
-0.07222192849452423 -0.7619047619043924 0
-0.07222192849452583 -0.7380952380948648 0
-0.05160227602347768 -0.7499999999996303 0
-0.05160227602347979 -0.7738095238091504 0
-0.03098262355242791 -0.7619047619043928 0
-0.03098262355242316 -0.7380952380948719 0
-0.01036297108136932 -0.7499999999996361 0
-0.01036297108136497 -0.7261904761901152 0
0.01025668138968919 -0.7380952380948793 0
0.01025668138968508 -0.7619047619044008 0
0.03087633386074337 -0.749999999999643 0
0.03087633386073902 -0.773809523809166 0
0.05149598633179857 -0.761904761904409 0
0.05149598633180245 -0.7380952380948844 0
0.07211563880285976 -0.7499999999996486 0
0.07211563880285582 -0.7738095238091762 0
0.09273529127391868 -0.7619047619044141 0
0.09273529127392155 -0.7380952380948874 0
0.1133549437449815 -0.7499999999996524 0
0.1133549437449846 -0.726190476190122 0
0.1339745962160452 -0.7380952380948861 0
0.1339745962160419 -0.761904761904416 0
0.1545942486871041 -0.7499999999996538 0
0.1545942486871215 -0.7261904761901136 0
0.1752139011581694 -0.7380952380948896 0
0.1752139011581663 -0.7619047619044204 0
0.1958335536292349 -0.7499999999996521 0
0.1958335536292301 -0.7738095238091891 0
0.2164532061003039 -0.7619047619044157 0
0.1958335536292561 -0.7261904761901088 0
0.2164532061002908 -0.7857142857139482 0
0.237072858571369 -0.7738095238091869 0
-0.6701918501544711 -0.4166666666668682 0
0.2370728585713778 -0.7976190476186946 0
0.2576925110424476 -0.7857142857139437 0
0.2576925110424453 -0.7619047619044159 0
0.278312163513514 -0.7738095238091885 0
0.2783121635135436 -0.7976190476186936 0
0.2989318159845904 -0.7857142857139529 0
0.7731838228192519 -0.2023809523811513 0
0.1958335536292261 -0.7976190476187102 0
0.8350427878413861 -0.7857142725342459 0
0.4226497308114148 -0.3333333333335962 0
0.3195514684561561 -0.2976190476193915 0
0.2989318159845851 -0.7619047619044205 0
0.3195514684556565 -0.7738095238091889 0
0.3195514684556673 -0.7976190476187157 0
0.3401711209267319 -0.7857142857139565 0
-0.7939097649805579 -0.7738095238093956 0
-0.7939097649805389 -0.7976190476189122 0
0.3401711209267451 -0.8095238095234825 0
0.3607907733978107 -0.7976190476187262 0
0.7731838228192284 -0.2738095238097573 0
0.7938034752902994 -0.2380952380954241 0
0.7525641703481991 -0.1904761904763947 0
0.3607907733978127 -0.8214285714282727 0
0.3814104258688878 -0.8095238095234998 0
0.3814104258688849 -0.7857142857139556 0
0.4020300783399624 -0.7976190476187252 0
0.402030078339966 -0.8214285714282714 0
0.4226497308110423 -0.809523809523496 0
0.7731838228192469 -0.1785714285716291 0
0.7731838237774712 -0.8214285697676784 0
0.3195514684556531 -0.7499999999996525 0
-0.5464739353282139 -0.5119047619048057 0
-0.7320508075675233 -0.5714285714286121 0
-0.7526704600385657 -0.5595238095238656 0
-0.8145294174516052 -0.7857142857141663 0
-0.8145294174516184 -0.7619047619046444 0
-0.8145294174515914 -0.809523809523683 0
-0.7939097649805291 -0.8214285714284275 0
0.3401711209267533 -0.8333333333330042 0
0.4226497308110458 -0.8333333333330439 0
0.4432693832821244 -0.8214285714282679 0
-0.8145294174515791 -0.8333333333331973 0
-0.7526704600385583 -0.5833333333333687 0
-0.7732901125096026 -0.5714285714286205 0
-0.7732901125095952 -0.5952380952381264 0
-0.7939097649806439 -0.5833333333333727 0
-0.7939097649806488 -0.5595238095238675 0
-0.793909764980635 -0.6071428571428854 0
-0.8145294174516897 -0.5952380952381269 0
-0.814529417451677 -0.6190476190476493 0
0.7525641703481939 -0.1666666666668786 0
0.4020300783399577 -0.7738095238091816 0
-0.835149069922635 -0.8214285714284544 0
-0.8351490699227364 -0.6071428571428923 0
-0.835149069922726 -0.6309523809524192 0
-0.8351490699226215 -0.8452380952379707 0
0.7731838228192413 -0.154761904762111 0
0.7938034752902945 -0.1666666666668647 0
0.4432693832821281 -0.8452380952378176 0
0.4638890357532062 -0.8333333333330386 0
0.4638890357532022 -0.8095238095234907 0
0.4845086882242837 -0.8214285714282605 0
0.4845086882242883 -0.8452380952378075 0
0.5051283406953645 -0.8333333333330291 0
-0.7939097649805161 -0.845238095237923 0
0.4845086882242783 -0.7976190476187154 0
0.8350428427373787 -0.8571427488795977 0
0.5051283406953704 -0.8571428571425779 0
0.5257479931664479 -0.8452380952377991 0
0.42264973081105 -0.8571428571425965 0
-0.5258542828571318 -0.7142857142855197 0
0.7938034752902846 -0.1428571428573449 0
0.8144231277613435 -0.1547619047620991 0
0.75256417034819 -0.142857142857365 0
0.7319445178771474 -0.1547619047621271 0
-0.6701918501544483 -0.4880952380953533 0
-0.8557687223936739 -0.8333333333332252 0
-0.8557687223936599 -0.8571428571427401 0
-0.855768722393788 -0.6190476190476613 0
-0.8557687223937951 -0.5952380952381349 0
-0.8557687223937815 -0.6428571428571892 0
-0.6908115026253717 -0.6904761904761039 0
0.7319445178771421 -0.1309523809526226 0
0.7113248654061068 -0.1428571428573782 0
0.8144231277613305 -0.1309523809525776 0
0.8350427802323952 -0.142857142857326 0
0.8350427802324074 -0.1666666666668585 0
0.8556624327034683 -0.1547619047620808 0
0.8556624327034804 -0.1785714285716206 0
0.8556624327034537 -0.1309523809525427 0
0.5257479931664536 -0.8690476190473486 0
0.5463676456375314 -0.8571428571425679 0
0.5463676456375248 -0.8333333333330208 0
0.566987298108605 -0.8452380952377878 0
0.5669872981086137 -0.8690476190473355 0
0.5876069505796873 -0.8571428571425546 0
0.7113248654061088 -0.1190476190478706 0
0.6907052129350687 -0.1309523809526335 0
-0.7732901125095779 -0.6190476190476448 0
-0.8351490699227151 -0.6547619047619462 0
-0.8557687223937737 -0.6666666666667197 0
0.5669872981085993 -0.8214285714282424 0
0.5876069505796973 -0.8809523809521016 0
0.6082266030507709 -0.8690476190473202 0
-0.8763883748648449 -0.6547619047619624 0
-0.876388374864837 -0.6785714285714995 0
0.8969021936314704 -0.8214277816363869 0
0.6907052129350735 -0.1547619047621317 0
0.6700855604640363 -0.1428571428573862 0
0.6700855604639651 -0.2619047619050017 0
0.6700855604639766 -0.2380952380954667 0
0.6494659079929107 -0.2500000000002409 0
0.6494659079929417 -0.2261904761906978 0
0.628846255521869 -0.2380952380954792 0
0.6288462555218609 -0.2142857142859742 0
0.6082266030508208 -0.2261904761907292 0
0.6082266030508221 -0.2023809523812173 0
0.5876069505797812 -0.2142857142859772 0
0.5876069505797825 -0.1904761904764695 0
0.5669872981087457 -0.202380952381228 0
0.5669872981087425 -0.1785714285717344 0
0.5463676456377132 -0.1904761904764828 0
0.5463676456377393 -0.1666666666669641 0
0.52574799316669 -0.1785714285717341 0
0.5669872981087607 -0.1547619047622218 0
0.5257479931667512 -0.1547619047621964 0
0.5051283406956727 -0.1666666666669871 0
0.5051283406956576 -0.1428571428575147 0
0.484508688224641 -0.154761904762256 0
0.4845086882246358 -0.1309523809527786 0
0.4638890357536202 -0.1428571428575197 0
0.4638890357536172 -0.1190476190480443 0
0.4432693832826029 -0.130952380952784 0
0.5051283406957605 -0.1190476190479715 0
0.4638890357535639 -0.1666666666670666 0
-0.03098262355132152 -0.285714285714603 0
-0.03098262355128348 -0.2142857142860404 0
0.7319445178842738 -0.7261904761772267 0
-0.03098262355241961 -0.7142857142853511 0
-0.0103629710813623 -0.7023809523805943 0
-0.03098262355241498 -0.6904761904758323 0
-0.01036297108135907 -0.6785714285710753 0
-0.03098262355241123 -0.6666666666663132 0
-0.01036297108135588 -0.6547619047615563 0
-0.03098262355240809 -0.642857142856795 0
-0.05160227602346219 -0.6547619047615511 0
0.01025668138969673 -0.6666666666663181 0
0.01025668138969951 -0.6428571428567988 0
0.03087633386075251 -0.6547619047615609 0
0.03087633386075498 -0.6309523809520413 0
0.05149598633180835 -0.6428571428568032 0
-0.05160227602345861 -0.6309523809520343 0
-0.07222192849451088 -0.6428571428567887 0
-0.8351490699226072 -0.8690476190474832 0
-0.855768722393645 -0.8809523809522527 0
-0.8763883748646994 -0.8690476190475114 0
0.1133549437452722 -0.5357142857142759 0
0.5463676456372556 -0.619047619047613 0
0.649465907992369 -0.6785714285713209 0
0.298931815984585 -0.7380952380948855 0
0.3195514684556502 -0.7261904761901185 0
0.298931815984587 -0.7142857142853531 0
0.3195514684556483 -0.7023809523805888 0
0.2989318159845888 -0.6904761904758256 0
0.3195514684556469 -0.6785714285710639 0
0.2989318159845887 -0.6666666666663026 0
0.3401711209267179 -0.6904761904758236 0
0.2783121635135323 -0.6785714285710625 0
0.2783121635135332 -0.6547619047615423 0
0.2576925110424788 -0.6666666666663006 0
0.2576925110424803 -0.642857142856782 0
0.2370728585714265 -0.6547619047615396 0
0.2370728585714287 -0.6309523809520226 0
0.2164532061003748 -0.6428571428567793 0
0.2164532061003768 -0.619047619047263 0
0.1958335536293234 -0.6309523809520196 0
0.6288462555218425 -0.3809523809526508 0
0.649465907992904 -0.3928571428574187 0
0.6288462555218431 -0.4047619047621791 0
0.649465907992904 -0.4166666666669457 0
0.6288462555218457 -0.4285714285717095 0
0.6494659079929049 -0.440476190476472 0
0.6700855604639637 -0.4285714285717092 0
0.6700855604639641 -0.4523809523812342 0
0.6907052129350211 -0.440476190476472 0
0.6907052129350214 -0.4642857142859942 0
0.7113248654060722 -0.4523809523812404 0
0.7113248654060766 -0.4761904761907536 0
0.7319445178771261 -0.464285714286004 0
0.7319445178771296 -0.488095238095511 0
0.7525641703481807 -0.4761904761907574 0
0.7525641703481805 -0.5000000000002667 0
0.7731838228192118 -0.4880952380955111 0
0.7731838228192031 -0.5119047619050283 0
0.7731838228192252 -0.4642857142860031 0
0.6700855604639682 -0.476190476190757 0
0.7938034752902526 -0.4761904761907568 0
0.7938034752902667 -0.4523809523812495 0
0.75256417034818 -0.5238095238097734 0
0.7731838228192158 -0.5357142857145329 0
0.7525641703481805 -0.5476190476192873 0
0.7731838228192199 -0.5595238095240331 0
0.7938034752902509 -0.5476190476192843 0
0.7938034752902539 -0.5714285714287766 0
0.8144231277612857 -0.5595238095240166 0
0.8144231277612817 -0.5833333333335079 0
0.8144231277613089 -0.4642857142860022 0
0.8144231277613125 -0.440476190476496 0
0.7731838228192179 -0.5833333333335476 0
0.8350427802322979 -0.571428571428757 0
0.8350427802323019 -0.5952380952382226 0
0.8350427802323496 -0.4523809523812841 0
0.8350427802323568 -0.4285714285717366 0
0.8144231277613052 -0.4166666666669717 0
0.8350427802323541 -0.4047619047622035 0
0.8144231277612953 -0.3928571428574378 0
0.835042780232353 -0.3809523809526654 0
0.8556624327034097 -0.4166666666669789 0
0.8556624327033066 -0.5833333333334891 0
0.8556624327033051 -0.6071428571429471 0
0.835042780232312 -0.6190476190476779 0
0.8556624327033102 -0.6309523809523976 0
0.8556624327033068 -0.5595238095240325 0
0.8350427802323183 -0.6428571428571305 0
0.8556624327033158 -0.65476190476185 0
0.835042780232326 -0.6666666666665761 0
0.8556624327033235 -0.6785714285712997 0
0.814423127761325 -0.6547619047618641 0
0.8762820851743008 -0.5714285714287699 0
0.8762820851743025 -0.5476190476193152 0
0.8762820851743089 -0.6666666666665715 0
0.8762820851743173 -0.6904761904760133 0
0.6082266030507855 -0.4166666666669388 0
0.6082266030507875 -0.4404761904764714 0
0.5876069505797308 -0.4285714285717055 0
0.5876069505797354 -0.4523809523812365 0
0.5669872981086774 -0.4404761904764742 0
0.5669872981086831 -0.464285714285998 0
0.5463676456376266 -0.4523809523812364 0
0.546367645637629 -0.4761904761907512 0
0.5257479931665774 -0.4642857142859949 0
0.5669872981086783 -0.4880952380955217 0
0.5257479931665791 -0.4880952380955079 0
0.5051283406955305 -0.476190476190753 0
0.505128340695528 -0.4523809523812419 0
0.4845086882244838 -0.4642857142859991 0
0.4845086882244816 -0.4404761904764912 0
0.4638890357534403 -0.4523809523812452 0
0.4638890357534375 -0.4285714285717415 0
0.4432693832823989 -0.440476190476494 0
0.7113248654060831 -0.5000000000002678 0
0.8762820851743011 -0.6190476190476681 0
0.3401711209267019 -0.5000000000000124 0
-0.5877132402701795 -0.7499999999997764 0
-0.4021363680305754 -0.2857142857145201 0
-0.7320508075677692 -0.4047619047620388 0
-0.5052346303860773 -0.7976190476187031 0
-0.4846149779150525 -0.8095238095234343 0
-0.5052346303860664 -0.8214285714281824 0
-0.4846149779150444 -0.8333333333329125 0
-0.5052346303860562 -0.8452380952376581 0
-0.4846149779150357 -0.8571428571423885 0
-0.4639953254440248 -0.8452380952376435 0
-0.4639953254440164 -0.8690476190471174 0
-0.4433756729730055 -0.8571428571423736 0
-0.505234630386044 -0.8690476190471348 0
-0.5258542828570657 -0.8571428571424041 0
-0.5258542828570539 -0.8809523809518793 0
-0.5464739353280743 -0.8690476190471489 0
-0.4433756729729992 -0.8809523809518474 0
-0.4227560205019885 -0.8690476190471037 0
-0.5670935877991973 -0.2857142857145296 0
-0.381516715559896 -0.5357142857142546 0
-0.5670935877992102 -0.6190476190475558 0
0.7113248654060663 -0.4285714285717281 0
-0.5052346303861196 -0.5833333333332853 0
-0.5052346303861116 -0.607142857142781 0
-0.4846149779150825 -0.5952380952380255 0
-0.4846149779150754 -0.619047619047522 0
-0.4639953254440461 -0.6071428571427654 0
-0.4639953254440384 -0.6309523809522615 0
-0.4433756729730098 -0.6190476190475045 0
-0.03098262355243261 -0.7857142857139104 0
-0.0516022760234842 -0.7976190476186649 0
-0.03098262355244064 -0.8095238095234244 0
-0.05160227602348975 -0.8214285714281744 0
-0.03098262355244861 -0.8333333333329331 0
-0.05160227602349288 -0.8452380952376801 0
-0.0309826235524546 -0.8571428571424384 0
-0.01036297108140753 -0.8452380952376943 0
-0.01036297108141485 -0.8690476190472026 0
0.01025668138963784 -0.857142857142456 0
-0.05160227602349694 -0.8690476190471808 0
-0.07222192849452874 -0.8571428571424278 0
-0.07274617912026225 -0.8800443522322567 0
-0.09292895606984564 -0.868896280927229 0
-0.3815167155595021 -0.2976190476192899 0
-0.4021363680305721 -0.3095238095240598 0
-0.3815167155595039 -0.3214285714288279 0
-0.4021363680305699 -0.3333333333335956 0
-0.3815167155595049 -0.3452380952383619 0
-0.4021363680305692 -0.3571428571431272 0
-0.4227560205016328 -0.3452380952383634 0
-0.3815167155595057 -0.3690476190478913 0
-0.360897063088443 -0.3571428571431275 0
-0.4227560205016997 -0.3690476190478756 0
-0.4433756729727697 -0.3571428571431126 0
-0.3608970630884558 -0.3809523809526352 0
-0.340277410617385 -0.3690476190478894 0
0.09273529127391662 -0.7857142857139432 0
0.2783121635142528 -0.2023809523814196 0
0.2989318159852762 -0.190476190476682 0
0.278312163514257 -0.1785714285719402 0
0.29893181598528 -0.1666666666672038 0
0.2783121635142605 -0.1547619047624626 0
0.2989318159852818 -0.1428571428577277 0
0.3195514684563025 -0.1785714285719449 0
0.2783121635142638 -0.1309523809529876 0
0.2576925110432535 -0.1428571428577108 0
0.2989318159852811 -0.119047619048254 0
0.2576925110432518 -0.1190476190482467 0
0.2370728585722424 -0.1309523809529685 0
0.3195514684562977 -0.1309523809529908 0
0.03087633386107938 -0.4642857142857062 0
0.05149598633213509 -0.4523809523809519 0
0.03087633386108533 -0.4404761904761876 0
0.05149598633214059 -0.428571428571434 0
0.03087633386109098 -0.41666666666667 0
0.05149598633214573 -0.4047619047619168 0
0.03087633386109733 -0.392857142857153 0
0.01025668139004128 -0.404761904761906 0
0.05149598633215194 -0.380952380952401 0
0.07211563880320018 -0.3928571428571675 0
0.07211563880321821 -0.3690476190476754 0
0.09273529127425242 -0.3809523809524196 0
-0.3608970630889091 -0.5476190476189957 0
-0.01036297108022767 -0.2023809523812941 0
-0.03098262355126835 -0.1904761904765265 0
-0.01036297108021523 -0.1785714285717816 0
-0.03098262355125542 -0.166666666667014 0
-0.01036297108020102 -0.1547619047622691 0
-0.03098262355124287 -0.1428571428575016 0
-0.05160227602230112 -0.1547619047622458 0
-0.01036297108018922 -0.1309523809527618 0
0.01025668139084386 -0.1428571428575259 0
-0.05160227602228563 -0.1309523809527251 0
-0.0722219284933532 -0.1428571428574742 0
-0.07222192849333493 -0.1190476190479436 0
-0.09284158096441031 -0.130952380952698 0
-0.4021363680305767 -0.2142857142858851 0
-0.05160227602238477 -0.2976190476193546 0
-0.7320508075675423 -0.5000000000001226 0
0.4638890357529396 -0.6428571428570399 0
-0.4433756729730001 -0.6428571428569974 0
-0.4227560205019992 -0.6309523809522424 0
-0.8763883748648496 -0.6071428571429009 0
-0.8763883748648555 -0.5833333333333768 0
-0.5464739353281148 -0.202380952381137 0
-0.5670935877991986 -0.1904761904763701 0
-0.5464739353281214 -0.1785714285715873 0
-0.5670935877992105 -0.1666666666668166 0
-0.5464739353281273 -0.1547619047620322 0
-0.567093587799218 -0.1428571428572606 0
-0.5877132402703027 -0.1547619047620462 0
-0.5464739353281332 -0.1309523809524742 0
-0.5258542828570402 -0.1428571428572481 0
-0.5877132402703106 -0.1309523809524883 0
-0.6083328927413959 -0.1428571428572753 0
-0.5258542828570447 -0.1190476190476868 0
-0.5052346303859488 -0.130952380952463 0
-0.4227560205016593 -0.2023809523811103 0
-0.4021363680305759 -0.190476190476333 0
-0.6289525452123386 -0.5595238095238289 0
0.4432693832821339 -0.8690476190473723 0
0.4226497308110503 -0.8809523809521549 0
-0.690811502625429 -0.5952380952381047 0
0.5463676456371316 -0.6904761904760727 0
-0.8351490699226711 -0.7738095238094174 0
-0.6701918501546045 -0.2738095238097235 0
-0.4639953254440795 -0.4642857142857694 0
-0.4846149779151284 -0.4523809523810235 0
-0.6495721976834513 -0.3333333333335982 0
0.8762831670848066 -0.8809505070272868 0
0.8144231277612898 -0.3690476190478982 0
0.8350427802323624 -0.3571428571431234 0
0.855662432703423 -0.3690476190478818 0
0.8556624327034388 -0.3452380952383423 0
-0.422756020501663 -0.1785714285715568 0
-0.4021363680305783 -0.1666666666667764 0
-0.3815167155594902 -0.1785714285715549 0
-0.3815167155594912 -0.1547619047619956 0
-0.4021363680305792 -0.1428571428572211 0
-0.3608970630884005 -0.1666666666667752 0
-0.3608970630884019 -0.1428571428572137 0
-0.3402774106173099 -0.1547619047619942 0
-0.3402774106173106 -0.1309523809524309 0
-0.3196577581462173 -0.1428571428572125 0
-0.3196577581462179 -0.1190476190476473 0
-0.2990381056751255 -0.1309523809524608 0
-0.3608970630884017 -0.1190476190476548 0
0.4432693832819498 -0.5595238095238557 0
0.7938034752902233 -0.3809523809526717 0
0.07211563880316635 -0.5357142857142048 0
0.2783121635136327 -0.5357142857141839 0
0.3814104258687703 -0.5952380952380102 0
-0.07222192849450706 -0.6190476190472745 0
-0.09284158096555731 -0.6309523809520285 0
0.1958335536293245 -0.607142857142503 0
0.1752139011582729 -0.6190476190472627 0
0.01025668138968661 -0.6190476190473047 0
0.6082266030507559 -0.8452380952377722 0
0.6288462555218441 -0.8571428571425395 0
0.6288462555218532 -0.8809523809520849 0
0.649465907992927 -0.869047619047303 0
-0.340277410617434 -0.3928571428573738 0
-0.3196577581463325 -0.3809523809526489 0
0.05149598633227719 -0.3571428571429396 0
0.09273529127437158 -0.3571428571429532 0
0.1133549437453202 -0.369047619047685 0
0.0102566813900483 -0.3809523809523884 0
-0.01036297108094527 -0.3928571428571416 0
0.8762820851745186 -0.357142857143106 0
0.8762820851745257 -0.333333333333558 0
0.8556624327034337 -0.3214285714287816 0
0.876282085174524 -0.3095238095239973 0
0.8762820851745322 -0.1428571428573014 0
0.6700855604640299 -0.1190476190478914 0
0.01025668139085865 -0.1190476190480264 0
0.03087633386188399 -0.1309523809527849 0
0.01025668138962859 -0.8809523809519721 0
0.03087633386068826 -0.8690476190472207 0
0.8762820851745224 -0.1190476190477581 0
0.5051283406953767 -0.8809523809521306 0
-0.6083328927414046 -0.119047619047715 0
-0.6289525452124906 -0.1309523809525035 0
-0.6289525452125264 -0.1547619047620227 0
-0.6495721976835883 -0.1428571428572733 0
-0.649572197683588 -0.1190476190477292 0
-0.670191850154672 -0.1309523809525184 0
-0.6701918501547053 -0.1547619047620564 0
-0.6908115026257586 -0.1428571428573077 0
-0.6908115026257813 -0.1666666666668608 0
-0.7114311550968356 -0.1547619047620993 0
-0.7114311550968232 -0.178571428571648 0
-0.7320508075678909 -0.1666666666669038 0
-0.7320508075678871 -0.1904761904764306 0
-0.7526704600389591 -0.1785714285717035 0
-0.7526704600389582 -0.2023809523811965 0
-0.7732901125100284 -0.1904761904764661 0
-0.7732901125100367 -0.2142857142859631 0
-0.7939097649810789 -0.2023809523812252 0
-0.7939097649810841 -0.2261904761907391 0
-0.7939097649810944 -0.1785714285717116 0
-0.8145294174521235 -0.2142857142859956 0
-0.8145294174521107 -0.2380952380955039 0
-0.8351490699231576 -0.2261904761907612 0
-0.8351490699231455 -0.2500000000002645 0
-0.7320508075679 -0.1428571428573767 0
-0.8557687223941892 -0.2380952380955222 0
-0.8557687223941778 -0.2619047619050218 0
-0.8557687223942025 -0.214285714286024 0
-0.8351490699231372 -0.2738095238097646 0
-0.855768722394167 -0.2857142857145178 0
-0.8351490699231304 -0.2976190476192618 0
-0.8557687223941568 -0.3095238095240133 0
-0.8351490699231278 -0.3214285714287542 0
-0.8557687223941486 -0.333333333333508 0
-0.8351490699231248 -0.3452380952382458 0
-0.8557687223941388 -0.357142857142994 0
-0.8351490699231132 -0.3690476190477348 0
-0.8557687223941294 -0.3809523809524813 0
-0.8351490699231028 -0.3928571428572216 0
-0.8557687223941233 -0.4047619047619723 0
-0.8351490699230941 -0.4166666666667084 0
-0.8557687223941157 -0.4285714285714582 0
-0.835149069923086 -0.4404761904761932 0
-0.8557687223941057 -0.4523809523809442 0
-0.8763883748651367 -0.440476190476209 0
-0.8763883748651274 -0.464285714285695 0
-0.8763883748652086 -0.2738095238097652 0
-0.876388374865172 -0.3452380952382616 0
-0.8557687223940952 -0.4761904761904326 0
-0.8763883748651204 -0.4880952380951851 0
-0.6908115026257637 -0.1190476190477534 0
-0.8763883748652306 -0.2261904761907829 0
-0.8763883748652438 -0.2023809523812895 0
-0.7939097649811007 -0.2500000000002456 0
-0.8763883748651593 -0.3928571428572021 0
0.7525641703481891 -0.1190476190478525 0
0.23690366739913 -0.1074359048515243 0
0.216425007572377 -0.1190964603329014 0
-0.5464739353280652 -0.8928571428566203 0
-0.5670935877990845 -0.8809523809518939 0
-0.5670935877990934 -0.8571428571424194 0
-0.5877132402701051 -0.8690476190471663 0
-0.5877132402701138 -0.8452380952376894 0
-0.6083328927411262 -0.8571428571424362 0
-0.608332892741118 -0.8809523809519156 0
-0.6289525452121415 -0.869047619047185 0
-0.6289525452121499 -0.8452380952377049 0
-0.6495721976831654 -0.8571428571424538 0
-0.6495721976831573 -0.8809523809519344 0
-0.6701918501541828 -0.8690476190472016 0
-0.6704973941456261 -0.8923279251395402 0
-0.6908624266237748 -0.8808641779990937 0
0.4432693832821376 -0.892857142856929 0
-0.05474703893353098 -0.8949759633918629 0
-0.09394075778539929 -0.8917875807475086 0
-0.1137325616171588 -0.8806214714225147 0
-0.09284158096439341 -0.1071428571431634 0
-0.113461233435472 -0.1190476190479188 0
-0.1134612334354893 -0.1428571428574684 0
-0.1340808859065555 -0.1309523809526848 0
-0.1340808859065398 -0.1071428571431371 0
-0.1547005383776249 -0.1190476190478975 0
-0.1547005383776396 -0.1428571428574522 0
-0.1753201908487131 -0.1309523809526622 0
-0.8970080273359164 -0.6666666666667365 0
-0.8970080273359057 -0.6904761904762822 0
-0.8970080273359118 -0.595238095238143 0
-0.8970080273359488 -0.5714285714285861 0
-0.8970080273361557 -0.452380952380958 0
0.8556624327034419 -0.1071428571430108 0
0.5257479931664615 -0.8928571428569043 0
0.03087633386067867 -0.8928571428567432 0
0.05149598633174618 -0.8809523809519897 0
0.03087633386189939 -0.1071428571432947 0
0.05149598633291864 -0.11904761904805 0
-0.4227560205019822 -0.8928571428565749 0
-0.402136368030974 -0.8809523809518331 0
0.6494659079929367 -0.8928571428568486 0
0.6700855604640066 -0.8809523809520652 0
-0.5877132402703169 -0.1071428571429249 0
-0.1753201908486716 -0.1071428571430676 0
-0.1959398433197864 -0.1190476190478688 0
-0.1959398433198004 -0.1428571428574295 0
0.4432693832825996 -0.1071428571433098 0
0.4226497308115732 -0.1190476190480573 0
0.4226497308115114 -0.1428571428576014 0
0.319551468456296 -0.10714285714352 0
-0.01036297108016882 -0.1071428571432606 0
-0.2990381056751237 -0.1071428571428635 0
-0.4639953254440072 -0.8928571428565915 0
-0.8351490699225531 -0.8928571428569747 0
-0.8763883748646826 -0.8928571428570258 0
-0.8970080273357376 -0.8809523809522861 0
-0.8970080273357622 -0.8571428571427641 0
-0.5051746509853592 -0.1072467445121364 0
0.05149598633172921 -0.9047619047615251 0
0.07211563880280943 -0.8928571428567651 0
0.05149598633293319 -0.09523809523855517 0
0.0721156388039513 -0.107142857143321 0
0.0721156388039368 -0.1309523809528035 0
0.09273529127496802 -0.1190476190480757 0
-0.4021363680309656 -0.9047619047613025 0
-0.3815167155599589 -0.892857142856561 0
-0.3815167155599666 -0.8690476190470908 0
-0.360897063088951 -0.8809523809518193 0
0.835042780232341 -0.6904761904760038 0
0.8969017376452899 -0.5595238095240439 0
0.8969017376452901 -0.5357142857145968 0
-0.814529417452084 -0.3809523809524602 0
-0.8557687223940853 -0.4999999999999241 0
-0.8351490699230588 -0.4880952380951696 0
-0.8145294174521115 -0.3095238095239972 0
0.5051283406955314 -0.500000000000264 0
0.5257479931665792 -0.5119047619050192 0
-0.814529417452061 -0.428571428571436 0
0.5051283406956186 -0.1904761904765355 0
0.5463676456376934 -0.2142857142860016 0
0.6494659079930021 -0.1309523809526414 0
0.649465907993003 -0.1071428571431419 0
0.6700855604640515 -0.0952380952383788 0
0.4432693832823962 -0.4166666666669923 0
0.4226497308113598 -0.4285714285717453 0
0.09273529127495406 -0.1428571428575561 0
0.1133549437459903 -0.130952380952838 0
0.1133549437460653 -0.1071428571433987 0
-0.1135039362085876 -0.8570854467079829 0
-0.1341332243997009 -0.8689828990531945 0
-0.134208399879607 -0.8926637784448719 0
-0.1547305137893079 -0.8809093668842816 0
-0.154726786609075 -0.9047225083481499 0
-0.1753295614564996 -0.8928434077764998 0
-0.1753267485192321 -0.8690381608558708 0
-0.1959424980334026 -0.880948515406663 0
-0.1959413787177151 -0.8571406365196692 0
-0.2165601941433112 -0.8690466046858307 0
-0.2165600546357451 -0.8928563295388772 0
-0.2371793577953129 -0.8809520763387184 0
-0.2371792995767373 -0.8571426373133393 0
-0.2577988608748499 -0.8690475316401012 0
-0.257798845679338 -0.8928570775199305 0
-0.09284158096556175 -0.6547619047615468 0
-0.1134612334366064 -0.642857142856785 0
-0.1134612334366032 -0.6190476190472702 0
-0.1340808859076497 -0.6309523809520232 0
-0.1340808859076522 -0.6547619047615418 0
-0.1547005383786937 -0.6428571428567773 0
-0.1547005383786929 -0.6190476190472652 0
-0.175320190849735 -0.6309523809520177 0
-0.1753201908497373 -0.6547619047615265 0
-0.1959398433207751 -0.6428571428567712 0
-0.1959398433207766 -0.6190476190472602 0
-0.2165594957918152 -0.6309523809520126 0
-0.2165594957918143 -0.6547619047615231 0
-0.2371791482628509 -0.6428571428567679 0
-0.2371791482628521 -0.6190476190472612 0
-0.2577988007338903 -0.6309523809520103 0
-0.2577988007338866 -0.6547619047615199 0
-0.2784184532049225 -0.6428571428567669 0
-0.2784184532049264 -0.6190476190472604 0
-0.299038105675962 -0.6309523809520097 0
-0.2990381056759586 -0.654761904761514 0
-0.3196577581469964 -0.6428571428567579 0
-0.7320508075679283 -0.2142857142859256 0
-0.4639953254440417 -0.6547619047617632 0
0.1133549437452968 -0.3928571428571789 0
0.1339745962163407 -0.3809523809524243 0
0.1339745962164597 -0.3571428571429635 0
0.1545942486874042 -0.3690476190476937 0
0.1545942486873859 -0.3928571428571917 0
0.1752139011584211 -0.3809523809524306 0
0.1752139011585183 -0.3571428571429383 0
0.195833553629473 -0.3690476190476815 0
0.1958335536294646 -0.3928571428571835 0
0.2164532061004952 -0.3809523809524309 0
0.2164532061004991 -0.3571428571429348 0
0.2370728585715281 -0.3690476190476848 0
0.2370728585715255 -0.3928571428571781 0
0.2576925110425578 -0.3809523809524327 0
0.2576925110425605 -0.3571428571429405 0
0.2783121635136477 -0.3690476190476887 0
0.278312163513597 -0.3928571428571802 0
0.2989318159847941 -0.3809523809524636 0
0.1752139011582708 -0.6428571428567781 0
0.1545942486871976 -0.6309523809520283 0
-0.6701918501541915 -0.8452380952377221 0
-0.5052346303861082 -0.630952380952281 0
-0.3196577581463138 -0.357142857143131 0
-0.2990381056752611 -0.3690476190478981 0
-0.2990381056752618 -0.3928571428574225 0
-0.2784184532042016 -0.3809523809526637 0
-0.2784184532041858 -0.3571428571431424 0
-0.2577988007331412 -0.3690476190479041 0
-0.2577988007331421 -0.3928571428574305 0
-0.2371791482620836 -0.3809523809526705 0
-0.2371791482620627 -0.3571428571431513 0
-0.2165594957910212 -0.3690476190479133 0
-0.2165594957910273 -0.3928571428574373 0
-0.195939843319966 -0.3809523809526801 0
-0.1959398433199407 -0.3571428571431625 0
-0.1753201908489021 -0.369047619047925 0
-0.1753201908489111 -0.392857142857448 0
-0.1547005383778485 -0.3809523809526925 0
-0.1547005383778385 -0.3571428571431733 0
-0.1340808859067863 -0.3690476190479381 0
-0.1340808859067949 -0.3928571428574607 0
-0.1134612334357961 -0.3809523809527061 0
-0.1134612334357351 -0.3571428571431826 0
-0.3608970630889572 -0.8571428571423502 0
-0.4227560205020475 -0.6547619047617328 0
-0.6908115026258186 -0.1904761904763929 0
0.3814104258693658 -0.2380952380956488 0
0.4020300783403877 -0.2261904761909079 0
0.2164485063463717 -0.1428652830717842 0
-0.2990381056751314 -0.154761904762061 0
0.7938034752902177 -0.3571428571431325 0
0.07211563880281358 -0.8690476190472314 0
0.09273529127388332 -0.8809523809520099 0
-0.4846049813480902 -0.1190649336092156 0
0.2783121635135485 -0.6309523809520248 0
-0.8351490699227049 -0.678571428571475 0
0.4226497308113615 -0.4523809523812451 0
0.4020300783403246 -0.4404761904764966 0
0.4020300783403222 -0.416666666666999 0
0.3814104258692888 -0.4285714285717496 0
0.3814104258692861 -0.4047619047622545 0
-0.3815167155595841 -0.3928571428573666 0
0.8556624327034271 -0.2976190476192204 0
0.876282085174519 -0.2857142857144304 0
0.463889035753441 -0.4761904761907518 0
-0.05160227602345586 -0.6071428571425191 0
0.6288462555218273 -0.8333333333329904 0
0.319551468455645 -0.6547619047615419 0
0.05149598633181052 -0.6190476190472834 0
0.2164532061003789 -0.5952380952377477 0
-0.2990381056759637 -0.6071428571425094 0
0.1752139011582508 -0.5952380952377511 0
-0.113461233435777 -0.4047619047622288 0
0.8969017376456199 -0.3452380952383372 0
0.8969017376456133 -0.3690476190478889 0
-0.092841580964749 -0.3690476190479215 0
0.8969017376455286 -0.1309523809525202 0
0.8969017376452399 -0.1547619047622205 0
0.8969017376455846 -0.1071428571429784 0
-0.5670935877990753 -0.9047619047613664 0
0.2576925110432534 -0.0952380952387759 0
0.2162511166444575 -0.095588124445567 0
-0.8970080273362673 -0.2142857142860472 0
-0.8970080273362822 -0.1904761904765558 0
-0.8763883748652566 -0.1785714285717958 0
-0.8970080273363092 -0.1666666666670586 0
-0.8763883748652718 -0.1547619047622968 0
-0.8970080273363347 -0.1428571428575544 0
-0.876388374865285 -0.1309523809527888 0
-0.8970080273363474 -0.1190476190480439 0
-0.8763883748652961 -0.1071428571432714 0
-0.8557687223942319 -0.1190476190480197 0
-0.5258542828570359 -0.9047619047613584 0
-0.07222192849331538 -0.09523809523840908 0
-0.6496477481363826 -0.9041421788065775 0
-0.6914485397191161 -0.9036653808245967 0
-0.7115355926235098 -0.8926768348039036 0
-0.7114570486838709 -0.8690028672129408 0
0.3401711209273062 -0.1190476190482565 0
-0.3402774106179317 -0.8690476190470929 0
-0.3402774106178966 -0.8928571428565788 0
0.1957951722992802 -0.1072093355587378 0
0.8762820851743067 -0.5238095238098697 0
0.8969017376452998 -0.5119047619051477 0
0.0721156388028647 -0.6309523809520438 0
0.587606950579769 -0.2380952380954899 0
0.5257479931665803 -0.3690476190478988 0
-0.4639953254440861 -0.4404761904762616 0
-0.4846149779151367 -0.4285714285715138 0
-0.5052346303861792 -0.4404761904762775 0
-0.505234630386189 -0.4166666666667661 0
-0.5258542828572317 -0.4285714285715302 0
-0.5258542828572419 -0.4047619047620173 0
-0.5464739353282853 -0.4166666666667823 0
-0.5464739353282955 -0.3928571428572685 0
-0.5258542828572498 -0.3809523809525019 0
-0.5670935877993393 -0.4047619047620348 0
-0.5670935877993284 -0.4285714285715466 0
-0.5464739353283055 -0.369047619047753 0
-0.5258542828572579 -0.3571428571429838 0
-0.4227560205019866 -0.6071428571427487 0
-0.4021363680309945 -0.6190476190474739 0
0.07211563880286428 -0.6547619047615602 0
0.8969017376452979 -0.6785714285712913 0
0.8969017376453016 -0.7023809523807248 0
0.8762820851743305 -0.7142857142854475 0
0.8969017376453139 -0.7261904761901519 0
-0.587713240270382 -0.4166666666668003 0
-0.5877132402703561 -0.4404761904763174 0
-0.5877132402703928 -0.3928571428572883 0
-0.2165594957908809 -0.1309523809526434 0
-0.2165594957908611 -0.1071428571430675 0
-0.2165594957908904 -0.1547619047622002 0
-0.8763883748648098 -0.7023809523810052 0
-0.8970080273358818 -0.7142857142858035 0
0.6700855604640018 -0.8571428571425184 0
0.6907052129350775 -0.8690476190472786 0
0.690705212935087 -0.8928571428568218 0
0.7113248654061508 -0.8809523809520408 0
-0.01036297108080515 -0.3690476190476718 0
0.8969017376456201 -0.2976190476192092 0
0.8969017376454703 -0.273809523809638 0
0.8762820851745126 -0.2619047619048565 0
0.8969017376451849 -0.2500000000001374 0
-0.8970080273357169 -0.9047619047617987 0
-0.5261102911717545 -0.09592391850790952 0
-0.4845433358530397 -0.0953621829291427 0
0.6288462555218617 -0.9047619047616343 0
0.9180720464321068 -0.9045640610402375 0
-0.3196577581462207 -0.0952380952380788 0
0.4638890357536122 -0.09523809523857074 0
0.3401711209273271 -0.0952380952387529 0
-0.6083328927414146 -0.09523809523814904 0
0.4226497308115812 -0.09523809523857887 0
0.422649730811049 -0.9047619047617168 0
0.4020300783399638 -0.8928571428569358 0
0.01208388297230047 -0.9040369346578895 0
-0.8970080273363594 -0.0952380952385259 0
-0.855768722394243 -0.09523809523849172 0
-0.8351490699231655 -0.1071428571432477 0
0.5051283406953792 -0.9047619047616904 0
0.7113248654061648 -0.9047619047615807 0
0.7319445178772281 -0.8928571428567997 0
0.09273529127387861 -0.9047619047615489 0
0.1133549437449618 -0.8928571428567824 0
0.1133549437449636 -0.8690476190472497 0
0.1339745962160452 -0.8809523809520139 0
0.1339745962160507 -0.8571428571424609 0
0.154594248687129 -0.8690476190472403 0
0.1545942486871253 -0.8928571428567937 0
0.1752139011582124 -0.8809523809520199 0
0.1752139011582091 -0.9047619047615776 0
0.1958335536293004 -0.892857142856801 0
0.4431174400622807 -0.9164034932898328 0
0.3607907733981937 -0.4166666666668984 0
0.3607907733981516 -0.3928571428573341 0
-0.3196577581469914 -0.6666666666662624 0
0.6288462555219738 -0.119047619047896 0
0.6288462555219747 -0.09523809523840172 0
0.6082266030509487 -0.1071428571431548 0
-0.1753215396940815 -0.8452361487686781 0
0.2989318159846161 -0.4047619047619276 0
0.07211563880393312 -0.1547619047623034 0
-0.2577988359763054 -0.8452380440316356 0
0.1133549437459719 -0.1547619047623103 0
0.6907052129350288 -0.2261904761907049 0
-0.855768722393804 -0.5714285714286146 0
-0.3815167155599656 -0.8452380952376213 0
0.5463676456375209 -0.8095238095234778 0
0.5669872981085889 -0.7976190476187017 0
0.5463676456375181 -0.7857142857139392 0
0.463889035753201 -0.7857142857139476 0
0.4845086882242729 -0.7738095238091731 0
0.463889035753201 -0.7619047619044077 0
0.4845086882242677 -0.7499999999996367 0
0.4638890357532006 -0.7380952380948727 0
0.3814104258688836 -0.7619047619044147 0
0.4020300783399622 -0.7499999999996431 0
-0.5670935877991902 -0.6904761904760421 0
0.6082266030507955 -0.4642857142860024 0
-0.4433756729726965 -0.333333333333603 0
0.381410425869367 -0.2142857142861668 0
0.1339745962170083 -0.1428571428575924 0
0.2576925110424736 -0.6904761904758208 0
0.07211563880319014 -0.4404761904761972 0
-0.8145294174516501 -0.666666666666703 0
0.6700855604639494 -0.3809523809526723 0
-0.01036297108100447 -0.4166666666666602 0
0.8144231277612557 -0.5357142857145412 0
0.4638890357534702 -0.2619047619051235 0
-0.3402774106179465 -0.8452380952376093 0
0.1545942486872148 -0.6547619047615411 0
-0.463995325444063 -0.7261904761902405 0
-0.7320725294197352 -0.8809148709707886 0
-0.732161871501944 -0.9045696524539226 0
-0.5670935877992463 -0.5238095238095632 0
-0.5052346303859565 -0.1547619047620248 0
0.4432693832824278 -0.3452380952383432 0
-0.649572197683336 -0.6428571428570969 0
-0.5877132402703558 -0.2023809523811165 0
0.7731838228192207 -0.4404761904764943 0
0.03087633386069387 -0.8452380952377021 0
-0.07222192849336549 -0.1666666666670048 0
-0.463981719005663 -0.1071664241849829 0
-0.4640295155005243 -0.08353795865849825 0
-0.4433791035757739 -0.09527612729931004 0
0.773183822819157 -0.369047619047918 0
0.7319445178771551 -0.3214285714288263 0
0.1958335536293031 -0.8690476190472426 0
0.2164532061003926 -0.8809523809520221 0
0.2159838102378232 -0.9039488872787551 0
0.2369946259277217 -0.892721639942999 0
0.2370598197975244 -0.8690250352282733 0
0.2576772991396223 -0.8809260331632249 0
0.2583994564753425 -0.9036939755768889 0
0.2784148005338146 -0.8926882003100278 0
-0.8145294174516313 -0.6904761904762147 0
-0.7939097649805867 -0.6785714285714552 0
-0.7320528733488798 -0.8571392882382284 0
-0.195939843319812 -0.1666666666669842 0
-0.7526925910027883 -0.8928188491419489 0
-0.0722219284945044 -0.5952380952377602 0
0.8350427802323435 -0.3095238095240109 0
0.2783267343665326 -0.8690150706579761 0
0.2989513506302369 -0.8809187991293446 0
0.2990380575668844 -0.9045794028039142 0
0.3195724311604065 -0.8928211288934107 0
-0.340277410618029 -0.6547619047615053 0
-0.3402774106180181 -0.6309523809520308 0
-0.2784184532049272 -0.5952380952377592 0
-0.3815167155599122 -0.4642857142857398 0
-0.4021363680309591 -0.4523809523809932 0
0.07211563880286591 -0.6071428571425251 0
0.051495986331872 -0.5952380952377953 0
0.4020300783403153 -0.4642857142859754 0
0.505128340695532 -0.5238095238097744 0
0.5257479931665793 -0.5357142857145303 0
-0.1340808859068081 -0.4166666666669832 0
-0.0309826235519636 -0.4047619047619416 0
0.7113248654061424 -0.8571428571425017 0
0.9175213901162774 -0.7142857142854325 0
0.9175213901162922 -0.7380952380948493 0
0.8969017376453263 -0.7499999999995742 0
0.9175213901163068 -0.7619047619042721 0
0.9175213901165874 -0.11904761904774 0
0.9175213901162673 -0.5476190476193191 0
0.9175213901162611 -0.5714285714288135 0
0.9175213901166367 -0.09523809523819489 0
-0.8763883748646646 -0.916666666666536 0
0.4020300783399571 -0.9166666666665038 0
-0.3815167155599517 -0.9166666666660298 0
0.07211563880397349 -0.08333333333383282 0
-0.8351490699231811 -0.08326668835280812 0
-0.8145294174520951 -0.09522698774165135 0
-0.09284158096437786 -0.08333333333362572 0
0.5257479931664699 -0.9166666666664668 0
0.1133549437449536 -0.9166666666663323 0
-0.4227560205019719 -0.9166666666660449 0
0.7319445178772428 -0.916666666666341 0
0.7525641703483065 -0.9047619047615572 0
0.6494659079929512 -0.9166666666664007 0
0.03087633386191965 -0.08333333333375109 0
-0.5877132402703218 -0.08333333333335746 0
-0.1753261273225296 -0.9166578114172214 0
-0.9176276798069989 -0.5833333333333632 0
-0.9176276798070393 -0.5595238095238041 0
-0.9176276798069762 -0.6071428571429033 0
-0.9173316982402513 -0.869047619047542 0
-0.917578349545742 -0.845238095238017 0
-0.9176276798074101 -0.1071428571433012 0
-0.9176276798073366 -0.1785714285718191 0
-0.9176276798069913 -0.6785714285715179 0
0.3197053169652314 -0.9164004946258626 0
-0.2990381056751227 -0.08333333333329228 0
-0.9175155738772488 -0.08352750650067517 0
0.3195514684563015 -0.08333333333404483 0
0.6082266030509481 -0.08333333333366771 0
0.5876069505799256 -0.09523809523841839 0
-0.7525071959865316 -0.9169494740172449 0
-0.1346876102184424 -0.9154475159069997 0
0.8969017376455763 -0.08333333333343729 0
0.195750971140802 -0.08347637040151018 0
-0.8959576660663453 -0.07315842785391248 0
0.5876069505799255 -0.0714285714289345 0
0.5669872981089079 -0.08333333333368222 0
-0.8145785681504015 -0.0712904904909194 0
-0.7940299677150771 -0.08311445993639641 0
-0.7939297987700176 -0.1071045269942169 0
-0.7733134852637744 -0.09519522798073166 0
-0.8351490699229955 -0.5119047619046824 0
-0.8145294174520041 -0.499999999999898 0
0.2783121635136598 -0.3452380952381972 0
0.2576925110425753 -0.333333333333449 0
-0.5052346303862021 -0.3690476190477362 0
-0.5052346303862062 -0.3452380952382142 0
0.402030078340388 -0.2023809523814264 0
0.3814104258693677 -0.1904761904766868 0
0.4226497308114087 -0.2142857142861669 0
-0.2990381056759495 -0.6785714285710275 0
0.4845086882245016 -0.2500000000003743 0
0.5051283406955341 -0.2619047619051185 0
-0.3402774106180236 -0.6785714285710085 0
0.3814104258692658 -0.3809523809527314 0
0.360790773398201 -0.36904761904793 0
0.4020300783405063 -0.1071428571433714 0
0.4020300783405216 -0.08333333333388895 0
-0.7732665903280732 -0.9048026570341969 0
-0.2784184707192431 -0.8809523554945715 0
-0.2784184636147476 -0.9047618896290347 0
-0.2577988099596548 -0.9166666532546017 0
-0.09284158096466263 -0.345238095238428 0
0.6288462555219489 -0.1428571428574033 0
-0.1959398433206588 -0.8333333333329453 0
0.09273529127391997 -0.619047619047285 0
0.1751937405224826 -0.09527301448587319 0
0.1339745962169883 -0.1666666666670615 0
0.278312163513587 -0.4166666666666715 0
0.1545942486880241 -0.1547619047623428 0
0.5669872981086692 -0.2976190476193405 0
0.4638890357534336 -0.4047619047622391 0
0.6700855604640394 -0.1666666666668854 0
0.5051283406955235 -0.4285714285717336 0
0.8762820851743041 -0.5000000000004138 0
0.896901737645311 -0.4880952380956866 0
0.9175213901162493 -0.5000000000005141 0
0.9175213901162602 -0.4761904761910671 0
0.6288462555218495 -0.2619047619050118 0
0.2164532061003731 -0.6666666666662953 0
-0.4433756729730666 -0.714285714285491 0
0.5669872981086774 -0.4166666666669463 0
0.3814104258688851 -0.7380952380948773 0
0.4020300783399593 -0.7261904761901087 0
0.896901737645306 -0.4642857142862265 0
0.91752139011628 -0.4523809523815905 0
-0.5670935877992572 -0.5000000000000659 0
-0.5877132402702892 -0.5119047619048213 0
-0.4433756729730081 -0.8333333333328967 0
-0.1134612334357187 -0.3333333333336582 0
-0.4639953254440541 -0.5833333333332722 0
-0.03098262355205332 -0.4285714285714229 0
0.0308763338607497 -0.6785714285710802 0
-0.4021363680309638 -0.5952380952379915 0
-0.5670935877991032 -0.833333333332944 0
-0.5877132402701244 -0.8214285714282117 0
0.09273529127392384 -0.7142857142853609 0
0.1133549437450053 -0.7023809523805922 0
-0.5464739353282321 -0.4880952380953091 0
-0.3402774106173093 -0.1785714285715553 0
0.07211563880285092 -0.7976190476187069 0
0.3607907733978173 -0.8452380952378193 0
-0.8557687223942311 -0.1666666666670338 0
-0.8763883748651131 -0.5119047619046794 0
-0.8970080273361463 -0.4999999999999358 0
-0.2784184532040241 -0.09523809523807777 0
-0.463993318385532 -0.1309558572792995 0
-0.6083328927414355 -0.4047619047620542 0
0.3607907733982468 -0.4404761904764807 0
-0.4639953254440929 -0.4166666666667497 0
0.8350427802324122 -0.1904761904763989 0
0.09273529127391246 -0.8095238095234724 0
0.154594248687132 -0.8452380952376904 0
-0.8351490699226751 -0.749999999999905 0
-0.855768722393739 -0.7619047619046677 0
-0.6083328927414472 -0.3809523809525423 0
-0.2371791482619719 -0.1428571428574149 0
-0.2371791482619811 -0.1666666666669707 0
-0.546473935328307 -0.3452380952382512 0
-0.05160227602346648 -0.5833333333330271 0
0.8350427802323326 -0.2857142857144469 0
0.8556624327034899 -0.202380952381166 0
0.09273529127392099 -0.5952380952377676 0
-0.36089706308906 -0.6666666666662521 0
-0.2990381056759596 -0.5833333333330291 0
0.7525641703482897 -0.8809523809520228 0
0.7731838228193658 -0.8928571428567765 0
0.7731838228193801 -0.9166666666663087 0
0.7938034752904388 -0.904761904761529 0
0.7938034752904555 -0.9285714285710587 0
0.8144231277615126 -0.9166666666662777 0
0.3402002561291933 -0.9047115404276035 0
0.4845086882242585 -0.7261904761900949 0
0.4638890357531998 -0.714285714285341 0
0.505128340695329 -0.7380952380948643 0
0.5669872981085795 -0.7738095238091615 0
0.5876069505796524 -0.7857142857139272 0
-0.1134612334357843 -0.4285714285717508 0
-0.03098262355133846 -0.3095238095241469 0
-0.05160227602307717 -0.4166666666667052 0
-0.0722219284935986 -0.3571428571431897 0
0.9175213901167161 -0.3571428571431242 0
0.9175213901167121 -0.3809523809526882 0
0.917521390116393 -0.2857142857144362 0
-0.9382473322780638 -0.5952380952381429 0
0.09273529127386401 -0.9285714285711025 0
0.2162859476424516 -0.07284889400497783 0
0.7113248654061801 -0.9285714285711265 0
-0.07208970231541734 -0.07036528098268113 0
-0.44273670687382 -0.07309791218812324 0
-0.4225300848954768 -0.08379687874088301 0
0.6288462555219938 -0.07142857142889258 0
-0.3196577581462237 -0.071428571428506 0
0.2982244570871571 -0.9266629266818757 0
0.917521390116625 -0.07142857142866063 0
-0.6083328927414241 -0.07142857142857925 0
0.4226497308115708 -0.07142857142911586 0
-0.2784184543973842 -0.9285714268371317 0
-0.8970080273356975 -0.9285714285713083 0
-0.9176276798067535 -0.9166666666665724 0
0.1751542732800522 -0.07153184994553133 0
0.628846255521871 -0.9285714285711897 0
0.5051283406953805 -0.9285714285712545 0
-0.7734260527089321 -0.07119093932824229 0
-0.7526970121976519 -0.08328658344060186 0
-0.7730735182688547 -0.9289465868630074 0
-0.4862888866029026 -0.07325115977390553 0
-0.2784184532040226 -0.07142857142850556 0
0.3401711209273083 -0.07142857142931766 0
0.3414174327752779 -0.9267433853564594 0
-0.7314176086625761 -0.9284200878532319 0
0.5257479931664799 -0.9404761904760331 0
0.546367645637558 -0.9285714285712348 0
0.5669872981089036 -0.05952380952420911 0
0.5463676456378916 -0.0714285714289504 0
0.9381410425871737 -0.4880952380964434 0
0.9381410425872296 -0.5595238095240697 0
0.3401711209271506 -0.4285714285716272 0
0.9381461291759603 -0.8452292850069754 0
0.2783121635136072 -0.3214285714287067 0
0.9381410425872475 -0.7261904761901274 0
0.8969017376453388 -0.7738095238090007 0
0.9175213901163197 -0.7857142857136987 0
0.8762820851743509 -0.7619047619042973 0
0.5463676456378945 -0.09523809523842343 0
0.52574799316688 -0.08333333333369045 0
-0.360897063089039 -0.6904761904757808 0
-0.3196577581469192 -0.8571428571423527 0
-0.3196577581469346 -0.833333333332867 0
-0.2990381076095142 -0.9166666638551009 0
-0.2990381061968067 -0.9404761897181237 0
-0.3196577585559013 -0.9285714279760919 0
0.4226497308114086 -0.1904761904766858 0
0.4432693832824285 -0.2023809523814242 0
0.4432693832824022 -0.3928571428574659 0
0.5051283406955314 -0.2380952380956256 0
0.5257479931665846 -0.2500000000003448 0
0.3814104258692832 -0.3571428571432193 0
0.3607907733982587 -0.3452380952384717 0
0.3401711209271995 -0.3571428571431699 0
-0.175320415657046 -0.8214282470167045 0
0.9587606950577426 -0.928571428571084 0
0.2989318159846142 -0.4285714285714188 0
0.1133549437459687 -0.1785714285718065 0
0.1133549437449736 -0.6071428571425284 0
0.113354943744996 -0.6309523809520443 0
0.6907052129350766 -0.1785714285716327 0
0.4638890357534347 -0.380952380952683 0
0.1545942486880044 -0.1785714285718136 0
0.6288462555219034 -0.1904761904764298 0
0.8969017376452921 -0.6547619047618588 0
0.9175213901162628 -0.6666666666665702 0
0.9175213901162587 -0.6428571428571526 0
0.5463676456374958 -0.761904761904393 0
0.3814104258688774 -0.7142857142853458 0
0.402030078339946 -0.7023809523805784 0
0.381410425868874 -0.6904761904758182 0
0.4020300783399412 -0.6785714285710527 0
0.3814104258688811 -0.6666666666662944 0
0.4226497308110019 -0.6904761904758117 0
0.814423127761255 -0.4880952380955326 0
-0.4639953254440732 -0.7023809523807556 0
0.1752139011590407 -0.166666666667095 0
-0.257798800732924 -0.08333333333329238 0
-0.07222192849452719 -0.8095238095234309 0
0.1545809506022185 -0.08335636629457366 0
0.1545820943606729 -0.05954486143735416 0
-0.8970080273362544 -0.2380952380955361 0
-0.9176276798072852 -0.226190476190803 0
-0.9176276798072737 -0.2500000000002854 0
-0.3402774106179384 -0.8214285714281364 0
0.8969017376455506 -0.3928571428574533 0
0.9175213901165931 -0.4047619047623051 0
0.7731838228192665 -0.8690476190472187 0
-0.05158023832592684 -0.08315611825928729 0
-0.01036297108027189 -0.2976190476193773 0
0.7938034752902774 -0.1190476190478299 0
0.8144231277613132 -0.1071428571430634 0
0.793803475290266 -0.09523809523832322 0
0.8144231277612947 -0.0833333333335593 0
0.7938034752902521 -0.07142857142882518 0
0.7731838228192267 -0.0833333333335832 0
-0.05160227602347115 -0.7023809523805872 0
0.01025668139082487 -0.1904761904765502 0
0.3607907733983478 -0.2023809523814261 0
0.3607907733983481 -0.1785714285719476 0
0.3814104258693674 -0.1666666666672087 0
-0.7938697455766844 -0.9167359850937042 0
-0.8970080273361702 -0.4285714285714633 0
-0.9176276798071945 -0.4404761904761993 0
-0.9176276798072058 -0.4166666666666837 0
0.7731838228191579 -0.3928571428574439 0
0.7525641703480945 -0.3809523809526927 0
-0.01036297108138428 -0.7976190476186749 0
0.7319445178771466 -0.5357142857145294 0
0.7319445178771484 -0.559523809524044 0
0.7113248654061068 -0.5476190476192884 0
0.7113248654061134 -0.571428571428804 0
0.6907052129350683 -0.5595238095240469 0
0.6907052129350755 -0.5833333333335508 0
0.6700855604640292 -0.5714285714288033 0
0.7113248654061177 -0.5952380952383167 0
0.670085560464036 -0.5952380952383095 0
0.6494659079929884 -0.583333333333562 0
0.6494659079929823 -0.5595238095240544 0
0.6288462555219402 -0.5714285714288139 0
0.6288462555219321 -0.547619047619308 0
0.6082266030508907 -0.5595238095240654 0
0.6082266030508978 -0.5833333333335752 0
0.5876069505798479 -0.5714285714288267 0
0.6494659079930085 -0.6071428571430454 0
0.6700855604640432 -0.619047619047812 0
0.6082266030508569 -0.5357142857145587 0
0.6494659079929647 -0.5357142857145523 0
0.5876069505797865 -0.5952380952383103 0
0.4226497308113913 -0.3571428571431455 0
-0.4227560205019823 -0.5357142857142649 0
-0.3608970630884265 -0.3095238095240596 0
-0.09284158096458892 -0.3214285714288861 0
0.4845086882244853 -0.5119047619050205 0
0.4845086882244865 -0.5357142857145292 0
0.4845086882244958 -0.2261904761908859 0
-0.5877132402702323 -0.6547619047618102 0
-0.4227560205017209 -0.2976190476192699 0
-0.7732901125094589 -0.8333333333331434 0
0.03087633386106606 -0.5357142857142565 0
0.01025668138997455 -0.5476190476189411 0
0.2576925110432353 -0.1904761904766766 0
0.1133549437452872 -0.4642857142857294 0
0.1339745962163378 -0.452380952380979 0
0.01025668139027677 -0.3571428571428892 0
0.2783121635135209 -0.7261904761901169 0
-0.9176276798071759 -0.4642857142856998 0
-0.938247332278211 -0.4523809523809438 0
0.1133549437452932 -0.4404761904762179 0
-0.05160227602311911 -0.440476190476181 0
-0.03098262355240599 -0.5952380952377674 0
0.5669872981086777 -0.3690476190478771 0
-0.2371791793554685 -0.833333288160425 0
-0.2577988007337147 -0.8214285714282102 0
0.4226497308113606 -0.4761904761907412 0
0.5463676456376255 -0.5238095238097773 0
0.5463676456376472 -0.5476190476192926 0
0.4845086882244719 -0.3928571428574755 0
-0.3196577581470005 -0.5952380952377641 0
-0.5877132402702655 -0.5595238095238186 0
-0.01036297108101616 -0.4404761904761801 0
-0.7526704600386442 -0.5357142857142931 0
-0.628952545212515 -0.08333333333337341 0
-0.587713240270298 -0.4880952380953205 0
-0.6083328927413321 -0.5000000000000787 0
-0.7320508075675096 -0.5952380952381181 0
-0.4227560205019926 -0.5833333333332539 0
-0.5877132402704043 -0.3690476190477747 0
-0.4433756729727429 -0.1904761904763369 0
-0.1340808859076016 -0.8452380952376838 0
-0.1134683505652463 -0.8333237649272018 0
0.1752139011582703 -0.6666666666662973 0
0.1545942486872112 -0.6785714285710515 0
0.13397459621614 -0.666666666666306 0
0.03087633386187413 -0.1547619047622834 0
0.7319445178771473 -0.2023809523811608 0
0.1133549437449728 -0.7976190476186984 0
0.2989318159848736 -0.333333333333564 0
-0.1340820720957099 -0.8214269766939105 0
-0.5258542828570399 -0.1904761904763575 0
-0.6701918501544791 -0.3690476190478648 0
-0.8145294174520319 -0.4761904761904119 0
-0.7939097649809901 -0.4880952380951469 0
-0.793909764980901 -0.5119047619046581 0
-0.7939097649810072 -0.4642857142856561 0
-0.7732901125099662 -0.4761904761903897 0
-0.7732901125099799 -0.452380952380897 0
-0.5258542828570897 -0.8095238095234527 0
-0.3402774106172998 -0.08333333333330409 0
-0.8351490699231676 -0.1309523809527728 0
0.2576925110425784 -0.3095238095239713 0
0.2370728585715406 -0.3214285714287026 0
-0.7114358149911131 -0.8452300417813078 0
0.6907052129350575 -0.535714285714541 0
0.608226603050782 -0.9166666666664203 0
0.6082266030507872 -0.94047619047598 0
0.1545942486871194 -0.9166666666663518 0
0.1752139011582063 -0.9285714285711412 0
-0.4433756729730529 -0.4285714285715159 0
-0.8557687223937238 -0.7857142857141921 0
-0.8763883748648006 -0.7738095238094413 0
-0.8763883748647717 -0.7976190476189606 0
-0.8970080273358618 -0.7857142857142124 0
0.9175213901167214 -0.3333333333335533 0
-0.0516022760223282 -0.202380952381271 0
-0.9176276798069983 -0.6547619047619718 0
-0.9376932736992631 -0.6657070090578701 0
0.8762820851745657 -0.1904761904763838 0
-0.8555837090045207 -0.07173707374995295 0
-0.6083328927413423 -0.4761904761905792 0
-0.7939097649805651 -0.7023809523809509 0
0.8556624327033023 -0.5119047619051328 0
0.07211563880283109 -0.8214285714282257 0
0.05149598633177364 -0.8095238095234565 0
0.8350427802324117 -0.2142857142859239 0
0.7525641703481056 -0.4047619047622133 0
0.7319445178770545 -0.3928571428574575 0
0.8969017376453323 -0.4404761904767351 0
0.9381410425877859 -0.345238095238341 0
-0.628952545212474 -0.3928571428573239 0
-0.732051928513352 -0.8333313962728879 0
-0.711432118569749 -0.8214269063421775 0
0.7731838228191661 -0.3452380952383814 0
0.7938034752902124 -0.3333333333335933 0
-0.6289525452124594 -0.4166666666668326 0
0.5876069505796098 -0.7619047619043996 0
-0.7732901125095221 -0.6904761904761832 0
-0.7732901125095398 -0.6666666666666849 0
-0.7526704600384791 -0.6785714285714239 0
-0.752670460038496 -0.6547619047619224 0
-0.7320508075674472 -0.6666666666666627 0
-0.7320508075674568 -0.6428571428571612 0
-0.7114311550964071 -0.6547619047619073 0
-0.8351490699226758 -0.7023809523809716 0
0.1339703541482737 -0.07143591890816688 0
0.6082266030508739 -0.6071428571429982 0
-0.6083328927414557 -0.3571428571430353 0
0.8144231277612664 -0.2976190476192688 0
-0.0722219284945069 -0.5714285714282945 0
-0.09284158096555339 -0.5833333333330091 0
-0.7732973469337528 -0.1190340861468775 0
-0.7939143096831744 -0.1309437371110667 0
-0.793899174716213 -0.8928754879735231 0
-0.8970080273358654 -0.7619047619046986 0
-0.9173316982403721 -0.7738095238094627 0
-0.9174607458746511 -0.7976190476190063 0
0.2989332956415852 -0.8571399881029953 0
0.2783148385986037 -0.8452321923329043 0
-0.9175783495458401 -0.7499999999999571 0
0.4226497308109978 -0.6666666666662878 0
0.7731838228191769 -0.3214285714288404 0
0.4638890357533437 -0.5238095238097521 0
-0.2784184532049048 -0.5714285714283081 0
-0.2577988007338848 -0.5833333333330166 0
-0.3815167155599531 -0.6071428571427181 0
-0.3815167155600738 -0.6785714285710248 0
-0.3196577581469681 -0.5714285714283104 0
-0.5877132402703727 -0.3452380952382976 0
-0.3815167155599005 -0.440476190476258 0
-0.3608970630888644 -0.4523809523809833 0
-0.4021363680308953 -0.4285714285715492 0
0.5669872981087694 -0.58333333333357 0
0.3401711209272013 -0.4523809523812045 0
0.360790773398189 -0.464285714285908 0
-0.03098262355238561 -0.5714285714282881 0
-0.01036297108131243 -0.5833333333330846 0
0.4020300783403255 -0.4880952380954947 0
0.4226497308113626 -0.500000000000244 0
0.9381410425872094 -0.7023809523807546 0
0.1133549437450042 -0.5833333333330266 0
0.5051283406952557 -0.7142857142853499 0
0.6494659079929238 -0.630952380952478 0
0.6700855604640463 -0.642857142857283 0
0.6907052129350852 -0.6309523809525656 0
0.6907052129351007 -0.6547619047620419 0
0.7113248654061264 -0.6428571428573133 0
0.7113248654062052 -0.6666666666666959 0
0.7319445178771834 -0.6547619047620229 0
0.73194451787716 -0.6309523809525596 0
0.7525641703481929 -0.642857142857302 0
0.7525641703482839 -0.6666666666666942 0
-0.3402774106180083 -0.5833333333331288 0
-0.1340808859068329 -0.4404761904764763 0
-0.1547005383778669 -0.4285714285717324 0
0.4432693832820496 -0.6785714285710569 0
0.5257479931663149 -0.7261904761901217 0
0.6082266030506558 -0.7738095238091561 0
0.9381410425872603 -0.5357142857148356 0
0.9381410425872577 -0.7738095238090146 0
0.9381410425873078 -0.7976190476185121 0
0.938141042587192 -0.6547619047619031 0
0.9381410425871826 -0.6309523809525026 0
0.9175213901162517 -0.6190476190477524 0
0.9381410425871761 -0.6071428571431015 0
0.7525641703481322 -0.8571428571424785 0
0.9381410425876231 -0.1071428571429533 0
0.9381410425873115 -0.1309523809527384 0
0.9381410425875958 -0.3214285714289012 0
0.9381410425877005 -0.3928571428576138 0
0.938141042587793 -0.4166666666670288 0
0.814264407350208 -0.9406065174295234 0
0.8347314190140761 -0.9296564401761827 0
0.8349908866959211 -0.9049427400289122 0
0.8556018902443243 -0.9168776411449493 0
-0.8767063851203589 -0.9399253805558244 0
-0.8558217241029095 -0.9284796269179032 0
0.6494659079929657 -0.9404761904759591 0
-0.2581071888986741 -0.9399420469888016 0
-0.2372305478278544 -0.9284824024211309 0
-0.2581071871614185 -0.06005795048623983 0
-0.2372305459999042 -0.07151759492225938 0
-0.5877132402703282 -0.05952380952378572 0
-0.567093587799228 -0.07142857142856648 0
-0.793866996039626 -0.9405502699289682 0
0.4023075437350853 -0.0600043936850461 0
-0.9379513507116336 -0.4761904761904417 0
-0.9378590076150177 -0.6426971999223809 0
-0.9382473322780704 -0.690476190476308 0
-0.7526975420984884 -0.05947641252514836 0
-0.7320508075677581 -0.07142857142887563 0
-0.7320552329275914 -0.0952303035895668 0
-0.7114318926566755 -0.08333203472547807 0
-0.7117116274082954 -0.0600091724680108 0
-0.6908583709375852 -0.07150924881812536 0
-0.237528192448786 -0.04424879710172726 0
-0.2165594957907142 -0.05952380952371872 0
-0.237528192959831 -0.955751202157886 0
-0.2165594957916962 -0.9404761904755806 0
-0.9176276798067302 -0.9404761904760842 0
-0.8562681679652099 -0.9557509006138206 0
0.319438016016384 -0.05909108880875022 0
0.2989129072453055 -0.07135645131000769 0
0.8556624327036624 -0.9404761904757664 0
0.8762719947647289 -0.9286065909841057 0
0.8765271408463976 -0.9519594510582425 0
0.8973672700019032 -0.9404292245883532 0
0.5254897323935009 -0.05997113030530869 0
0.505085297233638 -0.07150312489247242 0
-0.0928415809643606 -0.0595238095240857 0
-0.1134612334354479 -0.07142857142883992 0
-0.937951350711241 -0.9285714285713498 0
-0.9410878557344281 -0.9022386608249835 0
-0.9381543504095655 -0.8611111111109474 0
-0.9382473322779169 -0.8333333333332548 0
-0.9381543504096463 -0.7658730158727788 0
-0.9382473322780541 -0.7380952380951409 0
-0.9379326663901733 -0.09527045743303882 0
-0.9390427141008912 -0.07312467861691738 0
-0.9381948879637381 -0.1190530127471498 0
-0.9379513507117233 -0.2380952380955553 0
-0.9379020204506159 -0.2619047619050335 0
-0.9175701278359867 -0.2738095238097634 0
-0.9381801883117848 -0.28571428571451 0
-0.9176068971509609 -0.2976190476192384 0
-0.9379020204506452 -0.2142857142860732 0
-0.9379366962745618 -0.3095238095239854 0
-0.9175724433639119 -0.3214285714287123 0
-0.9378903719705077 -0.3333333333334599 0
-0.9175589803487221 -0.3452380952381858 0
-0.9378804074172942 -0.3571428571429336 0
-0.9175550757539788 -0.3690476190476595 0
-0.9378780958926259 -0.3809523809524076 0
-0.05160227602221974 -0.05952380952412552 0
-0.03097895060178774 -0.07139903558317445 0
0.1136951515382779 -0.9398869332926988 0
0.7322931013756568 -0.9398724261459752 0
0.8762820851743452 -0.7857142857137048 0
0.3195514684558085 -0.3928571428572032 0
-0.4846149779151064 -0.35714285714301 0
-0.4846149779151516 -0.3333333333334441 0
-0.5052346303862156 -0.3214285714286874 0
-0.4846149779151461 -0.3095238095239347 0
-0.8351490699225901 -0.9404761904760065 0
0.3814566701019148 -0.07150866878926654 0
0.3813078417166774 -0.04424135606300356 0
-0.340277410618005 -0.7023809523805842 0
0.3607907733983415 -0.1071428571434835 0
0.3814104258693222 -0.3333333333336774 0
0.2783121635136593 -0.2976190476192274 0
0.5876069505799026 -0.119047619047905 0
-0.2990381056759213 -0.8452380952376017 0
-0.2990381056758863 -0.8214285714281454 0
-0.3815167155600635 -0.7023809523805336 0
-0.4021363680311031 -0.6904761904758693 0
0.1339745962160563 -0.59523809523777 0
0.1339745962160961 -0.5714285714282884 0
-0.1959398807885727 -0.8095237554548628 0
0.1752139011590214 -0.1904761904765662 0
0.1958335536300458 -0.178571428571848 0
0.3401711209272345 -0.3333333333337257 0
0.5669872981086967 -0.5357142857145414 0
0.8556624327033213 -0.4880952380956484 0
0.6700855604640404 -0.1904761904763857 0
-0.05160227602239979 -0.3214285714288909 0
-0.2577988007329232 -0.1071428571428651 0
0.2783121635135878 -0.4404761904761763 0
0.2576925110425553 -0.4285714285714182 0
0.7525641703481851 -0.619047619047818 0
0.7731838228192125 -0.6309523809525541 0
-0.4433756729730517 -0.6904761904760045 0
0.4432693832821244 -0.7261904761901055 0
-0.2371791534448265 -0.8095238019947171 0
0.5876069505795454 -0.6190476190476644 0
-0.1134626173227076 -0.8095219490001158 0
0.525747993166424 -0.7738095238091673 0
0.360790773397808 -0.7261904761901123 0
0.6082266030507097 -0.7976190476186842 0
0.6288462555217311 -0.7857142857139321 0
-0.8970080273361388 -0.5238095238094285 0
-0.9176276798071795 -0.5119047619046876 0
-0.8763883748650182 -0.5357142857142305 0
0.4226497308110419 -0.7619047619044088 0
-0.896995357486287 -0.3095238095239863 0
0.1339745962163428 -0.4285714285714681 0
0.1545942486873855 -0.4404761904762282 0
0.587606950579729 -0.3809523809526417 0
0.3607907733983284 -0.1309523809529889 0
-0.5670935877993041 -0.452380952381063 0
-0.4433756729730051 -0.4047619047620519 0
-0.3608970630887532 -0.4285714285715386 0
-0.3402774106176072 -0.4404761904763341 0
0.6494659079928985 -0.2976190476193019 0
-0.7114311550964262 -0.630952380952393 0
-0.402136368030955 -0.5714285714285016 0
0.3401711209273204 -0.238095238095647 0
-0.4433756729730233 -0.5476190476190221 0
-0.628952545212375 -0.4880952380953363 0
-0.6289525452124007 -0.4642857142858423 0
-0.6289525452123647 -0.5119047619048358 0
0.5257479931665694 -0.559523809524018 0
-0.4846149779150936 -0.5476190476190336 0
0.4432693832824326 -0.2261904761909025 0
0.5257479931665723 -0.2738095238098593 0
0.5463676456376463 -0.261904761905053 0
0.5669872981086215 -0.8928571428568854 0
0.09273529127392743 -0.690476190475836 0
0.07211563880286315 -0.7023809523806009 0
-0.4846149779150906 -0.7142857142855079 0
-0.4846149779150905 -0.6904761904760189 0
-0.1547005383779718 -0.4523809523811804 0
-0.1753201908489297 -0.4404761904764805 0
-0.5258542828572206 -0.4523809523810414 0
-0.567093587799112 -0.8095238095234658 0
-0.5877132402701348 -0.7976190476187321 0
-0.6083328927411495 -0.8095238095234807 0
-0.6083328927411626 -0.7857142857139997 0
-0.6289525452121799 -0.7976190476187499 0
-0.6289525452121936 -0.773809523809268 0
-0.6495721976832118 -0.7857142857140211 0
-0.4639953254441116 -0.3928571428572765 0
0.1752041441645548 -0.1190645186585803 0
0.175213901158246 -0.690476190475811 0
0.4638890357532199 -0.8809523809521418 0
-0.649572197683196 -0.809523809523502 0
-0.6701918501542307 -0.7976190476187841 0
-0.1134612334356864 -0.3095238095241301 0
-0.1340808859067699 -0.3214285714288877 0
-0.6908115026253858 -0.6428571428571362 0
0.6700855604640379 -0.9285714285711613 0
0.7319445178770572 -0.3690476190479289 0
0.9587606950582088 -0.7142857142855448 0
-0.4433756729727487 -0.1666666666667847 0
-0.4639953254438282 -0.1785714285715698 0
0.4845086882242881 -0.9166666666664753 0
0.9587606950583374 -0.5476190476198003 0
0.8144231277613488 -0.2023809523811578 0
-0.4227189363344289 -0.1072264533876908 0
-0.4020925314016259 -0.09532928551350386 0
-0.4018810187254113 -0.07188542880948526 0
0.587606950579698 -0.9285714285712063 0
-0.2577988007338289 -0.5595238095235815 0
-0.2371791482628436 -0.5714285714283105 0
-0.7732901125094246 -0.8571428571426252 0
-0.7320508075674323 -0.6904761904761447 0
-0.8969998056256043 -0.8333333333332483 0
0.0927352912738896 -0.8333333333329815 0
0.1339745962160465 -0.833333333332946 0
0.1545942486871266 -0.8214285714281568 0
0.1752139011582111 -0.8333333333329198 0
-0.2577988007330622 -0.1547619047621855 0
-0.2577988007330533 -0.1785714285717409 0
-0.2371791482619763 -0.1904761904765095 0
-0.8145294174516022 -0.7380952380951619 0
0.7113248654059861 -0.3809523809526961 0
0.8762820851743556 -0.4523809523814307 0
-0.3814668512370978 -0.08342467460938237 0
-0.381465846621507 -0.05961517596656483 0
0.8144231277612881 -0.2738095238097174 0
0.8350427802323475 -0.2619047619049396 0
-0.2577988007330541 -0.2023809523812605 0
-0.2784184532041137 -0.190476190476445 0
-0.8557687223937301 -0.7380952380951695 0
0.8556624327034692 -0.2261904761906834 0
-0.7732920756976756 -0.1428534467336985 0
0.2989323105968152 -0.8333322890538482 0
0.3401711209267547 -0.8571428571425475 0
0.3607907733978309 -0.8690476190473541 0
0.3814104258688995 -0.8571428571425976 0
-0.5052346303861581 -0.2976190476192145 0
-0.5258542828572288 -0.3095238095240072 0
-0.3815167155600743 -0.6547619047615487 0
0.381410425868906 -0.9047619047616735 0
0.3816490969188721 -0.9281580381863441 0
0.4023109390440672 -0.9391473307294564 0
0.3819427979221901 -0.9540340018201205 0
-0.09284158096550973 -0.5595238095235415 0
-0.1134612334365826 -0.5714285714282743 0
0.03087633386105862 -0.5595238095237773 0
0.09273529127404952 -0.5714285714283095 0
0.6082266030505572 -0.7499999999996502 0
0.2370728585717111 -0.2976190476191748 0
0.2164532061006966 -0.3095238095239074 0
-0.0722219284941166 -0.4285714285715353 0
-0.07222192849411722 -0.4523809523810638 0
-0.1134612334358676 -0.452380952381243 0
-0.07222192849398468 -0.4047619047621098 0
-0.01036297108028103 -0.3214285714288927 0
0.01025668139074722 -0.3095238095240913 0
0.95876069505864 -0.4047619047626307 0
0.9587606950582279 -0.1190476190480035 0
0.9587606950586307 -0.3333333333337297 0
0.4833846690828916 -0.9389184082357952 0
0.7727688647557291 -0.06024253797306237 0
0.7524950106709484 -0.07154835950367314 0
0.7727688647558908 -0.9397574620268396 0
0.1541760286418084 -0.9397518121087007 0
0.8140982952457919 -0.0600864359448335 0
0.8349886414797738 -0.07152234249889866 0
-0.6285501385165699 -0.06022079836650591 0
-0.6495051299009322 -0.07154473623578367 0
-0.339915212640354 -0.06015115482218013 0
-0.3199385378168246 -0.04852634298543942 0
0.8972782054905568 -0.06017587095885889 0
0.8763448298153472 -0.0715372483345125 0
0.5879224164058314 -0.9518345495418755 0
0.1751456541309399 -0.952148836936723 0
0.1991623757387481 -0.9398283309817731 0
0.1343120712778217 -0.04821303803502107 0
0.1137506903714653 -0.06021328969009254 0
0.751989747768415 -0.04854964792908973 0
0.7321858376660835 -0.06030263858480867 0
0.7319732112291112 -0.08348310285618672 0
0.7113698675962932 -0.0715833378594031 0
-0.647326403419299 -0.04457878173092696 0
-0.3192955603249379 -0.9517536068566528 0
-0.3398548464055436 -0.939744287490849 0
0.9174194147768407 -0.04853876814028294 0
0.9377253127802483 -0.06036772368090888 0
0.8780475356247379 -0.04391983013085258 0
0.7127806958223997 -0.04380634110749466 0
0.6909553517028557 -0.05891415284390333 0
0.6909042913046919 -0.03720621368530363 0
0.668658091399516 -0.04384106314958156 0
0.7123195437541272 -0.9556209553614391 0
-0.9611575631323394 -0.6537793981619777 0
-0.9588669847492974 -0.2738095238097801 0
-0.9588669847495098 -0.1071428571433347 0
-0.9588669847493231 -0.2261904761908259 0
-0.9588669847492595 -0.3452380952382091 0
-0.9587822245910433 -0.468253968253542 0
0.589313687219106 -0.04980904622503241 0
0.5701820906760942 -0.03674353255570913 0
0.09411570668575764 -0.9562869678114964 0
0.07234570803808418 -0.9411271930476779 0
0.07221180589635059 -0.9628127389887633 0
0.0495172047697089 -0.9557007899235513 0
0.8338386547667939 -0.04366110842725288 0
-0.1153354722360466 -0.04440068413061893 0
-0.1340808859065321 -0.05952380952405256 0
0.5033264000796662 -0.0445239451118406 0
0.4845086882248563 -0.05952380952422481 0
-0.9588669847492167 -0.440476190476242 0
-0.9588228141331929 -0.134921533870685 0
-0.9380244150962334 -0.1433303031691106 0
-0.4038304927892725 -0.0444073258422104 0
-0.3816414858485563 -0.03739239466956592 0
0.547438586179453 -0.9563888439501109 0
0.5255230293578953 -0.9627320665554986 0
-0.2983463393307363 -0.963703018915366 0
-0.6907989905231712 -0.04433586559174136 0
0.1550323939772316 -0.03614365650243291 0
0.670850115053276 -0.9521533403935405 0
0.4226497308115764 -0.04761904761964111 0
0.443269383282584 -0.0595238095243726 0
0.4422736734292522 -0.03620020760012266 0
-0.566837049718699 -0.04773524096735913 0
-0.5475238889383605 -0.06219856781078762 0
-0.5865241354209214 -0.03571151479177827 0
-0.03098262355115269 -0.04761904761938709 0
-0.01036235892188771 -0.05951888688320487 0
-0.01102679029073326 -0.03619191932059338 0
0.009781945755087396 -0.04832864763657294 0
-0.2809338400725853 -0.04454312498611525 0
0.340164073384267 -0.04734592758608792 0
0.608299139744546 -0.9638987192259518 0
-0.7731610841813819 -0.9535532006598912 0
-0.937989804749894 -0.9519814837458812 0
-0.9594747817408875 -0.9402635282892567 0
-0.9172100864683963 -0.9639371647423083 0
-0.7735504392214785 -0.04667630277332502 0
-0.7526704600388655 -0.03571428571453258 0
-0.7959885397284984 -0.0346519859104391 0
0.2989318159852938 -0.04761904761984784 0
0.2786607359631831 -0.05951178950469373 0
-0.79455564635702 -0.9643651239261666 0
-0.7510290696974435 -0.9651279974586281 0
-0.3203208762438427 -0.9769074650796812 0
0.01084528930520532 -0.02309401794805267 0
0.1326500256543791 -0.02287136931662526 0
0.5855307333077509 -0.9771067481017225 0
0.2766731782440494 -0.03575251439569341 0
0.2568963171020017 -0.04871979377575784 0
0.2340559207777002 -0.03936192472451029 0
0.3201267330805765 -0.03528179762045852 0
0.8965282485040391 -0.9639009632410991 0
0.9180418922781947 -0.953509160557692 0
0.9386969248703203 -0.966039831232933 0
0.2363018033157692 -0.06119271610340266 0
0.8737370220357072 -0.9769223302298919 0
0.9390545493479967 -0.9420124348050285 0
0.9180301030636789 -0.9288008968362812 0
-0.7518442862415688 -0.9408841629848742 0
-0.7298772406526247 -0.9523076310572425 0
-0.7075335324927141 -0.9621597986892981 0
-0.7103158825132951 -0.9387659007287719 0
-0.6885682472720056 -0.9485851120520055 0
-0.687285927129618 -0.9723494203233691 0
-0.6667849391560435 -0.9602718061565824 0
-0.6430432455698536 -0.9611200368840908 0
-0.6700163777346823 -0.9362551073118051 0
-0.7945818306870789 -0.05835975757523294 0
-0.815715360528378 -0.04678120500124579 0
-0.8352262876962684 -0.05982903044912535 0
-0.8564822514370753 -0.04489493019455149 0
0.6509040510403243 -0.9641418574489893 0
0.9175214661139137 -0.8095236778913171 0
0.8556624339715306 -0.7738095216124341 0
0.8556624329147194 -0.7499999996334853 0
0.8350427817470976 -0.7619047592805686 0
0.8350427805200451 -0.7380952375965567 0
0.8144231280617357 -0.7499999994792047 0
0.8144231278593603 -0.7261904760203516 0
0.7938034753766083 -0.7380952379453305 0
0.7938034753210444 -0.7142857142321685 0
0.958760695058209 -0.5714285714288853 0
0.3195514684561925 -0.4404761904765022 0
0.3195514684561675 -0.3452380952384764 0
0.9381419030181954 -0.8214270811178204 0
0.9587606950581538 -0.6190476190481877 0
0.7731838228585652 -0.7261904761218708 0
0.7731838228310127 -0.7023809523604562 0
0.7938034752974399 -0.6904761904637519 0
0.7525641703578105 -0.7142857142685677 0
0.6700855604638754 -0.6666666666667083 0
0.8556624643864945 -0.7976189927413588 0
0.958760695058208 -0.738095238094812 0
-0.4639953254439546 -0.3214285714287457 0
-0.46399532544405 -0.2976190476191868 0
-0.8145294174513136 -0.9285714285709774 0
0.3195514684559138 -0.4642857142858624 0
0.3195514684559635 -0.4166666666668008 0
0.3814104258693304 -0.1190476190482592 0
0.4638890357532381 -0.5476190476192256 0
0.4845086882243637 -0.5595238095239966 0
0.7938034758523791 -0.7619047609304227 0
0.4845015143143674 -0.08334575891101671 0
0.9587606950582568 -0.7857142857140729 0
0.5257479931668647 -0.1071428571431755 0
0.546367645637895 -0.1190476190478934 0
0.4432693832824772 -0.1785714285718873 0
0.4638890357535089 -0.1904761904766112 0
-0.4021363680311204 -0.7142857142852288 0
-0.216568062080451 -0.08334817058232608 0
-0.1959412710345968 -0.0714310443033868 0
-0.1959398433196116 -0.04761904761893432 0
-0.1753204288010155 -0.05952422166958847 0
-0.1757310904522526 -0.03569934912543523 0
-0.1753204684598506 -0.08333381417025751 0
0.4226497308114633 -0.166666666667141 0
-0.3196577585372944 -0.9047619041937294 0
-0.4639953254438136 -0.3452380952383478 0
-0.2990381085949307 -0.8690476148042313 0
-0.2577988007330143 -0.1309523809525808 0
0.3195514684561891 -0.321428571429041 0
0.9175213901163722 -0.4285714285719783 0
0.9381410425872941 -0.4404761904770783 0
-0.4433756729728544 -0.3095238095240082 0
0.8969017376454529 -0.4166666666670851 0
0.3814181332415086 -0.09525144479868666 0
-0.7526704600389418 -0.4642857142856306 0
-0.7526704600389258 -0.4404761904761741 0
-0.7732901125099889 -0.4285714285714088 0
-0.7526704600387882 -0.4880952380952301 0
-0.7526704600389393 -0.416666666666682 0
-0.7732901125100016 -0.4047619047619165 0
-0.7526704600389339 -0.3928571428571908 0
-0.7732901125100131 -0.3809523809524223 0
-0.7526704600389766 -0.3690476190476758 0
-0.7732901125100347 -0.3571428571429197 0
-0.7320508075677536 -0.3809523809525443 0
-0.752670460038969 -0.3452380952382095 0
-0.7732901125100449 -0.3333333333334297 0
-0.7939097649810748 -0.3452380952382034 0
-0.7526704600389583 -0.3214285714287035 0
-0.7732901125100551 -0.3095238095239402 0
-0.7526704600389942 -0.2976190476191765 0
-0.7732901125100866 -0.285714285714421 0
-0.7526704600390419 -0.2738095238096498 0
-0.7320508075679226 -0.2857142857144233 0
-0.7320508075679972 -0.2619047619048771 0
-0.7526704600390369 -0.2500000000001755 0
-0.711431155096844 -0.2738095238096697 0
-0.7114311550969326 -0.2500000000001218 0
-0.6908115026257806 -0.2619047619049035 0
-0.6908115026258999 -0.238095238095315 0
-0.6701918501547277 -0.2500000000001223 0
-0.6701918501548444 -0.2261904761905306 0
-0.6495721976836754 -0.2380952380953272 0
-0.6495721976837678 -0.2142857142857591 0
-0.6289525452127096 -0.2261904761904747 0
-0.6289525452127042 -0.2023809523810035 0
-0.6495721976837382 -0.1904761904762913 0
-0.6083328927414844 -0.2380952380952671 0
-0.7320508075678349 -0.3095238095239879 0
0.5257479931666218 -0.2261904761908006 0
0.9175213901162522 -0.5952380952383173 0
-0.9176276798071499 -0.5357142857142017 0
-0.9382473322782158 -0.5238095238094467 0
-0.9379513507115897 -0.5476190476189946 0
-0.9587822245910205 -0.5396825396821057 0
-0.9588669847492657 -0.511904761904694 0
-0.9379020204504298 -0.5714285714285875 0
-0.9588669847491617 -0.583333333333432 0
-0.9588315548520232 -0.6111111111108044 0
0.4633400822427581 -0.04836341329635271 0
0.4638890357535861 -0.02380952381017128 0
0.4020300783403348 -0.3690476190479475 0
-0.0722219284934677 -0.3095238095241176 0
-0.9175540397340717 -0.3928571428571567 0
-0.9378775379685417 -0.4047619047618884 0
-0.9588669847492338 -0.3928571428571576 0
0.6494659079929864 -0.1785714285716486 0
0.9381410425872142 -0.5833333333336289 0
0.525747993166801 -0.1309523809526801 0
0.5463676456376516 -0.5714285714287795 0
0.5257479931664295 -0.5833333333334469 0
-0.01036297108129627 -0.5595238095235275 0
0.01025668138991512 -0.5714285714284586 0
0.2989318159847705 -0.4523809523810411 0
0.257692511042561 -0.4523809523809387 0
0.2370728585715228 -0.4404761904761978 0
0.1133549437450264 -0.6785714285710718 0
0.1339745962161202 -0.6904761904758174 0
-0.2577988015974219 -0.7976190463639286 0
0.1545942486871643 -0.5833333333330079 0
0.1545942486871875 -0.5595238095235184 0
-0.1753202345622144 -0.7976189845386689 0
0.690754403094745 -0.08325751829200739 0
0.3607907733985535 -0.05952380952437997 0
-0.2784184533487657 -0.8095238093142989 0
0.9793803475290483 -0.4642857142875857 0
0.958760695058239 -0.4523809523823113 0
0.4020300783404456 -0.1309523809529151 0
-0.2784184725076975 -0.8571428290901728 0
0.1545942486880074 -0.2023809523813115 0
0.9793803475291314 -0.488095238097217 0
0.9587606950582706 -0.5000000000015238 0
-0.01036225689553883 -0.08332759025258413 0
-0.1340811044513275 -0.7976187538042798 0
0.484508688224457 -0.3690476190479346 0
0.1958335536300728 -0.2023809523813392 0
0.2164532061010872 -0.1904761904765955 0
0.8969017376452949 -0.5833333333335282 0
0.5051283406955211 -0.380952380952698 0
0.5257479931665883 -0.3928571428574256 0
0.484508688224474 -0.3452380952383828 0
-0.05947861919242531 -0.02049588085315 0
-0.07177976775492413 -0.04315824142103961 0
0.6494659079929617 -0.2023809523811693 0
0.6288462555219165 -0.1666666666669178 0
-0.897008027336197 -0.3809523809523864 0
0.8557302816168935 -0.05863634420200861 0
0.8561922881548404 -0.0369805599273395 0
0.7731838228192116 -0.6071428571430637 0
0.7938034752902414 -0.6190476190477986 0
0.7525641703481811 -0.5952380952383234 0
-0.8145276524074436 -0.8809554384716074 0
0.1339716728580077 -0.0952431586452816 0
0.1958327703376362 -0.1547632614647469 0
0.690705212935072 -0.2023809523811468 0
0.1545926225223241 -0.1309551975546298 0
0.9381410425871912 -0.6785714285713444 0
0.9587606950581624 -0.6666666666669779 0
0.6082266030508433 -0.1785714285716988 0
0.6082266030508685 -0.1547619047621756 0
0.8556751751703868 -0.08321916377581981 0
0.3607907733977954 -0.6785714285710593 0
0.3607907733978177 -0.6547619047615363 0
0.3814104258688786 -0.6428571428567744 0
0.360790773397822 -0.6309523809520303 0
0.3401711209267752 -0.642857142856778 0
0.3401711209267709 -0.6190476190472874 0
-0.7526709911596161 -0.8452371775770617 0
-0.7526707353829282 -0.8214280956415214 0
0.9794567497462634 -0.05954062448144536 0
-0.7526704600385172 -0.6309523809524049 0
0.9792590742382832 -0.9410750093597025 0
-0.07222192849349579 -0.3333333333336544 0
-0.05160227602255275 -0.3452380952384716 0
-0.05160227602270839 -0.3690476190478712 0
-0.03098262355148046 -0.3333333333336094 0
0.1545942486873884 -0.4166666666667161 0
0.1752139011584284 -0.4285714285714693 0
0.2783121635136262 -0.4642857142857408 0
-0.8351579035407117 -0.9166513663908713 0
-0.8145294174513781 -0.9523809523805051 0
-0.6908115026254118 -0.6190476190476185 0
0.5669872981086785 -0.3928571428574084 0
0.01195689098234881 -0.9792352121496544 0
8.688177277397952e-06 -0.9587365058280286 0
-0.02380807578228137 -0.9587566635196417 0
-0.01250422416499793 -0.9384834141784835 0
-0.03581395475499857 -0.9381974325958368 0
-0.02380952381241591 -0.9175213901159078 0
0.009229623174603291 -0.9394096019457301 0
-0.04646767349920096 -0.9177980162738182 0
-0.0593485253457911 -0.938196545281476 0
-0.06908368310073081 -0.9176577816823017 0
-0.08291330458416291 -0.9381730249638839 0
-0.09444119919131791 -0.9163657392195876 0
-0.1070268321474409 -0.9391380977874101 0
-0.0951376677775162 -0.9589386013477312 0
0.02380952380682301 -0.9587606950578421 0
0.3401711209267269 -0.7380952380948825 0
0.2370728585715341 -0.4642857142857247 0
0.216453206100496 -0.4523809523809708 0
0.2164532061004947 -0.4285714285714467 0
-0.0928415809645487 -0.2976190476193591 0
0.5669872981087423 -0.559523809524054 0
-0.9403227177196993 -0.02053104493392476 0
-0.9522019008317626 -0.03983759799578548 0
-0.97806762214855 -0.03859524639172029 0
-0.9614729305348089 -0.06168813824148332 0
-0.1340808859067269 -0.297619047619366 0
-0.1547005383778033 -0.3095238095241229 0
0.4432693832824014 -0.3690476190479121 0
0.9175241239577492 -0.8333285981800075 0
0.9587616862280308 -0.8333316165762439 0
0.876282085174525 -0.09523809523819776 0
-0.6495721976832382 -0.7619047619045413 0
-0.6289525452122162 -0.7499999999997855 0
0.1133549437452978 -0.4166666666667043 0
0.5051283406953546 -0.7857142857139412 0
0.4432693832821222 -0.7738095238091787 0
-0.9285640707803338 -0.03949756956062615 0
-0.9048087413898417 -0.03948951373975101 0
-0.8928649489615645 -0.02032802060404872 0
-0.8818470894880919 -0.04024915008906824 0
-0.8690476190472981 -0.02061965247117292 0
0.05159295053787394 -0.9290853238432843 0
0.8762820851744488 -0.4047619047621281 0
-0.1060384467522512 -0.02075283099011083 0
0.7113248654059744 -0.357142857143156 0
0.9381410425872352 -0.7499999999995982 0
0.9793831349366984 -0.8690427911152959 0
-0.3815167155599475 -0.5595238095237566 0
0.01017777984206759 -0.07154506047813872 0
0.0304198598707299 -0.06029230589160495 0
0.05141990733443152 -0.07155665415694035 0
0.07210295897092701 -0.05954515664566867 0
0.0927991357404376 -0.07154704264363601 0
0.09415398806550761 -0.04372883448883169 0
0.07218259622842059 -0.03728556843901976 0
0.6288462555217913 -0.8095238095234483 0
0.6494659079928847 -0.7976190476186988 0
0.8762820851743043 -0.6428571428571321 0
0.8350427802322822 -0.500000000000319 0
0.73194451787711 -0.3452380952383807 0
-0.8970080273356801 -0.9523809523808145 0
0.9175213901162567 -0.6904761904760195 0
0.6082266030507335 -0.821428571428223 0
0.7510884093067524 -0.9760931329196569 0
-0.8145291232775362 -0.8571433667292534 0
0.9793803475288609 -0.1785714285721678 0
0.9587606950577303 -0.1904761904769753 0
0.9587606950577257 -0.2142857142865816 0
0.9381410425866052 -0.2023809523817748 0
0.9381410425866465 -0.1785714285722448 0
0.938141042586669 -0.2261904761912425 0
0.9175213901157302 -0.2142857142862062 0
0.9587606950577068 -0.2380952380961776 0
0.9381410425867427 -0.2500000000006664 0
0.01025668139078047 -0.2857142857146117 0
0.03087633386182519 -0.2976190476193795 0
0.03087633386165519 -0.3214285714287705 0
0.05149598633281716 -0.309523809524083 0
0.05149598633286957 -0.2857142857146202 0
0.07211563880391172 -0.2976190476193903 0
0.07211563880374389 -0.3214285714287805 0
0.09273529127490468 -0.3095238095240979 0
0.0927352912749544 -0.2857142857146338 0
0.1133549437459946 -0.2976190476194051 0
0.1133549437458297 -0.3214285714287948 0
0.1339745962169855 -0.3095238095241135 0
0.1339745962170316 -0.2857142857146467 0
0.1545942486880696 -0.2976190476194188 0
0.1545942486879011 -0.3214285714287968 0
0.1752139011589793 -0.3095238095239985 0
0.1752139011590597 -0.2857142857145646 0
0.9175213901157366 -0.1904761904767937 0
-0.835149069922748 -0.5833333333333685 0
-0.8351490699227592 -0.5595238095238512 0
-0.8557687223938815 -0.5476190476190524 0
-0.8351490699228024 -0.5357142857143151 0
-0.8145294174517562 -0.5476190476190528 0
-0.3815167155600636 -0.7261904761900275 0
0.8144144788385366 -0.8928872820679343 0
0.7938020338031726 -0.8809574041538608 0
0.7938032350421358 -0.8571436943427201 0
0.7938034752902378 -0.5952380952383179 0
-0.7732901584002254 -0.8095237302258258 0
0.7916219154428924 -0.05060100390493014 0
0.5257479931663955 -0.7499999999996279 0
0.5463676456373846 -0.7380952380948778 0
0.5669872981084707 -0.7499999999996484 0
0.7023809523801314 -0.9793803475288875 0
-0.07222192849452616 -0.8333333333329344 0
0.8350427802323172 -0.4761904761908354 0
0.8144231277612533 -0.5119047619050552 0
0.340171120927327 -0.1904761904766861 0
0.3401711209273247 -0.1666666666672059 0
-0.9379020204505452 -0.4999999999999359 0
0.8221212493447367 -0.9797321959110534 0
0.834303435831557 -0.9568341803033173 0
0.7985050440274186 -0.9814851251840798 0
-0.9796763290954602 -0.8214285714281028 0
-0.9587606950577864 -0.8095238095233104 0
-0.9587806279768376 -0.7824074074069874 0
-0.979679651248647 -0.773258377424472 0
-0.07222192849452275 -0.785714285713919 0
0.9587606950577739 -0.1666666666674459 0
0.9381410425869438 -0.1547619047626089 0
0.3401711209272467 -0.3095238095242089 0
-0.05159860307287854 -0.107113321297462 0
-0.7939097649810336 -0.4166666666666684 0
-0.03097760725458803 -0.09519775693062693 0
-0.9799344061076566 -0.8918974852480664 0
-0.9797686721919204 -0.8688876761124736 0
-0.9568626226156624 -0.8801763043571682 0
0.9793803475288946 -0.2738095238106312 0
0.9587606950580148 -0.285714285715054 0
0.9587606950578695 -0.2619047619055538 0
0.2787188313713241 -0.08331930997751377 0
0.7319493001024842 -0.1071678187301986 0
0.7319445178771949 -0.8690476190472618 0
0.731944517877134 -0.8452380952377566 0
0.7113248654060695 -0.8333333333329493 0
0.7319445178768764 -0.8214285714281986 0
0.6907052129350747 -0.8452380952377294 0
0.6907052129349576 -0.8214285714282241 0
0.6700855604639837 -0.8333333333329818 0
0.6700855604639196 -0.8095238095234902 0
0.6494659079929177 -0.8452380952377592 0
0.6494659079928873 -0.821428571428228 0
0.6700855604637914 -0.7857142857139636 0
-0.8969957539906588 -0.404761904761936 0
-0.9587685915238199 -0.3015873015871837 0
0.58760695057973 -0.4047619047621734 0
0.9175213901162216 -0.5238095238100174 0
0.3195514684563023 -0.2023809523814248 0
0.7525641704071254 -0.7380952379923285 0
0.7319445178799936 -0.702380952375711 0
0.7113248654095379 -0.7142857142791017 0
-0.6495721976833824 -0.5476190476190855 0
-0.9175817862245779 -0.1310321399545793 0
-0.9175828780132047 -0.1548540579811981 0
-0.9379067308824142 -0.1667608855888173 0
-0.9378370318411651 -0.1904918936302119 0
-0.9588669847494231 -0.178571428571879 0
-0.9378897183267005 -0.4285714285714206 0
0.1752139011584258 -0.4523809523809886 0
-0.97972565935657 -0.7261904761897551 0
-0.9587606950577832 -0.7142857142849643 0
0.1958335536294643 -0.4642857142857427 0
0.7319445178771506 -0.2261904761906905 0
0.3195514684557263 -0.6309523809520221 0
0.3195514684557224 -0.6071428571425258 0
0.298931815984632 -0.6190476190472702 0
0.2989318159846157 -0.5952380952377725 0
0.8762820851743016 -0.5952380952382406 0
0.8350427802322955 -0.5476190476192963 0
0.4432693832820687 -0.7023809523805694 0
0.4638890357531366 -0.6904761904758006 0
0.4845086882241913 -0.7023809523805793 0
0.01025668139081351 -0.2142857142860616 0
0.03087633386186558 -0.2023809523813197 0
0.03087633386187882 -0.1785714285718158 0
0.05149598633290998 -0.1904761904765753 0
0.05149598633290298 -0.2142857142860854 0
0.07211563880394534 -0.2023809523813448 0
0.07211563880395401 -0.1785714285718387 0
0.7938034752902318 -0.4047619047622116 0
0.7731838228192336 -0.1071428571430847 0
0.7731838228192359 -0.130952380952598 0
-0.7023809523801288 -0.02061965247111299 0
0.04984370683786861 -0.04419653310306835 0
0.4638890357534398 -0.5000000000002677 0
0.6907134112950258 -0.1071302213028516 0
0.6698975371078775 -0.07068466206359604 0
0.649465907993074 -0.05952380952409549 0
0.6494345707669957 -0.08320934843941774 0
0.6292519217802768 -0.04841729295012091 0
0.6089898992116967 -0.06073411972109877 0
-0.8188177172649971 -0.02225137662881178 0
0.2576906769193891 -0.8571282933254929 0
0.2370703797552843 -0.8452319039650394 0
0.2576922380667994 -0.8333288903338796 0
0.7731838228193055 -0.6547619047619577 0
-0.8145294174516656 -0.6428571428571743 0
-0.01036297108026347 -0.2738095238098485 0
0.3401711209267119 -0.6666666666663008 0
0.7319445178771509 -0.1785714285716359 0
0.4432693832822914 -0.5119047619049916 0
-0.6562511775673192 -0.02101654847125008 0
0.03087633386183343 -0.2738095238098596 0
0.07211563880392059 -0.2738095238098734 0
0.1133549437460006 -0.2738095238098868 0
0.1545942486880651 -0.2738095238098824 0
0.1958335536301151 -0.2738095238098471 0
0.01024365016350627 -0.0952565528998426 0
-0.7114311550963762 -0.773809523809351 0
0.09273529127424168 -0.4523809523809683 0
-0.6289651369543385 -0.8927538551975249 0
-0.6286374375512874 -0.9164591956202199 0
-0.6082824734213391 -0.9047101116438838 0
-0.6082230910877193 -0.9284435543848756 0
-0.5876865367745633 -0.9166367221155338 0
-0.5876904894119312 -0.9404498873528286 0
-0.6072931898131484 -0.9520956629920284 0
-0.5869091790475143 -0.963664732276154 0
-0.567193889456781 -0.9518606638691005 0
-0.5684164678378758 -0.9740919796330063 0
0.6700855604639636 -0.2857142857145318 0
0.6288462555218355 -0.3095238095240744 0
0.6082266030507733 -0.2976190476193202 0
0.6288462555218387 -0.2857142857145455 0
0.6082266030507848 -0.2738095238097897 0
-0.2165594957908978 -0.1785714285717512 0
-0.1959398433198135 -0.1904761904765221 0
-0.1753201908487355 -0.1785714285717668 0
-0.175320190848722 -0.2023809523812746 0
-0.1547005383776573 -0.1904761904765395 0
-0.154700538377652 -0.1666666666670045 0
-0.1340808859065838 -0.1785714285717925 0
-0.134080885906575 -0.2023809523812948 0
-0.1134612334355092 -0.1904761904765562 0
-0.1134612334355036 -0.166666666667019 0
-0.09284158096444314 -0.1785714285718182 0
-0.09284158096444618 -0.2023809523813218 0
-0.2165594957908748 -0.2023809523812567 0
0.5257479931664453 -0.8214285714282537 0
0.835042780232379 -0.1190476190478018 0
0.7113248654061207 -0.6190476190478138 0
-0.3608970630889761 -0.7142857142853998 0
-0.7114311550968728 -0.2023809523811599 0
0.3607907733978043 -0.7738095238091854 0
-0.8763883748652193 -0.2500000000002766 0
-0.7939097649810608 -0.3690476190476906 0
0.4020300783399338 -0.6547619047615428 0
0.2164506198353685 -0.8571380612938611 0
0.2164532061003961 -0.8333333333329057 0
0.7525641703481775 -0.5714285714288136 0
0.4226497308110414 -0.7857142857139521 0
-0.03192350386809967 -0.8805836800536025 0
-0.4021363680305784 -0.3809523809526473 0
-0.4227560205018452 -0.3928571428573392 0
-0.5877132402702402 -0.6309523809523123 0
-0.567093587799203 -0.6428571428570545 0
-0.5464739353281736 -0.6309523809522962 0
-0.5464739353281662 -0.6547619047617912 0
-0.525854282857138 -0.6428571428570359 0
-0.5258542828571333 -0.6666666666665285 0
-0.5052346303861066 -0.6547619047617766 0
-0.5464739353281618 -0.6785714285712854 0
-0.5258542828571366 -0.690476190476027 0
-0.5258542828571435 -0.6190476190475387 0
0.5876069505797186 -0.2857142857145689 0
0.5876069505797198 -0.2619047619050469 0
0.3607997653324923 -0.08334890782064787 0
-0.8763863293075606 -0.4166666666667068 0
-0.6701918501544265 -0.535714285714344 0
0.1758419659385252 -0.0476086452913713 0
0.1967118264720535 -0.03797744380998314 0
-0.4433756729729884 -0.9047619047613191 0
-0.4433756729729759 -0.9285714285707884 0
-0.4230985089931303 -0.9398829830077996 0
-0.4437752428793273 -0.9516888770012566 0
-0.4640619204283708 -0.940360844579034 0
-0.4644055191533926 -0.9636724413859841 0
-0.4846149779149755 -0.9523809523802785 0
-0.4846260770790576 -0.9285522042547312 0
-0.5049050167351939 -0.9398988747801515 0
-0.4421280679132378 -0.9770848484231421 0
-0.5051815446382213 -0.9165672433308423 0
-0.5257904996239169 -0.9284586387323908 0
-0.5251338437115777 -0.9557495302605978 0
-0.5464739353280051 -0.9404761904755932 0
-0.505225782761398 -0.8928405723007372 0
-0.5464739353282728 -0.4404761904762957 0
-0.8763883748649361 -0.5595238095237927 0
-0.484614977915074 -0.6428571428570208 0
-0.4846149779150833 -0.6666666666665213 0
0.7113248654060907 -0.2380952380954623 0
-0.8351490699231724 -0.2023809523812602 0
-0.8145294174521358 -0.1904761904764871 0
-0.8145294174521539 -0.1666666666669866 0
-0.7939097649806036 -0.654761904761931 0
-0.6083328927414291 -0.1666666666668049 0
0.3607907733983095 -0.3214285714289059 0
0.01025668139083424 -0.1666666666670377 0
-0.0309826235512274 -0.1190476190479932 0
-0.1548070232143254 -0.9283601948339808 0
-0.1753389277344085 -0.9404395089779602 0
-0.1553601570967573 -0.9518852132774422 0
-0.1761989768436601 -0.9638719090712973 0
-0.1552736364238282 -0.9769396933248669 0
-0.1960591841686918 -0.9522921312763909 0
-0.2784184532047219 -0.9523809523803121 0
-0.6908115026253372 -0.7619047619045869 0
-0.6908115026252998 -0.7857142857140692 0
0.547143154410006 -0.04946568173653129 0
0.07211563880319563 -0.4166666666666813 0
-0.1959429300934218 -0.9047573598960376 0
-0.1134612334365984 -0.5952380952377634 0
-0.1340808859076444 -0.5833333333330032 0
-0.1340808859076082 -0.5595238095235564 0
-0.1547005383786989 -0.571428571428272 0
-0.1547005383786929 -0.5952380952377594 0
-0.1753201908497408 -0.5833333333329882 0
-0.1753201908497368 -0.5595238095234795 0
-0.1959398433207722 -0.5714285714282916 0
-0.1959398433207769 -0.5952380952377625 0
0.484507492572977 -0.1071449280728021 0
-0.6083328927414096 -0.4285714285715717 0
0.2576925110424844 -0.6190476190472665 0
0.2783121635135492 -0.607142857142514 0
0.2576925110424865 -0.5952380952377538 0
0.2783121635135568 -0.5833333333330226 0
0.2576925110425305 -0.5714285714282931 0
0.2989318159846301 -0.5714285714283138 0
0.2370728585714409 -0.5833333333329961 0
0.2370728585715015 -0.5595238095235389 0
0.1752139011584275 -0.4047619047619422 0
-0.3196577581462213 -0.1666666666667866 0
-0.3196577581462441 -0.1904761904763491 0
-0.3402774106173242 -0.2023809523811153 0
-0.3608970630884052 -0.1904761904763346 0
-0.381516715559495 -0.2023809523811102 0
0.4226497308113587 -0.4047619047622419 0
-0.8763862632235307 -0.3214285714287449 0
0.2783121635135165 -0.7499999999996515 0
0.2576925110424509 -0.7380952380948795 0
0.2370728585713796 -0.7499999999996441 0
0.2370728585713897 -0.7261904761901051 0
0.2164532061003159 -0.7380952380948762 0
0.2164532061003405 -0.7142857142853372 0
0.2370728585714086 -0.7023809523805787 0
-0.8145294174517077 -0.5714285714285956 0
-0.7939097649807879 -0.5357142857142247 0
0.8350427802323563 -0.3333333333335725 0
-0.9175817849904377 -0.2023819061685851 0
-0.05160227602346612 -0.6785714285710689 0
-0.07222192849451949 -0.6904761904758241 0
-0.07222192849452405 -0.714285714285342 0
-0.09284158096556969 -0.7023809523805786 0
-0.0928415809655655 -0.6785714285710662 0
-0.1134612334366137 -0.6904761904758192 0
-0.1134612334366157 -0.7142857142853348 0
-0.1340808859076581 -0.7023809523805717 0
-0.1340808859076556 -0.6785714285710632 0
-0.1547005383786971 -0.6904761904758108 0
-0.1547005383786985 -0.7142857142853249 0
-0.175320190849737 -0.7023809523805628 0
-0.1753201908497345 -0.6785714285710545 0
-0.1959398433207721 -0.6904761904758044 0
-0.195939843320772 -0.7142857142853166 0
-0.2165594957918076 -0.7023809523805573 0
-0.2165594957918073 -0.6785714285710466 0
-0.2371791482628403 -0.6904761904758008 0
-0.2371791482628374 -0.7142857142853132 0
-0.2577988007338721 -0.7023809523805543 0
-0.2577988007338743 -0.6785714285710456 0
-0.2784184532049061 -0.6904761904757956 0
-0.2784184532048988 -0.7142857142853081 0
-0.2990381056759493 -0.7023809523805686 0
-0.2990381056759315 -0.7261904761901194 0
-0.3196577581469823 -0.714285714285392 0
-0.2577988007338556 -0.7261904761900834 0
-0.2165594957917952 -0.7261904761900841 0
-0.1753201908497299 -0.7261904761900857 0
-0.1340808859076542 -0.7261904761900937 0
-0.09284158096557281 -0.7261904761900981 0
-0.1134612334366102 -0.666666666666306 0
-0.154700538378694 -0.6666666666662949 0
-0.1959398433207734 -0.6666666666662876 0
-0.2371791482628456 -0.6666666666662839 0
-0.07222192849451431 -0.6666666666663077 0
-0.2784184532049125 -0.6666666666662844 0
-0.05160227602347357 -0.7261904761901078 0
-0.3196577581469835 -0.6904761904758071 0
-0.7320508075674756 -0.6190476190476468 0
-0.9768670495556777 -0.6759078265482747 0
0.6907052129350255 -0.4880952380955122 0
0.6700855604639793 -0.5000000000002754 0
0.6494659079929165 -0.488095238095521 0
0.6494659079929103 -0.4642857142859991 0
0.6288462555218581 -0.4761904761907645 0
0.6288462555218638 -0.5000000000002861 0
0.6082266030508098 -0.4880952380955365 0
0.5463676456376249 -0.4285714285717204 0
0.4638890357534629 -0.2380952380956385 0
0.1339745962160551 -0.7142857142853436 0
0.4845086882244852 -0.4880952380955093 0
0.6288462555214673 -0.6666666666665739 0
0.6288462555217654 -0.642857142857126 0
0.6288462555218503 -0.4523809523812364 0
-0.7320508075677499 -0.4285714285715332 0
0.5051283406953627 -0.8095238095234851 0
-0.1340808859065706 -0.1547619047622369 0
-0.6074763074146416 -0.02297535178045363 0
-0.4227560205017147 -0.2738095238097383 0
0.1339745962163421 -0.4047619047619472 0
0.3401711209270515 -0.4047619047620521 0
0.2576925110424623 -0.7142857142853476 0
-0.4433674617959626 -0.1190723976601724 0
-0.1753201908487254 -0.1547619047622165 0
-0.8970080273361489 -0.4761904761904431 0
0.5876069505797781 -0.1666666666669774 0
0.587606950579786 -0.142857142857471 0
-0.4846129773107077 -0.1428606080053096 0
-0.814533513867292 -0.1190379388000744 0
0.5051283406955749 -0.2142857142860779 0
0.4845086882245475 -0.2023809523813342 0
-0.1959398433206602 -0.928571428570851 0
0.6907052129350797 -0.6071428571430613 0
0.3401711209267314 -0.7619047619044187 0
0.4020300783403972 -0.1785714285719361 0
0.4020300783404246 -0.1547619047624227 0
0.01025668138969155 -0.7142857142853575 0
0.01025668138967635 -0.7857142857139241 0
0.3607907733977894 -0.7023809523805845 0
0.5669872981083096 -0.6309523809523838 0
0.1320812253554841 -0.9765802168267832 0
0.1958331225851219 -0.8452372959296004 0
0.2989318159846123 -0.642857142856784 0
-0.01154935524194772 -0.896025246299472 0
0.4643840131160347 -0.979636909265434 0
0.4405186566833471 -0.9793989187541856 0
0.4529142385768845 -0.9606689410864118 0
-0.536282248739653 -0.02045820011895896 0
-0.511999422407849 -0.02059274374575477 0
-0.5000157767493529 -0.03995620981110791 0
-0.4761931056474846 -0.03953767029821112 0
-0.5228551303391493 -0.03979067879366746 0
-0.5094472277819843 -0.0608953267109588 0
-0.464286152527307 -0.02033604669711277 0
-0.4523814636630306 -0.03941041835328994 0
-0.4404700486550939 -0.02040631576945819 0
-0.429213459784885 -0.04025205528083122 0
-0.567093587799151 -0.7619047619045102 0
0.1770786176497039 -0.977411485464964 0
-0.8557790282815276 -0.9047440544402605 0
0.2783799414904435 -0.1071405199174267 0
0.3814104258687629 -0.5238095238095271 0
0.298931815984971 -0.3571428571429452 0
-0.6289525452124434 -0.440476190476337 0
0.5257479931665749 -0.4404761904764825 0
0.5257479931665753 -0.4166666666669682 0
-0.4639953254440356 -0.7976190476186864 0
-0.5052346303861647 -0.4642857142857862 0
0.09273529127425187 -0.4047619047619401 0
0.4226497308113675 -0.3809523809527027 0
0.44326938328244 -0.273809523809873 0
0.3607907733978065 -0.7499999999996484 0
0.298931815984712 -0.3095238095239942 0
0.7731838228191692 -0.4166666666669717 0
0.7525641703481353 -0.4285714285717385 0
-0.1321832153048086 -0.9396347362450482 0
0.216453206100497 -0.4047619047619284 0
0.09273529127497776 -0.2142857142861072 0
0.1133549437460214 -0.2023809523813695 0
0.4299023587207087 -0.9606863097301171 0
-0.5670935877991962 -0.6666666666665485 0
-0.4846065055469501 -0.9047393683934719 0
-0.5464739353281703 -0.2738095238097603 0
0.4432693832821334 -0.7499999999996401 0
0.4226497308110538 -0.738095238094872 0
0.1958335536293212 -0.5833333333329886 0
0.1752139011582303 -0.5714285714282373 0
0.1958335536293183 -0.5595238095234958 0
0.1752139011583261 -0.5476190476187967 0
0.2164532061003941 -0.5714285714282474 0
0.2164532061004571 -0.5476190476187868 0
-0.4021934494461515 -0.9284725606594848 0
-0.3815262291291431 -0.940459712490282 0
-0.3608282213150616 -0.9284466984091229 0
-0.3592659637689302 -0.9560416216252646 0
-0.3810384256512171 -0.9620411289329152 0
-0.3401955097534404 -0.9165238942812772 0
-0.3196577586984511 -0.880952380150104 0
-0.4035128726086357 -0.9559612084835953 0
-0.3608719393158766 -0.9047173210035648 0
-0.4433756729730631 -0.6666666666665135 0
0.1545942486873826 -0.4642857142857364 0
0.1752139011581799 -0.7142857142853577 0
-0.2165594957916784 -0.5357142857141735 0
0.463796347850128 -0.07155470330472946 0
-0.4021363680309747 -0.785714285713923 0
-0.3815167155599548 -0.7976190476186572 0
-0.4021363680309734 -0.8095238095234054 0
-0.3815167155599594 -0.8214285714281422 0
-0.3608970630889309 -0.7857142857139121 0
-0.3402774106179254 -0.7976190476186515 0
-0.3196577581468959 -0.7857142857139042 0
-0.2990381056998527 -0.7976190475838174 0
-0.2784184533767512 -0.7857142854641351 0
0.3401711209273235 -0.2142857142861661 0
0.3607907733983437 -0.1547619047624688 0
0.9793803475288619 -0.2261904761914069 0
-0.3402774106178445 -0.5357142857142219 0
-0.6083328927413201 -0.5238095238095779 0
0.8556624327034178 -0.2738095238096803 0
-0.5877132402702492 -0.2976190476192909 0
-0.5670935877992336 -0.3095238095240565 0
-0.5464739353281802 -0.607142857142798 0
0.03087633386117525 -0.3690476190476738 0
-0.3196577581462718 -0.285714285714522 0
-0.299038105675201 -0.2976190476192949 0
-0.3196577581462726 -0.3095238095240617 0
-0.2990381056752107 -0.3214285714288351 0
-0.2784184532041348 -0.3095238095240677 0
-0.2784184532041621 -0.333333333333612 0
-0.2577988007330813 -0.3214285714288446 0
-0.2577988007330634 -0.2976190476193044 0
-0.2371791482619995 -0.3095238095240758 0
-0.2371791482620341 -0.333333333333622 0
-0.2165594957909513 -0.3214285714288546 0
-0.2165594957909261 -0.2976190476193116 0
-0.1959398433198685 -0.3095238095240856 0
-0.195939843319895 -0.3333333333336272 0
-0.3402774106173481 -0.2976190476192905 0
-0.3402774106173437 -0.3214285714288306 0
0.4432693832821223 -0.7976190476187222 0
-0.3196577581462953 -0.3333333333336022 0
0.3214285714266874 -0.979380347528886 0
0.3331531306312701 -0.9601613079042771 0
0.3093135730383154 -0.9604608564674721 0
0.3561404229615921 -0.9594233235078532 0
0.3690470976828905 -0.9789685405040338 0
0.3936494128589701 -0.9788468472372673 0
0.29758400820317 -0.9796637077638353 0
0.2856734063960586 -0.960398569339275 0
0.2618979486833522 -0.9590336741046818 0
0.2755531957288006 -0.9383681907569499 0
0.2500536779373217 -0.9390314101190882 0
0.2381030488798131 -0.9589545861543123 0
0.2256156725223804 -0.9391039898644514 0
0.2142857142835665 -0.9587606950577403 0
0.226284953246727 -0.9794697634983511 0
-0.05160227602327748 -0.5357142857141478 0
-0.7320508075675802 -0.4761904761906051 0
-0.7526704600387168 -0.5119047619047457 0
-0.4639953254440597 -0.5357142857142773 0
0.3607907733983423 -0.2500000000003901 0
-0.3209036090938793 -0.02425343208227535 0
-0.2951300853245321 -0.02167488609539051 0
-0.5464633047891934 -0.9166478683596937 0
-0.5671002905932581 -0.928472206155686 0
-0.1548414620210666 -0.02293338296528622 0
0.03087633386074675 -0.7261904761901208 0
0.05149598633180583 -0.7142857142853617 0
-0.6289525452124075 -0.3214285714288375 0
-0.2261904761883259 -0.02061965247111483 0
-0.2492642332044179 -0.0208473047339759 0
0.2164532061011376 -0.2142857142861097 0
0.2370728585721336 -0.2023809523813 0
0.2370728585721686 -0.1785714285718875 0
0.05149598633209923 -0.5476190476189944 0
0.1339745962163048 -0.5238095238094784 0
-0.360897063088425 -0.2857142857145192 0
0.5876069505797354 -0.476190476190766 0
0.5876069505797307 -0.500000000000286 0
-0.2990381056757979 -0.5357142857141882 0
-0.2165598984842616 -0.8452375119067361 0
-0.5052346303861266 -0.5595238095237887 0
0.3401711209267234 -0.7142857142853516 0
-0.402136368030942 -0.5238095238095073 0
-0.6495721976834199 -0.4761904761905973 0
-0.21656866998868 -0.9166509359439754 0
0.5051283406953405 -0.7619047619044017 0
-0.8145294174521208 -0.2619047619050082 0
-0.1547005383778575 -0.4047619047622144 0
-0.4433756729730183 -0.7857142857139385 0
-0.4433756729730112 -0.8095238095234187 0
-0.4227560205019941 -0.7976190476186711 0
-0.4227560205019934 -0.8214285714281516 0
-0.4227560205019923 -0.8452380952376295 0
-0.09284158096555396 -0.6071428571425176 0
0.4226497308108364 -0.5476190476190668 0
0.3195514684562992 -0.1547619047624654 0
-0.7732901125095603 -0.6428571428571636 0
-0.484612916011132 -0.8809477253657032 0
0.09273529127394919 -0.666666666666318 0
0.07211563880295829 -0.5833333333330534 0
0.1958335536296308 -0.3452380952381716 0
-0.1340808859076472 -0.6071428571425146 0
0.5257479931664413 -0.7976190476187108 0
0.3607907733977803 -0.5119047619047621 0
0.3814104258689165 -0.5000000000000681 0
-0.7732901125098671 -0.4999999999999163 0
-0.299038105675203 -0.2261904761906938 0
-0.3608970630884397 -0.3333333333335969 0
-0.5258542828571002 -0.7857142857139723 0
-0.6495721976834072 -0.5000000000000933 0
0.03087633386077948 -0.6071428571425709 0
0.6907052129350185 -0.416666666666954 0
-0.8969984353410321 -0.2619047619050199 0
-0.0516022760231221 -0.4642857142857149 0
0.09273529127424637 -0.4285714285714528 0
0.3195514684562971 -0.2261904761909052 0
-0.1959398433199721 -0.4047619047622038 0
-0.2165594957910324 -0.4166666666669607 0
-0.1959398433199787 -0.4285714285717258 0
-0.2165594957910519 -0.4404761904764564 0
-0.2371791482620922 -0.4285714285717135 0
-0.237179148262188 -0.4523809523811689 0
-0.2577988007331538 -0.4404761904764655 0
-0.1959398433200815 -0.4523809523811726 0
-0.2577988007331435 -0.416666666666954 0
-0.2784184532041996 -0.4285714285717109 0
-0.2784184532042905 -0.4523809523811693 0
-0.29903810567526 -0.4404761904764605 0
-0.299038105675258 -0.4166666666669463 0
-0.3196577581463923 -0.4285714285716612 0
-0.3196577581464763 -0.4523809523811407 0
0.2576925110432408 -0.1666666666671775 0
0.07211563880318436 -0.4642857142857175 0
-0.01036297108137526 -0.7738095238091564 0
0.01025668138966293 -0.8095238095234447 0
0.381410425869363 -0.1428571428577336 0
-0.7732901125096816 -0.5476190476190332 0
-0.07222192849414344 -0.4761904761905368 0
0.2576925110432109 -0.214285714286132 0
0.4020300783403224 -0.3928571428574794 0
-0.113461500508229 -0.7857139266576395 0
0.5669872981087395 -0.2261904761907305 0
0.5463676456376707 -0.2380952380955241 0
-0.01036297108135643 -0.6309523809520426 0
-0.03098262355207034 -0.4523809523809419 0
0.5669872981086822 -0.2738095238098051 0
-0.7114311550968361 -0.1309523809525632 0
0.6494659079929882 -0.1547619047621471 0
-0.3196577581463794 -0.4047619047621454 0
0.6494659079929042 -0.2738095238097722 0
0.05149598633211945 -0.5238095238095054 0
-0.5877132402702244 -0.678571428571304 0
-0.1753201908489193 -0.4166666666669675 0
-0.1959398433198383 -0.2857142857145387 0
0.6082266030508021 -0.2500000000002577 0
0.1339745962161039 -0.6190476190472793 0
-0.7320508075675344 -0.523809523809616 0
-0.5877003864675474 -0.89284351991196 0
0.4020300783398104 -0.6071428571427662 0
-0.1753201908497359 -0.6071428571425088 0
0.2370728585714331 -0.6071428571425086 0
0.5876069505798077 -0.5476190476193113 0
0.09273529127423377 -0.4761904761904812 0
-0.6701918501546813 -0.1071428571429621 0
-0.4639953254440305 -0.8214285714281657 0
0.1752138293175182 -0.8571427239244521 0
0.6700855604639543 -0.4047619047621973 0
0.4432693832818941 -0.6309523809522831 0
0.01025668139003786 -0.4285714285714242 0
0.525747993166652 -0.2023809523812721 0
0.1133549437449788 -0.7738095238091779 0
0.237456632054908 -0.9179159168569271 0
-0.8351490699226527 -0.7976190476189375 0
-0.5052346303861509 -0.4880952380952907 0
0.484508688224592 -0.1785714285717984 0
-0.5258542828570774 -0.8333333333329294 0
-0.3402774106180085 -0.6071428571425923 0
0.05149598633290955 -0.1666666666670584 0
-0.4640068624073915 -0.9166404822359893 0
0.5463676456376261 -0.5000000000002683 0
0.2370728585715351 -0.3452380952381922 0
0.4432693832824001 -0.4642857142859949 0
-0.2577988007338886 -0.607142857142511 0
-0.3196577581469915 -0.6190476190472772 0
0.3607907733977395 -0.5833333333332428 0
0.4020300783403835 -0.3214285714288626 0
-0.6495721976833235 -0.6666666666665892 0
0.0514959863318056 -0.6666666666663211 0
-0.2500000000020829 -0.9793803475289977 0
0.3690476190493718 -0.02061965247100073 0
-0.2371791482620863 -0.4047619047621951 0
-0.2784184532041272 -0.2857142857145273 0
-0.6289525452125009 -0.1071428571429415 0
-0.03098262355240644 -0.6190476190472801 0
0.3928571428588291 -0.02061965247100026 0
0.7525582229981987 -0.09528718176909647 0
0.3607907733983452 -0.2261904761909069 0
-0.2261904761926253 -0.9793803475289997 0
0.8350427802323395 -0.09523809523829069 0
0.07211563880286309 -0.7261904761901247 0
0.2576925110425581 -0.404761904761925 0
0.6907052129350437 -0.5119047619050305 0
0.5051283406954967 -0.54761904761925 0
0.5051197718584146 -0.0952529369001881 0
0.3814104258688921 -0.8333333333330463 0
0.7319445178771412 -0.2976190476192896 0
-0.4227560205020633 -0.7261904761901843 0
0.2990077388341585 -0.09522334845512782 0
-0.03098262355207905 -0.4761904761904572 0
-0.5877132402702765 -0.5357142857143207 0
0.4432693832825397 -0.1547619047623333 0
0.422649730811008 -0.7142857142853394 0
-0.3608970630890462 -0.6428571428567849 0
0.4432539352986793 -0.08335435531311289 0
-0.422756020501636 -0.3214285714288307 0
-0.4846149779148899 -0.2142857142858978 0
-0.5464739353281598 -0.7023809523807798 0
-0.2165594957918162 -0.6071428571425113 0
0.3814104258692653 -0.4523809523812062 0
-0.5122374425677056 -0.9790204108198107 0
0.01025668139002408 -0.4761904761904606 0
-0.5670935877992358 -0.5476190476190617 0
-0.4846149779150802 -0.7380952380949908 0
-0.7526807241549338 -0.1071243668597434 0
0.5876069505796711 -0.8333333333330082 0
-0.07222192849345277 -0.2857142857145921 0
0.7319445178771337 -0.5119047619050197 0
0.2783121635135275 -0.7023809523805877 0
0.5128894085716278 -0.02043542447457274 0
-0.752670460038539 -0.6071428571428849 0
-0.4433756729730399 -0.4523809523810113 0
0.4845086882244769 -0.4166666666669863 0
-0.134080885906781 -0.3452380952384139 0
-0.5464739353282493 -0.4642857142858072 0
0.6082266030507839 -0.3690476190478849 0
-0.6495721976833472 -0.6190476190475948 0
0.6288462555219577 -0.5952380952382803 0
-0.1959398502238182 -0.785714275752279 0
0.01025668138969394 -0.6904761904758373 0
-0.3402774106173701 -0.3452380952383629 0
0.8556624327033435 -0.7023809523807275 0
0.4226497308114112 -0.2619047619051341 0
-0.2371893809810975 -0.9047442458362056 0
-0.5877132402703117 -0.1785714285715904 0
-0.6083328927413739 -0.1904761904763884 0
0.4845086882239938 -0.6547619047617839 0
-0.4846149779150888 -0.5714285714285302 0
0.5876069505797252 -0.3095238095240884 0
-0.4433756729730197 -0.595238095238011 0
0.8144231277613058 -0.6071428571429577 0
0.6700855604639414 -0.3571428571431344 0
0.1958335536293221 -0.654761904761536 0
0.6082266030509047 -0.1309523809526676 0
0.4226497308114097 -0.2380952380956484 0
-0.2990381112956969 -0.8928571346877952 0
-0.7114311550964791 -0.5833333333333558 0
-0.6289525452124826 -0.369047619047822 0
-0.6701918501544595 -0.4642857142858613 0
-0.2784184532040367 -0.1190476190476779 0
0.03087633386074819 -0.7023809523805997 0
-0.8970080273359184 -0.6428571428571974 0
0.2370728585714224 -0.6785714285710567 0
0.03087633386072518 -0.7976190476186918 0
0.6700855604640196 -0.5476190476193002 0
0.4638890357532118 -0.8571428571425883 0
0.2164532061006316 -0.3333333333334338 0
-0.2371791482628517 -0.5952380952377704 0
-0.5670935877992273 -0.0952380952381367 0
0.8144231277612857 -0.3452380952383571 0
-0.8145294174521235 -0.2857142857145074 0
-0.5258542828571837 -0.5000000000000497 0
-0.1547155751147576 -0.8571230006887762 0
-0.6083328927412952 -0.5714285714285749 0
-0.01036297108136332 -0.6071428571425641 0
0.05149598633179053 -0.7857142857139344 0
-0.8557687223937497 -0.6904761904762273 0
0.1545942486870984 -0.7738095238091743 0
0.5463676456376271 -0.3571428571431191 0
-0.3815167155594999 -0.22619047619066 0
0.630074160861415 -0.02396475338924702 0
-0.5670935877993494 -0.3809523809525216 0
-0.2165595751975781 -0.8214284564114027 0
0.01025668139003062 -0.4523809523809427 0
0.05149598633180343 -0.6904761904758414 0
-0.4846149779151476 -0.404761904762009 0
-0.5258542828570409 -0.166666666666805 0
0.4432693832823825 -0.4880952380954985 0
0.5257479931660839 -0.6785714285713146 0
0.05149598633290936 -0.1428571428575472 0
-0.0103629710810235 -0.4642857142856991 0
-0.4639953254440581 -0.5595238095237762 0
-0.4433756729727352 -0.2142857142858885 0
-0.7526704600382776 -0.8690476190472344 0
-0.3608970630888662 -0.4761904761904937 0
-0.4433756729730349 -0.4761904761905152 0
0.67008556046402 -0.9047619047616089 0
-0.7320508075677662 -0.0476190476193098 0
-0.7939097649810218 -0.4404761904761653 0
-0.7939097649805573 -0.7499999999998985 0
-0.4227560205016631 -0.1547619047620063 0
0.5669872981081977 -0.7023809523808004 0
-0.2784184532042011 -0.4047619047621879 0
-0.2990381056751229 -0.05952380952371993 0
-0.1547005383778199 -0.3333333333336506 0
-0.7939097649806199 -0.630952380952408 0
0.5669872981089036 -0.1071428571431525 0
-0.8452380952385258 -0.9793803475289993 0
-0.6075224699001123 -0.04829271077692696 0
-0.6083328927411373 -0.8333333333329584 0
-0.5464739353280843 -0.8452380952376752 0
-0.8351490699230731 -0.4642857142856807 0
-0.2371791482619856 -0.285714285714536 0
0.7511160731766239 -0.02397151289419198 0
-0.6701918501544367 -0.5119047619048485 0
-0.5052346303861982 -0.392857142857254 0
-0.5258542828570378 -0.2142857142859046 0
0.5051283406955379 -0.285714285714613 0
0.7983895977086484 -0.01857351621272986 0
-0.09286444679971614 -0.8452017090776632 0
0.5021392455325806 -0.9558109429147127 0
-0.670191850154475 -0.4404761904763674 0
-0.3402774106173037 -0.1071428571428764 0
0.7113248654061102 -0.1666666666668805 0
-0.5258542828572451 -0.3333333333334961 0
-0.6908250822053914 -0.8571193557685408 0
0.6082266030507836 -0.3928571428574084 0
-0.3815167155594892 -0.1309523809524425 0
-0.6495721976835198 -0.2619047619049606 0
0.9381410425876716 -0.3690476190480665 0
-0.8690476190479821 -0.9793803475289993 0
0.5876069505796591 -0.8095238095234644 0
-0.2990381056751648 -0.178571428571629 0
0.2500081185885456 -0.9794276507697712 0
0.6494659079929427 -0.5119047619050425 0
0.2370728585715255 -0.4166666666666823 0
0.5463676456375375 -0.8809523809521167 0
-0.4021363680309786 -0.8571428571423614 0
-0.5052346303861072 -0.7261904761902575 0
-0.9175998574851242 -0.4880952380951834 0
0.1752139011581625 -0.7857142857139318 0
-0.3402774106173406 -0.2261904761906642 0
-0.6908115026256623 -0.2857142857144937 0
-0.05160227602234092 -0.2261904761907899 0
-0.5670935877992238 -0.1190476190477003 0
0.1958335536292971 -0.9166666666663625 0
0.0721156388027996 -0.9166666666663057 0
-0.6289525452123536 -0.5357142857143317 0
-0.3402774106177502 -0.4642857142858035 0
-0.9173316982403878 -0.70238095238104 0
0.2576925110425816 -0.5238095238094895 0
-0.8557687223939825 -0.5238095238094806 0
0.4218161915805912 -0.9268251421480276 0
-0.6495721976833951 -0.5238095238095897 0
0.1339745962160389 -0.9047619047615654 0
0.6082266030507781 -0.8928571428568675 0
-0.6083328927413068 -0.5476190476190769 0
0.5051283406955261 -0.4047619047622145 0
-0.6701918501544809 -0.3928571428573679 0
0.1958335536293157 -0.6785714285710492 0
-0.6701918501544972 -0.3452380952383542 0
-0.1547005820880234 -0.785714226231522 0
-0.09284158096442752 -0.1547619047622471 0
0.8969017376452882 -0.6309523809524378 0
-0.8763883748648437 -0.630952380952428 0
-0.2371791482619452 -0.119047619047829 0
-0.01036297108139627 -0.821428571428187 0
-0.6701918501543478 -0.6785714285713471 0
0.05149598633174522 -0.8571428571424736 0
0.4432693832824378 -0.2500000000003866 0
-0.2371891422665014 -0.09525540536193991 0
-0.5052346303859669 -0.1785714285715821 0
-0.2165595172848757 -0.7976190165227335 0
0.6082266030507908 -0.5119047619050474 0
-0.1547035044746363 -0.8333293796548702 0
-0.8145294174520714 -0.4047619047619497 0
-0.6495610197198035 -0.09525745603939091 0
0.7113248654060952 -0.5238095238097795 0
0.07211563880286884 -0.6785714285710795 0
-0.1134612334356062 -0.2857142857146054 0
-0.8763859112832666 -0.2976190476192534 0
-0.8969908506604569 -0.2857142857145044 0
0.9793805127240844 -0.8214282853022739 0
-0.5670935877993452 -0.3571428571430293 0
0.09273529127495453 -0.1666666666670601 0
0.8969017376456213 -0.3214285714287733 0
0.9170912044633917 -0.02437292432988371 0
-0.4227560205019971 -0.4642857142857555 0
0.4845086882242952 -0.8690476190473597 0
-0.8763883748647957 -0.7499999999999316 0
0.8969018263092776 -0.7976188940478519 0
0.7319445178771525 -0.6071428571430781 0
0.8762820851745714 -0.2142857142859318 0
0.6292986188529652 -0.9526606653184437 0
0.9380717542862567 -0.08347398569291137 0
0.1133549437450749 -0.6547619047615588 0
0.5257479931665752 -0.2976190476193611 0
-0.5464739353280952 -0.8214285714281987 0
-0.4639953254438177 -0.2023809523811199 0
0.793803475290217 -0.30952380952408 0
-0.4021363680309529 -0.547619047619009 0
0.1339745962160341 -0.785714285713931 0
-0.4433756729730237 -0.5714285714285174 0
-0.8145294174520467 -0.4523809523809238 0
-0.07131261469860063 -0.9588049269515266 0
0.09273529127394484 -0.6428571428568016 0
-0.6289525452121609 -0.8214285714282288 0
0.8556624327033041 -0.5357142857145812 0
-0.05160227602231351 -0.1785714285717611 0
-0.11346123343546 -0.09523809523838017 0
0.5463676456375461 -0.9047619047616717 0
0.3814104258693478 -0.3095238095241376 0
-0.8557687223942155 -0.1904761904765288 0
0.7525641703481656 -0.4523809523812523 0
-0.5052346303859662 -0.2023809523811291 0
0.7525641703481752 -0.2857142857145326 0
-0.6908147031166407 -0.8333277966802559 0
0.4020300783399716 -0.8452380952378219 0
0.5463676456376292 -0.4047619047621796 0
0.8144231277613516 -0.1785714285716298 0
-0.6289525452122513 -0.7261904761903002 0
0.03228663578140982 -0.915269077049325 0
0.5463676456376277 -0.2857142857145875 0
-0.5465166033805877 -0.1072571610212099 0
-0.1959415552557029 -0.09524106039832905 0
0.752553107920803 -0.92835101310794 0
-0.5258542828572002 -0.4761904761905474 0
-0.5052346303861115 -0.7023809523807663 0
0.09273529127497451 -0.1904761904766026 0
0.8144231277613224 -0.6309523809524101 0
-0.4021363680309771 -0.8333333333328852 0
-0.8763870045796859 -0.8452380952379941 0
0.7938034752902509 -0.4285714285717324 0
-0.7732901125095119 -0.7380952380951464 0
0.4638890357534793 -0.2142857142861328 0
-0.1547013188881596 -0.8095227613233258 0
-0.8970020091236132 -0.3333333333334458 0
0.5876069505797509 -0.5238095238098012 0
0.3401711209273167 -0.1428571428577294 0
-0.8557687223936954 -0.8095238095237074 0
0.09274593201926792 -0.09525784044103509 0
0.7916496007937104 -0.9495144883238901 0
0.8556625956226789 -0.8690473368616101 0
-0.4846149779151551 -0.3809523809525144 0
-0.3815167155599855 -0.583333333333247 0
-0.7939097649810407 -0.392857142857183 0
-0.7114311550964552 -0.6071428571428727 0
0.7113248654061093 -0.2142857142859248 0
-0.6495721976831759 -0.8333333333329775 0
0.6907052129351023 -0.9166666666663686 0
-0.5464739353281072 -0.7976190476187227 0
-0.8557687223942333 -0.142857142857531 0
-0.5052346303861103 -0.6785714285712731 0
0.46388903575345 -0.3333333333336078 0
-0.2371791528525721 -0.7857142790673541 0
-0.3608970630884148 -0.2142857142858863 0
-0.897008027335915 -0.6190476190476687 0
0.8762820851744755 -0.1666666666668485 0
0.5669872981087141 -0.2500000000002576 0
0.7938034752903153 -0.6428571428571945 0
0.402030078340355 -0.345238095238408 0
0.8762820852095677 -0.7380952380338526 0
-0.4227560205019989 -0.4404761904762767 0
0.1339745962169886 -0.1904761904765519 0
-0.8760786229261158 -0.08385777122408519 0
0.7113475097872947 -0.09527826968141964 0
0.5876069505797009 -0.9047619047616506 0
0.01025668138964592 -0.8333333333329485 0
-0.6495721976832678 -0.7380952380950503 0
0.1545942486871743 -0.6071428571425166 0
0.7938034752902972 -0.1904761904763898 0
-0.9177557885552319 -0.8924366022009186 0
-0.6701918501543864 -0.607142857142852 0
0.1339615941740362 -0.9283524893127173 0
-0.1547005846461085 -0.09523817537779714 0
-0.4639953254440672 -0.6785714285712628 0
-0.4227560205019883 -0.5595238095237614 0
0.8762820851743306 -0.4761904761909386 0
-0.5670935877991298 -0.7857142857139925 0
0.5669872981086792 -0.5119047619050328 0
-0.8970080273362242 -0.3571428571429112 0
-0.1551816734535709 -0.04814458746059212 0
-0.2165594957918222 -0.5833333333330449 0
0.8969017376452816 -0.6071428571429907 0
0.1339745962161212 -0.6428571428567929 0
0.2164532061003624 -0.6904761904758119 0
0.402030078339974 -0.8690476190473753 0
-0.4846149779148948 -0.1904761904763519 0
-0.03571404437866025 -0.9793796756059332 0
0.6700855604640013 -0.5238095238097903 0
0.1958335536294643 -0.4404761904762132 0
0.6700855604640131 -0.2142857142859145 0
0.81442312776128 -0.3214285714288138 0
-0.5468673324316853 -0.08415031112729233 0
0.1339745962170268 -0.2142857142861224 0
-0.360897063088955 -0.8333333333328805 0
-0.5877132402701567 -0.7738095238092602 0
0.4845086882242966 -0.8928571428569141 0
-0.1340808936179206 -0.08333334669017234 0
-0.09284680877371417 -0.8214206022466761 0
0.9175213901164785 -0.3095238095240139 0
-0.8763883748651594 -0.3690476190477163 0
-0.6701918501542633 -0.7738095238093041 0
0.5463676456376301 -0.3809523809526514 0
0.8762704933478205 -0.9048026152558699 0
-0.8145294174520985 -0.3571428571429753 0
0.7113248654061111 -0.1904761904763969 0
-0.3196577581462676 -0.2142857142859056 0
-0.5670935877992765 -0.4761904761905674 0
-0.9175629590298058 -0.6309257237966299 0
-0.2990381056752381 -0.3452380952383701 0
-0.8351490699231879 -0.178571428571769 0
0.3814104258689118 -0.880952380952124 0
-0.6701923835694383 -0.8214276486527967 0
-0.5877132402703231 -0.4642857142858243 0
-0.07222192849336644 -0.1904761904765116 0
0.7319445178771484 -0.5833333333335633 0
-0.608332892741185 -0.7619047619045254 0
-0.3608970630889439 -0.8095238095233965 0
0.7522389294441925 -0.9507850843496291 0
0.1752139011590433 -0.2142857142860622 0
0.4638637118832406 -0.9047180425322592 0
-0.6083328927413791 -0.4523809523810786 0
0.6288462555219037 -0.5238095238098077 0
0.566987298108628 -0.9166666666664356 0
0.1133549437449694 -0.821428571428209 0
-0.2577988007331112 -0.3452380952383794 0
-0.09284272742654337 -0.7976173494918243 0
0.03087633386070255 -0.8214285714282007 0
-0.07222192849338223 -0.2142857142860347 0
0.8556624327033795 -0.4404761904766017 0
-0.6495721976834454 -0.4523809523811078 0
0.1958335536294628 -0.4166666666666972 0
-0.6083328927412048 -0.7380952380950391 0
0.1958335536292834 -0.7023809523805792 0
-0.6908115026253774 -0.6666666666666218 0
-0.8763867761988778 -0.8214285714284764 0
-0.6701918501543558 -0.6547619047618649 0
-0.2165594957909841 -0.3452380952383884 0
-0.3196577581509055 -0.809523809517587 0
0.6909602480146765 -0.9405554761291788 0
-0.8145294174521074 -0.3333333333334848 0
-0.7114311550964142 -0.6785714285713818 0
-0.7114311550964016 -0.7023809523808711 0
0.4637825610259599 -0.927010548918823 0
-0.6701918501543704 -0.6309523809523605 0
-0.1753201908488763 -0.3452380952384153 0
0.05149598633175576 -0.8333333333329647 0
0.8556624327358119 -0.7261904761339494 0
-0.484614644480862 -0.16666724419148 0
-0.8969785682844367 -0.809523809523736 0
0.1335658531049727 -0.9508768444682408 0
-0.8351490699231842 -0.154761904762264 0
-0.7939097649810786 -0.3214285714287147 0
-0.4433756729728873 -0.2857142857144837 0
0.7938034752902943 -0.2142857142859074 0
-0.5877132402703902 -0.226190476190607 0
-0.4639951371066454 -0.1547622309715838 0
0.1133549437449645 -0.8452380952377254 0
0.5669872981086412 -0.9404761904759962 0
0.1545942486871732 -0.702380952380562 0
-0.7320508075674306 -0.7142857142856371 0
-0.1753201908488302 -0.2976190476193382 0
0.7319445178771093 -0.4404761904764984 0
-0.7320508075678267 -0.3571428571430419 0
-0.0476190476217932 -0.9587606950579703 0
-0.9172893740811503 -0.8214285714285149 0
0.0721156388028089 -0.8452380952377305 0
-0.4433739385440331 -0.1428619063820558 0
-0.1753201908488489 -0.3214285714288733 0
0.5669872981088659 -0.1309523809526423 0
0.8350427802322821 -0.5238095238098209 0
0.7938034392517475 -0.8333334659324525 0
-0.6495721976834683 -0.4285714285716089 0
-0.154700538377764 -0.2857142857145913 0
0.8144231277839866 -0.7023809523414984 0
0.09273529127388164 -0.8571428571424932 0
-0.7526704600384667 -0.7023809523809043 0
-0.7939097649810974 -0.2976190476192236 0
0.8144231277613396 -0.2261904761906731 0
-0.937977765047474 -0.6194978159378099 0
-0.6908122855219482 -0.8095224554378133 0
-0.8970080273360385 -0.5476190476190071 0
-0.5877132402703213 -0.3214285714288153 0
0.73194451787709 -0.4166666666669812 0
0.7938034752902273 -0.523809523809785 0
0.1958199169798835 -0.1309760003240683 0
0.5463676456378235 -0.1428571428574033 0
0.8144231277663172 -0.6785714285627128 0
-0.773290112509515 -0.7142857142856678 0
-0.2784184623197151 -0.833333320088344 0
-0.4227481822062034 -0.1309712373494753 0
0.319551468455688 -0.5595238095236629 0
-0.6495721976834782 -0.4047619047621057 0
-0.7732901125097663 -0.5238095238094785 0
0.8350427803058147 -0.7142857141581811 0
0.6907052129349687 -0.3452380952383572 0
0.1339745962160371 -0.8095238095234338 0
0.1752108293611021 -0.1428624633678387 0
-0.7114312308620736 -0.7976189166329347 0
-0.4021288204887573 -0.1190640852821468 0
0.1545942486870903 -0.7976190476186695 0
0.7113248654060382 -0.4047619047622247 0
0.8556624327033926 -0.3928571428574222 0
0.1752139011581769 -0.8095238095234321 0
-0.3402774106179645 -0.7261904761901457 0
0.2164522922599299 -0.1666682494865416 0
-0.8145294174521319 -0.1428571428574909 0
-0.3815123229238883 -0.1071514906023253 0
-0.7939097649811144 -0.2738095238097449 0
0.7938034752902339 -0.5000000000002781 0
0.1545862878144404 -0.1071566457811843 0
0.6907052129349867 -0.3928571428574644 0
-0.7320510146701924 -0.8095234516222881 0
-0.09284158096444443 -0.2261904761908108 0
-0.6495721976834876 -0.3809523809526038 0
0.7525641703481238 -0.3571428571431515 0
-0.3608880202620559 -0.09525475769400882 0
-0.1134612334355014 -0.2142857142860482 0
-0.7526705229358164 -0.7976189389300463 0
-0.2990381056751919 -0.2023809523811663 0
0.2989318159851844 -0.2857142857145555 0
-0.5052346303860753 -0.2738095238097346 0
0.1339725111506393 -0.1190512304891541 0
0.1958334817885647 -0.8214284382101669 0
-0.7939097649805472 -0.7261904761904192 0
-0.7526704600390138 -0.2261904761906937 0
0.2783121635141456 -0.2738095238098049 0
0.6907052129349678 -0.3690476190479133 0
0.4638890357534408 -0.3571428571431439 0
0.8762820851744888 -0.380952380952634 0
0.2370719229728678 -0.1547635252680117 0
-0.08329726930327888 -0.979417370559566 0
-0.1340808859065762 -0.2261904761907923 0
0.7731838228191763 -0.2976190476193425 0
-0.6495721976834918 -0.3571428571431036 0
0.2164531941268812 -0.8095237873204386 0
0.2576925110427443 -0.2857142857145059 0
-0.8145294174519007 -0.5238095238094322 0
-0.1547005383776442 -0.2142857142860308 0
-0.3608184007444436 -0.07156635734072844 0
0.9587606950583423 -0.4285714285723883 0
-0.7939108496293852 -0.1547598481013253 0
0.2370723979438698 -0.8214267953490646 0
0.1134321214805862 -0.08347335124526846 0
-0.1753201908487141 -0.2261904761907745 0
-0.3593245450526246 -0.04411978555354282 0
-0.8145294174516017 -0.7142857142856889 0
-0.7732901125100713 -0.261904761904967 0
0.7525641703481551 -0.3095238095240638 0
0.8350427802323732 -0.2380952380954187 0
0.7525641703481588 -0.3333333333336073 0
-0.1959398433197908 -0.214285714286013 0
0.731944517939032 -0.7976190475107316 0
0.2783126463004786 -0.8214266730643642 0
0.2576924692397528 -0.8095224566164401 0
0.2989318159846293 -0.8095238095234303 0
-0.7732906204826768 -0.1666657078695236 0
-0.2165594957908626 -0.2261904761907557 0
-0.7320508075679717 -0.2380952380954097 0
-0.8351490699226578 -0.7261904761904363 0
-0.2371791482619495 -0.2142857142860051 0
-0.2577988007330421 -0.2261904761907392 0
0.8556624327034422 -0.2500000000001623 0
-0.2784184532040735 -0.1666666666669328 0
-0.2784184532041198 -0.2142857142859618 0
-0.62895254521246 -0.3452380952383501 0
-0.7732901125100572 -0.238095238095464 0
-0.4639953254440545 -0.3690476190478026 0
-0.567093587799306 -0.3333333333335472 0
-0.8557687223937145 -0.7142857142857043 0
-0.7732901125092398 -0.8809523809520734 0
-0.4433756729729688 -0.3809523809525712 0
-0.2784184532040638 -0.1428571428573403 0
-0.7939076567333956 -0.8690512710845009 0
0.3195514684556866 -0.5833333333331049 0
-0.608332892741398 -0.3333333333335776 0
-0.4227560205019052 -0.4166666666668 0
0.8762820851743932 -0.2380952380954068 0
0.7938034752902452 -0.2857142857145083 0
0.7938034752902736 -0.261904761904969 0
0.8144231277613154 -0.2500000000001986 0
-0.7526708718990125 -0.1547611289419953 0
-0.1071090233912088 -0.9794225691091866 0
-0.8763883748647829 -0.7261904761904778 0
0.8556624327033423 -0.4642857142861232 0
0.6494659079927037 -0.7738095238090994 0
-0.402136368030772 -0.4047619047620986 0
0.3401711209269354 -0.4761904761906042 0
0.3195514684557579 -0.4880952380953053 0
-0.6495721976836811 -0.1666666666667959 0
0.9587687539652726 -0.8571288987054571 0
-0.8145221606024864 -0.904774474892943 0
0.3814104258692274 -0.4761904761906274 0
0.6082266030503929 -0.7261904761902002 0
-0.7526737723035223 -0.130946298431268 0
0.3195515508910511 -0.821428397381692 0
-0.3608970630885155 -0.4047619047620618 0
0.6907052129350566 -0.678571428571255 0
-0.4227560205021584 -0.7023809523807423 0
-0.2577988007337373 -0.53571428571417 0
-0.2165594957917642 -0.5595238095235999 0
0.4020300783399217 -0.5119047619048709 0
-0.3196577581468791 -0.5476190476189162 0
-0.2371791482627619 -0.5476190476188777 0
-0.6289525452125755 -0.1785714285715511 0
-0.2990381056758903 -0.559523809523612 0
-0.3402774106175375 -0.4166666666668429 0
0.4226497308108634 -0.5238095238096293 0
-0.8969998056256774 -0.7380952380952264 0
0.3195518112397766 -0.8452374140102199 0
0.6700855604638511 -0.6904761904757361 0
-0.7114311550969137 -0.2261904761906458 0
-0.4846149779150539 -0.2857142857144606 0
0.3401711209267448 -0.5952380952378798 0
0.3607907733977886 -0.6071428571426384 0
0.8762820851743964 -0.4285714285718266 0
0.3195514684556999 -0.8690476190472336 0
-0.463995325443916 -0.273809523809713 0
0.3814104258688245 -0.6190476190473946 0
0.278312163513613 -0.5595238095236243 0
-0.5464739353282601 -0.3214285714288042 0
-0.9172727759840701 -0.7261904761905013 0
-0.732053807857927 -0.1190422249722755 0
0.2576925110426105 -0.5476190476188747 0
0.4020300783398694 -0.630952380952151 0
-0.319657758146636 -0.4761904761905651 0
-0.1547005383786724 -0.5476190476188502 0
0.6494659079929088 -0.654761904761931 0
-0.1340808859074723 -0.5357142857141342 0
0.422649730810919 -0.6428571428569053 0
-0.1134612334364775 -0.5476190476188385 0
0.3401753809529058 -0.8809450358587305 0
-0.09284158096535661 -0.5357142857141211 0
-0.3608970630889942 -0.6190476190473891 0
-0.3608970630890005 -0.5952380952379357 0
-0.3815167155600174 -0.6309523809521462 0
-0.07222192849443607 -0.5476190476188663 0
-0.4021363680310474 -0.6428571428569386 0
-0.2990381056754804 -0.4642857142858873 0
0.2989318159846797 -0.5476190476188907 0
-0.05160227602338059 -0.5595238095235718 0
0.4432693832819695 -0.6547619047616644 0
0.4432693832820084 -0.5357142857144114 0
0.2370728585715676 -0.5357142857141323 0
-0.4021363680310396 -0.666666666666386 0
-0.0103629710810335 -0.5357142857141316 0
0.1545942486876747 -0.3452380952381877 0
0.3607963392692686 -0.892847524618974 0
-0.4227560205021191 -0.6785714285712534 0
-0.5464739353282306 -0.2976190476192881 0
0.463889035753046 -0.5714285714286341 0
0.4845086882241605 -0.5833333333333776 0
0.1133549437454972 -0.3452380952382454 0
0.5051283406953684 -0.5714285714287063 0
0.5463676456375193 -0.5952380952381773 0
-0.2577988007333669 -0.4642857142859115 0
0.6288462555218732 -0.6190476190476957 0
-0.6908115026258577 -0.2142857142858607 0
0.4638890357530266 -0.6666666666664167 0
-0.7114325156317476 -0.1071404430876632 0
0.01025668138969596 -0.5952380952378753 0
0.5257479931662581 -0.6071428571428764 0
0.07211563880340688 -0.345238095238233 0
-0.5258542828571549 -0.2857142857144975 0
0.09273529127419719 -0.5476190476189011 0
0.03087633386126364 -0.3452380952382443 0
-0.2165594957912661 -0.4642857142859103 0
0.21645320610056 -0.5238095238093812 0
-0.6908196636935094 -0.09525092269258963 0
0.5876069505793972 -0.6428571428570884 0
0.1958335536294472 -0.5357142857140988 0
-0.6701918501548031 -0.2023809523811047 0
-0.1753201908491601 -0.4642857142859164 0
-0.360897063088967 -0.5714285714284559 0
0.5669872981085309 -0.607142857142953 0
-0.340277410617951 -0.5595238095236724 0
0.4845086882240884 -0.6785714285711684 0
0.7938034752923546 -0.666666666663137 0
-0.6701879807601974 -0.08337150507548743 0
0.3195514684560797 -0.3690476190478051 0
0.361142167477866 -0.9160974097043928 0
-0.6701918501547546 -0.1785714285715836 0
-0.2784184532048143 -0.5476190476188992 0
-0.1340808859069522 -0.4642857142858756 0
-0.154780822480833 -0.07151632581541002 0
0.1752139011583903 -0.5238095238093825 0
-0.670191850154673 -0.05952380952407299 0
-0.3815167155597616 -0.4166666666668342 0
-0.07222192849368733 -0.3809523809525724 0
0.587606950579439 -0.7380952380949272 0
0.7319445178777457 -0.678571428570526 0
0.7731838228228006 -0.6785714285653472 0
0.8762822999468273 -0.8095234375260044 0
-0.1959398433206882 -0.5476190476188607 0
-0.1753201908495871 -0.5357142857141419 0
0.505128340695142 -0.6904761904759323 0
0.5257479931661955 -0.7023809523806972 0
0.7525641703529411 -0.6904761904678837 0
-0.03098262355224466 -0.5476190476188493 0
0.03087633386090071 -0.5833333333331245 0
0.07211563880306891 -0.5595238095236195 0
0.1133549437451448 -0.5595238095235988 0
0.05149598633199311 -0.5714285714283784 0
0.133974596216208 -0.5476190476188609 0
0.5463676456372542 -0.7142857142854504 0
-0.608332892741607 -0.2142857142857859 0
0.9587608175556286 -0.80952359735206 0
-0.2784184532044941 -0.4761904761906042 0
0.1545942486872759 -0.5357142857140933 0
-0.2371791482623885 -0.4761904761906087 0
0.5669872981083355 -0.7261904761902068 0
0.9587606950584756 -0.357142857143506 0
-0.1959398433202886 -0.4761904761906096 0
0.9793803475291156 -0.7738095238095106 0
0.814423131334326 -0.7738095176200771 0
-0.1547005383781682 -0.4761904761906042 0
0.9587606950581274 -0.7619047619045156 0
0.3607907733979583 -0.4880952380953303 0
-0.113461233436133 -0.4761904761906481 0
0.9793803475292512 -0.7261904761908315 0
0.9793803475292289 -0.7023809523814706 0
0.6288462555214844 -0.7380952380948362 0
0.9587606950581483 -0.6904761904763272 0
0.6288462555215186 -0.76190476190437 0
0.6700855604645795 -0.7619047619027413 0
0.9793803475290815 -0.6547619047625773 0
-0.05160227602284995 -0.3928571428572628 0
0.9587606950581558 -0.6428571428575636 0
0.6907052129378972 -0.7738095238035217 0
0.2370728585720053 -0.2738095238096702 0
0.979380347529081 -0.6071428571438197 0
0.7113248654187303 -0.8095238095011861 0
0.1339745962167247 -0.3333333333335169 0
0.09273529127462565 -0.3333333333335174 0
0.05149598633252732 -0.3333333333335085 0
0.9587606950579853 -0.5952380952386519 0
0.01025668139057523 -0.3333333333333879 0
0.3401711209270621 -0.380952380952517 0
0.6907052129367178 -0.7976190476155796 0
0.7731837769311205 -0.8452382565942784 0
-0.09284158096507485 -0.464285714285963 0
-0.0928415809650379 -0.4404761904764709 0
-0.09284158096503824 -0.4166666666669792 0
-0.09284158096500125 -0.3928571428574602 0
0.2164532061009696 -0.285714285714376 0
-0.03098262355180133 -0.3809523809524805 0
0.7525641705567541 -0.809523809161413 0
0.7525641628945814 -0.8333333598886339 0
0.6082266030506374 -0.6309523809523992 0
0.8144231075823509 -0.8452382120643203 0
0.1958335536299795 -0.2976190476190859 0
0.1958335536298877 -0.3214285714286947 0
0.7113248654073013 -0.6904761904738708 0
0.1752139011587653 -0.3333333333334645 0
0.8144214130392451 -0.8690536204100152 0
0.8350324416061126 -0.8809884785174052 0
0.9793803475290845 -0.130952380953323 0
0.9793803475294023 -0.5595238095253174 0
0.958760695057993 -0.1428571428579614 0
-0.03098262355163806 -0.3571428571430194 0
0.9175213901162225 -0.1428571428576035 0
0.9175213901159409 -0.1666666666671771 0
0.979380347529335 -0.5357142857158791 0
-0.01036297108053635 -0.3452380952381785 0
0.8556402457669439 -0.8929348864726722 0
0.8969965995024559 -0.8928222629428233 0
0.9567413406941145 -0.04404229749324624 0
0.8970919854120438 -0.916669720434111 0
0.9381410425873012 -0.5119047619056765 0
0.9583560333490266 -0.07099934332002292 0
0.9793803475293061 -0.4166666666680527 0
0.9586817033899018 -0.09518999928001373 0
0.9793671822510485 -0.1071348411502381 0
0.9587606950581453 -0.476190476191981 0
0.938141042587232 -0.4642857142867452 0
0.8969017376449298 -0.1785714285716357 0
0.8969017376448571 -0.2023809523811519 0
0.9793803475292064 -0.3452380952388084 0
0.8969017376449129 -0.2261904761906994 0
0.9175213901158654 -0.2380952380955639 0
0.9175213901159751 -0.2619047619049417 0
0.9381410425869958 -0.2738095238098405 0
0.9793803475294212 -0.3928571428585269 0
0.9381410425873271 -0.2976190476195017 0
0.9587606950582805 -0.5238095238107212 0
0.9587606950583281 -0.3095238095243935 0
0.9793803475292417 -0.3214285714293622 0
0.9587606950584592 -0.3809523809533823 0
-0.6316678456488978 -0.9800635151286944 0
-0.1189811080209896 -0.9587990952188228 0
0.1957428421393523 -0.06052478275951553 0
-0.63048007670595 -0.9419857485609647 0
-0.5065624301574156 -0.08458260531610891 0
0.5829415531886859 -0.01749756844353391 0
-0.1145861547719547 -0.9031899879216497 0
0.2787483800861828 -0.9155384186663214 0
0.9594322844633887 -0.9534619697831495 0
0.9614421157371331 -0.9787874004445837 0
-0.7116088779072849 -0.915782487434565 0
0.9385741465700191 -0.9165099597987505 0
-0.4642857142842381 -0.06060390674170651 0
-0.9169550442263806 -0.0606888485256344 0
-0.9641742937616345 -0.980531115497208 0
0.9644936158096449 -0.01982106738430039 0
0.3205758824471234 -0.939946460550662 0
-0.6508062354299347 -0.9262512371802809 0
0.2260142561840094 -0.01845586454647579 0
-0.9833788221949433 -0.94008393427151 0
-0.9559958764491635 -0.9173488486921875 0
-0.9364714428785048 -0.8809523809523293 0
-0.9593140133545719 -0.854669370312664 0
-0.9630757434629246 -0.8328386359670038 0
-0.980114376479261 -0.4619236583512607 0
-0.9836723417514961 -0.4400037792886372 0
-0.9835255359614475 -0.3928571428563412 0
-0.9545765856062971 -0.4888888888885148 0
-0.9545745640674831 -0.3690476190474781 0
-0.9835255359614528 -0.3452380952374247 0
-0.9545763146645388 -0.41666666666646 0
-0.9545685984094302 -0.3222222222221225 0
-0.9801127534950951 -0.2952569916850252 0
-0.9344532108467386 -0.8095238095237123 0
-0.9801202491293435 -0.6047808012085587 0
-0.9836720171546789 -0.2733371126223895 0
-0.9545935376379924 -0.2500000000001212 0
-0.9835255359614655 -0.2261904761901308 0
-0.9369912278389931 -0.7877951445126965 0
-0.9831022918662258 -0.5119047619036624 0
-0.9598188452698306 -0.7598895157704975 0
-0.9836735162814785 -0.5828609221458217 0
-0.9550412476351484 -0.6316075812168762 0
-0.9552907942884719 -0.2023831956888898 0
-0.9631865758982251 -0.7376921888679397 0
-0.9339719667676732 -0.714285714285591 0
-0.9618188078526523 -0.6911728333215924 0
-0.9834809920433809 -0.6540326830367299 0
-0.9545765856062179 -0.5603174603171536 0
-0.9803460496861489 -0.5333522297798311 0
-0.9835255359614854 -0.1785714285712144 0
-0.9546002584780532 -0.1556692111924172 0
-0.9801192085677104 -0.1285904320366272 0
-0.9836733081692398 -0.1066704673596911 0
-0.9558396905720292 -0.08388944734793866 0
0.442357723963005 -0.9388971502161211 0
0.5117438249723776 -0.9800075644279129 0
0.8692236876792498 -0.01991468735719594 0
0.2360577115335839 -0.08509161958214281 0
0.4761904761890215 -0.9608604406524981 0
0.2573879850548525 -0.07217888736371444 0
-0.6910181053453465 -0.9262708389614924 0
0.05900591809136044 -0.9800759631006104 0
0.05907702463088058 -0.01994421155861085 0
-0.3692207808610692 -0.0200715047943306 0
-0.3685071107125251 -0.9800287299531393 0
0.2155843311550059 -0.05065749256249012 0
0.677978395147004 -0.01981166032258021 0
-0.4228872412045613 -0.06138929206364779 0
0.7033279876151844 -0.01980059261026822 0
-0.875759544321227 -0.06162074889017818 0
-0.3933396983303395 -0.9799104800461198 0
-0.3940229389879902 -0.01990777788719919 0
0.08446096050003879 -0.01974853393732748 0
0.08444042950798007 -0.9802518792576234 0
-0.5487983075840706 -0.9635268816677084 0
0.3622227996976834 -0.9379958481665845 0
0.03014996127200626 -0.936584987000309 0
0.857279940756718 -0.961282488151928 0
-0.5442899050058729 -0.04173610164239776 0
0.6904056232220379 -0.961481283180614 0
-0.833688054474741 -0.9614874804150112 0
0.8439015643554184 -0.01964507266241581 0
0.5290995517204705 -0.0371430464779698 0
-0.2150280728432266 -0.9613472603252207 0
-0.215019374491681 -0.03864626577959605 0
-0.09414274258643457 -0.03804811288436352 0
0.5376074749472145 -0.9805212785541479 0
0.4037115235762919 -0.0389039436264794 0
-0.7131587467064803 -0.03892711096976582 0
-0.6684177244775396 -0.03878716152660172 0
-0.8342959424328769 -0.0388752389489699 0
0.3590002721652658 -0.03881552482145759 0
-0.6709874612330953 -0.9144395158447894 0
-0.04945352933438594 -0.03869513877419187 0
-0.2596389916309207 -0.03873159333868214 0
-0.2600205891111046 -0.9609545290874817 0
0.5695365988268176 -0.9609404923415185 0
-0.8787877746073041 -0.9609487140284343 0
0.2028026969231634 -0.01757810769154946 0
0.8075449474753562 -0.03771224906599886 0
0.807789397934416 -0.9625734549526636 0
-0.5278101885494545 -0.07481629946260054 0
-0.7055070424389087 -0.9826089394146662 0
0.5595238095250324 -0.01665286713904995 0
-0.5026421734733963 -0.9608674925678813 0
0.193753337922445 -0.9613578496356647 0
0.1156482732397381 -0.9606868350914137 0
0.1161145733610505 -0.03916369166154189 0
-0.4258362718125236 -0.9607996528889585 0
-0.9557475057282488 -0.9625355082582291 0
-0.003606909757359403 -0.9196038404335187 0
0.4077607231316351 -0.9601599982064852 0
0.7344332123506949 -0.9603331406684901 0
0.7344116101533281 -0.03942193017802809 0
0.6465790770601765 -0.03935237445336782 0
-0.3369522135111745 -0.9605444352753936 0
-0.3372801721921965 -0.03964877497913915 0
0.6547619047609458 -0.9837343179821624 0
0.02749135648573433 -0.039528718573509 0
0.2741317379655613 -0.01608274531368687 0
-0.5833333333321757 -0.01614158605998033 0
0.900254354534437 -0.03965080146838693 0
-0.7976190476196084 -0.9839343612389008 0
0.4809902843122254 -0.03963556440821071 0
-0.17807656937879 -0.9838034653142906 0
-0.1785714285691473 -0.01602100352695453 0
0.4413167509269519 -0.01653146111984222 0
-0.7499999999993052 -0.01597285486866162 0
-0.1373169280014093 -0.03942213351665549 0
-0.9837841800424674 -0.06053286740275172 0
-0.01168961653780906 -0.01615457860265313 0
-0.2978087601926104 -0.9838370185523353 0
0.607142857141766 -0.9841105410541673 0
-0.9166666666668971 -0.9841140544793364 0
-0.4642855076359398 -0.9839912745464573 0
0.1547619047642523 -0.01587340939331113 0
0.9343036719463487 -0.03973241951437308 0
-0.6253245000588346 -0.039617025059669 0
-0.3031888355965888 -0.03970431913458809 0
0.6106939771179305 -0.03998790295994445 0
0.7706940744382837 -0.04002665640842691 0
0.7706940744383787 -0.9599733435913693 0
-0.03359348770707216 -0.9009155627090282 0
0.1529209535538776 -0.9612072137092951 0
0.8943829732223399 -0.9836740770242316 0
-0.7967610891929914 -0.01554076576830909 0
-0.5858438294564537 -0.9830265927101236 0
0.2136368309249838 -0.9236933236741716 0
-0.1379133764959017 -0.9615591949022662 0
-0.7500000000006961 -0.9851122971972652 0
0.9404761904760247 -0.9852690372336673 0
0.2604622918571602 -0.9229977564372065 0
0.3210856061708914 -0.015110737173232 0
-0.07619617682918854 -0.8997487074491799 0
-0.6240911283253255 -0.9622941782529136 0
0.9825702188673509 -0.017429781132693 0
-0.9825702188673741 -0.9825702188673402 0
-0.9825702188673411 -0.01742978113262827 0
0.9825702188673386 -0.98257021886733 0
-0.1165063999398027 -0.9222538417884164 0
-0.9622326868773081 -0.8996968042903011 0
-0.9554421990892877 -0.6734890265966503 0
0.4648300428626114 -0.9460264295292606 0
0.3452380952362734 -0.9455880880983694 0
-0.6522261749192927 -0.9451767872187447 0
0.2147271158274421 -0.03243050657176075 0
-0.893661980408464 -0.05455240554352665 0
-0.4880952380938214 -0.05418729535198601 0
-0.6719080609378748 -0.9832274446264552 0
-0.4404761904746533 -0.05412592896935428 0
-0.9404761904760341 -0.05406896849507369 0
0.2976190476171038 -0.9459847666310353 0
-0.5295895494778733 -0.05716219850002661 0
0.5496337311170314 -0.03072883620372214 0
0.01503409527844569 -0.9219026754486059 0
0.4190555474529047 -0.9450922369885673 0
-0.5528775272232893 -0.9836033561660977 0
0.7873305503024918 -0.03296179391961349 0
0.7873700994991792 -0.9670851282886372 0
0.591805612823161 -0.0325902325904912 0
0.4898872152602861 0.02195713029847599 0
-0.4863195864374459 0.9772876945985303 -0
-0.3463189563598424 0.9788068405477041 -0
0.3428107489299194 0.02267012224549575 0
0.202364595293382 0.02088198962745069 0
-0.1802802759587681 0.9781772152913846 -0
0.05598516139030742 0.02263000546198719 0
-0.03342436015488854 0.9773212855466692 -0
-0.2754975728214311 0.02202551452457399 -0
0.4168231650855004 0.9792352131441291 0
-0.4166666666650467 0.02061965247111529 -0
0.273809523807513 0.9793803475288805 0
-0.1100817041255642 0.02263967039480948 -0
0.1336704724806554 0.9769906142656095 0
0.9793803475291548 0.5119047619063094 0
-0.9793803475289974 0.4880952380939599 -0
0.5598039601324053 0.9788961296378833 0
-0.559523809522587 0.02012429188154071 -0
0.9793803475291522 0.369047619048923 0
-0.9771763518357758 0.6309523809519427 -0
-0.6072268337277348 0.9773762516415005 -0
0.6058967559139944 0.01891311276824308 0
-0.9793803475290022 0.3690476190466829 -0
0.9793803475290802 0.6309523809534747 0
0.6749019104592123 0.9773614813412441 0
-0.6789191568974682 0.02127425234800298 -0
0.7257885345043124 0.02088779109663041 0
-0.7279538478084772 0.9785354780607627 -0
0.9793803475290614 0.7500000000002524 0
-0.9793803475290022 0.2499999999994113 -0
0.9793803475289218 0.2500000000008989 0
-0.9771459833525908 0.7499999999994695 -0
0.7753041366554632 0.9810003768688815 0
-0.7737610937344672 0.0208004663023013 -0
0.8214285714290674 0.02061965247100078 0
-0.8182530448675086 0.9773735617083052 -0
0.9793803475289837 0.8452380952378343 0
-0.9793803475290022 0.154761904761594 -0
0.9793803475288561 0.1547619047625494 0
-0.9793803475288876 0.8452380952376871 -0
0.03571428571160762 0.9793803475288941 0
-0.03726792499626695 0.02129167873183704 -0
0.8464438395924346 0.9793421771192184 0
0.9793803475290352 0.4404761904776742 0
-0.8452380952376654 0.0206196524711151 -0
-0.9769551429681336 0.5587012458584945 -0
-0.4863195864357156 0.02271230540113664 -0
-0.2000001489899133 0.02235916414192049 -0
-0.3460238208104593 0.02172480467525801 -0
0.3452380952362749 0.9793803475288853 0
0.2023809523787371 0.9793803475288848 0
0.4886850310846631 0.978819972353441 0
-0.1100817041289666 0.9773603296047733 -0
0.4194686644964544 0.02264757418892382 0
0.2727773543140372 0.02175179707370623 0
-0.2499582465911751 0.9789848464109541 -0
0.1325392227473132 0.02272517485909646 0
-0.4166666666682868 0.9793803475289993 -0
0.8914354123166537 0.02124661378209922 0
-0.8949086735671898 0.9773059890626575 -0
-0.9166666666664494 0.02061965247111372 -0
0.9793803475288705 0.9166666666663137 0
-0.9793803475288876 0.9166666666664474 -0
0.9793803475288561 0.08333333333368048 0
0.917175951604673 0.9788643076658076 0
-0.9793803475289782 0.08333333333317314 -0
0.9793803475288613 0.2023809523817872 0
0.6300497557672896 0.9783996057125868 0
0.9793803475289715 0.2976190476199923 0
0.7250204648387785 0.9786341292907401 0
-0.979378382319851 0.7043309923316463 -0
-0.9793803475288884 0.7976190476185204 -0
-0.633319971087563 0.02145909522193281 -0
-0.7289423462530328 0.02265051466568512 -0
-0.1547356048814641 0.02158266629329091 -0
0.08333333333076262 0.9793803475288985 0
0.01154733500049413 0.02287115355937906 0
-0.5357142857155752 0.9793803475289993 -0
0.5361148837509965 0.01773326103585907 0
-0.2950636666576179 0.9785308558792024 -0
-0.6535860105798543 0.9798344414818577 -0
-0.7736245647125444 0.9788557971724695 -0
-0.9793803475290022 0.4166666666655915 -0
0.6554453032666192 0.02101495325381494 0
-0.9793803475290022 0.3214285714277743 -0
0.7753041366563328 0.01899962313097134 0
-0.9793803475290022 0.2023809523805026 -0
0.9793803475290545 0.6785714285720137 0
0.9793803475290841 0.5833333333347148 0
0.979380347529073 0.7976190476189788 0
0.9425410870171561 0.02134038392755844 0
-0.9390596666837968 0.9773643183089762 -0
-0.9633648777476341 0.02008800724802469 -0
0.9793803475288562 0.9642857142855656 0
-0.9780389817048871 0.9625370954497634 -0
0.9798387608319739 0.03581517545921337 0
0.9793803475288902 0.8928571428567379 0
0.9588610417394414 0.9045880992105095 0
0.9587774195047896 0.8809234133601764 0
0.9382609011231759 0.8926495417819373 0
0.9381638064173567 0.8690081909361691 0
0.9175451605102733 0.8809112094209481 0
0.9175291458199185 0.8571294238688393 0
0.8969069919945456 0.8690385182464078 0
0.8969039059870526 0.8452343395587052 0
0.8762833222890689 0.857140714395873 0
0.876282652750049 0.8333323502620457 0
0.8556627334846462 0.8452375742681851 0
0.8556625774292081 0.821428320754795 0
0.8350428544831219 0.8333332047258157 0
0.8350428167280773 0.8095237463100886 0
0.8144231462186684 0.82142853945814 0
0.8144231369197873 0.7976190317548597 0
0.7938034798924939 0.8095238015512192 0
0.7938034775834386 0.7857142817413366 0
0.7731838239680804 0.7976190456279344 0
0.7731838233925645 0.7738095228154039 0
0.7525641706348483 0.7857142852165553 0
0.7525641704911106 0.7619047616560168 0
0.7319445179483433 0.7738095236849818 0
0.7319445179124255 0.7499999999376883 0
0.7113248654234711 0.7619047618734642 0
0.711324865414489 0.7380952380795726 0
0.6907052129389999 0.7499999999919811 0
0.6907052129367268 0.7261904761864698 0
0.6700855604645723 0.7380952380930936 0
0.6700855604639846 0.7142857142846075 0
0.6494659079926791 0.7261904761898027 0
0.6494659079925158 0.7023809523805782 0
0.6288462555214325 0.7142857142853938 0
0.6288462555213659 0.6904761904760431 0
0.6082266030503122 0.7023809523807727 0
0.608226603050307 0.6785714285713335 0
0.5876069505792398 0.6904761904760655 0
0.5876069505792314 0.6666666666665607 0
0.5669872981081833 0.6785714285713145 0
0.566987298108182 0.6547619047618032 0
0.5463676456371331 0.6666666666665588 0
0.5463676456371334 0.6428571428570458 0
0.5257479931660843 0.6547619047618014 0
0.5257479931660681 0.6309523809523175 0
0.5051283406950335 0.6428571428570489 0
0.5051283406950171 0.6190476190475667 0
0.4845086882239856 0.6309523809522934 0
0.4845086882239707 0.6071428571428107 0
0.4638890357529402 0.6190476190475368 0
0.4638890357529359 0.5952380952380368 0
0.4432693832818986 0.6071428571427776 0
0.505128340695115 0.5952380952381748 0
0.4432693832818844 0.583333333333298 0
0.4226497308108567 0.5952380952380247 0
0.4226497308108569 0.5714285714285221 0
0.4020300783398201 0.5833333333332675 0
0.4020300783398207 0.5595238095237667 0
0.3814104258687841 0.5714285714285143 0
0.381410425868785 0.5476190476190159 0
0.3607907733977496 0.5595238095237633 0
0.3607907733977503 0.5357142857142668 0
0.3401711209267176 0.5476190476190116 0
0.4020300783398114 0.5357142857143062 0
0.3401711209267174 0.523809523809519 0
0.3195514684556859 0.5357142857142632 0
0.3195514684556769 0.5119047619047878 0
0.2989318159846544 0.5238095238095182 0
0.2989318159846452 0.5000000000000446 0
0.2783121635136243 0.5119047619047734 0
0.27831216351365 0.488095238095327 0
0.2576925110426007 0.5000000000000329 0
0.608226603050366 0.6547619047618991 0
0.2576925110426024 0.4761904761906293 0
0.2370728585715677 0.4880952380952948 0
0.2370728585715683 0.5119047619047772 0
0.2164532061005324 0.5000000000000244 0
0.2164532061005351 0.4761904761905309 0
0.1958335536295001 0.4880952380952739 0
0.1958335536294965 0.5119047619047712 0
0.1752139011584615 0.5000000000000187 0
0.1752139011584596 0.5238095238095143 0
0.1545942486874234 0.5119047619047592 0
0.1545942486875598 0.4880952380952193 0
0.1339745962164864 0.4999999999999548 0
0.1339745962163496 0.5238095238094556 0
0.1133549437453404 0.5119047619047403 0
0.1133549437455518 0.4880952380951957 0
0.09273529127433712 0.4999999999999856 0
0.09273529127428785 0.5238095238094475 0
0.07211563880327419 0.5119047619047115 0
0.07211563880335471 0.4880952380951865 0
0.05149598633221943 0.4999999999999843 0
0.05149598633222181 0.5238095238094134 0
0.03087633386118623 0.511904761904698 0
0.0308763338611835 0.4880952380952183 0
0.01025668139013548 0.4999999999999636 0
0.298931815984701 0.4761904761907246 0
0.01025668139012348 0.5238095238094218 0
-0.01036297108091505 0.5119047619047103 -0
-0.01036297108090863 0.4880952380952057 -0
-0.03098262355195775 0.4999999999999629 -0
-0.03098262355196232 0.5238095238094692 -0
-0.05160227602300483 0.5119047619047135 -0
-0.05160227602300066 0.4880952380952037 -0
-0.07222192849404901 0.4999999999999556 -0
-0.07222192849404507 0.4761904761904445 -0
-0.09284158096509354 0.4880952380951968 -0
-0.09284158096510114 0.511904761904698 -0
-0.1134612334361468 0.4999999999999387 -0
-0.1134612334361391 0.4761904761904368 -0
-0.1340808859071861 0.4880952380951896 -0
-0.1340808859072293 0.511904761904699 -0
-0.1547005383782376 0.4999999999999438 -0
-0.1547005383783079 0.5238095238094609 -0
-0.1753201908492911 0.511904761904698 -0
-0.1753201908492772 0.4880952380951898 -0
-0.1959398433203219 0.4999999999999418 -0
-0.1959398433203175 0.4761904761904341 -0
-0.2165594957913613 0.488095238095187 -0
-0.2165594957913629 0.5119047619046934 -0
-0.237179148262404 0.4999999999999399 -0
-0.2371791482624043 0.5238095238094443 -0
-0.2577988007334451 0.5119047619046921 -0
-0.2577988007334454 0.4880952380951878 -0
-0.2784184532044862 0.4999999999999405 -0
-0.2784184532044887 0.5238095238094403 -0
-0.2990381056755272 0.5119047619046913 -0
-0.2990381056755296 0.488095238095192 -0
-0.3196577581465675 0.4999999999999433 -0
-0.319657758146571 0.5238095238094448 -0
-0.3402774106176065 0.5119047619046968 -0
-0.3402774106176104 0.4880952380951984 -0
-0.3608970630886462 0.4999999999999489 -0
-0.3608970630886424 0.52380952380945 -0
-0.3815167155596829 0.5119047619047029 -0
-0.3815167155596862 0.4880952380952016 -0
-0.4021363680307228 0.4999999999999569 -0
-0.4021363680307118 0.476190476190481 -0
-0.4227560205017611 0.4880952380952145 -0
-0.4227560205017592 0.511904761904711 -0
-0.4433756729727983 0.4999999999999662 -0
-0.443375672972794 0.5238095238094646 -0
-0.4639953254438328 0.5119047619047197 -0
-0.4639953254438381 0.4880952380952207 -0
-0.4846149779148716 0.4999999999999752 -0
-0.4846149779148783 0.4761904761904752 -0
-0.4846149779148655 0.5238095238094728 -0
-0.5052346303859033 0.5119047619047299 -0
-0.505234630385897 0.535714285714226 -0
-0.525854282856934 0.5238095238094838 -0
-0.5258542828569275 0.5476190476189792 -0
0.3401711209267205 0.5714285714284975 0
-0.5464739353279642 0.5357142857142373 -0
-0.5464739353279569 0.5595238095237327 -0
-0.5258542828569213 0.571428571428474 -0
-0.5464739353279502 0.5833333333332276 -0
-0.5670935877989858 0.5714285714284859 -0
-0.5258542828569146 0.595238095237968 -0
-0.5670935877989787 0.5952380952379803 -0
-0.5877132402700147 0.5833333333332394 -0
-0.5877132402700084 0.6071428571427349 -0
0.4226497308108568 0.6190476190475239 0
0.6907052129350897 0.702380952380139 0
-0.6083328927410449 0.5952380952379923 -0
-0.6083328927410386 0.6190476190474896 -0
-0.6289525452120772 0.6071428571427464 -0
-0.6289525452120844 0.5833333333332479 -0
-0.6289525452120697 0.6309523809522445 -0
-0.6083328927410317 0.6428571428569861 -0
-0.6289525452120605 0.6547619047617406 -0
0.5051283406950349 0.6666666666665575 0
-0.6083328927410234 0.666666666666481 -0
-0.6495721976831182 0.5952380952380032 -0
-0.6495721976831261 0.5714285714285026 -0
-0.6289525452120511 0.6785714285712349 -0
-0.6701918501541588 0.5833333333332575 -0
-0.6701918501541678 0.5595238095237584 -0
-0.6083328927410168 0.6904761904759738 -0
-0.6289525452120414 0.7023809523807257 -0
-0.6495721976830771 0.6904761904759887 -0
-0.6908115026251989 0.5714285714285131 -0
-0.6908115026252092 0.5476190476190173 -0
0.5876069505792674 0.7142857142855374 0
-0.6495721976830648 0.7142857142854787 -0
-0.670191850154104 0.7023809523807429 -0
-0.6083328927410039 0.7142857142854627 -0
-0.6701918501540931 0.7261904761902357 -0
-0.6908115026251278 0.714285714285497 -0
0.7731838229383464 0.7499999997927702 0
-0.7114311550962391 0.5595238095237729 -0
-0.7114311550962467 0.5357142857142771 -0
-0.6908115026252188 0.5238095238095229 -0
-0.711431155096254 0.5119047619047835 -0
-0.6908115026252271 0.5000000000000303 -0
-0.7114311550962622 0.4880952380952907 -0
-0.6908115026252407 0.4761904761905476 -0
-0.7114311550962712 0.4642857142857991 -0
-0.6908115026252115 0.4523809523810763 -0
-0.7114311550963064 0.4404761904763089 -0
-0.6908115026252106 0.4285714285715755 -0
-0.7114311550963187 0.4166666666668126 -0
-0.6908115026252553 0.4047619047620566 -0
-0.7114311550962977 0.3928571428573094 -0
-0.6908115026252639 0.3809523809525517 -0
-0.7114311550963721 0.3690476190477854 -0
-0.6908115026252797 0.3571428571430429 -0
-0.7114311550963712 0.3452380952382877 -0
-0.6908115026252855 0.3333333333335344 -0
-0.7114311550963269 0.3214285714287886 -0
-0.6908115026252816 0.3095238095240237 -0
-0.6701918501542279 0.3214285714287741 -0
-0.6701918501542322 0.2976190476192566 -0
-0.6495721976831724 0.3095238095240106 -0
-0.7114311550964496 0.2976190476192013 -0
-0.6495721976831791 0.2857142857144876 -0
-0.6289525452121165 0.2976190476192437 -0
-0.6289525452121232 0.2738095238097167 -0
-0.6083328927410562 0.285714285714475 -0
-0.6908115026251248 0.7380952380949941 -0
-0.7114311550961552 0.7261904761902616 -0
-0.6083328927410824 0.2619047619048971 -0
-0.5877132402699972 0.2738095238096964 -0
-0.7320508075674522 0.4523809523809832 -0
-0.7320508075675372 0.3333333333334637 -0
-0.7320508075672771 0.5476190476190314 -0
-0.5877132402700191 0.2500000000001139 -0
-0.567093587798933 0.2619047619049206 -0
-0.7114311550961587 0.7499999999997544 -0
-0.7320508075671973 0.7380952380950199 -0
-0.628952545212231 0.2500000000000775 -0
-0.6701918501540864 0.7499999999997338 -0
0.6494659079927741 0.749999999999287 0
-0.567093587798938 0.2380952380953944 -0
-0.5464739353278636 0.2500000000001568 -0
-0.7320508075671934 0.7619047619045167 -0
-0.7526704600382402 0.7499999999997728 -0
-0.7526704600382277 0.7738095238092693 -0
-0.5464739353278703 0.2261904761906164 -0
-0.5258542828567936 0.2380952380953808 -0
-0.5258542828567875 0.2619047619049217 -0
-0.5052346303857203 0.2500000000001484 -0
-0.5052346303857232 0.2261904761906054 -0
-0.4846149779146474 0.2380952380953724 -0
-0.4846149779146515 0.2619047619049213 -0
-0.4639953254435732 0.2500000000001432 -0
-0.4639953254435728 0.226190476190601 -0
-0.4433756729724967 0.2380952380953643 -0
-0.4433756729724946 0.2619047619049106 -0
-0.4227560205014196 0.2500000000001356 -0
-0.4227560205014229 0.2261904761905905 -0
-0.4021363680303459 0.2380952380953615 -0
-0.4021363680303451 0.2619047619049053 -0
-0.3815167155592706 0.2500000000001327 -0
-0.3815167155592699 0.2738095238096749 -0
-0.3608970630881957 0.2619047619049033 -0
-0.3608970630881974 0.2380952380953636 -0
-0.3402774106171208 0.2500000000001329 -0
-0.3402774106171206 0.2738095238096757 -0
-0.3196577581460445 0.2619047619049054 -0
-0.3196577581460445 0.2380952380953613 -0
-0.2990381056749685 0.2500000000001347 -0
-0.2990381056749696 0.2738095238096785 -0
-0.2784184532038929 0.2619047619049087 -0
-0.2784184532038909 0.2380952380953635 -0
-0.2577988007328147 0.2500000000001385 -0
-0.2577988007328113 0.2261904761905927 -0
-0.2371791482617363 0.2380952380953702 -0
-0.2371791482618827 0.2619047619049545 -0
-0.2165594957907497 0.2500000000001672 -0
-0.2165594957906665 0.2261904761906058 -0
-0.1959398433196058 0.2380952380953856 -0
-0.1959398433196843 0.2619047619049188 -0
-0.1753201908485439 0.2500000000001531 -0
-0.1753201908485192 0.2261904761906217 -0
-0.1547005383774639 0.2380952380953955 -0
-0.1547005383774653 0.2619047619049076 -0
-0.1340808859064071 0.2500000000001617 -0
-0.1340808859063986 0.2261904761906418 -0
-0.1134612334353479 0.2380952380954126 -0
-0.1134612334353584 0.2619047619049291 -0
-0.09284158096430231 0.2500000000001817 -0
-0.09284158096431253 0.2738095238096945 -0
-0.07222192849325985 0.2619047619049474 -0
-0.07222192849323768 0.2380952380954352 -0
-0.05160227602220522 0.2500000000002059 -0
-0.05160227602221994 0.2738095238097116 -0
-0.03098262355117072 0.2619047619049688 -0
-0.03098262355114135 0.2380952380954563 -0
-0.0103629710801193 0.2500000000002294 -0
-0.01036297108016348 0.2738095238096678 -0
0.01025668139090987 0.2619047619049722 0
0.01025668139094986 0.2380952380954521 0
0.03087633386196977 0.2500000000002228 0
0.03087633386192003 0.2738095238096714 0
0.05149598633298527 0.2619047619049852 0
0.05149598633303352 0.2380952380954469 0
0.07211563880403404 0.2500000000002482 0
0.07211563880401531 0.2738095238097553 0
0.09273529127504901 0.2619047619050233 0
0.09273529127507431 0.238095238095498 0
0.113354943746084 0.2500000000002872 0
0.1133549437460701 0.2738095238097833 0
0.1339745962171027 0.2619047619050473 0
0.1339745962171141 0.2380952380955604 0
0.1545942486881332 0.2500000000003138 0
0.1545942486881437 0.2261904761908286 0
0.1752139011591621 0.2380952380955802 0
0.1752139011591529 0.2619047619050653 0
0.1958335536301808 0.2500000000003308 0
0.1958335536301895 0.2261904761908473 0
0.2164532061012073 0.2380952380955974 0
0.2164532061012039 0.2619047619050825 0
0.2370728585722262 0.2500000000003459 0
0.2370728585722329 0.2261904761908649 0
0.2576925110432501 0.2380952380956141 0
0.2576925110432486 0.2619047619050965 0
0.278312163514268 0.2500000000003606 0
0.2783121635142748 0.2261904761908816 0
0.2989318159852912 0.2380952380956284 0
0.2989318159852826 0.2619047619051077 0
0.319551468456308 0.2500000000003741 0
0.319551468456299 0.2738095238098536 0
0.3401711209273238 0.2619047619051206 0
0.3401711209273156 0.2857142857145996 0
0.3607907733983396 0.2738095238098677 0
0.360790773398344 0.2976190476193495 0
0.3814104258693577 0.2857142857146144 0
0.3814104258693647 0.2619047619051339 0
0.4020300783403821 0.2738095238098818 0
0.4020300783403757 0.297619047619362 0
0.4226497308114015 0.2857142857146302 0
0.4226497308113938 0.3095238095241152 0
0.4432693832824235 0.297619047619379 0
0.4432693832824161 0.3214285714288662 0
0.4638890357534474 0.3095238095241288 0
0.4638890357534549 0.2857142857146391 0
0.4845086882244816 0.2976190476193904 0
0.4845086882244745 0.3214285714288845 0
0.5051283406955136 0.3095238095241412 0
0.5051283406955056 0.333333333333643 0
0.5257479931665499 0.321428571428895 0
0.5257479931665421 0.3452380952384014 0
0.5463676456375884 0.3333333333336554 0
0.5463676456375959 0.3095238095241455 0
0.5669872981086378 0.3214285714289065 0
0.5669872981086325 0.345238095238418 0
0.587606950579685 0.3333333333336667 0
0.5876069505796799 0.3571428571431826 0
0.6082266030507352 0.3452380952384289 0
0.6082266030507378 0.3214285714289116 0
0.6288462555217951 0.3333333333336713 0
0.6288462555217907 0.357142857143196 0
0.649465907992838 0.3452380952384375 0
0.6494659079928213 0.3690476190479811 0
0.6494659079928549 0.32142857142891 0
0.6700855604638769 0.3333333333336897 0
0.6700855604639149 0.3095238095241497 0
0.6907052129349536 0.3214285714289321 0
0.6907052129349825 0.2976190476193875 0
0.7113248654060511 0.3095238095241549 0
0.7113248654060553 0.2857142857146213 0
0.6907052129349923 0.2738095238098536 0
0.711324865406058 0.2619047619050908 0
0.7319445178771012 0.2738095238098575 0
0.6907052129349989 0.2500000000003268 0
0.7319445178771209 0.2500000000003274 0
0.7113248654059865 0.3333333333337079 0
0.4020300783403887 0.2500000000004002 0
0.4845086882244887 0.2738095238098959 0
0.7525641703481638 0.2619047619050945 0
0.7525641703481847 0.2380952380955624 0
-0.7526704600382343 0.7261904761902845 -0
-0.7320508075671583 0.7857142857139927 -0
-0.6083328927410468 0.3095238095240044 -0
-0.5670935877989434 0.2142857142858517 -0
0.7113248654205986 0.7857142856880905 0
-0.7732901125092809 0.7619047619045303 -0
0.5051283406954958 0.3571428571431464 0
0.7731838228192395 0.250000000000313 0
0.7731838228192445 0.2261904761907942 0
0.7525641703481891 0.2142857142860319 0
-0.7732901125092582 0.7857142857140312 -0
0.2989318159852992 0.2142857142861494 0
-0.5877132402699841 0.7023809523807124 -0
-0.5877132402699721 0.7261904761902001 -0
-0.5670935877989536 0.71428571428545 -0
-0.5670935877989455 0.7380952380949353 -0
-0.5464739353279257 0.7261904761901865 -0
-0.546473935327918 0.7499999999996703 -0
-0.5258542828568994 0.7380952380949237 -0
-0.5258542828568913 0.7619047619044059 -0
-0.5052346303858741 0.7499999999996592 -0
-0.5052346303858658 0.77380952380914 -0
-0.4846149779148493 0.7619047619043926 -0
-0.5464739353279027 0.7738095238091562 -0
-0.4846149779148411 0.7857142857138723 -0
-0.4639953254438243 0.7738095238091256 -0
-0.4639953254438322 0.7499999999996455 -0
-0.4433756729728072 0.7619047619043796 -0
-0.4433756729728147 0.7380952380948992 -0
-0.42275602050179 0.7499999999996338 -0
-0.4227560205017857 0.7738095238091135 -0
-0.4021363680307662 0.7619047619043682 -0
-0.4021363680307706 0.7380952380948873 -0
-0.3815167155597475 0.7499999999996226 -0
-0.3815167155597428 0.7738095238091028 -0
-0.3608970630887243 0.7619047619043577 -0
-0.3608970630887063 0.7380952380948835 -0
-0.3402774106176997 0.7499999999996192 -0
-0.3402774106177068 0.7738095238090972 -0
-0.319657758146682 0.76190476190435 -0
-0.3196577581466565 0.7380952380948846 -0
-0.2990381056756602 0.7499999999996072 -0
-0.2990381056756665 0.7738095238090882 -0
-0.2784184532046409 0.7619047619043413 -0
-0.2784184532046119 0.7380952380948775 -0
-0.2577988007336177 0.7499999999996 -0
-0.2577988007335991 0.7738095238090923 -0
-0.2371791482625862 0.7619047619043455 -0
-0.2371791482625988 0.7380952380948624 -0
-0.2165594957915759 0.7499999999995952 -0
-0.2165594957915638 0.7738095238090812 -0
-0.195939843320549 0.7619047619043321 -0
-0.1959398433205589 0.7380952380948461 -0
-0.175320190849531 0.7499999999995862 -0
-0.1753201908495259 0.773809523809071 -0
-0.1547005383785069 0.7619047619043271 -0
-0.1547005383785064 0.73809523809484 -0
-0.1340808859074771 0.7499999999995849 -0
-0.1340808859074786 0.7261904761900937 -0
-0.1134612334364489 0.7380952380948387 -0
-0.1134612334364483 0.7619047619043303 -0
-0.092841580965419 0.7499999999995843 -0
-0.0928415809654205 0.7738095238090745 -0
-0.07222192849438897 0.7619047619043308 -0
-0.07222192849438902 0.7380952380948396 -0
-0.05160227602335508 0.7499999999995893 -0
-0.05160227602335915 0.7738095238090802 -0
-0.03098262355231857 0.7619047619043383 -0
-0.03098262355231718 0.7380952380948462 -0
-0.01036297108127597 0.7499999999995987 -0
-0.01036297108129502 0.7738095238090802 -0
0.01025668138976033 0.761904761904338 0
0.01025668138976958 0.7380952380948514 0
0.03087633386081837 0.7499999999996017 0
0.03087633386079378 0.773809523809092 0
0.05149598633185375 0.761904761904345 0
0.05149598633187344 0.7380952380948508 0
0.07211563880291857 0.7499999999996098 0
0.07211563880290395 0.7738095238091063 0
0.09273529127396776 0.7619047619043728 0
0.09273529127397559 0.7380952380948593 0
0.1133549437450264 0.7499999999996236 0
0.1133549437450203 0.7738095238091436 0
0.13397459621608 0.7619047619043882 0
0.1339745962160853 0.7380952380948674 0
0.1545942486871393 0.7499999999996311 0
0.1545942486871459 0.7261904761901055 0
0.1752139011582015 0.7380952380948688 0
0.1752139011581952 0.7619047619043955 0
0.1958335536292599 0.7499999999996334 0
0.1958335536292528 0.7738095238091646 0
0.2164532061003226 0.7619047619043973 0
0.1958335536292721 0.7261904761900893 0
0.2164532061002983 0.7857142857139087 0
0.2370728585713799 0.7738095238091738 0
-0.6701918501541273 0.4166666666668392 -0
0.2370728585713385 0.7976190476186212 0
0.2576925110424242 0.7857142857139008 0
0.2576925110424501 0.7619047619043983 0
0.2783121635135145 0.7738095238091686 0
0.2783121635134794 0.7976190476186199 0
0.2989318159845632 0.7857142857139002 0
0.7731838228192414 0.2023809523812677 0
0.8350427878412084 0.7857142725344143 0
0.4226497308113843 0.3333333333336034 0
0.3195514684563052 0.2976190476193425 0
0.2989318159845835 0.7619047619044008 0
0.319551468455652 0.7738095238091678 0
0.3195514684556507 0.7976190476186529 0
0.3401711209267286 0.7857142857139419 0
-0.7939097649803235 0.7738095238092906 -0
-0.7939097649803047 0.7976190476188052 -0
0.3401711209267441 0.8095238095234512 0
0.3607907733978073 0.7976190476187077 0
0.1958335536292098 0.7976190476186142 0
0.7731838228191472 0.2738095238098588 0
0.7938034752903025 0.2380952380955454 0
0.7525641703481922 0.190476190476506 0
0.3607907733978096 0.8214285714282523 0
0.3814104258688831 0.8095238095234835 0
0.3814104258688804 0.7857142857139401 0
0.4020300783399605 0.7976190476187105 0
0.4020300783399601 0.8214285714282542 0
0.4226497308110414 0.8095238095234798 0
0.7731838228192442 0.1785714285717463 0
0.7731838237774629 0.8214285697676849 0
0.319551468455653 0.7499999999996385 0
-0.5464739353279714 0.511904761904741 -0
-0.7320508075672706 0.571428571428529 -0
-0.7526704600383056 0.5595238095237938 -0
-0.8145294174513708 0.7857142857140575 -0
-0.8145294174513814 0.7619047619045373 -0
-0.8145294174513611 0.8095238095235746 -0
-0.7939097649802968 0.8214285714283198 -0
0.340171120926748 0.8333333333329502 0
0.4226497308110392 0.8333333333330259 0
0.4432693832821187 0.8214285714282499 0
-0.8145294174513464 0.8333333333330861 -0
-0.7526704600383036 0.5833333333332866 -0
-0.7732901125093401 0.5714285714285502 -0
-0.7732901125093388 0.5952380952380445 -0
-0.7939097649803823 0.5833333333332984 -0
-0.7939097649804252 0.5595238095237536 -0
-0.7939097649803762 0.6071428571428072 -0
-0.814529417451427 0.5952380952380502 -0
-0.814529417451419 0.619047619047572 -0
0.7525641703481952 0.1666666666669894 0
0.4020300783399574 0.7738095238091693 0
-0.8351490699224039 0.8214285714283425 -0
-0.8351490699224772 0.6071428571428076 -0
-0.8351490699224696 0.6309523809523354 -0
-0.8351490699223894 0.8452380952378563 -0
0.7731838228192462 0.1547619047622292 0
0.7938034752902956 0.1666666666669883 0
0.443269383282119 0.8452380952377987 0
0.4638890357531975 0.8333333333330214 0
0.4638890357531953 0.809523809523474 0
0.4845086882242726 0.8214285714282428 0
0.484508688224278 0.8452380952377904 0
0.5051283406953544 0.8333333333330122 0
-0.7939097649802884 0.8452380952378147 -0
0.4845086882242669 0.797619047618698 0
0.8350428427373731 0.8571427488796078 0
0.5051283406953588 0.8571428571425608 0
0.5257479931664379 0.8452380952377827 0
0.4226497308110382 0.8571428571425762 0
-0.5258542828569066 0.7142857142854406 -0
0.793803475290293 0.1428571428574694 0
0.8144231277613478 0.1547619047622292 0
0.7525641703482001 0.1428571428574761 0
0.7319445178771535 0.1547619047622293 0
-0.6701918501541703 0.488095238095316 -0
-0.8557687223934456 0.8333333333331121 -0
-0.8557687223934295 0.8571428571426265 -0
-0.8557687223935313 0.6190476190475745 -0
-0.8557687223935327 0.5952380952380479 -0
-0.8557687223935263 0.6428571428571019 -0
-0.6908115026251284 0.6904761904760137 -0
0.7319445178771571 0.130952380952726 0
0.7113248654061179 0.1428571428574735 0
0.8144231277613418 0.1309523809527084 0
0.835042780232403 0.1428571428574627 0
0.8350427802324081 0.1666666666669945 0
0.8556624327034719 0.1547619047622237 0
0.8556624327034769 0.1785714285717629 0
0.8556624327034652 0.130952380952686 0
0.5257479931664408 0.8690476190473323 0
0.5463676456375191 0.8571428571425528 0
0.5463676456375153 0.8333333333330057 0
0.5669872981085929 0.845238095237774 0
0.5669872981086002 0.8690476190473218 0
0.5876069505796739 0.8571428571425421 0
0.7113248654061277 0.1190476190479674 0
0.6907052129350839 0.1309523809527216 0
-0.7732901125093194 0.6190476190475672 -0
-0.8351490699224607 0.654761904761861 -0
-0.8557687223935185 0.6666666666666311 -0
0.5669872981085884 0.821428571428229 0
0.5876069505796817 0.8809523809520888 0
0.6082266030507565 0.8690476190473091 0
-0.8763883748645886 0.6547619047618726 -0
-0.8763883748645821 0.6785714285714088 -0
0.8969021936313469 0.8214277816364972 0
0.6907052129350801 0.1547619047622195 0
0.6700855604640469 0.1428571428574675 0
0.6700855604639391 0.2619047619050859 0
0.6700855604639578 0.2380952380955511 0
0.6494659079928925 0.2500000000003173 0
0.6494659079929281 0.226190476190775 0
0.6288462555218519 0.2380952380955512 0
0.6288462555218501 0.2142857142860483 0
0.6082266030508073 0.2261904761907961 0
0.6082266030508154 0.2023809523812858 0
0.5876069505797721 0.2142857142860392 0
0.5876069505797801 0.1904761904765326 0
0.5669872981087408 0.2023809523812846 0
0.5669872981087445 0.1785714285717918 0
0.5463676456377127 0.1904761904765338 0
0.5463676456377462 0.1666666666670137 0
0.525747993166694 0.178571428571779 0
0.5669872981087696 0.1547619047622785 0
0.5257479931667627 0.1547619047622371 0
0.5051283406956815 0.1666666666670247 0
0.505128340695674 0.1428571428575545 0
0.4845086882246543 0.1547619047622879 0
0.4845086882246571 0.1309523809528119 0
0.4638890357536383 0.1428571428575457 0
0.4638890357536436 0.1190476190480712 0
0.443269383282626 0.1309523809528035 0
0.5051283406957838 0.1190476190480029 0
0.4638890357535796 0.1666666666670941 0
-0.113461233435331 0.2142857142858909 -0
0.7319445178840955 0.7261904761774806 0
0.649465907992369 0.6785714285713209 0
-0.835149069922375 0.8690476190473656 -0
-0.8557687223934134 0.880952380952138 -0
-0.8763883748644689 0.8690476190473976 -0
-0.1134612334364464 0.7857142857138193 -0
0.6288462555217802 0.380952380952722 0
0.6494659079928278 0.3928571428575111 0
0.6288462555217753 0.40476190476225 0
0.6494659079928325 0.4166666666670218 0
0.6288462555217731 0.4285714285717774 0
0.6494659079928291 0.4404761904765442 0
0.6288462555217689 0.4523809523813014 0
0.6494659079928226 0.4642857142860669 0
0.6700855604638823 0.4523809523813114 0
0.6700855604638756 0.4761904761908333 0
0.6907052129349338 0.4642857142860792 0
0.6907052129349263 0.4880952380955981 0
0.7113248654059833 0.4761904761908455 0
0.7113248654059761 0.5000000000003606 0
0.731944517877027 0.4880952380956131 0
0.7319445178770217 0.5119047619051174 0
0.7525641703480638 0.5000000000003768 0
0.752564170348059 0.523809523809871 0
0.7731838228190977 0.5119047619051302 0
0.7731838228191021 0.4880952380956396 0
0.7731838228190916 0.5357142857146214 0
0.7938034752901304 0.5000000000003932 0
0.7938034752901372 0.4761904761909085 0
0.6288462555217631 0.4761904761908226 0
0.6082266030507094 0.464285714286057 0
0.8144231277611649 0.4880952380956559 0
0.8144231277611711 0.4642857142861634 0
0.752564170348043 0.5476190476193605 0
0.7731838228190824 0.5595238095241144 0
0.6907052129349115 0.5119047619051187 0
0.6082266030507053 0.4880952380955764 0
0.5876069505796542 0.4761904761908134 0
0.8350427802321937 0.476190476190926 0
0.8350427802321896 0.5000000000003992 0
0.8350427802322105 0.4523809523814176 0
0.8144231277611707 0.4404761904766512 0
0.8350427802322199 0.4285714285718923 0
0.7525641703480372 0.571428571428852 0
0.773183822819079 0.5833333333336026 0
0.8144231277611669 0.4166666666671209 0
0.8350427802322249 0.4047619047623583 0
0.7113248654059922 0.4523809523813276 0
0.8556624327032052 0.488095238095685 0
0.8556624327032005 0.5119047619051409 0
0.5876069505796492 0.5000000000003297 0
0.5669872981086008 0.4880952380955673 0
0.8144231277611669 0.3928571428575821 0
0.8350427802322328 0.3809523809528178 0
0.8556624327032508 0.4166666666671285 0
0.5669872981086053 0.4642857142860523 0
0.5463676456375541 0.4761904761908051 0
0.7525641703480331 0.5952380952383586 0
0.7731838228190725 0.607142857143091 0
0.7938034752901013 0.5952380952383521 0
0.7938034752900966 0.6190476190478305 0
0.8144231277611145 0.6071428571430976 0
0.814423127761114 0.6309523809525652 0
0.8350427802321208 0.6190476190478388 0
0.8350427802321203 0.6428571428572959 0
0.8556624327031175 0.6309523809525687 0
0.8556624327031145 0.6547619047620211 0
0.608226603050698 0.5119047619050938 0
0.7319445178769628 0.5833333333336337 0
0.5876069505796432 0.5238095238098457 0
0.60822660305069 0.5357142857146092 0
0.8350427802321206 0.6666666666667506 0
0.8556624327031157 0.6785714285714723 0
0.8762820851741067 0.6666666666667328 0
0.876282085174105 0.6904761904761877 0
0.8762820851742062 0.5000000000004302 0
0.8762820851741939 0.5238095238098911 0
0.7525641703479982 0.6190476190478864 0
0.5463676456375586 0.4523809523812923 0
0.5257479931665093 0.4642857142860445 0
0.5257479931665041 0.488095238095556 0
0.5051283406954612 0.4761904761907964 0
0.5051283406954667 0.4523809523812862 0
0.484508688224421 0.4642857142860352 0
0.4845086882244262 0.4404761904765306 0
0.463889035753384 0.4523809523812771 0
0.4638890357533885 0.4285714285717759 0
0.4432693832823484 0.440476190476521 0
-0.5052346303858564 0.7976190476186199 -0
-0.4846149779148337 0.8095238095233507 -0
-0.5052346303858474 0.8214285714280974 -0
-0.4846149779148263 0.8333333333328277 -0
-0.5052346303858373 0.8452380952375729 -0
-0.4846149779148179 0.8571428571423017 -0
-0.4639953254438081 0.8452380952375584 -0
-0.4639953254438001 0.8690476190470308 -0
-0.4433756729727913 0.8571428571422889 -0
-0.5052346303858268 0.869047619047046 -0
-0.5258542828568461 0.8571428571423182 -0
-0.5258542828568357 0.8809523809517905 -0
-0.5464739353278544 0.8690476190470632 -0
-0.4433756729727836 0.8809523809517606 -0
-0.4227560205017752 0.869047619047018 -0
-0.21655949579136 0.4642857142856783 -0
-0.1959398433203136 0.452380952380924 -0
-0.2165594957913598 0.4404761904761663 -0
-0.1959398433203101 0.4285714285714107 -0
-0.2165594957913595 0.4166666666666519 -0
-0.1959398433203077 0.4047619047618947 -0
-0.2165594957913592 0.3928571428571346 -0
-0.2371791482624132 0.4047619047618929 -0
-0.1959398433203055 0.3809523809523772 -0
-0.1753201908492541 0.3928571428571385 -0
-0.2371791482624128 0.3809523809523737 -0
-0.2577988007334693 0.3928571428571331 -0
-0.1753201908492506 0.3690476190476202 -0
-0.1547005383782009 0.3809523809523841 -0
0.2989318159845887 0.7380952380948749 0
0.3195514684556544 0.7261904761901105 0
0.2989318159845926 0.7142857142853473 0
0.3195514684556526 0.7023809523805846 0
0.2989318159845946 0.6904761904758232 0
0.3195514684556525 0.678571428571062 0
0.2989318159845956 0.6666666666663026 0
0.3401711209267259 0.6904761904758172 0
0.2783121635135419 0.6785714285710613 0
0.2783121635135439 0.6547619047615438 0
0.2576925110424915 0.6666666666662995 0
0.2576925110425077 0.642857142856808 0
0.2370728585714453 0.6547619047615433 0
0.2370728585714885 0.630952380952079 0
0.2164532061004091 0.6428571428568088 0
-0.4021363680303412 0.2857142857144464 -0
-0.5670935877989727 0.6190476190474743 -0
-0.2165594957913649 0.5357142857141978 -0
-0.4227560205017554 0.535714285714209 -0
-0.567093587798925 0.2857142857144636 -0
0.4638890357529417 0.6428571428570401 0
0.1339745962160905 0.7142857142853464 0
0.1339745962170923 0.2857142857145371 0
0.3401711209267171 0.5000000000000261 0
0.7938034752900842 0.6428571428573233 0
-0.1547005383785093 0.7142857142853496 -0
-0.1340808859074799 0.7023809523806022 -0
-0.1547005383785143 0.690476190475856 -0
-0.1340808859074814 0.6785714285711087 -0
-0.1547005383785153 0.6666666666663624 -0
-0.1340808859074821 0.6547619047616142 -0
-0.1547005383785161 0.6428571428568679 -0
-0.1753201908495493 0.6547619047616164 -0
-0.1340808859074824 0.6309523809521176 -0
-0.1134612334364469 0.6428571428568656 -0
-0.113461233436447 0.619047619047367 -0
-0.09284158096540938 0.6309523809521165 -0
0.2783121635142847 0.2023809523814041 0
0.298931815985306 0.1904761904766731 0
0.2783121635142948 0.178571428571928 0
0.2989318159853146 0.166666666667198 0
0.2783121635143047 0.154761904762454 0
0.2989318159853225 0.1428571428577257 0
0.3195514684563301 0.1785714285719417 0
0.2783121635143138 0.130952380952982 0
0.2576925110432966 0.1428571428577097 0
0.2576925110433053 0.1190476190482386 0
0.2370728585722895 0.1309523809529654 0
0.2989318159853304 0.1190476190482545 0
-0.3815167155592705 0.2976190476192137 -0
-0.4021363680303399 0.3095238095239825 -0
-0.3815167155592725 0.3214285714287494 -0
-0.4021363680303378 0.3333333333335153 -0
-0.3815167155592737 0.3452380952382805 -0
-0.402136368030335 0.3571428571430453 -0
-0.4227560205013983 0.3452380952382826 -0
-0.3815167155592745 0.3690476190478071 -0
-0.4227560205013956 0.3690476190478081 -0
-0.4433756729724543 0.3571428571430483 -0
-0.3608970630882136 0.3571428571430451 -0
-0.3608970630882145 0.3809523809525693 -0
0.3195514684563383 0.1309523809529971 0
-0.443375672972788 0.5476190476189617 -0
-0.4227560205017515 0.5595238095237057 -0
-0.443375672972782 0.5714285714284576 -0
-0.4227560205017472 0.5833333333332007 -0
-0.4433756729727761 0.5952380952379519 -0
-0.4227560205017437 0.6071428571426968 -0
-0.4433756729727775 0.6190476190474478 -0
-0.4021363680307132 0.5952380952379439 -0
-0.4021363680307105 0.6190476190474392 -0
-0.3815167155596806 0.6071428571426869 -0
-0.3815167155596835 0.6309523809521917 -0
-0.3608970630886491 0.6190476190474312 -0
-0.402136368030347 0.214285714285815 -0
-0.587713240269953 0.7499999999996896 -0
0.133974596217126 0.214285714286077 0
0.1545942486881547 0.2023809523813456 0
0.1339745962171395 0.1904761904765949 0
0.1545942486881655 0.1785714285718649 0
0.1339745962171525 0.1666666666671154 0
0.1545942486881782 0.1547619047623867 0
0.1339745962171661 0.1428571428576408 0
0.1133549437461415 0.1547619047623666 0
0.1133549437461552 0.1309523809528926 0
0.09273529127513071 0.1428571428576169 0
0.1545942486881993 0.1309523809529115 0
0.09273529127514235 0.1190476190481408 0
0.07211563880411877 0.1309523809528687 0
-0.7320508075674954 0.4047619047619794 -0
-0.2371791482624075 0.5476190476189442 -0
-0.4227560205017019 0.4642857142857649 -0
0.1133549437460594 0.2976190476192731 0
0.1339745962170832 0.3095238095240271 0
0.1133549437460484 0.321428571428764 0
0.1339745962170741 0.3333333333335187 0
0.1133549437460378 0.3452380952382562 0
0.1339745962170643 0.357142857143011 0
0.1545942486881002 0.3452380952382732 0
0.1133549437460273 0.3690476190477497 0
0.09273529127499913 0.3571428571429936 0
0.1545942486880909 0.3690476190477655 0
0.1752139011591262 0.3571428571430274 0
0.09273529127498839 0.3809523809524897 0
0.07211563880394892 0.369047619047727 0
-0.7320508075672885 0.500000000000044 -0
-0.05160227602299626 0.4642857142856919 -0
-0.07222192849404117 0.4523809523809327 -0
-0.0516022760229919 0.4404761904761798 -0
-0.8763883748645911 0.6071428571428134 -0
-0.8763883748645938 0.5833333333332879 -0
-0.5464739353278756 0.2023809523810716 -0
-0.5670935877989588 0.1904761904763055 -0
-0.5464739353278825 0.1785714285715228 -0
-0.5670935877989709 0.1666666666667532 -0
-0.5464739353278891 0.1547619047619688 -0
-0.5670935877989796 0.1428571428571979 -0
-0.5877132402700629 0.1547619047619841 -0
-0.5464739353278957 0.1309523809524114 -0
-0.5258542828568031 0.1428571428571845 -0
-0.587713240270072 0.1309523809524271 -0
-0.6083328927411559 0.1428571428572155 -0
-0.5258542828568082 0.1190476190476236 -0
-0.5052346303857126 0.1309523809523986 -0
-0.05160227602300856 0.535714285714221 -0
-0.0309826235519673 0.5476190476189778 -0
-0.6289525452120938 0.5595238095237484 -0
-0.4227560205014267 0.2023809523810416 -0
-0.4021363680303468 0.1904761904762645 -0
-0.2784184532038897 0.2142857142858154 -0
-0.2577988007328071 0.2023809523810431 -0
-0.2784184532038893 0.1904761904762633 -0
-0.2577988007328008 0.1785714285714886 -0
-0.2784184532038881 0.1666666666667073 -0
-0.2577988007327958 0.1547619047619305 -0
-0.2784184532038865 0.1428571428571478 -0
-0.2577988007327943 0.1309523809523694 -0
-0.2371791482617037 0.1428571428571547 -0
-0.2990381056749781 0.1547619047619265 -0
-0.2990381056749774 0.1309523809523651 -0
-0.2371791482616996 0.1190476190475911 -0
-0.2165594957906101 0.130952380952376 -0
0.4432693832821226 0.8690476190473524 0
0.4226497308110347 0.8809523809521331 0
-0.7320508075672472 0.5952380952380457 -0
-0.8351490699224351 0.7738095238093059 -0
0.5463676456371324 0.6904761904760731 0
-0.4021363680307417 0.6428571428569512 -0
-0.6701918501543256 0.2738095238096774 -0
-0.6495721976831675 0.3333333333335317 -0
-0.0722219284940369 0.4285714285714209 -0
-0.0516022760229875 0.4166666666666694 -0
-0.03098262355194339 0.4285714285714275 -0
-0.03098262355193951 0.404761904761918 -0
-0.0516022760229828 0.3928571428571597 -0
-0.03098262355193517 0.3809523809524088 -0
-0.01036297108078829 0.4166666666666757 -0
-0.1134612334354488 0.285714285714481 -0
-0.3608970630886504 0.6428571428569368 -0
-0.340277410617616 0.6309523809521749 -0
-0.09284158096542144 0.7976190476185621 -0
-0.1134612334364444 0.809523809523305 -0
-0.092841580965422 0.8214285714280463 -0
-0.1134612334364427 0.8333333333327879 -0
-0.09284158096542323 0.8452380952375276 -0
-0.113461233436442 0.8571428571422677 -0
-0.09284158096542401 0.8690476190470071 -0
-0.0722219284944052 0.857142857142268 -0
-0.1340808859074606 0.8452380952375291 -0
-0.1340808859074592 0.8690476190470064 -0
-0.1547005383784762 0.8571428571422702 -0
-0.07222192849440603 0.8809523809517473 -0
-0.05160227602338727 0.869047619047008 -0
-0.1340808859063891 0.2023809523811169 -0
-0.1134612334353154 0.1904761904763622 -0
-0.1340808859063795 0.1785714285715859 -0
-0.1134612334353055 0.1666666666668291 -0
-0.09284158096423896 0.1785714285716037 -0
-0.09284158096422815 0.1547619047620693 -0
-0.1134612334352944 0.1428571428572905 -0
-0.09284158096421502 0.1309523809525344 -0
-0.07222192849315348 0.1428571428573133 -0
-0.1134612334352816 0.1190476190477495 -0
-0.07222192849313772 0.1190476190477809 -0
-0.05160227602209131 0.1309523809525767 -0
-0.3196577581460702 0.1428571428571456 -0
0.876283167084803 0.8809505070272934 0
0.8144231277611743 0.3690476190480415 0
0.8350427802322538 0.3571428571432735 0
0.8556624327033093 0.3690476190480401 0
0.8556624327033365 0.3452380952384996 0
-0.4227560205014314 0.1785714285714893 -0
-0.4021363680303471 0.1666666666667093 -0
-0.4227560205014311 0.1547619047619389 -0
-0.4021363680303476 0.1428571428571512 -0
-0.422756020501426 0.1309523809523787 -0
-0.4021363680303475 0.1190476190475878 -0
0.4432693832819355 0.559523809523876 0
0.7938034752900989 0.3809523809528063 0
0.1752139011591171 0.3809523809525193 0
0.195833553630126 0.3690476190477369 0
0.278312163513633 0.5357142857142696 0
0.113354943746019 0.3928571428572467 0
0.5463676456371799 0.6190476190476257 0
0.381410425868782 0.5952380952380134 0
-0.1753201908495507 0.6309523809521215 -0
-0.1959398433205744 0.6428571428568862 -0
0.07211563880394553 0.3928571428572303 0
0.1958335536294944 0.535714285714271 0
0.1752139011584416 0.5476190476190071 0
0.6082266030507426 0.8452380952377612 0
0.6288462555218307 0.8571428571425299 0
0.6288462555218378 0.8809523809520751 0
0.6494659079929131 0.8690476190472937 0
-0.1959398433203031 0.3571428571428581 -0
-0.2577988007334679 0.3690476190476113 -0
-0.05160227602297784 0.3690476190476502 -0
-0.4433756729724511 0.3809523809525708 -0
-0.463995325443509 0.3690476190478123 -0
0.8762820851744124 0.3571428571432709 0
0.8762820851744293 0.3333333333337222 0
0.8556624327033413 0.3214285714289384 0
0.8762820851744368 0.3095238095241607 0
0.8762820851745385 0.1428571428574502 0
0.6700855604640493 0.1190476190479724 0
-0.3196577581460705 0.1190476190475803 -0
0.8762820851745372 0.1190476190479078 0
0.5051283406953625 0.8809523809521134 0
-0.1547005383784731 0.8809523809517469 -0
-0.1753201908494894 0.8690476190470099 -0
-0.6083328927411668 0.1190476190476543 -0
-0.6289525452122513 0.1309523809524447 -0
-0.62895254521224 0.1547619047620049 -0
-0.6495721976833495 0.1428571428572254 -0
-0.6495721976833498 0.1190476190476739 -0
-0.6701918501544323 0.1309523809524654 -0
-0.6701918501544539 0.1547619047620127 -0
-0.6908115026255156 0.1428571428572568 -0
-0.6908115026255226 0.1666666666668095 -0
-0.7114311550965899 0.1547619047620485 -0
-0.7114311550965753 0.1785714285715963 -0
-0.7320508075676445 0.1666666666668548 -0
-0.7320508075676414 0.1904761904763795 -0
-0.7526704600387126 0.1785714285716571 -0
-0.7526704600387095 0.2023809523811492 -0
-0.7732901125097811 0.1904761904764212 -0
-0.7732901125097743 0.2142857142859128 -0
-0.7939097649808249 0.2023809523811778 -0
-0.793909764980818 0.2261904761906877 -0
-0.7939097649808438 0.1785714285716982 -0
-0.8145294174518689 0.2142857142859516 -0
-0.8145294174518529 0.2380952380954619 -0
-0.8351490699229034 0.2261904761907211 -0
-0.8351490699228885 0.2500000000002242 -0
-0.7320508075676564 0.1428571428573298 -0
-0.8557687223939363 0.2380952380954845 -0
-0.8557687223939203 0.261904761904985 -0
-0.8557687223939505 0.2142857142859861 -0
-0.8351490699228814 0.2738095238097235 -0
-0.8557687223939077 0.2857142857144794 -0
-0.8351490699228733 0.2976190476192184 -0
-0.8557687223938955 0.3095238095239741 -0
-0.835149069922861 0.3214285714287117 -0
-0.8557687223938832 0.333333333333468 -0
-0.8351490699228512 0.3452380952382031 -0
-0.8557687223938704 0.3571428571429548 -0
-0.8351490699228392 0.3690476190476913 -0
-0.855768722393858 0.3809523809524417 -0
-0.8351490699228286 0.3928571428571773 -0
-0.8557687223938476 0.4047619047619307 -0
-0.8351490699228171 0.416666666666663 -0
-0.8557687223938359 0.4285714285714158 -0
-0.8351490699228039 0.4404761904761481 -0
-0.8557687223938222 0.4523809523809017 -0
-0.8763883748648543 0.4404761904761699 -0
-0.8763883748648428 0.4642857142856547 -0
-0.876388374864951 0.2738095238097319 -0
-0.8763883748649042 0.3452380952382236 -0
-0.8557687223938089 0.4761904761903897 -0
-0.876388374864833 0.4880952380951437 -0
-0.8763883748649766 0.226190476190748 -0
-0.8763883748649924 0.2023809523812535 -0
-0.6908115026255247 0.1190476190477011 -0
-0.8763883748648827 0.392857142857185 -0
-0.7939097649808082 0.2500000000001884 -0
0.7525641703482063 0.1190476190479646 0
-0.5464739353278441 0.8928571428565344 -0
-0.5670935877988651 0.8809523809518126 -0
-0.5670935877988734 0.8571428571423363 -0
-0.5877132402698859 0.869047619047087 -0
-0.5877132402698941 0.8452380952376078 -0
-0.6083328927409052 0.8571428571423549 -0
-0.6083328927408973 0.8809523809518393 -0
-0.628952545211919 0.8690476190471049 -0
-0.6289525452119294 0.8452380952376246 -0
-0.6495721976829442 0.8571428571423756 -0
-0.6495721976829322 0.8809523809518554 -0
-0.6701918501539591 0.8690476190471259 -0
-0.670497394145392 0.892327925139477 -0
-0.6908624266235477 0.8808641779990217 -0
0.4432693832821249 0.8928571428569085 0
-0.4227560205014329 0.1071428571428063 -0
-0.8970080273356602 0.6666666666666456 -0
-0.8970080273356513 0.6904761904761906 -0
-0.8970080273356509 0.5952380952380538 -0
-0.897008027335682 0.5714285714285038 -0
-0.8970080273358725 0.4523809523809209 -0
0.237072858572298 0.1071428571434957 0
0.8556624327034591 0.1071428571431555 0
0.5257479931664475 0.8928571428568874 0
-0.1753201908494865 0.8928571428564844 -0
-0.1959398433205022 0.8809523809517464 -0
-0.4227560205017663 0.8928571428564878 -0
-0.4021363680307599 0.8809523809517463 -0
0.6494659079929199 0.8928571428568395 0
0.6700855604639911 0.8809523809520587 0
-0.5877132402700798 0.1071428571428642 -0
-0.1340808859074508 0.8928571428564895 -0
0.443269383282631 0.1071428571433304 0
0.4226497308115905 0.1190476190480935 0
0.4226497308115201 0.1428571428576458 0
0.3195514684563805 0.1071428571434822 0
-0.2990381056749741 0.1071428571427979 -0
-0.4639953254437861 0.8928571428565034 -0
0.07211563880413041 0.1071428571433904 0
0.05149598633311094 0.11904761904811 0
0.05149598633310559 0.1428571428575554 0
-0.8351490699223226 0.8928571428568609 -0
-0.216559495790604 0.1071428571428114 -0
-0.05160227602338882 0.8928571428564862 -0
-0.03098262355236513 0.8809523809517488 -0
-0.05160227602207595 0.107142857143081 -0
-0.8763883748644505 0.8928571428569115 -0
-0.8970080273355057 0.880952380952174 -0
-0.8970080273355309 0.8571428571426508 -0
0.1133549437461782 0.1071428571434218 0
-0.5052346303857229 0.1071428571428408 -0
-0.1959398433204967 0.9047619047612254 -0
-0.2165594957915125 0.8928571428564833 -0
-0.2165594957915146 0.8690476190470119 -0
-0.237179148262526 0.8809523809517484 -0
-0.4021363680307526 0.9047619047612148 -0
-0.381516715559746 0.8928571428564741 -0
-0.3815167155597529 0.8690476190470053 -0
-0.3608970630887382 0.8809523809517341 -0
-0.4021363680303445 0.09523809523801863 -0
-0.8145294174518054 0.3809523809524223 -0
0.8350427802321202 0.690476190476203 0
-0.8557687223937964 0.49999999999988 -0
-0.8351490699227716 0.4880952380951238 -0
-0.8145294174518356 0.3095238095239342 -0
-0.8145294174517858 0.428571428571394 -0
0.5051283406956159 0.1904761904765861 0
0.6494659079930178 0.130952380952716 0
0.6494659079930265 0.107142857143217 0
0.6700855604640781 0.09523809523846245 0
0.855662432703123 0.6071428571431206 0
0.8762820851741151 0.6190476190478501 0
0.5463676456376763 0.2142857142860657 0
0.4432693832823566 0.4166666666670051 0
0.4226497308113221 0.428571428571732 0
0.5051283406954554 0.5000000000003129 0
0.525747993166533 0.3690476190479068 0
0.154594248687164 0.7023809523805797 0
0.1339745962160976 0.6904761904758261 0
-0.05160227602210117 0.154761904762093 -0
-0.237179148262528 0.8571428571422772 -0
-0.2577988007335398 0.8690476190470147 -0
-0.2577988007335375 0.8928571428564851 -0
-0.7320508075676475 0.2142857142858941 -0
-0.6701918501539703 0.8452380952376459 -0
-0.4639953254435137 0.3452380952382906 -0
-0.4846149779145681 0.3571428571430546 -0
-0.4846149779145634 0.3809523809525754 -0
-0.5052346303856203 0.3690476190478196 -0
-0.5052346303856232 0.3928571428573256 -0
-0.5258542828566719 0.3809523809525818 -0
-0.5258542828567081 0.4047619047620843 -0
-0.5464739353277259 0.392857142857343 -0
-0.5464739353277561 0.4166666666668554 -0
-0.5670935877987725 0.4047619047621057 -0
-0.5670935877987753 0.4285714285716047 -0
-0.546473935327725 0.3690476190478299 -0
-0.5052346303856267 0.3452380952382983 -0
0.1958335536301574 0.345238095238284 0
0.2164532061011806 0.3571428571430357 0
0.2164532061011077 0.3809523809525085 0
0.2370728585721966 0.3690476190477903 0
0.237072858572218 0.3452380952383071 0
0.2576925110432383 0.3571428571430578 0
0.2576925110432297 0.3809523809525457 0
0.278312163514262 0.3690476190478091 0
-0.3608970630887441 0.8571428571422641 -0
0.3814104258693723 0.2380952380956534 0
0.4020300783403953 0.2261904761909194 0
-0.6908115026255315 0.1904761904763356 -0
-0.3402774106176195 0.6071428571426792 -0
-0.3196577581465867 0.6190476190474226 -0
-0.3196577581465829 0.6428571428569148 -0
-0.2990381056755538 0.6309523809521653 -0
-0.2990381056755572 0.607142857142672 -0
-0.299038105675551 0.6547619047616571 -0
0.7938034752901064 0.3571428571432665 0
0.2783121635142035 0.3928571428573876 0
0.2989318159852755 0.3809523809525735 0
0.1958335536295034 0.4642857142857785 0
-0.09284158096541026 0.654761904761616 -0
-0.07222192849437102 0.6428571428568682 -0
-0.6701918501541411 0.6071428571427596 -0
-0.03098262355193038 0.3571428571429006 -0
-0.03098262355236044 0.8571428571422672 -0
-0.01036297108133397 0.8690476190470077 -0
-0.01036297108134396 0.892857142856492 -0
0.01025668138969642 0.8809523809517505 0
-0.1753201908492471 0.3452380952381003 -0
-0.1340808859074841 0.6071428571426185 -0
-0.1134612334364476 0.5952380952378669 -0
0.2783121635135849 0.6309523809520767 0
0.01025668138970067 0.8571428571422519 0
0.03087633386074414 0.8690476190470031 0
0.0321180158217014 0.8960392189303874 0
0.05149598633179002 0.8809523809517662 0
-0.3815167155595969 0.4642857142857721 -0
0.7938034752901019 0.4285714285718826 0
-0.2784184532045237 0.6190476190474158 -0
-0.8351490699224506 0.6785714285713876 -0
0.05149598633179529 0.8571428571422469 0
0.07211563880285085 0.86904761904701 0
0.07184647868563494 0.8915232530833777 0
0.09218692309957191 0.8798579642834392 0
0.4226497308113111 0.4523809523812586 0
0.4020300783402798 0.4404761904765036 0
0.4020300783402989 0.4166666666669426 0
0.3814104258692513 0.4285714285717445 0
0.3814104258692714 0.4047619047622105 0
0.09264389657816724 0.856960454364233 0
0.1132483165999526 0.8688348158059768 0
0.1106804302007182 0.8954463453012392 0
0.1335110727678339 0.881348447485729 0
0.1338795711171548 0.8571734010244417 0
0.1545603232408704 0.8690735307583968 0
0.1545113405380433 0.892927472564119 0
0.1752139011582021 0.8809523809517933 0
0.4638890357533775 0.476190476190781 0
0.8556624327033459 0.2976190476193753 0
0.8762820851744435 0.2857142857145928 0
0.3195514684556733 0.6547619047615394 0
0.6288462555218206 0.833333333332986 0
-0.2784184532040447 0.2857142857144904 -0
-0.2990381056751358 0.2976190476192502 -0
0.8969017376455192 0.3452380952385128 0
0.8969017376455032 0.3690476190480632 0
0.896901737645531 0.130952380952676 0
0.8969017376453297 0.15476190476228 0
0.8969017376455946 0.1071428571431297 0
-0.5670935877988528 0.9047619047612818 -0
0.05149598633311822 0.09523809523863815 0
-0.8970080273360164 0.214285714286012 -0
-0.8970080273360312 0.1904761904765204 -0
-0.8763883748650094 0.1785714285717608 -0
-0.8970080273360581 0.1666666666670235 -0
-0.8763883748650232 0.1547619047622626 -0
-0.8970080273360829 0.1428571428575192 -0
-0.8763883748650363 0.1309523809527537 -0
-0.8970080273360972 0.1190476190480089 -0
-0.8763883748650469 0.1071428571432367 -0
-0.8557687223939837 0.1190476190479856 -0
-0.5258542828568203 0.9047619047612625 -0
-0.2370961933394895 0.09538177737802531 -0
-0.6496477481361456 0.9041421788065095 -0
-0.6914485397188335 0.9036653808245371 -0
-0.711535592623282 0.8926768348038263 -0
-0.7114570486836462 0.8690028672128687 -0
-0.07222192849440619 0.9047619047612239 -0
-0.0722219284931219 0.09523809523825745 -0
-0.0103629710808893 0.3690476190476583 -0
-0.5877132402698113 0.4166666666668644 -0
-0.587713240269841 0.4404761904763604 -0
-0.5877132402698139 0.3928571428573564 -0
0.3401711209273586 0.1190476190482613 0
0.8969017376450892 0.6785714285714383 0
0.8969017376450841 0.7023809523809019 0
0.8762820851741098 0.7142857142856316 0
0.8969017376450884 0.7261904761903368 0
-0.2784184532045502 0.8809523809517522 -0
-0.2784184532045534 0.8571428571422814 -0
0.5876069505797432 0.2380952380955738 0
0.8144231277611194 0.5833333333335823 0
-0.07222192849437015 0.6190476190473657 -0
-0.05160227602333099 0.630952380952118 -0
-0.05160227602333201 0.654761904761622 -0
-0.03098262355229613 0.6428571428568818 -0
0.8969017376451975 0.5119047619051701 0
0.8969017376451675 0.5357142857146759 0
0.8969017376452119 0.4880952380957202 0
0.03087633386210076 0.1071428571433484 0
-0.0722219284940265 0.3809523809524007 -0
-0.1547005383782077 0.4047619047619002 -0
-0.1340808859063663 0.130952380952509 -0
-0.134080885906353 0.1071428571429613 -0
0.5876069505796366 0.5476190476193605 0
0.6082266030506837 0.5595238095241238 0
-0.195939843320548 0.6190476190474192 -0
-0.8763883748645555 0.7023809523809097 -0
-0.8970080273356275 0.7142857142857086 -0
0.1958335536294919 0.5595238095237729 0
0.1752139011584327 0.5714285714285139 0
-0.0722219284940214 0.3571428571428906 -0
0.6700855604639904 0.8571428571425106 0
0.6907052129350643 0.8690476190472745 0
0.6907052129350697 0.8928571428568184 0
0.7113248654061347 0.8809523809520399 0
-0.2784184532044974 0.3809523809524197 -0
-0.2784184532045209 0.4047619047619012 -0
0.89690173764554 0.2976190476193825 0
0.896901737645545 0.2738095238098092 0
0.8762820851744584 0.2619047619050544 0
0.8969017376453201 0.2500000000002897 0
-0.8970080273354837 0.9047619047616862 -0
-0.5258542828568148 0.09523809523805826 -0
0.6288462555218446 0.9047619047616244 0
0.9180720464320906 0.9045640610402581 0
0.1752000831333552 0.9047736263792731 0
0.1958312506251464 0.8928590964595596 0
-0.3196577581460649 0.09523809523802043 -0
0.2989318159854162 0.0952380952386941 0
0.4638890357536831 0.09523809523857266 0
0.3401711209274764 0.09523809523866884 0
-0.6083328927411782 0.09523809523808935 -0
0.4226497308116158 0.09523809523859653 0
0.4226497308110362 0.9047619047616955 0
0.4020300783399419 0.8928571428569148 0
-0.8970080273361114 0.09523809523849075 -0
-0.2784184532045486 0.9047619047612219 -0
-0.855768722393993 0.09523809523845778 -0
-0.8351490699229167 0.1071428571432151 -0
0.5051283406953653 0.9047619047616726 0
-0.3608970630887094 0.9047619047612084 -0
0.7113248654061448 0.9047619047615804 0
0.7319445178772102 0.8928571428568028 0
0.4431174400622689 0.9164034932898135 0
0.6288462555219931 0.1190476190479641 0
0.6288462555220024 0.09523809523847046 0
0.6082266030509722 0.1071428571432161 0
0.2989318159850887 0.4047619047623681 0
0.1545942486871695 0.6785714285710813 0
0.1339745962160905 0.6666666666663332 0
0.1133549437450447 0.6785714285710683 0
0.1133549437450486 0.6547619047615547 0
0.0927352912739984 0.6666666666663038 0
0.09273529127400307 0.6428571428567911 0
0.07211563880295314 0.6547619047615416 0
0.07211563880295851 0.6309523809520303 0
0.09273529127400729 0.6190476190472792 0
0.07211563880296423 0.6071428571425201 0
0.05149598633191566 0.6190476190472699 0
0.1339745962161812 0.6428571428568846 0
-0.2165594957915157 0.8452380952375391 -0
-0.1959398433203019 0.3333333333333375 -0
0.6907052129350124 0.2261904761907959 0
0.5463676456375135 0.8095238095234625 0
0.5669872981085808 0.7976190476186886 0
0.5463676456375113 0.7857142857139244 0
0.4638890357531933 0.785714285713931 0
0.4845086882242611 0.7738095238091587 0
0.4638890357531906 0.7619047619043935 0
0.4845086882242563 0.7499999999996234 0
0.4638890357531898 0.7380952380948594 0
-0.7320725294195076 0.8809148709707184 -0
-0.7321618715017246 0.9045696524538369 -0
0.3814104258688808 0.7619047619043996 0
0.4020300783399506 0.7499999999996316 0
-0.8557687223935428 0.5714285714285247 -0
0.6288462555217365 0.5476190476193725 0
0.6288462555217296 0.5714285714288858 0
-0.567093587798961 0.6904761904759634 -0
-0.3815167155597604 0.8452380952375338 -0
0.1752139011591933 0.1666666666671359 0
-0.2165594957906137 0.1547619047619363 -0
0.6494659079927819 0.5595238095241354 0
0.6494659079927751 0.5833333333336468 0
0.2576925110424882 0.6904761904758159 0
-0.1959398433205803 0.6666666666663674 -0
0.381410425869379 0.2142857142861739 0
0.5669872981085902 0.5357142857145976 0
0.6082266030507182 0.4166666666670051 0
-0.814529417451397 0.6666666666666173 -0
0.6700855604638636 0.4047619047623032 0
0.2370728585722744 0.1547619047624356 0
0.4226497308114126 0.2380952380956661 0
-0.4639953254438401 0.7261904761901639 -0
-0.4433756729728211 0.7142857142854167 -0
-0.4639953254438478 0.7023809523806807 -0
-0.3196577581460701 0.1666666666667066 -0
0.09273529127512313 0.1666666666670847 0
-0.5670935877990009 0.5238095238094953 -0
-0.5052346303857085 0.1547619047619601 -0
0.4432693832824074 0.3452380952383547 0
0.07211563880390609 0.3452380952382268 0
-0.5877132402700873 0.2023809523810637 -0
-0.3196577581465778 0.6666666666664054 -0
0.2576925110432484 0.3333333333335714 0
-0.03098262355229324 0.6666666666663783 -0
-0.01036297108125267 0.6547619047616273 -0
-0.0103629710812187 0.6309523809521067 -0
-0.4846149779146182 0.4047619047620659 -0
-0.4227560205013924 0.3928571428573305 -0
-0.7526925910025631 0.8928188491418743 -0
-0.7320528733486564 0.8571392882381604 -0
0.7319445178771052 0.3214285714289259 0
0.7731838228190413 0.3690476190480461 0
0.2576925110431555 0.4047619047620639 0
-0.2165594957916097 0.6547619047616293 -0
-0.8145294174513774 0.6904761904761259 -0
0.05149598633192213 0.5952380952377612 0
-0.7939097649803334 0.6785714285713695 -0
-0.03098262355103156 0.1428571428573548 -0
-0.03098262355104765 0.1666666666668592 -0
0.8350427802322538 0.3095238095241525 0
0.1339745962160747 0.7857142857139121 0
-0.01036297108088448 0.3452380952381519 -0
0.1958331697952669 0.8690479446475138 0
0.2164528862386888 0.8809526522855422 0
0.2159833730935126 0.9039492581013289 0
0.2369944997600385 0.8927217469688615 0
0.2370597454592792 0.8690250982880192 0
0.2576772657219517 0.8809260615106738 0
0.2583994298777372 0.9036939981389823 0
0.2784147954304488 0.8926882046388884 0
0.09273529127401242 0.5952380952377695 0
0.2783267279463429 0.869015076103876 0
-0.5464739353277974 0.44047619047636 -0
0.4020300783402729 0.4642857142860045 0
0.9175213901160553 0.7142857142856227 0
0.9175213901160593 0.738095238095046 0
0.8969017376450951 0.7499999999997585 0
0.917521390116066 0.7619047619044683 0
0.6082266030506768 0.5833333333335756 0
0.2989513487096185 0.8809188007583184 0
0.299038056396192 0.9045794037967499 0
0.3195724306451695 0.8928211293302522 0
0.7113248654061348 0.8571428571425 0
0.9175213901165905 0.1190476190479015 0
0.9175213901166546 0.09523809523835571 0
-0.876388374864432 0.9166666666664206 -0
0.4020300783399433 0.9166666666664816 0
0.07211563880414351 0.08333333333391427 0
-0.8351490699229306 0.08326668835281102 -0
-0.8145294174518455 0.09522698774162533 -0
0.5257479931664553 0.9166666666664495 0
-0.2165594957915089 0.9166666666659629 -0
-0.4227560205014442 0.08333333333323491 -0
-0.4227560205017578 0.9166666666659562 -0
0.7319445178772198 0.9166666666663441 0
0.7525641703482865 0.9047619047615636 0
0.6494659079929329 0.9166666666663922 0
-0.5877132402700885 0.08333333333329862 -0
-0.9176276798067274 0.5833333333332762 -0
-0.917627679806749 0.55952380952374 -0
-0.9176276798067149 0.6071428571428177 -0
-0.9173316982400401 0.86904761904743 -0
-0.9175783495455159 0.8452380952379024 -0
-0.917627679807161 0.1071428571432661 -0
-0.9176276798070835 0.178571428571785 -0
-0.917627679806736 0.6785714285714259 -0
-0.1753201908494741 0.9166666666659664 -0
0.3197053166842166 0.9164004948640022 0
-0.2992040155193851 0.08333333333322783 -0
0.1545827336664081 0.9166764346810594 0
-0.9175155738770058 0.08352750650063417 -0
0.6082266030509806 0.08333333333372851 0
0.5876069505799543 0.0952380952384714 0
-0.7525071959862881 0.9169494740172042 -0
0.0308763338621018 0.08333333333388002 0
0.8969017376455991 0.08333333333359279 0
-0.5052346303857398 0.0833333333332736 -0
-0.8959576660661439 0.07315842785386285 -0
0.5876069505799629 0.0714285714289878 0
0.5669872981089409 0.08333333333372814 0
-0.05160227602339221 0.9166666666659613 -0
-0.05160227602204447 0.08333333333349863 -0
-0.2164047123216832 0.08360142616557664 -0
-0.8145785681501467 0.07129049049092483 -0
-0.7940299677148079 0.08311445993640437 -0
-0.7939297987697649 0.1071045269941927 -0
-0.7733134852635214 0.0951952279807072 -0
0.05149598633291498 0.3809523809524718 0
0.05149598633290404 0.404761904761973 0
0.07211563880393747 0.4166666666667325 0
0.2164532061005377 0.4523809523810336 0
0.9175213901162005 0.5000000000004601 0
0.9175213901162201 0.4761904761910132 0
-0.8351490699227118 0.5119047619046287 -0
-0.8145294174517252 0.499999999999853 -0
0.4226497308114182 0.2142857142861856 0
0.4432693832824362 0.2261904761909308 0
-0.608332892740855 0.4285714285716223 -0
-0.60833289274088 0.4523809523811267 -0
0.8762820851741189 0.5952380952384105 0
0.8969017376450974 0.607142857143128 0
0.4226497308113753 0.3571428571430927 0
0.4020300783403649 0.3452380952383448 0
-0.7732665903278454 0.9048026570341287 -0
0.05149598633289352 0.4285714285714757 0
0.4020300783405407 0.1071428571433978 0
0.4020300783406013 0.08333333333386594 0
0.6288462555219591 0.1428571428574748 0
-0.2990381056755599 0.8928571428564898 -0
-0.2990381056755574 0.9166666666659582 -0
0.8556624327031848 0.5357142857146031 0
0.5051283406954704 0.4285714285717809 0
0.4638890357534031 0.4047619047621898 0
0.6700855604640427 0.1666666666669669 0
0.566987298108643 0.2976190476193965 0
0.5463676456376023 0.2857142857146376 0
-0.4433756729728273 0.6904761904759318 -0
-0.4639953254438562 0.6785714285711952 -0
0.6288462555218315 0.2619047619050821 0
0.6700855604638243 0.5714285714288955 0
0.6700855604638202 0.5952380952384027 0
-0.237179148262531 0.8333333333328046 -0
0.2164532061003946 0.6666666666662995 0
0.2164532061012774 0.1190476190482132 0
0.2164532061012931 0.09523809523875064 0
0.2370728585723075 0.08333333333402686 0
0.6494659079927712 0.6071428571431557 0
0.6700855604638303 0.6190476190478839 0
-0.1547005383784817 0.8333333333327922 -0
-0.1753201908492373 0.3214285714285915 -0
-0.1547005383781906 0.33333333333336 -0
0.3814104258688825 0.7380952380948652 0
0.4020300783399484 0.7261904761900984 0
0.2370728585722278 0.3214285714288209 0
0.07211563880294761 0.6785714285710536 0
-0.2784184532045277 0.5952380952379228 -0
0.2989318159852913 0.3571428571430753 0
0.3195514684563131 0.3690476190478241 0
-0.4639953254438314 0.6071428571427144 -0
-0.3608970630887491 0.8333333333327941 -0
-0.3402774106177327 0.8452380952375235 -0
-0.4433756729727975 0.8333333333328163 -0
-0.2165594957916109 0.6785714285711159 -0
-0.3815167155596841 0.5833333333331938 -0
-0.5670935877988833 0.8333333333328612 -0
-0.5877132402699041 0.8214285714281304 -0
-0.1340808859071824 0.4642857142856822 -0
0.05149598633189751 0.6666666666663067 0
0.8969017376452249 0.4642857142862561 0
0.9175213901162529 0.4523809523815387 0
-0.2990381056755619 0.5833333333331771 -0
-0.09284158096506925 0.3690476190476415 -0
-0.2990381056755479 0.6785714285711471 -0
0.3607907733978084 0.8452380952377871 0
-0.8557687223939781 0.1666666666670041 -0
-0.05160227602333529 0.6785714285711265 -0
-0.05160227602301258 0.5595238095237276 -0
-0.8763883748648232 0.5119047619046373 -0
-0.897008027335858 0.4999999999998962 -0
-0.01036297108125183 0.6785714285711327 -0
-0.3815167155592641 0.1785714285714872 -0
-0.4433756729725034 0.1666666666667276 -0
0.3607907733982399 0.4166666666669713 0
0.3607907733982179 0.4404761904764907 0
-0.1959140460746909 0.09528277737677311 -0
-0.0103629710799801 0.1547619047621397 -0
-0.010362971080005 0.1785714285716264 -0
0.8350427802324055 0.1904761904765349 0
0.01025668139107586 0.09523809523859607 0
-0.3815167155592534 0.1309523809523696 -0
-0.4846149779146267 0.1190476190476181 -0
0.1958335536295067 0.4404761904762834 0
-0.1959398433195307 0.1428571428571936 -0
-0.1959398433195376 0.166666666666751 -0
-0.2165594957913696 0.5595238095236966 -0
-0.1340808859074729 0.583333333333141 -0
-0.1134612334364515 0.5714285714283778 -0
-0.8351490699224345 0.7499999999997955 -0
-0.8557687223935009 0.7619047619045531 -0
-0.2784184532045211 0.6666666666664001 -0
-0.2577988007334933 0.6071428571426674 -0
-0.03098262355197253 0.5714285714284845 -0
0.8556624327034799 0.2023809523813083 0
0.8350427802322559 0.2857142857145941 0
0.1133549437450123 0.7976190476186692 0
0.154594248687124 0.8452380952374763 0
0.5669872981085841 0.5595238095241113 0
0.5463676456375384 0.547619047619349 0
-0.03098262355183144 0.3333333333333604 -0
-0.5670935877989962 0.5000000000000203 -0
-0.5877132402700336 0.5119047619047643 -0
-0.09284158096506132 0.3452380952381385 -0
0.7525641703482743 0.8809523809520297 0
0.7731838228193482 0.8928571428567873 0
0.7731838228193582 0.916666666666319 0
0.7938034752904192 0.9047619047615427 0
0.7938034752904317 0.9285714285710719 0
0.8144231277614906 0.9166666666662957 0
0.1958335536294893 0.5833333333332793 0
0.2164532061005347 0.5714285714285293 0
0.1752139011584427 0.5952380952380298 0
0.1545942486873432 0.5833333333332232 0
0.4845086882242538 0.7261904761900919 0
0.4638890357531912 0.7142857142853298 0
0.5051283406953175 0.7380952380948541 0
-0.2784184532044565 0.3571428571429371 -0
-0.2577988007334548 0.3452380952381034 -0
0.5669872981085721 0.7738095238091476 0
0.5876069505796427 0.7857142857139146 0
0.340200255996465 0.9047115405399933 0
-0.2990381056754856 0.3928571428572696 -0
-0.2990381056755353 0.4166666666667237 -0
-0.2784184532045186 0.4285714285714251 -0
0.9175213901166104 0.3571428571433075 0
0.9175213901165971 0.380952380952871 0
0.9175213901166492 0.2857142857146012 0
-0.2377308242685248 0.07283005777660591 -0
-0.07222192849440523 0.9285714285706957 -0
-0.07222192849310391 0.07142857142871485 -0
-0.9382473322777939 0.5952380952380438 -0
-0.4021363680307451 0.9285714285706816 -0
-0.4021363680303458 0.0714285714284463 -0
-0.3815167155592557 0.08333333333323201 -0
-0.5258542828568264 0.0714285714284863 -0
0.7113248654061548 0.9285714285711246 0
-0.2784184532045491 0.9285714285706896 -0
0.1752096789839427 0.9285750101763848 0
0.6288462555220204 0.07142857142897359 0
-0.3196854097867883 0.07142857142844995 -0
0.2982244568451788 0.9266629268869712 0
-0.1957687888853293 0.07172484639930805 -0
0.9175213901166515 0.07142857142882174 0
-0.6083328927411893 0.07142857142852076 -0
0.4226497308116214 0.07142857142912604 0
-0.8970080273354641 0.9285714285711971 -0
-0.9176276798065193 0.9166666666664602 -0
0.6288462555218526 0.9285714285711798 0
0.01025668139108097 0.07142857142911645 0
0.5051283406953656 0.928571428571236 0
-0.7734260527086605 0.07119093932825032 -0
-0.752697012197399 0.08328658344057661 -0
-0.3815167155592444 0.05952380952365812 -0
-0.7730735182686074 0.928946586862975 -0
0.2164532061013029 0.07142857142928519 0
0.1958335536302911 0.08333333333400678 0
0.2370728585723159 0.05952380952456106 0
0.3414174327062663 0.9267433854147726 0
-0.7314176086622891 0.9284200878531483 -0
0.5257479931664643 0.9404761904760157 0
0.546367645637542 0.9285714285712197 0
0.5669872981089452 0.0595238095242558 0
0.5463676456379291 0.07142857142898966 0
0.9381410425872005 0.4880952380957602 0
0.9381461291759881 0.8452292850069757 0
0.01025668139025662 0.3571428571429123 0
0.01025668139017698 0.333333333333405 0
0.9381410425870171 0.7261904761903343 0
0.03087633386173858 0.3928571428571973 0
0.5463676456379238 0.09523809523846172 0
0.5257479931669137 0.08333333333372139 0
-0.6289525452118877 0.4404761904763806 -0
-0.6289525452119268 0.4166666666668671 -0
0.8969017376451042 0.5833333333337016 0
0.9175213901160726 0.595238095238419 0
0.9175213901160675 0.619047619047838 0
-0.6289525452118895 0.4642857142858819 -0
0.8969017376450973 0.773809523809185 0
0.9175213901160755 0.7857142857138896 0
0.8762820851741193 0.7619047619044834 0
0.9175213901160825 0.5714285714289975 0
0.9587606950577426 0.928571428571084 0
0.07211563880390168 0.4404761904761892 0
0.6907052129348626 0.6071428571431564 0
0.6907052129348723 0.6309523809526335 0
0.03087633386090271 0.6071428571425217 0
0.03087633386092452 0.5833333333330574 0
0.1958335536293498 0.6547619047615478 0
0.690705212935075 0.1785714285717201 0
0.6288462555218858 0.1904761904765153 0
-0.03098262355106133 0.1904761904763748 -0
0.5463676456375092 0.761904761904391 0
0.3814104258688769 0.7142857142853347 0
0.4020300783399444 0.7023809523805707 0
0.3814104258688774 0.6904761904758093 0
0.4020300783399435 0.6785714285710482 0
0.3814104258688881 0.6666666666662882 0
0.4226497308110136 0.6904761904758081 0
-0.2165594957915182 0.8214285714280669 -0
0.5051283406954861 0.3809523809526514 0
0.5257479931665231 0.3928571428574123 0
-0.793869745576455 0.9167359850936365 -0
0.3195514684563227 0.3452380952383377 0
0.3401711209273406 0.3571428571430808 0
0.7938034752901109 0.5476190476193724 0
-0.09284158096456463 0.2976190476191874 -0
0.7731838228192534 0.8690476190472275 0
0.2576925110432576 0.3095238095240861 0
-0.8970080273360006 0.238095238095503 -0
-0.9176276798070315 0.2261904761907697 -0
-0.9176276798070191 0.2500000000002529 -0
0.6494659079927894 0.5357142857146221 0
-0.7732901125092172 0.8333333333330345 -0
0.7731838228190263 0.3928571428575706 0
0.752564170347972 0.3809523809528113 0
0.7525641703479569 0.4047619047623308 0
0.7319445178768955 0.3928571428575579 0
-0.2784184532045184 0.6904761904758892 -0
0.3401711209271919 0.4285714285717428 0
0.05149598633189124 0.6904761904758181 0
-0.09284158096541822 0.9166666666659619 -0
0.8969017376454371 0.3928571428576074 0
0.917521390116484 0.4047619047624488 0
0.1958335536293381 0.6785714285710458 0
-0.3815167155592729 0.3928571428573304 -0
-0.3608970630882685 0.4047619047620906 -0
-0.5052346303858869 0.5833333333332164 -0
-0.5052346303858808 0.6071428571427089 -0
0.8556624327031304 0.5833333333336154 0
0.793803475290292 0.1190476190479556 0
0.8144231277613311 0.107142857143195 0
0.7938034752902874 0.09523809523844864 0
0.8144231277613199 0.08333333333369156 0
0.7938034752902811 0.07142857142895014 0
0.7731838228192522 0.08333333333370183 0
-0.4227560205014121 0.2976190476192165 -0
-0.4433756729724571 0.4047619047620775 -0
0.2576925110433188 0.07142857142930167 0
-0.3815167155597604 0.8214285714280628 -0
-0.1547005383785049 0.7857142857138129 -0
-0.8970080273358918 0.4285714285714235 -0
-0.9176276798069131 0.4404761904761645 -0
-0.9176276798069355 0.4166666666666466 -0
-0.01036297108088179 0.4404761904761848 -0
-0.3608970630882042 0.3095238095239833 -0
-0.4433756729728346 0.6666666666664454 -0
-0.422756020501805 0.6785714285711821 -0
-0.4639953254438649 0.6547619047617081 -0
-0.4846149779148868 0.6666666666664596 -0
0.5669872981086096 0.4404761904765394 0
-0.1959398433203274 0.5476190476189507 -0
-0.5877132402700013 0.6547619047617319 -0
-0.2165594957906206 0.1785714285714976 -0
-0.2990381056755629 0.4404761904761865 -0
0.360790773398357 0.226190476190907 0
0.3607907733983645 0.2023809523814291 0
0.3814104258693853 0.1904761904766963 0
0.3607907733983711 0.1785714285719532 0
0.3814104258693896 0.1666666666672222 0
-0.1959398433205813 0.6904761904758582 -0
-0.463995325443821 0.5595238095237135 -0
-0.525854282856913 0.6190476190474647 -0
-0.07222192849411121 0.547619047618962 -0
0.2783121635135309 0.7261904761901091 0
0.402030078340405 0.1785714285719642 0
0.1133549437451244 0.6071428571425723 0
0.1133549437451135 0.5833333333330686 0
0.1545942486881163 0.2976190476192903 0
0.09273529127496799 0.4285714285714846 0
-0.09284158096508655 0.4404761904761731 -0
0.2576925110432717 0.1904761904766569 0
-0.9176276798068916 0.4642857142856646 -0
-0.938247332277928 0.4523809523809109 -0
0.4226497308113034 0.4761904761907605 0
-0.4021363680307186 0.547619047618954 -0
-0.6495721976830906 0.6428571428570005 -0
0.484508688224453 0.3690476190478805 0
-0.2371791482624091 0.452380952380924 -0
-0.7526704600383557 0.5357142857142936 -0
0.1545942486880819 0.392857142857258 0
-0.09284158096507945 0.4166666666666614 -0
-0.5877132402700219 0.5595238095237426 -0
-0.1547005383785158 0.5952380952378833 -0
-0.3402774106177398 0.8214285714280498 -0
-0.3196577581467206 0.8333333333327808 -0
0.1133549437461177 0.2023809523813001 0
-0.6289525452122791 0.08333333333331512 -0
0.5669872981086255 0.36904761904793 0
-0.5258542828568695 0.809523809523368 -0
0.7319445178771398 0.2023809523812626 0
-0.1134612334364481 0.6904761904758561 -0
0.2164532061003762 0.6904761904758051 0
0.09273529127491043 0.3095238095239901 0
-0.2990381056749731 0.2023809523810393 -0
-0.8145294174517478 0.476190476190366 -0
-0.7939097649807068 0.4880952380950983 -0
-0.7939097649806415 0.5119047619046233 -0
-0.7939097649807234 0.4642857142856076 -0
-0.7732901125096838 0.4761904761903416 -0
-0.7732901125096958 0.4523809523808487 -0
0.2783121635142761 0.3214285714288364 0
0.1752139011584717 0.4523809523810275 0
-0.6701918501542102 0.3690476190478008 -0
-0.4639953254438497 0.4642857142857311 -0
-0.525854282856798 0.1904761904762932 -0
-0.0722219284943979 0.8095238095233056 -0
-0.1752873822352682 0.08339015951824927 -0
-0.175320190849265 0.4404761904761701 -0
0.0308763338608649 0.6309523809520384 0
-0.7114358149908917 0.8452300417812367 -0
-0.3196577581465737 0.6904761904758937 -0
-0.3402774106176028 0.6785714285711533 -0
-0.1134612334361142 0.3571428571428829 -0
-0.1959398433202713 0.3095238095238413 -0
-0.8557687223934904 0.7857142857140766 -0
-0.8763883748645641 0.7738095238093217 -0
-0.8763883748645421 0.7976190476188437 -0
-0.8970080273356281 0.7857142857140876 -0
0.6082266030507646 0.9166666666664096 0
0.6082266030507689 0.9404761904759691 0
-0.1134612334361276 0.4285714285714171 -0
-0.1340808859071599 0.392857142857147 -0
-0.2165594957913503 0.3214285714285788 -0
-0.2784184532045175 0.571428571428432 -0
-0.8351490699229134 0.1309523809527466 -0
0.8144231277611197 0.6785714285714791 0
0.8144231277611178 0.7023809523809368 0
0.7938034752901058 0.6904761904762544 0
0.8350427802321239 0.7142857142856625 0
0.8144231277611194 0.726190476190399 0
0.9175213901166406 0.309523809524177 0
-0.1547005383774418 0.1904761904763417 -0
-0.113461233435265 0.09523809523820398 -0
-0.9176276798067399 0.6547619047618773 -0
-0.9382473322778223 0.6666666666666614 -0
-0.1753201908495248 0.7976190476185581 -0
-0.1134612334360585 0.3333333333334412 -0
0.8762820851744104 0.1904761904765317 0
0.8350427802321291 0.7380952380951284 0
-0.8555837090042484 0.07173707374996174 -0
0.9381410425870058 0.7023809523809144 0
-0.4846149779148728 0.4523809523809966 -0
-0.340277410617155 0.1547619047619279 -0
0.7731838228190882 0.4642857142861532 0
-0.09284158096536833 0.583333333333154 -0
-0.7939097649803114 0.7023809523808504 -0
-0.4433756729725199 0.09523809523803034 -0
-0.4433756729725436 0.07142857142845134 -0
-0.4227560205014017 0.4166666666668333 -0
0.835042780232398 0.2142857142860612 0
0.2164532061005409 0.4285714285715394 0
0.2370728585715454 0.4404761904763336 0
0.8969017376452416 0.4404761904767778 0
-0.340277410617159 0.1071428571428013 -0
-0.7320519285131335 0.8333313962728173 -0
-0.7114321185695345 0.8214269063420986 -0
-0.3402774106171582 0.1785714285714882 -0
-0.1547005383774442 0.1666666666668084 -0
-0.154700538377437 0.1190476190477239 -0
0.01025668139103751 0.1666666666668986 0
0.01025668139102676 0.1904761904763873 0
0.5876069505796035 0.7619047619043894 0
-0.5464739353279651 0.4880952380952664 -0
-0.7938991747159907 0.8928754879734352 -0
-0.8351490699224219 0.7023809523808787 -0
-0.2577988007335306 0.6309523809521712 -0
-0.7732901125092699 0.6904761904760941 -0
-0.7732901125092861 0.6666666666666009 -0
-0.7526704600382261 0.6785714285713396 -0
-0.752670460038241 0.6547619047618414 -0
-0.7320508075671952 0.666666666666582 -0
-0.7320508075672014 0.6428571428570835 -0
-0.7114311550961551 0.6547619047618317 -0
-0.7114311550961663 0.6309523809523208 -0
0.09273529127402723 0.5714285714282665 0
0.7731838228190649 0.3452380952385055 0
0.793803475290111 0.3333333333337241 0
0.814423127761182 0.2976190476193926 0
-0.1340808859063236 0.08333333333340751 -0
-0.1134612334352458 0.0714285714286388 -0
-0.7732973469335036 0.1190340861468479 -0
-0.7939143096829053 0.1309437371110458 -0
0.4226497308109943 0.6666666666662986 0
-0.3815167155592947 0.4166666666668353 -0
-0.3608970630883171 0.4285714285716077 -0
-0.897008027335624 0.7619047619045756 -0
-0.9173316982401555 0.7738095238093302 -0
-0.917460745874434 0.7976190476188739 -0
0.9381410425870281 0.7738095238091889 0
0.9381410425870773 0.7976190476186686 0
-0.1547005383781865 0.3095238095238231 -0
0.03087633386207168 0.1785714285716479 0
-0.9175783495455947 0.749999999999831 -0
0.3401711209271727 0.4523809523812208 0
0.3607907733981693 0.4642857142859543 0
0.3195514684559462 0.4404761904766888 0
0.2989332952796945 0.8571399884097309 0
-0.1959398433203926 0.5714285714284704 -0
-0.1753201908493627 0.5595238095237199 -0
0.05149598633196383 0.5714285714282739 0
0.4020300783402661 0.4880952380955038 0
0.4226497308112979 0.5000000000002573 0
-0.5052346303859022 0.4642857142857619 -0
0.7731838228190409 0.3214285714289511 0
-0.2165594957914479 0.5833333333331961 -0
-0.01036297108097859 0.5595238095237052 -0
-0.01036297108097218 0.5833333333332085 -0
0.5051283406952549 0.714285714285354 0
0.2783148374682309 0.8452321932915443 0
0.5463676456375153 0.5714285714288316 0
0.5669872981085166 0.5833333333335562 0
0.5257479931664693 0.5595238095240666 0
0.6494659079927476 0.6309523809526135 0
0.6288462555216703 0.6190476190478066 0
0.4432693832820545 0.6785714285710693 0
0.6082266030506485 0.7738095238091467 0
0.5257479931663078 0.7261904761901175 0
-0.3402774106172095 0.3690476190478085 -0
-0.3402774106171618 0.3452380952382836 -0
0.9381410425870111 0.6071428571431674 0
0.9381410425870043 0.6309523809525801 0
0.9381410425871156 0.5119047619053294 0
0.7525641703481205 0.857142857142482 0
0.9381410425876446 0.1071428571431209 0
-0.07222192849391405 0.3333333333333616 -0
0.9381410425874248 0.1309523809526675 0
0.9381410425875926 0.3928571428577837 0
0.9381410425874739 0.4166666666673154 0
0.8142644073501828 0.9406065174295399 0
0.8347314190140571 0.929656440176201 0
0.8349908866959055 0.90494274002893 0
0.855601890244307 0.9168776411449696 0
-0.8767063851201247 0.9399253805557115 -0
-0.8558217241026749 0.9284796269177868 -0
0.6494659079929466 0.9404761904759504 0
0.03087633386212415 0.05952380952439546 0
-0.5880381940980869 0.05937727254484147 -0
-0.793866996039398 0.9405502699289056 -0
0.4023075437351398 0.06000439368504562 0
0.3814566701020262 0.07150866878922568 0
-0.9379513507113728 0.4761904761904097 -0
-0.9379513507112411 0.6190476190475828 -0
-0.9373776119748858 0.6894824458345397 -0
-0.752697542098236 0.05947641252512265 -0
-0.73205080756751 0.07142857142884111 -0
-0.7320552329273438 0.09523030358953191 -0
-0.7114318926564291 0.08333203472544136 -0
-0.7117116274080542 0.06000917246798863 -0
-0.6908583709373424 0.07150924881809065 -0
0.3813078417167601 0.0442413560630052 0
0.3607907733986041 0.05952380952437418 0
-0.2992362757669045 0.05952380952365286 -0
0.1553028457573724 0.9404784154124238 0
0.1370461551969138 0.9288774204173188 0
-0.9176276798064986 0.9404761904759736 -0
-0.8562681679650561 0.9557509006137518 -0
0.8556624327036362 0.940476190475793 0
0.8762719947647106 0.9286065909841319 0
0.876527140846372 0.9519594510582694 0
0.8973672700018717 0.9404292245883852 0
-0.1340808859063186 0.05952380952384365 -0
0.5254897323935426 0.05997113030534093 0
0.5050852972336761 0.07150312489249637 0
-0.1752862136738537 0.05958265971636935 -0
-0.9379513507110293 0.9285714285712361 -0
-0.9410878557343039 0.9022386608248987 -0
-0.9381543504094153 0.8611111111108728 -0
-0.9382473322776848 0.8333333333331405 -0
-0.9410808085542671 0.7644280058412825 -0
-0.9415278739603699 0.7359324575777034 -0
-0.9379326663899477 0.09527045743300618 -0
-0.9390427141007578 0.07312467861688729 -0
-0.9381948879634897 0.1190530127471182 -0
-0.9379513507114914 0.238095238095524 -0
-0.9379020204503865 0.2619047619050019 -0
-0.9175701278357353 0.273809523809731 -0
-0.9381801883115333 0.2857142857144779 -0
-0.9176068971507059 0.2976190476192062 -0
-0.9379366962743295 0.309523809523953 -0
-0.9175724433636596 0.3214285714286803 -0
-0.9378903719702802 0.3333333333334267 -0
-0.9175589803484707 0.3452380952381541 -0
-0.9378804074170686 0.3571428571428999 -0
-0.9175550757537297 0.369047619047628 -0
-0.9378780958924027 0.3809523809523735 -0
-0.9379020204504183 0.2142857142860407 -0
-0.5049031668741962 0.06009792116658397 -0
-0.52510218994422 0.0442451005767532 -0
0.1954997113348284 0.06010204134201461 0
0.1751582607767095 0.07152494339884426 0
0.1748151450841508 0.04830971340178198 0
0.1545185159453218 0.05965498248311478 0
0.1545830775041282 0.08335268239250582 0
0.1339601122293829 0.07145365843208443 0
-0.05129652728171973 0.06005338187654552 -0
-0.07192047773530219 0.04423592186872272 -0
-0.05129652728326574 0.9399466181231804 -0
-0.03093166542902591 0.9284831665119913 -0
-0.07192047773794004 0.9557640781309803 -0
-0.4230985089929183 0.9398829830077099 -0
-0.443432754387955 0.9284725606594112 -0
-0.4437847564483146 0.95167239901595 -0
-0.4640730195922216 0.9403416202628555 -0
0.7322931013756292 0.9398724261459771 0
0.03087633386119848 0.3452380952381601 0
0.03087633386129365 0.3214285714286176 0
0.01025668139049625 0.4285714285714433 0
0.8762820851741071 0.785714285713895 0
0.05149598633270734 0.4523809523809402 0
0.4432693832824429 0.2023809523814512 0
0.4638890357534612 0.2142857142861967 0
-0.835149069922354 0.9404761904758886 -0
0.814423127761101 0.7499999999998274 0
-0.6495721976829822 0.4523809523811272 -0
0.3607907733984613 0.1071428571434407 0
0.4020300783403519 0.3690476190478309 0
0.5876069505799216 0.1190476190479609 0
0.9587606950579899 0.7142857142856923 0
0.4226497308113689 0.3809523809525837 0
-0.3196577581465921 0.9047619047612221 -0
-0.3196577581465679 0.9285714285706934 -0
0.5669872981086478 0.2738095238098894 0
0.5463676456376083 0.2619047619051343 0
0.5876069505796889 0.2857142857146466 0
0.6700855604640368 0.1904761904764667 0
0.9175213901160642 0.6428571428572514 0
0.938141042587002 0.6547619047619865 0
-0.3196577581466468 0.8809523809517416 -0
0.3401711209273025 0.3809523809526046 0
0.7113248654058975 0.6190476190479148 0
0.7113248654058909 0.6428571428574156 0
0.6907052129348182 0.6547619047620487 0
0.7113248654058931 0.6666666666668728 0
0.7319445178769204 0.6547619047621683 0
0.7319445178769004 0.6785714285716369 0
0.7525641703479449 0.6666666666669283 0
0.7525641703479176 0.6904761904763368 0
0.5463676456375608 0.428571428571748 0
0.5669872981086121 0.4166666666669857 0
0.03087633386205586 0.2023809523811449 0
0.05149598633309769 0.190476190476438 0
-0.2371791482625362 0.8095238095233324 -0
-0.2577988007335917 0.8214285714280567 -0
-0.3402774106176137 0.7023809523806489 -0
-0.3608970630886503 0.6904761904759075 -0
0.4432693832821085 0.7261904761900962 0
-0.4639953254437632 0.4404761904762697 -0
-0.05160227602301692 0.5833333333332333 -0
0.5257479931664253 0.7738095238091562 0
0.3607907733978042 0.7261904761901012 0
0.6082266030506998 0.7976190476186751 0
0.6288462555217215 0.7857142857139251 0
0.4226497308110356 0.7619047619043988 0
0.2370728585722332 0.2976190476193307 0
0.2164532061012086 0.3095238095240694 0
-0.8969953574860293 0.3095238095239531 -0
-0.319657758146714 0.8095238095233124 -0
-0.2990381056757087 0.821428571428038 -0
0.5876069505796725 0.3809523809526982 0
0.01025668138979061 0.6666666666663641 0
0.01025668138978836 0.6904761904758832 0
0.6494659079928601 0.2976190476193826 0
0.5257479931664908 0.5357142857145835 0
0.5051283406954256 0.5476190476193046 0
-0.2784184532045193 0.4523809523809301 -0
0.01025668139031544 0.4523809523809521 0
0.3607907733983841 0.1309523809529924 0
0.07211563880294067 0.7023809523805673 0
-0.8970080273358484 0.5238095238093876 -0
-0.9176276798068886 0.5119047619046506 -0
-0.8763883748647738 0.5357142857141546 -0
0.3401711209273407 0.2142857142861614 0
0.5257479931665645 0.2738095238098847 0
0.5257479931665631 0.2500000000003887 0
0.2783121635142827 0.2976190476193485 0
-0.4846149779148954 0.6428571428569734 -0
-0.5052346303859171 0.6547619047617264 -0
-0.1959398433195501 0.1904761904762929 -0
0.3401711209273442 0.3333333333335924 0
-0.2165594957916051 0.7023809523806084 -0
0.4432693832824329 0.2500000000004106 0
-0.4846149779148655 0.7142857142854298 -0
0.5669872981086065 0.8928571428568709 0
-0.567093587798893 0.8095238095233852 -0
-0.5877132402699152 0.7976190476186535 -0
-0.6083328927409288 0.8095238095233994 -0
-0.6083328927409407 0.7857142857139201 -0
-0.6289525452119574 0.7976190476186688 -0
-0.6289525452119709 0.7738095238091872 -0
-0.6495721976829887 0.7857142857139379 -0
-0.1959398433205049 0.8333333333328042 -0
-0.4021363680307753 0.8333333333328056 -0
-0.4021363680307805 0.809523809523329 -0
-0.5052346303859044 0.6785714285712112 -0
-0.5258542828569346 0.6666666666664767 -0
-0.2784184532038714 0.09523809523801595 -0
-0.649572197682972 0.8095238095234194 -0
-0.6701918501540095 0.7976190476186966 -0
-0.01036297107995008 0.08333333333382832 -0
-0.009955928879877951 0.06022882729565127 -0
-0.5670935877989948 0.09523809523807515 -0
-0.2990381056755504 0.5595238095236856 -0
-0.319657758146591 0.5714285714284404 -0
0.4638890357532084 0.8809523809521231 0
-0.7732901125091776 0.8571428571425121 -0
-0.5464739353279346 0.05952380952370506 -0
-0.01036297108126556 0.702380952380623 -0
-0.6908115026251346 0.64285714285704 -0
0.6700855604640181 0.9285714285711533 0
0.4845086882242743 0.9166666666664552 0
0.8144231277613385 0.2023809523812876 0
0.360790773398356 0.3452380952383377 0
0.5876069505796807 0.9285714285711957 0
0.7319445178769448 0.3690476190480353 0
0.711324865405858 0.3809523809527858 0
0.7113248654058958 0.4047619047623315 0
-0.8969998056253792 0.8333333333331332 -0
0.1133549437451417 0.5595238095235766 0
0.1545942486874005 0.6071428571427534 0
-0.7320508075671823 0.6904761904760567 -0
0.8762820851742337 0.4523809523814873 0
-0.4639953254436163 0.08333333333325554 -0
-0.4639953254436423 0.05952380952366751 -0
-0.8145294174513593 0.7380952380950611 -0
-0.3608970630881703 0.07142857142845116 -0
-0.2371791482626397 0.6904761904758623 -0
0.8144231277612377 0.2738095238098284 0
0.8350427802323127 0.2619047619050598 0
-0.2371791482625089 0.6190476190474267 -0
0.01025668139106711 0.142857142857422 0
-0.8557687223934923 0.7380952380950481 -0
0.8556624327034532 0.2261904761908274 0
-0.1340808859074397 0.5595238095236855 -0
-0.1134612334363677 0.5476190476189148 -0
-0.6083328927409311 0.4761904761906322 -0
-0.6289525452119762 0.4880952380953673 -0
0.1339745962160689 0.8095238095234394 0
0.1545942486871273 0.7976190476186678 0
0.113354943744961 0.8214285714281373 0
0.09273529127391578 0.8095238095233708 0
-0.7732920756974125 0.142853446733664 -0
-0.5670935877989358 0.476190476190579 -0
-0.01036297107995229 0.1071428571432568 -0
0.3814104258688716 0.904761904761604 0
0.3816490969188177 0.928158038186259 0
0.4023109390440531 0.9391473307294316 0
0.381942797922158 0.954034001820082 0
0.3814104258688835 0.8809523809520794 0
-0.5052346303858301 0.4404761904763177 -0
0.1958335536295108 0.4166666666667894 0
0.2164532061005329 0.5952380952379906 0
0.2370728585715887 0.5833333333332538 0
0.2370728585715779 0.5595238095237749 0
0.2576925110426176 0.5714285714285271 0
0.257692511042615 0.5952380952380102 0
0.2783121635136506 0.5833333333332719 0
0.1752139011584421 0.6190476190475406 0
0.09273529127496424 0.4523809523809952 0
0.113354943746007 0.4404761904762502 0
0.03087633386102501 0.5595238095235932 0
0.2989323104191273 0.8333322892043675 0
0.3401711209267382 0.85714285714247 0
0.6082266030505542 0.7499999999996437 0
0.0102566813904852 0.3095238095238217 0
-0.2784184532044652 0.3333333333333938 -0
-0.2577988007334434 0.3214285714285898 -0
-0.2165594957913002 0.2976190476191075 -0
-0.3196577581465363 0.4285714285715558 -0
-0.3196577581465617 0.4523809523810112 -0
-0.3196577581462261 0.357142857143058 -0
-0.3196577581461384 0.3333333333335239 -0
0.9587606950585211 0.4047619047627813 0
0.9587606950584188 0.1190476190477653 0
0.9381410425877562 0.2976190476193984 0
0.9381410425877494 0.3214285714289873 0
0.9381410425873684 0.273809523809828 0
0.4833846690828814 0.9389184082357779 0
0.7727688647557671 0.06024253797317138 0
0.752495010670979 0.07154835950378315 0
0.7727688647558646 0.9397574620268496 0
0.8140982952458293 0.06008643594495747 0
0.8349886414798023 0.07152234249903787 0
-0.6285501385163343 0.06022079836644899 -0
-0.6495051299006958 0.07154473623573321 -0
0.8972782054905786 0.06017587095900243 0
0.8763448298153722 0.07153724833466281 0
0.5879224164058134 0.9518345495418654 0
0.1749974546786414 0.9518036883198846 0
0.1991406012206807 0.9397795356943323 0
-0.4437181614637161 0.04821225508658503 -0
0.7519897477684454 0.04854964792916254 0
0.7321858376661108 0.06030263858489844 0
0.7319732112291382 0.08348310285628958 0
0.711369867596322 0.07158333785950052 0
-0.6473264034191243 0.04457878173088622 -0
-0.3193331971245602 0.04824639291732451 -0
0.9174194147768653 0.04853876814038946 0
0.9377253127802795 0.06036772368102517 0
0.8780475356247447 0.04391983013095873 0
0.7127806958224162 0.04380634110755968 0
0.6909553517028861 0.05891415284399161 0
0.6909042913047181 0.03720621368537161 0
0.6686580913995536 0.04384106314964377 0
0.7123195437541109 0.955620955361435 0
-0.9588669847490404 0.2738095238097482 -0
-0.9588669847492598 0.107142857143307 -0
-0.9588669847490685 0.2261904761907969 -0
-0.9583886546924544 0.6763875904474277 -0
-0.9588669847490048 0.3452380952381729 -0
-0.9613926516779547 0.6096661010794858 -0
-0.9587822245908575 0.4682539682535218 -0
-0.403571686169089 0.9562983415190299 -0
-0.3817559352494598 0.9411290886652215 -0
-0.3816459547076656 0.9628147384718408 -0
-0.3594296047404735 0.9561254328725657 -0
0.5893136872191402 0.04980904622507388 0
0.5701820906761095 0.03674353255573869 0
0.8338386547668311 0.04366110842735101 0
0.5033264000797012 0.04452394511185973 0
0.4845086882248988 0.05952380952424267 0
-0.9588669847489342 0.4404761904762118 -0
-0.9617641430533128 0.5810530437208835 -0
-0.9613666018936251 0.6519266839501069 -0
-0.9588228141330243 0.1349215338706654 -0
-0.9380244150960042 0.1433303031690802 -0
0.2593354996069351 0.0438606406113543 0
0.2783121635143297 0.05952380952457637 0
0.2376804292130534 0.03793671621255904 0
-0.35933480554146 0.04383364821264348 -0
-0.3810502912906013 0.03793062943722261 -0
0.5474385861794379 0.9563888439500994 0
0.5255230293578808 0.9627320665554852 0
-0.2982937174466532 0.0361875827378971 -0
-0.2778416723065817 0.04800790640178685 -0
-0.2568016066177046 0.03888515320092865 -0
-0.6907989905229996 0.04433586559172188 -0
-0.4644089546087813 0.963666491002356 -0
-0.4846149779147627 0.9523809523801802 -0
-0.4846279269395171 0.9285490002019525 -0
-0.5049053250451001 0.9398983407712828 -0
-0.4643849064190913 0.03629185631199316 -0
0.6708501150532619 0.9521533403935318 0
0.1545942486870983 0.9642857142852589 0
0.1543038809862624 0.03633197526123123 0
0.4226497308116288 0.04761904761965641 0
0.4432693832826329 0.05952380952439376 0
0.4422736734292912 0.03620020760014241 0
-0.03098262355238312 0.9523809523801717 -0
-0.01035447806080537 0.9404614801323171 -0
-0.01102547681604284 0.9638048085150343 -0
0.009665266447183541 0.951778996097822 0
0.009151210784910917 0.9284686507997861 0
0.03175606816218495 0.9391061101624855 0
-0.1968843819238926 0.04821230666639298 -0
-0.1134612334352271 0.04761904761907406 -0
0.6082991397445318 0.9638987192259427 0
-0.7731610841811781 0.953553200659907 -0
-0.9379898047496995 0.9519814837457927 -0
-0.9594747817406837 0.9402635282891543 -0
-0.9172100864682551 0.9639371647422321 -0
-0.7735504392212649 0.04667630277337384 -0
-0.7526704600386196 0.03571428571449922 -0
-0.7959885397283584 0.03465198591055561 -0
-0.7945556463568412 0.9643651239261155 -0
-0.7510290696972393 0.9651279974586685 -0
-0.3203187355153815 0.02307690655271506 -0
0.01060581345132156 0.9771753499009672 0
-0.4421299177738331 0.9770816443704167 -0
-0.4421169687471154 0.02289592726034858 -0
-0.1335304634775714 0.03577453814991062 -0
0.1763578408919616 0.9769128568829176 0
0.1767455547332784 0.02294010918623783 0
-0.1766963860692644 0.03589614132732754 -0
-0.2195731586147954 0.03907421938544046 -0
0.585530733307743 0.977106748101717 0
0.896528248504009 0.9639009632411277 0
0.9180418922781591 0.9535091605577057 0
0.9386969248703013 0.9660398312329264 0
0.8737370220356845 0.9769223302299105 0
0.9390545493479632 0.9420124348050221 0
0.918030103063655 0.9288008968363037 0
-0.7518442862412988 0.9408841629848439 -0
-0.7298772406521914 0.9523076310571602 -0
-0.7075335324923793 0.9621597986893434 -0
-0.7103158825129643 0.9387659007286318 -0
-0.6885682472716417 0.9485851120520381 -0
-0.6872859271293204 0.9723494203234706 -0
-0.6667849391557742 0.9602718061566771 -0
-0.6430432455696405 0.9611200368841988 -0
-0.6700163777343572 0.9362551073118353 -0
-0.2588201998929678 0.06129292476391791 -0
-0.7945818306867164 0.05835975757539665 -0
-0.8157153605281628 0.04678120500141161 -0
-0.8352262876960018 0.05982903044916045 -0
-0.8564822514369317 0.04489493019455439 -0
0.6509040510403112 0.9641418574489815 0
0.9587606950581695 0.5000000000005027 0
0.9587606950582179 0.4761904761914999 0
0.9587606950579894 0.6190476190479508 0
0.05149598633223926 0.3333333333334127 0
0.05149598633237192 0.3095238095239011 0
0.01025668139037838 0.3809523809524211 0
0.03087633386157759 0.4404761904762081 0
0.2370728585716236 0.416666666666798 0
0.9175214661137321 0.8095236778914567 0
0.9587606950579687 0.7380952380950242 0
0.8556624339713041 0.7738095216126314 0
0.7938034753098997 0.7380952380606055 0
0.9587606950580574 0.7857142857140633 0
0.9381419030180971 0.8214270811178502 0
0.1339745962162387 0.5714285714284171 0
-0.8145294174510858 0.9285714285709051 -0
0.3195514684558206 0.4642857142860357 0
0.381410425869471 0.1190476190481908 0
0.4845015143144098 0.08334575891103777 0
0.4020300783404296 0.1547619047624659 0
0.4226497308114745 0.1666666666671719 0
0.5257479931668904 0.1071428571432069 0
0.5463676456379161 0.1190476190479315 0
0.8969017376451169 0.5595238095242803 0
0.360798480770627 0.08334668289389875 0
0.3401724054895766 0.07143079635578817 0
0.3401711209276002 0.04761904761963639 0
0.3195516825502508 0.05952418034547097 0
0.3203042926349017 0.03619404445530018 0
0.2994268530260037 0.04833911509450443 0
0.2985292163046798 0.0231088375310497 0
-0.4433756729724471 0.428571428571607 -0
0.4638890357535111 0.1904761904766571 0
0.4845086882245366 0.202380952381394 0
0.4845086882244873 0.2261904761909273 0
0.5051283406955639 0.2142857142861221 0
0.855662464386328 0.7976189927415114 0
0.2990143578411472 0.07154864447851242 0
0.3401711209272086 0.4047619047622329 0
0.5257479931663084 0.5833333333334831 0
0.7113248654058795 0.6904761904764182 0
-0.7526704600386585 0.4642857142855853 -0
-0.7526704600386427 0.4404761904761252 -0
-0.7732901125097007 0.4285714285713607 -0
-0.752670460038517 0.4880952380951706 -0
-0.7526704600386404 0.4166666666666473 -0
-0.7732901125097065 0.4047619047618698 -0
-0.7526704600386235 0.3928571428571599 -0
-0.7732901125097114 0.3809523809523768 -0
-0.7526704600386751 0.3690476190476327 -0
-0.7732901125097286 0.3571428571428745 -0
-0.7320508075674806 0.3809523809524851 -0
0.6288462555216653 0.6428571428573702 0
-0.7526704600386664 0.3452380952381616 -0
-0.7732901125097353 0.3333333333333808 -0
-0.793909764980776 0.3452380952381345 -0
-0.7526704600386533 0.3214285714286569 -0
-0.7732901125097419 0.3095238095238774 -0
-0.7526704600386773 0.2976190476191327 -0
-0.7732901125097652 0.2857142857143578 -0
-0.7526704600387132 0.2738095238096042 -0
-0.7320508075676078 0.2857142857143852 -0
-0.7320508075676706 0.2619047619048456 -0
-0.7526704600387297 0.2500000000001228 -0
-0.7114311550965345 0.2738095238096344 -0
-0.7114311550966115 0.2500000000000906 -0
-0.6908115026254729 0.2619047619048718 -0
-0.6908115026255499 0.2380952380953115 -0
-0.6701918501544145 0.2500000000000995 -0
-0.6701918501544872 0.2261904761905364 -0
-0.6495721976833566 0.238095238095316 -0
-0.6495721976834214 0.2142857142857552 -0
-0.628952545212363 0.2261904761904905 -0
-0.6289525452123759 0.202380952380994 -0
-0.6495721976834394 0.1904761904762659 -0
-0.6083328927411868 0.2380952380952687 -0
-0.7320508075675419 0.309523809523938 -0
0.9175213901160933 0.5476190476195795 0
0.938141042587053 0.5595238095242956 0
0.9381410425870566 0.5357142857148625 0
0.9587606950580422 0.5476190476197164 0
0.9587606950580059 0.5714285714290045 0
0.5257479931668199 0.130952380952717 0
-0.3402774106176492 0.9166666666659486 -0
0.402030078340326 0.3928571428573684 0
0.3814104258693069 0.3809523809525673 0
0.463340082242805 0.04836341329637493 0
0.4638890357536455 0.02380952381020056 0
0.6494659079930004 0.1785714285717137 0
0.07211563880351603 0.3214285714286876 0
-0.9175540397338209 0.3928571428571191 -0
-0.9378775379683094 0.404761904761857 -0
-0.9588669847489836 0.3928571428571195 -0
-0.299038105675702 0.8452380952375127 -0
0.7525641703479727 0.6428571428574036 0
0.7731838228190014 0.6547619047621489 0
0.05149598633307495 0.2142857142859161 0
0.07211563880410393 0.2023809523812079 0
0.5051283406954761 0.404761904762172 0
0.5463676456376357 0.2380952380956071 0
0.7113248654059104 0.5952380952384027 0
-0.3402774106175693 0.9404761904754322 -0
-0.3199989041473137 0.9515782145638114 -0
0.01025668139099295 0.2142857142859142 0
-0.9176276798068589 0.5357142857141581 -0
-0.9382473322779236 0.5238095238094089 -0
-0.9379513507113204 0.5476190476189444 -0
-0.9583780238307034 0.5395454457380524 -0
-0.9588669847489724 0.5119047619046568 -0
0.6907544030947732 0.08325751829209825 0
0.1339745962162742 0.5952380952379075 0
0.1545942486873217 0.5595238095237179 0
0.5876069505797115 0.2619047619051154 0
-0.8145276524072185 0.8809554384715016 -0
-0.8970080273359463 0.3809523809523562 -0
0.1752139011582634 0.6666666666663456 0
0.1752139011582447 0.6904761904758173 0
0.1545942486873367 0.6309523809522243 0
0.6082266030507641 0.2738095238098562 0
0.917521390116336 0.4285714285720295 0
0.9381410425872863 0.4404761904769325 0
0.8969017376453474 0.4166666666671865 0
0.6494659079929548 0.2023809523812464 0
0.628846255521928 0.1666666666669836 0
-0.4227560205018022 0.6547619047616948 -0
0.01025668138988138 0.6190476190473209 0
0.8762820851741844 0.5476190476193917 0
0.8556624327031567 0.559523809524104 0
0.835042780232168 0.547619047619307 0
0.0595238095211767 0.9793803475289056 0
0.07142857142595493 0.9587606950578194 0
0.09523809523551321 0.9587606950577883 0
0.08333333333069511 0.938141042586722 0
0.05917445805847275 0.9382365238396035 0
0.1055053304259642 0.9386917730144143 0
0.09618135823687496 0.9176660853680962 0
0.1172578781885418 0.9580840884749523 0
-0.2784184532046489 0.8333333333327826 -0
-0.2784184532046403 0.8095238095233129 -0
0.9175213901160582 0.6666666666666965 0
0.938141042587001 0.6785714285714658 0
0.9587606950579758 0.6666666666666502 0
0.3607907733978033 0.6785714285710513 0
0.360790773397837 0.6547619047615275 0
0.3814104258688855 0.642857142856783 0
0.3607907733978358 0.6309523809520309 0
0.3401711209267907 0.6428571428567681 0
0.3401711209267898 0.6190476190472816 0
0.6907052129350634 0.2023809523812347 0
0.8350427802321382 0.5714285714288387 0
0.8557302816169197 0.05863634420214624 0
0.8561922881548596 0.03698055992742077 0
-0.3402774106176774 0.8928571428564751 -0
0.4020300783404902 0.1309523809529242 0
0.8969017376450947 0.6547619047619784 0
-0.7526709911593854 0.8452371775769798 -0
-0.7526707353827027 0.8214280956414317 -0
0.4226497308113485 0.4047619047621367 0
0.4432693832823899 0.3928571428573566 0
0.6082266030508421 0.1785714285717685 0
0.6082266030508763 0.1547619047622523 0
0.5669872981086175 0.3928571428574452 0
0.05149598633282052 0.3571428571429436 0
0.5257479931665168 0.4166666666669707 0
0.8556751751704099 0.08321916377596358 0
-0.7526704600382608 0.6309523809523251 -0
0.1339730379584975 0.09524079422202913 0
0.9794567497462318 0.05954062448150752 0
0.03087633386167465 0.3690476190476854 0
0.9792590742382817 0.9410750093596971 0
0.3195514684557462 0.6309523809520101 0
0.3195514684557295 0.6071428571425743 0
0.2989318159846596 0.6190476190473106 0
0.3401711209267276 0.7380952380948719 0
0.2576925110426734 0.4285714285717749 0
0.2783121635138484 0.4166666666671702 0
0.278312163513539 0.4404761904767674 0
0.876282085174547 0.09523809523834902 0
-0.257798800733581 0.7976190476185843 -0
-0.2165594957915347 0.7976190476185825 -0
-0.0602228564474997 0.02083982881679904 -0
-0.08333333333075271 0.02061965247112236 -0
-0.5258542828569368 0.6428571428569814 -0
-0.5464739353279562 0.654761904761731 -0
-0.01473890920506953 0.02195437870891769 -0
0.9381410425870153 0.5833333333337564 0
-0.8351579035404813 0.9166513663907657 -0
-0.8145294174511643 0.9523809523804387 -0
-0.7939097649808012 0.2976190476191461 -0
0.5051283406953441 0.7857142857139255 0
-0.9403227177196996 0.0205310449339247 -0
-0.9522019008317627 0.03983759799578571 -0
-0.97806762214855 0.03859524639172029 -0
-0.9614729305347736 0.06168813824147496 -0
0.8144231277611631 0.5119047619051285 0
0.3195514684563322 0.3214285714288513 0
0.9175213901161532 0.5238095238099796 0
-0.6495721976830142 0.7619047619044556 -0
-0.6289525452119894 0.7499999999996998 -0
0.3607907733983458 0.3214285714288406 0
0.917524123957689 0.833328598180054 0
0.958761686228058 0.8333316165762344 0
-0.8970080273354489 0.9523809523807129 -0
-0.4021363680307696 0.6666666666664485 -0
-0.4021363680307624 0.6904761904759242 -0
-0.3815167155597093 0.6547619047616897 -0
-0.7939097649807461 0.4166666666666286 -0
-0.9285640707802971 0.03949756956061325 -0
-0.9048087413897986 0.03948951373972659 -0
-0.8928649489615577 0.02032802060404389 -0
-0.8818470894880186 0.04024915008904549 -0
-0.869047619047299 0.02061965247117004 -0
-0.2371791482624838 0.5952380952379269 -0
0.9793831349367768 0.8690427911152798 0
0.8762820851743183 0.4047619047623134 0
0.4432693832821189 0.773809523809165 0
0.7938034752901238 0.523809523809874 0
0.7731838228190201 0.4166666666671022 0
0.7525641703479897 0.4285714285718725 0
0.711324865405879 0.3571428571432531 0
0.6907052129348551 0.369047619048023 0
0.7319445178770574 0.3452380952384784 0
0.731944517876955 0.607142857143145 0
0.7113248654059102 0.5714285714288883 0
0.731944517876976 0.559523809524123 0
0.7113248654059159 0.5476190476193865 0
-0.5051819043331378 0.9165666203205014 -0
0.5051283406955165 0.2619047619051516 0
-0.4639953254438676 0.6309523809522191 -0
0.2783121635136578 0.5595238095237826 0
0.2989318159846688 0.5714285714284699 0
-0.9383848801675827 0.5710485231597728 -0
0.9175213901160488 0.6904761904761731 0
0.3401711209267471 0.6666666666662943 0
0.7510884093067364 0.9760931329196593 0
0.8144144788385232 0.8928872820679501 0
0.1072533750777498 0.9790153070710229 0
0.9793803475288605 0.1785714285721672 0
0.9587606950577303 0.1904761904769751 0
0.9587606950577257 0.2142857142865812 0
0.9381410425866049 0.2023809523817739 0
0.938141042586693 0.1785714285721757 0
0.9381410425865928 0.2261904761913682 0
0.9175213901157226 0.2142857142862889 0
0.9587606950577482 0.2380952380961129 0
-0.7732901583999952 0.8095237302257254 -0
0.62884625552178 0.8095238095234389 0
0.6494659079928762 0.7976190476186902 0
0.6082266030507251 0.8214285714282168 0
0.2164532061012044 0.2857142857145728 0
0.195833553630175 0.2976190476193089 0
0.7938020338031599 0.8809574041538745 0
0.7938032350421287 0.8571436943427297 0
0.05149598633187924 0.7142857142853397 0
0.7916219154429471 0.05060100390502931 0
0.505128340695447 0.5238095238098202 0
0.4845086882243997 0.5357142857145709 0
0.484508688224265 0.5595238095240239 0
0.4638890357531033 0.547619047619231 0
0.4638890357532333 0.5238095238097777 0
-0.2371791482617126 0.1904761904762687 -0
0.7938034752901034 0.5714285714288447 0
-0.8763883748646603 0.5595238095237223 -0
-0.8557687223936276 0.547619047618965 -0
-0.835149069922501 0.5595238095237614 -0
-0.8351490699225071 0.5357142857142546 -0
-0.8145294174514788 0.5476190476189854 -0
-0.4021363680303408 0.4047619047620854 -0
-0.4021363680304109 0.4285714285715699 -0
0.5257479931664979 0.5119047619050757 0
0.7023809523801314 0.9793803475288875 0
-0.8351490699224851 0.5833333333332703 -0
-0.2371791482626005 0.7142857142853751 -0
-0.2165594957906428 0.2023809523810568 -0
-0.1547005383785061 0.8095238095232968 -0
0.04761904761639322 0.9587606950578411 0
0.04352485369162229 0.9187571272254076 0
-0.4846149779148608 0.595238095237969 -0
0.9175213901158454 0.1904761904767786 0
0.8221212493447307 0.9797321959110571 0
0.8343034358315439 0.9568341803033273 0
0.7985050440274062 0.9814851251840869 0
-0.9796763290954393 0.8214285714281027 -0
-0.9587606950577864 0.80952380952331 -0
-0.9587606950577815 0.7857142857137379 -0
-0.9795620120782969 0.7747691814177953 -0
0.7113248654059675 0.5238095238098733 0
0.9587606950578957 0.166666666667252 0
0.938141042586741 0.1547619047625188 0
0.7319445178771822 0.8690476190472644 0
0.7319445178771261 0.8452380952377571 0
0.7113248654060647 0.8333333333329485 0
0.7319445178768721 0.8214285714281981 0
0.6907052129350666 0.8452380952377245 0
0.690705212934954 0.8214285714282203 0
0.6700855604639777 0.8333333333329731 0
0.6700855604639143 0.8095238095234825 0
0.6494659079929086 0.8452380952377501 0
0.6494659079928795 0.8214285714282201 0
0.670085560463786 0.7857142857139615 0
0.7731838228192528 0.1071428571432036 0
-0.8763883748649632 0.2500000000002398 -0
0.5257479931663858 0.7499999999996195 0
0.5463676456373817 0.7380952380948728 0
0.56698729810847 0.7499999999996436 0
-0.52579061095791 0.9284584458957879 -0
-0.5251339036606155 0.9557494264254915 -0
-0.5464739353277905 0.9404761904754771 -0
-0.9799344061076605 0.8918974852480599 -0
-0.9797686721919 0.8688876761124726 -0
-0.9568626226155907 0.8801763043571236 -0
0.9793803475290105 0.2738095238103163 0
0.5876069505796664 0.4047619047622305 0
0.8556624327031278 0.7261904761903644 0
-0.2577988007334696 0.4404761904761717 -0
0.2783259204903075 0.08335334550889398 0
0.4845086882243842 0.5119047619050586 0
0.4638890357533609 0.5000000000003162 0
0.4432693832821895 0.5119047619050104 0
-0.8145291232773096 0.8571433667291457 -0
-0.07222192849316993 0.166666666666847 -0
-0.07222192849317988 0.1904761904763768 -0
-0.092841580964252 0.2023809523811353 -0
-0.07222192849321153 0.2142857142859114 -0
-0.05160227602213691 0.2023809523811474 -0
-0.9379020204502858 0.4999999999999019 -0
0.752564170398709 0.7380952380066792 0
0.7731838228506551 0.7261904761354165 0
-0.896995753990391 0.4047619047619027 -0
0.7731838228192495 0.1309523809527145 0
-0.9587685915236537 0.3015873015871622 -0
0.7319493001025053 0.1071678187303032 0
-0.6495721976831357 0.5476190476190042 -0
-0.6289525452121092 0.5357142857142599 -0
-0.6495721976831468 0.5238095238095125 -0
0.9381410425870277 0.7499999999997616 0
-0.9795616845434203 0.7255558252395869 -0
-0.9587606950577832 0.7142857142849643 -0
0.5257479931664349 0.8214285714282361 0
0.7938034752900968 0.4047619047623441 0
-0.1959398433205765 0.7142857142853505 -0
-0.9378897183264555 0.4285714285713914 -0
0.07105198089752525 0.9149985399338918 0
0.7319445178771322 0.2261904761907938 0
0.5257479931665571 0.2976190476193814 0
-0.9175817862243298 0.1310321399545455 -0
-0.9175828780129557 0.1548540579811648 -0
-0.9379067308821871 0.1667608855887847 -0
-0.937837031840943 0.1904918936301774 -0
-0.9588669847491647 0.1785714285718401 -0
0.7319445178771489 0.1785714285717382 0
-0.7023809523801288 0.02061965247111299 -0
0.6907134112950479 0.1071302213029421 0
0.669897537107909 0.07068466206367786 0
0.6494659079931097 0.05952380952418321 0
0.6494345707670243 0.08320934843949741 0
0.6292519217803116 0.04841729295017261 0
0.6089898992117299 0.06073411972115111 0
0.5876069505796632 0.4285714285717666 0
0.2576906577016357 0.8571283096273743 0
0.2370703641625924 0.8452319171918445 0
0.2576922320766118 0.8333288954150395 0
-0.3196577581460734 0.1904761904762683 -0
-0.3402774106171482 0.2023809523810449 -0
-0.711431155096142 0.7738095238092459 -0
0.3607907733978009 0.7738095238091715 0
0.2164504875642477 0.8571381734971772 0
0.1958330365675822 0.8452373688967305 0
0.2164532061003691 0.8333333333326826 0
-0.8188177172649148 0.02225137662887262 -0
0.6700855604637188 0.6904761904757868 0
0.6700855604635675 0.6666666666666192 0
-0.7939097649803453 0.6547619047618485 -0
0.4432693832825081 0.1785714285718933 0
-0.505225842710369 0.8928404684656046 -0
0.6700855604639285 0.2857142857146159 0
-0.175320190849544 0.7023809523806041 -0
-0.6562511775672308 0.02101654847122546 -0
-0.6083328927410627 0.5476190476189993 -0
0.0927352912751558 0.0952380952386665 0
0.09273529127516614 0.0714285714291924 0
0.07200112757532151 0.05994748784875487 0
0.09362747357364622 0.0442350511742606 0
0.1133549437461813 0.0595238095244686 0
-0.01036297108087228 0.4642857142856973 -0
0.05147690112832751 0.07149918448321191 0
0.01025668139046518 0.4047619047619366 0
-0.09284158096541442 0.9404761904754319 -0
-0.1134612334364261 0.9285714285706993 -0
-0.1134612334364226 0.9523809523801662 -0
-0.1340808859074318 0.9404761904754354 -0
-0.132996213530747 0.9637964765918936 -0
-0.1541322346641484 0.951628199801724 -0
-0.1547005383784313 0.9761904761896338 -0
-0.1546058210927333 0.9284459698076291 -0
-0.1748221623646106 0.9396586089555817 -0
-0.1958568385730084 0.928435164984062 -0
-0.2165456616669266 0.9404534798776597 -0
-0.2371768425750969 0.9285676434710615 -0
-0.2381142649752985 0.9564165218680818 -0
-0.2162476893822552 0.9627318170591541 -0
-0.1939501492645554 0.9557068784780444 -0
-0.113461233436433 0.9047619047612262 -0
-0.1546847521641759 0.9047409949673808 -0
0.3607907733978031 0.7499999999996355 0
0.5463676456375479 0.5000000000003213 0
0.9381410425874789 0.3690476190482375 0
-0.4846149779148577 0.5714285714284658 -0
-0.4639953254435252 0.3928571428573127 -0
0.8350427802323932 0.1190476190479396 0
-0.7114311550965804 0.2023809523811166 -0
-0.1340808859074728 0.7976190476185604 -0
-0.6701918501541784 0.535714285714264 -0
-0.7939097649807374 0.4404761904761197 -0
-0.4021363680303351 0.3809523809525677 -0
-0.7732901125093022 0.6428571428570863 -0
-0.1753201908485292 0.2738095238096792 -0
0.6288462555218004 0.3095238095241446 0
0.6907052129348625 0.5833333333336491 0
0.9793803475289857 0.3214285714295582 0
0.9793803475290283 0.3452380952391119 0
0.1752139011582173 0.7142857142853249 0
-0.814533513867032 0.1190379388000586 -0
-0.8145294174518466 0.1428571428575259 -0
0.505128340695353 0.8095238095234679 0
0.4020300783399371 0.6547619047615465 0
-0.8763862632232692 0.3214285714287089 -0
-0.5258542828568784 0.7857142857138879 -0
-0.3196577581460729 0.2857142857144522 -0
-0.3402774106171323 0.2976190476192165 -0
0.216453206100538 0.5476190476190252 0
0.731944517876939 0.6309523809526556 0
-0.3815167155596775 0.5357142857142031 -0
-0.3608970630886489 0.5476190476189506 -0
0.7113248654060694 0.2380952380955591 0
-0.2577988007330232 0.2738095238097414 -0
0.113352270038427 0.08333796433164381 0
0.1340121443601583 0.04815657156242551 0
-0.09284158096542114 0.8928571428564857 -0
-0.1134612334364383 0.8809523809517472 -0
-0.3608970630886506 0.714285714285394 -0
-0.3815167155596705 0.7023809523806497 -0
-0.5877132402700056 0.6309523809522318 -0
0.2783144563436639 0.107146192505972 0
-0.8763863293072838 0.4166666666666712 -0
0.23707285857157 0.5357142857142736 0
0.731944517876949 0.4166666666671062 0
0.2783121635135218 0.7499999999996368 0
0.2576925110424634 0.738095238094867 0
0.2370728585713928 0.7499999999996253 0
0.2370728585714017 0.7261904761900957 0
0.2164532061003384 0.7380952380948509 0
0.8350427802322563 0.3333333333337142 0
0.4845086882241863 0.7023809523806002 0
0.4638890357531342 0.6904761904758383 0
0.1133549437460177 0.4166666666667508 0
0.1339745962169661 0.4285714285714622 0
0.1339745962168928 0.452380952380958 0
0.547143154410034 0.04946568173656569 0
-0.2371791482626058 0.6666666666663955 -0
0.4226497308110281 0.7380952380948638 0
0.4845086882244392 0.3928571428573968 0
-0.1340808859074761 0.7738095238090725 -0
-0.9175817849901891 0.2023819061685495 -0
-0.7320508075672238 0.619047619047564 -0
-0.7114311550961998 0.6071428571427894 -0
0.7731838228190477 0.6785714285715732 0
0.4845074925730127 0.1071449280728245 0
0.2989318159846338 0.6428571428567971 0
0.5669872981086799 0.2500000000003504 0
-0.8351490699229245 0.2023809523812229 -0
-0.8145294174518873 0.1904761904764631 -0
-0.05160227602212027 0.1785714285716264 -0
-0.03098262355107431 0.2142857142858962 -0
-0.3402774106173451 0.3928571428573443 -0
0.3607907733978019 0.7023809523805764 0
-0.4227560205017525 0.6309523809522015 -0
-0.6083328927411787 0.1666666666667575 -0
-0.8557790282812957 0.9047440544401472 -0
0.4020300783399574 0.8690476190473442 0
0.4432693832821119 0.7499999999996293 0
-0.6080969041252026 0.02404434624639196 -0
-0.5833333333321783 0.02061965247111425 -0
-0.5696887979683315 0.0432170615035797 -0
-0.6289651369541114 0.8927538551974493 -0
-0.62863743755107 0.9164591956201604 -0
0.5669872981085963 0.5119047619050834 0
0.5876069505797717 0.1666666666670502 0
0.5876069505797942 0.142857142857537 0
-0.2371791482617079 0.1666666666667127 -0
0.4845086882244654 0.3452380952383796 0
-0.484614977914627 0.1428571428571765 -0
-0.4846149779146208 0.1666666666667377 -0
-0.4639953254435625 0.1309523809523995 -0
-0.5052346303857114 0.1785714285715151 -0
-0.4846149779146267 0.1904761904762921 -0
-0.1959355437787225 0.1190550660707632 -0
-0.3196577581467133 0.8571428571422558 -0
0.1752139011591722 0.2142857142860968 0
0.1958335536301993 0.2023809523813656 0
0.2164532061012153 0.2142857142861153 0
0.2164532061012272 0.1904761904766362 0
0.1958335536302098 0.1785714285718866 0
0.2164532061012337 0.1666666666671575 0
0.1958335536302246 0.1547619047624068 0
0.1752139011592046 0.1428571428576557 0
0.1752139011592312 0.1190476190481817 0
0.1958335536302498 0.1309523809529348 0
0.2370728585722455 0.2023809523813864 0
0.1752139011591825 0.1904761904766159 0
0.7319445178770345 0.464285714286106 0
0.2370728585715397 0.4642857142858546 0
0.2152214969157447 0.04402989115043222 0
0.3401711209273331 0.2380952380956404 0
0.3195514684563189 0.2261904761908934 0
-0.7939097649807632 0.3690476190476276 -0
-0.6908115026251052 0.7619047619044883 -0
-0.6908115026250934 0.7857142857139838 -0
-0.4227560205017979 0.7023809523806691 -0
-0.5464739353278598 0.2738095238096936 -0
-0.5464739353278592 0.2976190476192302 -0
-0.5670935877989212 0.3095238095239974 -0
-0.5464739353278584 0.3214285714287612 -0
-0.5670935877989198 0.3333333333335246 -0
-0.5258542828567957 0.3095238095239974 -0
-0.5258542828567833 0.3333333333335269 -0
-0.5052346303857214 0.3214285714287641 -0
-0.5052346303857314 0.297619047619235 -0
-0.4846149779146576 0.3095238095240024 -0
-0.4846149779146578 0.2857142857144659 -0
-0.4639953254435881 0.2976190476192362 -0
-0.5877132402699804 0.3214285714287647 -0
-0.5877132402699758 0.3452380952382891 -0
-0.5670935877989067 0.3571428571430503 -0
-0.5877132402699463 0.3690476190478143 -0
-0.6083328927410233 0.3571428571430536 -0
-0.6083328927409819 0.380952380952578 -0
-0.628952545212071 0.3690476190478143 -0
-0.6289525452120511 0.3928571428573323 -0
-0.6495721976831363 0.3809523809525635 -0
-0.6289525452120912 0.3452380952382926 -0
-0.649572197683095 0.4047619047620848 -0
-0.6495721976829695 0.4285714285716098 -0
-0.6701918501540214 0.4404761904763948 -0
-0.5464739353278263 0.3452380952382915 -0
-0.5877132402699877 0.2976190476192335 -0
0.4226497308110428 0.7857142857139378 0
-0.3608970630886666 0.6666666666664248 -0
-0.5357142857129967 0.02061965247111458 -0
-0.5122336742600373 0.02097894999418542 -0
0.4643840131160342 0.9796369092654321 0
0.4405186566833472 0.9793989187541855 0
0.4529142385768832 0.960668941086406 0
-0.4021363680307675 0.7857142857138478 -0
0.2989318159852975 0.3333333333335872 0
0.2783121635142689 0.3452380952383228 0
0.3401711209267262 0.7619047619044041 0
-0.4640129117042958 0.916636206369231 -0
0.422649730811029 0.7142857142853343 0
-0.422756020501417 0.2738095238096773 -0
-0.4433756729724892 0.2857142857144498 -0
-0.4433756729724787 0.3095238095239881 -0
-0.4639953254435758 0.2738095238096878 -0
0.2164532061008288 0.4047619047619879 0
0.07211563880406754 0.2261904761907116 0
-0.2577988007334712 0.4166666666666544 -0
0.3814104258688099 0.5238095238095634 0
0.4845086882244096 0.4880952380955543 0
-0.4227560205014041 0.3214285714287519 -0
0.6494659079928167 0.4880952380955872 0
0.6288462555217562 0.5000000000003406 0
0.1752080967678757 0.857147108970767 0
0.1752128475828232 0.8333339209140728 0
0.1752139011591354 0.3333333333335353 0
-0.3196577581466188 0.7142857142854028 -0
-0.4639953254438214 0.583333333333212 -0
0.1133549437450394 0.7023809523805838 0
0.5669872981082072 0.6309523809523352 0
0.5876069505792492 0.6428571428570707 0
0.5876069505793857 0.6190476190476373 0
0.6082266030505193 0.630952380952458 0
0.01025668139017455 0.4761904761904598 0
-0.4846149779148602 0.5476190476189685 -0
0.4299023587207091 0.9606863097301144 0
-0.175320190849338 0.5357142857142059 -0
0.3814104258692354 0.4761904761907501 0
-0.4639953254438179 0.7976190476186047 -0
-0.8145294174514088 0.6428571428570947 -0
0.7938034757910619 0.7619047610365142 0
-0.5464739353279484 0.6071428571427245 -0
-0.4846135133022309 0.8809496018866234 -0
0.670085560463868 0.5000000000003532 0
0.6700855604638455 0.5238095238098736 0
-0.3402774106176152 0.5357142857142004 -0
-0.2577988007334487 0.5357142857141919 -0
-0.257798800733451 0.5595238095236936 -0
0.1545942486881084 0.3214285714287809 0
0.1752139011591431 0.3095238095240453 0
-0.4639953254438272 0.5357142857142172 -0
0.3401711209273472 0.1904761904766851 0
0.3401711209273566 0.1666666666672091 0
0.03087633386082132 0.7261904761901035 0
0.4637963478501766 0.07155470330474697 0
-0.6289525452121061 0.3214285714287695 -0
-0.6495721976831508 0.3571428571430484 -0
0.05149598633190814 0.6428571428567814 0
0.03087633386084303 0.6547619047615834 0
0.6700855604638245 0.5476190476193888 0
-0.2577984164522999 0.9166660358160164 -0
-0.1547005383781988 0.3571428571428711 -0
0.321428571426687 0.979380347528886 0
0.3331531306312574 0.9601613079042309 0
0.3093135730383009 0.9604608564674182 0
0.3561404229615563 0.9594233235077932 0
0.3690470976828877 0.9789685405040278 0
0.3936494128589665 0.9788468472372607 0
0.2975840082031678 0.9796637077638257 0
0.2856734063960559 0.9603985693392416 0
0.2618979486833519 0.9590336741046761 0
0.2755531957040839 0.9383681907778307 0
0.2500536779331744 0.9390314101225036 0
0.2381030488791236 0.9589545861548837 0
0.2256130803172753 0.9390981809020947 0
0.2142857142835689 0.9587606950577493 0
0.2261917779860025 0.9794126627117301 0
-0.5052346303858916 0.5595238095237206 -0
-0.6495721976830767 0.4761904761906013 -0
-0.3608970630881989 0.2857142857144446 -0
-0.2990381056755692 0.7023809523806468 -0
-0.5464633233446763 0.9166478362201819 -0
-0.5670918191349701 0.9285682901631223 -0
-0.5673313966926667 0.951968021656342 -0
-0.5877525803081658 0.9404068456202634 -0
-0.5871324461669816 0.9636362850980993 -0
-0.6072250395540857 0.9520015635364746 -0
-0.568476596897 0.9741051314011957 -0
-0.5877195021656054 0.9166545861222293 -0
0.2576925110432586 0.2857142857145938 0
-0.2371791482617294 0.2142857142858228 -0
0.175213901159147 0.2857142857145543 0
-0.5670935877989256 0.7619047619044246 -0
0.979380347528872 0.2261904761913801 0
-0.7320508075674759 0.428571428571476 -0
0.07211563880297765 0.5833333333330157 0
0.07211563880309702 0.5595238095235542 0
-0.01036297108094734 0.5357142857141817 -0
-0.3815167155597535 0.7976190476185857 -0
-0.3608970630887354 0.7857142857138448 -0
-0.8969984353407767 0.2619047619049863 -0
-0.07222192849334136 0.2857142857144017 -0
-0.05160227602242151 0.297619047619093 -0
-0.8145294174518523 0.2619047619049539 -0
-0.01036297108078478 0.3928571428571697 -0
-0.3815565855080241 0.9167754830309117 -0
-0.319657758146166 0.3095238095239987 -0
-0.07222192849406214 0.523809523809461 -0
-0.09284158096513875 0.5357142857142043 -0
0.5463676456375435 0.523809523809835 0
-0.5877142839191649 0.8928551294325966 -0
-0.8970080273358632 0.4761904761904044 -0
0.4226497308108365 0.5476190476190874 0
-0.4639953254438156 0.8214285714280831 -0
0.5257479931666005 0.2261904761908538 0
-0.5052346303859071 0.4880952380952371 -0
0.3607907733977485 0.5119047619047721 0
0.3401711209267277 0.7142857142853436 0
0.4020300783404006 0.2023809523814413 0
0.7731838228190375 0.6309523809526139 0
-0.01036297108063036 0.3214285714285466 -0
-0.09284158096428038 0.2261904761906612 -0
-0.1753201908492591 0.4166666666666551 -0
-0.1547005383782158 0.4285714285714165 -0
-0.5877132402699941 0.6785714285712257 -0
-0.3606990016369809 0.9293224610785479 -0
-0.7939097649807518 0.3928571428571312 -0
-0.5258542828568564 0.8333333333328443 -0
-0.2784184532045451 0.6428571428569105 -0
0.4638890357534611 0.2619047619051513 0
0.6082266030509194 0.1309523809527342 0
0.5669872981087078 0.2261904761908201 0
0.6494659079928806 0.2738095238098429 0
0.6288462555218107 0.2857142857146185 0
0.07211563880292864 0.7261904761900944 0
0.25769251104326 0.2142857142861347 0
0.5876069505796018 0.5714285714288222 0
-0.7320508075673259 0.4761904761905319 -0
-0.7526704600385041 0.5119047619046698 -0
0.319551468456334 0.1547619047624689 0
-0.2995031717726169 0.9396353630980616 -0
-0.2808185845345319 0.9553883631284168 -0
-0.03098262355128401 0.2857142857143303 -0
-0.05160227602293556 0.3452380952381405 -0
0.1133549437451316 0.6309523809520821 0
0.1133549437450332 0.726190476190104 0
0.09273529127398458 0.7142857142853389 0
0.07210040635354202 0.8452076947745184 0
0.0514934475902307 0.833328266588914 0
0.6700855604638754 0.428571428571811 0
-0.4433756729728032 0.7857142857138586 -0
-0.4433756729728002 0.8095238095233388 -0
-0.3402774106177285 0.8690476190469962 -0
0.8556624327033608 0.2738095238098351 0
0.4432693832818985 0.6309523809522813 0
-0.8557687223934943 0.6904761904761343 -0
0.5257479931666438 0.2023809523813234 0
0.5257479931665137 0.4404761904765204 0
0.649465907992803 0.5119047619051059 0
0.7731838228190691 0.440476190476646 0
-0.27841845320449 0.4761904761904371 -0
-0.7114311550965946 0.130952380952513 -0
-0.05952380952642159 0.9793803475289993 -0
0.4845086882244339 0.4166666666669743 0
-0.3196577581465718 0.47619047619046 -0
-0.4021363680307194 0.523809523809456 -0
-0.340277410617151 0.1309523809523663 -0
-0.6083328927410362 0.3333333333335308 -0
-0.3196577581467011 0.7857142857138376 -0
-0.07222192849417736 0.5714285714284534 -0
0.05210740487489839 0.04792852144901832 0
0.03274786703931691 0.03612887239697567 0
0.01125859508890428 0.0483542710913488 0
0.6288462555217338 0.5952380952383391 0
-0.6701918501544435 0.107142857142908 -0
0.6288462555217454 0.5238095238098573 0
-0.4021363680307584 0.7142857142854045 -0
0.4020300783403726 0.3214285714288532 0
-0.07222192849437269 0.6666666666663718 -0
-0.07222192849437872 0.6904761904758667 -0
-0.05160227602334312 0.7023809523806246 -0
-0.0309826235523012 0.6904761904758741 -0
0.3814104258692377 0.4523809523812413 0
0.1545942486881231 0.2738095238098021 0
-0.2784184532045422 0.7142857142853829 -0
0.1752139011586273 0.4285714285714631 0
0.6082266030507849 0.2500000000003291 0
0.2370728585720236 0.3928571428572823 0
-0.2990381056756042 0.8690476190470096 -0
-0.5464739353279329 0.702380952380703 -0
-0.7320508075673209 0.5238095238095164 -0
-0.7732901125094722 0.5238095238095609 -0
0.2164532061011947 0.3333333333335535 0
-0.4846149779145727 0.3333333333335319 -0
0.5257479931664303 0.7976190476186954 0
0.5463676456375239 0.8809523809521022 0
-0.2371786999344136 0.9047611687696262 -0
-0.09284158096509011 0.464285714285685 -0
0.2164532061005332 0.5238095238095237 0
0.4845086882239982 0.6547619047617803 0
-0.4227560205017921 0.7261904761901518 -0
0.03087591073714728 0.8452372507801886 0
0.01025661086908978 0.833333192589861 0
0.03087582846309849 0.8214275627706572 0
0.05149547897525443 0.8095227969564306 0
0.01025658540331262 0.8095236179565709 0
-0.01036299883250249 0.8214285160431027 -0
0.1133549437461001 0.2261904761907793 0
0.6907052129349354 0.4404761904765705 0
-0.0309826235520759 0.5952380952379493 -0
0.2164532061003568 0.7142857142853221 0
0.4432693832825754 0.1547619047623358 0
0.3195514684563221 0.2023809523814172 0
-0.07222192849440182 0.8333333333327878 -0
-0.0516022760233832 0.8214285714280491 -0
-0.08333333333587922 0.9793803475289993 -0
0.3607907733983484 0.2500000000003871 0
0.4845086882245965 0.1785714285718406 0
-0.4433756729725032 0.1904761904762755 -0
0.4020300783398192 0.6071428571427673 0
-0.4021363680307679 0.8571428571422764 -0
-0.1753201908495483 0.67857142857111 -0
-0.1547005383782303 0.4761904761904368 -0
0.09273529127399258 0.6904761904758171 0
0.6494659079929991 0.1547619047622204 0
0.4226497308114415 0.1904761904766846 0
-0.01036297108003692 0.2023809523811565 -0
-0.3402774106176161 0.6547619047616682 -0
0.1067053323336677 0.02099010395825207 0
0.3607907733977539 0.5833333333332495 0
-0.3205471784342029 0.9756401487604341 -0
-0.7526807241546858 0.1071243668597121 -0
-0.2721847774518488 0.9789974889880085 -0
0.3690476190493718 0.02061965247100073 0
-0.237179148262404 0.4761904761904339 -0
0.08333333333587921 0.02061965247100069 0
0.2374561774664858 0.9179151584928247 0
-0.1134612334361339 0.4523809523809287 -0
0.3814194178036212 0.09525366972533661 0
0.3928571428588291 0.02061965247100026 0
0.2576951860108668 0.09524198649498812 0
-0.1959398433203343 0.5238095238094479 -0
0.5876069505796597 0.4523809523812948 0
0.5051197718584477 0.09525293690021494 0
0.1958335536294789 0.6071428571427694 0
-0.07222192849403167 0.4047619047619108 -0
0.133974596217055 0.3809523809525049 0
-0.4433756729724979 0.2142857142858244 -0
0.1958335536301773 0.2738095238098191 0
0.4432693832821007 0.7023809523805762 0
-0.03098262355195251 0.4761904761904531 -0
0.3814104258688845 0.8333333333330233 0
-0.03098262355193968 0.452380952380939 -0
-0.7939097649803619 0.6309523809523293 -0
-0.3196577581465899 0.5952380952379297 -0
-0.5258542828567936 0.285714285714466 -0
-0.1547005383785169 0.6190476190473725 -0
-0.3608970630886518 0.5952380952379384 -0
-0.3608970630886535 0.5714285714284466 -0
-0.1753201908495377 0.7261904761900961 -0
-0.5670935877987817 0.3809523809525929 -0
-0.6495721976830797 0.6666666666664958 -0
-0.5122374497044668 0.9790203984584823 -0
0.6082266030507303 0.3690476190479481 0
0.2576925110432847 0.1666666666671823 0
0.4432539352987268 0.08335435531312771 0
-0.1340808859064185 0.2738095238096793 -0
-0.1340808859065385 0.2976190476191984 -0
-0.3815167155592742 0.2023809523810433 -0
-0.5258542828569377 0.4999999999999918 -0
-0.1340624686574418 0.9166422719064766 -0
0.5128894085716471 0.02043542447458582 0
-0.3608970630882124 0.3333333333335174 -0
-0.1753201908495412 0.6071428571426449 -0
0.7319445178771029 0.2976190476193896 0
-0.134080885907468 0.8214285714280452 -0
0.8350427802321249 0.5952380952383578 0
-0.6083328927408674 0.4047619047621169 -0
0.09273529127497857 0.4047619047619876 0
0.2783121635135378 0.7023809523805822 0
0.2576925110424765 0.7142857142853389 0
-0.4433756729728165 0.6428571428569526 -0
-0.4021363680307168 0.5714285714284496 -0
0.7525582229982222 0.09528718176920765 0
-0.484614977914875 0.6904761904759453 -0
0.5257479931660834 0.6785714285713144 0
0.09273529127503663 0.2857142857145196 0
-0.1134612334364486 0.7142857142853483 -0
0.8762820851741044 0.6428571428572837 0
-0.5670935877989923 0.5476190476189915 -0
-0.5258542828566847 0.3571428571430648 -0
-0.09284158096540779 0.6071428571426318 -0
-0.6495721976831044 0.6190476190475023 -0
0.4432693832823433 0.4642857142860189 0
-0.4846149779148571 0.738095238094912 -0
-0.5877132402700548 0.1785714285715364 -0
-0.6083328927411298 0.1904761904763268 -0
-0.7526704600382823 0.6071428571428055 -0
-0.8970080273356564 0.6428571428571082 -0
-0.257798800733542 0.8452380952375433 -0
-0.8145294174518158 0.3571428571429306 -0
0.2370728585714397 0.6785714285710537 0
-0.628952545212264 0.1071428571428829 -0
-0.4433881175853908 0.9047403500598916 -0
0.195833553630171 0.3214285714288008 0
0.6082266030507153 0.4404761904765337 0
-0.2784184532046379 0.7857142857138224 -0
0.4638890357532016 0.8571428571425703 0
0.5463676456375811 0.3571428571431623 0
-0.2371791482624137 0.4285714285714102 -0
0.03087633386173064 0.4166666666667085 0
0.4226497308114072 0.2619047619051476 0
-0.5464739353278645 0.8452380952375902 -0
-0.07222192849439656 0.7857142857138205 -0
0.09273529127490299 0.3333333333334864 0
-0.6083328927409168 0.8333333333328772 -0
-0.8763859112830072 0.2976190476192179 -0
0.1133549437458807 0.4642857142857193 0
-0.3815167155596831 0.5595238095236995 -0
-0.1959398433205032 0.8571428571422751 -0
-0.03097413053181453 0.9047471944181084 -0
-0.6083328927410536 0.5714285714284949 -0
0.3401711209273579 0.142857142857735 0
-0.711431155096226 0.5833333333332742 -0
0.3607907733983747 0.1547619047624772 0
0.5051283406953224 0.7619047619043869 0
0.1545942486871344 0.7738095238091505 0
-0.835149069922788 0.4642857142856359 -0
-0.1134612334364466 0.6666666666663623 -0
-0.2165594957913581 0.3690476190476157 -0
-0.3815167155592736 0.2261904761905917 -0
-0.09284158096507186 0.3928571428571511 -0
0.5876069505796858 0.3095238095241555 0
0.2370728585722562 0.1785714285719092 0
0.6300741608614383 0.02396475338927022 0
0.8762820851741332 0.5714285714289803 0
-0.360897063088638 0.4761904761904631 -0
0.4432693832823964 0.3690476190478483 0
0.5876069505796592 0.8333333333329946 0
0.1133549437461345 0.1785714285718308 0
-0.2577988007335463 0.9404761904754245 -0
-0.2990381056749787 0.1785714285714852 -0
-0.3815167155592615 0.1547619047619305 -0
-0.2990381056749687 0.2261904761905885 -0
0.5463676456375719 0.3809523809526698 0
0.4432693832821184 0.7976190476187061 0
-0.6701918501541901 0.511904761904786 -0
-0.5258542828567987 0.1666666666667407 -0
-0.3815167155592568 0.1071428571428021 -0
0.09273529127464106 0.4761904761904237 0
-0.505234630385882 0.7261904761901767 -0
-0.2577988007334462 0.4642857142856833 -0
-0.4034561272023758 0.04393353508811881 -0
-0.8557687223937066 0.5238095238094199 -0
-0.4433756729727994 0.4761904761904889 -0
-0.5052346303857251 0.2738095238096947 -0
-0.4227560205014486 0.05952380952366246 -0
-0.4227560205017833 0.8452380952375479 -0
0.4432693832824284 0.2738095238098959 0
0.8144231277611809 0.3452380952384953 0
-0.8452380952385258 0.9793803475289993 -0
0.09273529127395599 0.7857142857138817 0
-0.8145294174514379 0.571428571428534 -0
-0.09284158096541076 0.6785714285711133 -0
0.4638890357534392 0.3333333333336181 0
0.1752139011585414 0.476190476190515 0
-0.8351490699224209 0.7976190476188255 -0
0.9175213901162897 0.2619047619050417 0
-0.278418453203882 0.1190476190475841 -0
-0.5258542828567976 0.2142857142858384 -0
0.7511160731766436 0.02397151289422421 0
0.3814104258694231 0.1428571428577121 0
0.566987298108198 0.7023809523807991 0
0.835042780232359 0.09523809523843015 0
0.7983895977086788 0.01857351621276322 0
0.03087633386201282 0.2261904761906828 0
0.1339745962170102 0.4047619047619516 0
-0.1753201908492716 0.4642857142856811 -0
-0.8145294174517987 0.4047619047619089 -0
-0.7732901125095875 0.4999999999999108 -0
0.6700855604640021 0.9047619047616029 0
-0.8763883748645904 0.6309523809523412 -0
-0.5670935877989884 0.1190476190476391 -0
-0.3815167155597273 0.726190476190141 -0
0.5051283406955167 0.2857142857146482 0
-0.7320508075675174 0.04761904761927267 -0
0.07211563880412288 0.1547619047623146 0
0.5669872981089282 0.107142857143199 0
-0.8970020091233543 0.3333333333334134 -0
-0.4846095707388894 0.9047331733500693 -0
-0.8690476190479821 0.9793803475289993 -0
-0.09284158096541983 0.7261904761900949 -0
-0.917186744856332 0.7022153282739989 -0
-0.2371791482624096 0.3571428571428567 -0
0.855662432703117 0.7023809523809202 0
-0.9175998574848399 0.4880952380951491 -0
0.05149598633231751 0.4761904761904496 0
0.6082266030507238 0.3928571428574756 0
0.443269383282312 0.488095238095524 0
0.2164532061012628 0.1428571428576867 0
-0.6083328927410626 0.5238095238095367 -0
-0.6289525452120199 0.7261904761902143 -0
-0.1753201908494912 0.8452380952375367 -0
-0.6083328927411984 0.04761904761895129 -0
-0.6908250822051687 0.8571193557684677 -0
-0.3402774106171508 0.321428571428759 -0
-0.5877132402700289 0.5357142857142548 -0
-0.4433756729724614 0.3333333333335219 -0
-0.6908115026253827 0.2857142857144441 -0
-0.6701918501542224 0.3452380952382884 -0
-0.7939097649803198 0.7499999999997966 -0
-0.6495721976832473 0.2619047619049154 -0
0.5876069505796493 0.8095238095234532 0
-0.8557687223939694 0.1904761904764951 -0
-0.3402774106171271 0.2261904761905923 -0
-0.3402774106176223 0.5833333333331905 -0
0.7113248654061125 0.1666666666669754 0
-0.6701918501541813 0.392857142857316 -0
0.2576925110426005 0.5238095238095261 0
-0.2165594957913562 0.3452380952380967 -0
0.8762704933478116 0.9048026152558878 0
-0.03098262355234626 0.7857142857138238 -0
0.5463676456375648 0.4047619047621966 0
-0.09284158096419921 0.1071428571429993 -0
0.6082266030507621 0.8928571428568564 0
-0.5464739353278748 0.8214285714281155 -0
0.8969018263090703 0.797618894048028 0
0.4845086882242835 0.8690476190473422 0
-0.7526704600380442 0.8690476190471688 -0
-0.09284158096541736 0.7023809523806049 -0
-0.6495610197195657 0.09525745603933763 -0
0.250000195522101 0.9794227952607504 0
0.1342220789342875 0.9050485849099332 0
0.421816191580581 0.9268251421480103 0
-0.6701918501541002 0.6785714285712562 -0
-0.01036298745995983 0.8452380625495471 -0
0.5021392455325723 0.9558109429147016 0
-0.8145294174517643 0.4523809523808785 -0
-0.6289525452119422 0.8214285714281476 -0
0.4020300783399613 0.8452380952377981 0
0.03087633386128844 0.4642857142857131 0
0.8969017376455312 0.3214285714289501 0
-0.3196577581460509 0.2142857142858162 -0
-0.6495721976830438 0.7380952380949664 -0
-0.8969908506602009 0.2857142857144711 -0
-0.505234630385891 0.7023809523806949 -0
-0.7732901125092725 0.7380952380950486 -0
0.8144231277611749 0.3214285714289296 0
0.9380717542862937 0.08347398569307024 0
0.257692511042607 0.5476190476190302 0
-0.1340808859063732 0.1547619047620482 -0
0.9793805127240518 0.8214282853022727 0
0.9170912044634054 0.02437292432993118 0
0.2370728585714232 0.702380952380572 0
-0.2990381056755292 0.5357142857141868 -0
-0.216559495791586 0.7261904761901063 -0
-0.5258542828569177 0.4761904761905441 -0
-0.89700802733596 0.3571428571428832 -0
-0.1547005383782238 0.4523809523809275 -0
0.2370728585722292 0.273809523809837 0
-0.6082836910119538 0.9047077626491788 -0
-0.6083328927408747 0.9285714285707991 -0
-0.05160227602338174 0.8452380952375287 -0
0.1958335536292866 0.9166666666661284 0
-0.8763883748645542 0.7499999999998155 -0
0.8144231277611502 0.5357142857145986 0
-0.2577020199902147 0.107310486306138 -0
0.8762820851744836 0.2142857142860754 0
-0.6908147031164236 0.8333277966801781 -0
0.6082266030507479 0.2976190476193888 0
-0.1547005383774545 0.2142857142858693 -0
0.4638890357534605 0.238095238095673 0
0.793803475296233 0.7142857142750277 0
0.2783121635142698 0.2738095238098479 0
-0.8763883748648852 0.3690476190476971 -0
-0.835149069922918 0.1547619047622597 -0
0.62929861885295 0.952660665318435 0
0.7525641703480638 0.4761904761908876 0
-0.5052346303857247 0.2023809523810629 -0
-0.4639953254435196 0.3214285714287703 -0
-0.1547005383774399 0.1428571428572677 -0
0.7938034752901105 0.3095238095241881 0
0.7731838228190956 0.2976190476194165 0
-0.546473935327885 0.7976190476186378 -0
-0.6495721976829567 0.8333333333328975 -0
-0.4846149779146433 0.2142857142858345 -0
-0.2784184532045014 0.5476190476189344 -0
0.814423127761349 0.1785714285717579 0
-0.1959398433195831 0.2142857142858436 -0
0.2989318159852858 0.2857142857145945 0
-0.05160227602337802 0.7976190476185649 -0
-0.8763870045794582 0.8452380952378814 -0
0.5463676456375313 0.9047619047616562 0
0.1752139011581719 0.7857142857138828 0
0.7525531079207781 0.9283510131079469 0
0.8144231277611134 0.654761904762028 0
-0.5670935877989792 0.6428571428569821 -0
-0.422756020501788 0.8214285714280716 -0
0.8762820851743968 0.1666666666669985 0
-0.5464739353279011 0.1071428571428531 -0
-0.1340808859071764 0.4404761904761743 -0
0.2989318159852925 0.3095238095241013 0
-0.5464739353279622 0.6309523809522327 -0
-0.8145294174518261 0.3333333333334376 -0
0.9381410425871947 0.4642857142864696 0
0.711324865406095 0.2142857142860205 0
0.6907052129350819 0.916666666666363 0
0.298931815984665 0.5476190476190084 0
-0.6701918501541169 0.6309523809522655 -0
0.8556625956226771 0.8690473368616132 0
-0.1134612334361139 0.3809523809523936 -0
-0.4227560205017916 0.7976190476185921 -0
0.8969017376450905 0.6309523809525549 0
0.711347509787319 0.09527826968151683 0
0.3195514684560634 0.4166666666671566 0
-0.5258542828569184 0.6904761904759609 -0
0.133974336507407 0.1190480688787205 0
-0.2371791482624033 0.3333333333333393 -0
-0.5670935877989085 0.7857142857139063 -0
-0.8760786229258701 0.08385777122405125 -0
0.3607907733982787 0.3928571428573973 0
-0.1753201908494996 0.8214285714280579 -0
0.3195514684562086 0.39285714285746 0
-0.8557687223934662 0.8095238095235948 -0
-0.1340808859071562 0.3690476190476334 -0
-0.1134612334361209 0.4047619047619058 -0
0.791649600793683 0.9495144883239034 0
0.1752027658981488 0.09525738207673801 0
0.4638890357534289 0.3571428571431129 0
-0.6701918501540495 0.773809523809216 -0
-0.5464739353279126 0.08333333333328222 -0
-0.2577988007335018 0.5833333333331808 -0
0.4845086882244841 0.2500000000004177 0
-0.1959398433205163 0.8095238095233201 -0
-0.8970080273356524 0.6190476190475782 -0
-0.1340808859071693 0.4166666666666613 -0
0.7938034752902909 0.1904761904765126 0
0.7319445178770195 0.5357142857146118 0
-0.5877132402699334 0.7738095238091742 -0
0.5876069505796857 0.9047619047616362 0
-0.195939843320535 0.7857142857138188 -0
-0.2371791482625611 0.7857142857138445 -0
-0.5052346303859067 0.6309523809522256 -0
-0.8557687223939754 0.142857142857502 -0
-0.690811502625178 0.5952380952380207 -0
-0.1340808859071413 0.3452380952381414 -0
-0.5464739353279467 0.6785714285712211 -0
0.2989318159848066 0.4285714285719538 0
0.3195514684556998 0.559523809523729 0
-0.7939097649807836 0.3214285714286497 -0
-0.05160227602216783 0.2261904761906754 -0
-0.9177557885550418 0.8924366022008119 -0
0.340171120927326 0.3095238095240884 0
-0.01036297108007981 0.2261904761907002 -0
-0.09284158096418145 0.08333333333345756 -0
-0.1753201908485033 0.20238095238109 -0
-0.2371791482624436 0.5714285714284396 -0
-0.3402774106176206 0.5595238095236966 -0
-0.6701923835692211 0.8214276486527142 -0
-0.01053589215473433 0.9166299232466525 -0
-0.2371791482623689 0.3095238095238707 -0
-0.4846149779148737 0.6190476190474683 -0
0.03087633386083277 0.6785714285711067 0
0.01025668138981809 0.6428571428568401 0
-0.3608970630887456 0.8095238095233217 -0
0.6700855604640024 0.2142857142859968 0
0.1958316977534152 0.1071460716164708 0
0.8762820851741152 0.7380952380950616 0
-0.567580281798558 0.07067048424613036 -0
-0.5670935877989743 0.6666666666664802 -0
-0.6083328927409607 0.761904761904437 -0
-0.07222192849438545 0.7142857142853563 -0
0.8762820851742156 0.4761904761909686 0
0.4845086882242836 0.8928571428568955 0
0.9175213901166265 0.3333333333337464 0
-0.3196577581465796 0.5476190476189424 -0
-0.6083328927409783 0.7380952380949515 -0
0.4638890357534184 0.3809523809526308 0
-0.299038105675539 0.4642857142857009 -0
-0.3402774106177238 0.7976190476185772 -0
0.7522389294441665 0.9507850843496329 0
0.3814104258693592 0.3095238095241057 0
0.6907052129348659 0.5595238095241442 0
0.7938034752900786 0.6666666666668011 0
0.381410425868882 0.8571428571425621 0
-0.1546950702751922 0.09524756626898156 -0
0.7113248654061057 0.1904761904764919 0
0.07211555424343889 0.7976188788574384 0
0.8350427802321759 0.5238095238098629 0
-0.05160227602335789 0.7261904761901049 -0
-0.3608970630882057 0.2142857142858257 -0
-0.87638677619865 0.8214285714283617 -0
-0.8145294174518436 0.28571428571444 -0
0.81442312776113 0.559523809524068 0
0.566987298108612 0.916666666666422 0
0.4638637118832278 0.9047180425322392 0
-0.299038105675678 0.7976190476185685 -0
-0.3402774106175789 0.4642857142857864 -0
0.793803475290123 0.4523809523814007 0
0.1545942486873585 0.5357142857142241 0
0.3607907733978338 0.8690476190472611 0
-0.8969785682842115 0.809523809523615 -0
-0.0309826309073288 0.8333333186539678 -0
-0.4639953254435677 0.2023809523810616 -0
-0.0928415809641529 0.05952380952393106 -0
-0.03098262355231646 0.714285714285361 -0
-0.5877132402701045 0.2261904761905703 -0
-0.9383186233076161 0.6423846060551497 -0
0.9381410425875594 0.3452380952385556 0
-0.3608970630882104 0.1904761904762682 -0
-0.01036297108127609 0.7261904761901099 -0
-0.8351490699229387 0.1785714285717397 -0
0.5051283406955358 0.2380952380956435 0
0.4637825610259506 0.9270105489188061 0
0.6907052129348884 0.5357142857146309 0
0.01025668138977059 0.7142857142853636 0
-0.6908122855217318 0.8095224554377302 -0
0.03087633386083059 0.7023809523806023 0
0.1545932020577681 0.1071446699605923 0
-0.3608970630882112 0.1666666666667082 -0
-0.690811502625156 0.6190476190475327 -0
-0.9175902313839368 0.6308736248186856 -0
0.6909602480146605 0.9405554761291729 0
-0.4639953254435685 0.1785714285715128 -0
-0.9172893740809452 0.8214285714283923 -0
-0.7320508075675418 0.3571428571429834 -0
-0.6701918501541078 0.6547619047617658 -0
-0.7114311550961649 0.6785714285712967 -0
0.7938034392517386 0.8333334659324612 0
0.7938034752902892 0.2142857142860326 0
-0.3815167155597261 0.6785714285711805 -0
0.8556624327032313 0.4404761904766676 0
0.8350427817116526 0.7619047593418229 0
0.5669872981086231 0.9404761904759878 0
-0.6908115026251247 0.6666666666665368 -0
0.3814104258693607 0.3333333333335929 0
-0.7732901125097654 0.2619047619048901 -0
0.1958335536293009 0.7023809523805673 0
0.01025668138967284 0.90476190476122 0
-0.7114312308618532 0.7976189166328478 -0
0.3195654752083746 0.08335377813343611 0
0.3814104258693472 0.3571428571430784 0
-0.463995325443569 0.1547619047619574 -0
-0.3608970630882098 0.1428571428571528 -0
-0.7114311550961571 0.7023809523807799 -0
0.5669872981088824 0.1309523809526919 0
0.360790773398322 0.3690476190478443 0
-0.03098262940338083 0.8095237978460125 -0
-0.4433756729724965 0.1190476190476059 -0
-0.443375672972498 0.142857142857168 -0
0.07211563880391522 0.2976190476192181 0
0.8556624327032123 0.4642857142862329 0
0.05149598633290874 0.2857142857144341 0
0.01025668139075769 0.2857142857143246 0
-0.7732901125097715 0.238095238095403 -0
-0.4639953254435738 0.10714285714284 -0
-0.7320510146699795 0.8095234516222048 -0
-0.1753201908484895 0.1785714285715543 -0
0.5463676456378378 0.1428571428574471 0
-0.05160227602286539 0.3214285714286441 -0
-0.3608970630882075 0.1190476190475867 -0
-0.3402774106176576 0.7261904761901388 -0
-0.4846149779146599 0.09523809523806147 -0
-0.7526705229355931 0.7976189389299534 -0
0.8144231277613351 0.2261904761907865 0
-0.793909764980806 0.2738095238096627 -0
-0.1134612334362313 0.5238095238094533 -0
-0.8970080273357619 0.5476190476189443 -0
-0.7732901125094198 0.5476190476189974 -0
0.8556624328223528 0.7499999997933151 0
-0.7320508075671843 0.7142857142855478 -0
-0.09284158096495483 0.3214285714286653 -0
-0.2990381056756098 0.7261904761901337 -0
0.9587687539653255 0.8571288987054448 0
-0.1340808859071294 0.3214285714286603 -0
-0.09284158096531818 0.5595238095236742 -0
0.09273529127512414 0.1904761904765226 0
-0.4846149779146974 0.04761904761888085 -0
0.9587608175554777 0.809523597352072 0
-0.7526704600382162 0.702380952380814 -0
-0.3608970630882038 0.0952380952380236 -0
0.09273529127509411 0.2142857142859889 0
-0.257798800733593 0.7261904761901528 -0
-0.7939097649805836 0.5357142857140939 -0
0.03087633386208768 0.1547619047622201 0
-0.07222192849428406 0.5952380952379188 -0
-0.175320190848483 0.154761904762011 -0
-0.3402820192239156 0.08333333333323394 -0
-0.6495721976831179 0.5000000000000666 -0
-0.7732901125092692 0.7142857142855732 -0
-0.484559733996092 0.07152425670228715 -0
-0.05160227602327109 0.6071428571426712 -0
-0.7526704600387278 0.2261904761906347 -0
0.9587606950582253 0.4285714285724068 0
-0.3402774106171073 0.05952380952365715 -0
-0.6701918501541532 0.4642857142858441 -0
-0.5670935877988728 0.4523809523811071 -0
-0.6289525452120908 0.5119047619048133 -0
-0.03098262355224002 0.6190476190473961 -0
-0.8145294174518889 0.1666666666669833 -0
0.8556624327032838 0.3928571428575701 0
-0.7320508075676815 0.2380952380953663 -0
-0.01036299267941466 0.7976190045137304 -0
0.8762820851742703 0.4285714285719269 0
0.9793803475290228 0.7738095238095434 0
0.03087633386209873 0.1309523809527757 0
-0.1753194742583427 0.1309536221229822 -0
-0.1547005383775385 0.285714285714383 -0
-0.5052346303856553 0.4166666666667815 -0
0.7525641703480416 0.4523809523813866 0
-0.8145294174516435 0.5238095238093466 -0
0.01025666179230588 0.7857142466018924 0
0.07211563880411681 0.1785714285717622 0
0.8350427802323628 0.2380952380955501 0
-0.1753201908491984 0.2976190476191292 -0
-0.4639953254435527 0.4166666666667746 -0
0.9587606950579451 0.7619047619045541 0
-0.7732901125090254 0.8809523809519858 -0
-0.1753119658376093 0.1071571032795852 -0
-0.7939097649803089 0.7261904761903177 -0
0.731944517939028 0.797619047510736 0
-0.711431155096608 0.2261904761905996 -0
-0.7939076567331682 0.8690512710843992 -0
-0.4433756729727558 0.4523809523810298 -0
0.8762820851743772 0.3809523809528108 0
-0.628952545212296 0.1785714285715139 -0
-0.1959398433201094 0.2857142857143816 -0
-0.2577988007335801 0.7023809523806342 -0
-0.03098262355100788 0.1190476190479139 -0
0.6700855604638474 0.3571428571432473 0
0.6907052129348996 0.3452380952384755 0
-0.7939108496291227 0.1547598481013125 -0
0.7319445178769965 0.4404761904766262 0
-0.4227560205015043 0.4404761904762992 -0
0.8556624327034104 0.2500000000003118 0
-0.2577988007335872 0.6785714285711424 -0
0.05149598633310039 0.1666666666669897 0
0.9793803475291208 0.7261904761909066 0
-0.6908115026255384 0.2142857142858258 -0
-0.2577988007335719 0.6547619047616617 -0
0.03087628490809335 0.7976189499204122 0
-0.8145294174513623 0.714285714285597 -0
0.7525641703480215 0.3571428571433033 0
-0.7732906204824237 0.1666657078694911 -0
0.7113248654059451 0.4285714285718481 0
-0.3815167155593751 0.4404761904762908 -0
-0.8145221606022589 0.9047744748928508 -0
-0.1546884960623786 0.07144942932998341 -0
-0.2371791482625743 0.642857142856932 -0
-0.03098262355099446 0.09523809523844984 -0
-0.6701918501544732 0.2023809523810552 -0
-0.2165594957915611 0.6309523809521875 -0
0.6907052129348998 0.4166666666670845 0
0.07211257828503762 0.8214224633389182 0
-0.2165594957915239 0.6071428571426718 -0
0.9793803475291204 0.7023809523815354 0
0.3195514684557798 0.4880952380953752 0
-0.835149069922418 0.7261904761903284 -0
0.6907052129348703 0.3928571428575598 0
-0.1548363416784751 0.04730154072345425 -0
-0.6701918501544722 0.1785714285715355 -0
0.05149587952038968 0.785714072542804 0
0.6700855604638474 0.3809523809527709 0
0.3401711209269481 0.4761904761906656 0
0.8762820851743345 0.2380952380955678 0
-0.6495721976833752 0.1666666666667597 -0
0.752564170348062 0.3333333333337134 0
0.9587606950579088 0.6904761904763457 0
0.3607907733979584 0.4880952380953837 0
-0.8557687223934607 0.7142857142856014 -0
-0.03086382506091028 0.07163433644961478 -0
0.752564170348099 0.285714285714627 0
0.3814104258689751 0.500000000000143 0
0.6494659079926974 0.7738095238090966 0
-0.7526708718987637 0.1547611289419551 -0
0.402030078339946 0.511904761904897 0
-0.546473935327894 0.4642857142858343 -0
0.01025668139109309 0.119047619048016 0
0.09271700999675532 0.8332968481111307 0
0.7525641703480708 0.3095238095241644 0
0.814423127761301 0.2500000000002937 0
0.7938034752901715 0.2857142857146127 0
0.7938034752902331 0.2619047619050753 0
-0.8763883748645338 0.7261904761903719 -0
0.6082266030503933 0.7261904761901988 0
0.4226497308108588 0.5238095238096461 0
0.8762822999466848 0.8095234375261287 0
-0.7526737723032727 0.1309462984312307 -0
0.1133030557088298 0.8451712373444603 0
0.03087633386111253 0.5357142857141246 0
0.3195514684557411 0.5833333333331238 0
0.1545942486871888 0.6547619047616449 0
0.1339745962162414 0.6190476190474039 0
0.0721156388031952 0.5357142857141286 0
0.1133549437452613 0.5357142857141338 0
0.1339745962162433 0.5476190476189123 0
0.3814104258688369 0.6190476190473966 0
0.3607907733977967 0.6071428571426425 0
-0.1959398433205017 0.5952380952379741 -0
0.3401711209267553 0.5952380952378948 0
0.4020300783398791 0.630952380952152 0
-0.01036297107994811 0.1309523809526997 -0
0.1339501106935322 0.8333272809976721 0
0.4226497308109249 0.6428571428569053 0
-0.6083328927410067 0.5000000000000969 -0
0.2783121635136171 0.6071428571426621 0
0.4432693832819719 0.6547619047616682 0
0.7731838228252714 0.7023809523700613 0
0.2576925110425776 0.6190476190473898 0
-0.5877132402699763 0.4880952380953466 -0
0.1545899921707979 0.8214276606357722 0
0.2370728585715431 0.6071428571426885 0
-0.7320538078576817 0.1190422249722352 -0
-0.1753201908494723 0.5833333333332311 -0
-0.8969998056254271 0.7380952380951133 -0
0.2164532061004765 0.6190476190474163 0
0.1752139011583313 0.6428571428569108 0
0.1958335536294068 0.630952380952162 0
-0.4846149779147427 0.4285714285715542 -0
-0.6083328927412778 0.2142857142857696 -0
-0.1547005383784449 0.5714285714284904 -0
-0.587713240269924 0.4642857142858652 -0
0.4638890357530311 0.6666666666664215 0
0.2989318159846777 0.5952380952379021 0
-0.1547005383784067 0.5476190476189614 -0
0.7525641703639121 0.7142857142578303 0
0.1752130161428868 0.8095237556548482 0
-0.9177953740336356 0.7258024087530177 -0
-0.7114325156315036 0.1071404430876203 -0
-0.1340808859073304 0.5357142857141957 -0
0.4432693832819632 0.5357142857144319 0
0.3195515508614013 0.821428397406705 0
0.7319445178807161 0.702380952374243 0
0.7113248654094995 0.7142857142790537 0
0.4638890357530031 0.5714285714286493 0
0.9793803475291258 0.6547619047627358 0
0.3195518111448892 0.845237414090538 0
0.1958331443538476 0.8214285393233762 0
-0.6908196636932675 0.0952509226925457 -0
-0.5258542828568697 0.452380952381094 -0
0.4845086882240452 0.5833333333334061 0
-0.4021363680305501 0.4523809523810297 -0
0.6907052129348277 0.6785714285713139 0
0.5051283406952713 0.5714285714287431 0
-0.5258542828568387 0.4285714285716046 -0
0.2164531378877348 0.8095238041725474 0
0.3195514684556257 0.8690476190470043 0
0.9587606950578713 0.6428571428574322 0
0.2370723849734985 0.8214268012090075 0
0.5257479931661854 0.6071428571428941 0
-0.6701879807599587 0.08337150507544279 -0
0.6700855604637793 0.6428571428572926 0
0.5463676456373322 0.5952380952382244 0
0.2576923856151457 0.8095227748338785 0
0.09273529127416835 0.5476190476188512 0
0.5876069505794386 0.7380952380949255 0
-0.3608970630885295 0.4523809523810899 -0
0.6288462555214286 0.666666666666746 0
0.5669872981083364 0.6071428571429379 0
0.05149598633210257 0.5476190476188478 0
0.2783126241795132 0.8214265016477933 0
-0.02883023098340548 0.04485695931917905 -0
0.01025668139000302 0.5714285714283647 0
0.0102566813899761 0.5952380952378293 0
0.01025668139005635 0.5476190476188985 0
-0.01036297108108911 0.6071428571426156 -0
0.2989318159844843 0.8095238095233099 0
0.3401753808978067 0.8809450359053572 0
0.4845086882240865 0.6785714285711337 0
0.5876069505795133 0.595238095238206 0
0.9793803475291832 0.6071428571440749 0
0.6082266030505832 0.6071428571430038 0
0.5051283406951397 0.6904761904758902 0
-0.6701918501544378 0.05952380952404149 -0
0.5257479931661905 0.702380952380653 0
0.8144231312680416 0.7738095177347957 0
0.9587606950578671 0.5952380952386547 0
0.5463676456372473 0.7142857142854122 0
0.3607963392379406 0.8928475246454031 0
0.361142167450066 0.9160974097277592 0
0.5669872981083233 0.7261904761901798 0
0.9793803475292431 0.5595238095253356 0
0.9793803475292755 0.5357142857160053 0
0.6288462555214835 0.738095238094836 0
0.6288462555215137 0.7619047619043618 0
0.6494659079925929 0.6547619047619937 0
0.2783121635135494 0.4642857142860544 0
0.2576925110425392 0.4523809523812558 0
0.6700855604645737 0.7619047619027495 0
0.1752139011589561 0.4047619047617471 0
-0.2165594957910244 0.2738095238097559 -0
0.1958335536299411 0.3928571428572148 0
0.9587606950578694 0.5238095238104713 0
-0.3402774106175251 0.4404761904764142 -0
0.1545942486879163 0.4166666666665407 0
-0.3402774106174619 0.4166666666668551 -0
0.1545942486877516 0.4642857142857721 0
0.690705212937895 0.7738095238035255 0
-0.3196577581464687 0.4047619047621126 -0
0.1339745962166872 0.4761904761904699 0
0.07211563880364777 0.4642857142856974 0
0.1545942486877709 0.4404761904762039 0
-0.3196577581463915 0.3809523809525766 -0
-0.2990381056754107 0.3690476190478263 -0
-0.2990381056753671 0.3452380952382872 -0
0.7113248654187274 0.8095238095011861 0
-0.2990381056753408 0.3214285714287826 -0
0.7731837769311107 0.8452382565942838 0
-0.07222192849357084 0.3095238095237735 -0
0.6907052129367173 0.797619047615578 0
-0.2784184532043008 0.3095238095240129 -0
-0.1134612334358058 0.3095238095240062 -0
-0.2577988007332546 0.297619047619281 -0
0.7525641705567492 0.8095238091614174 0
0.7525641628945735 0.8333333598886372 0
0.03087633386165543 0.2976190476190673 0
-0.01036297108036221 0.2976190476190108 -0
-0.2371791482621423 0.2857142857144518 -0
-0.03098262355156582 0.3095238095238309 -0
0.8144231075823425 0.8452382120643327 0
0.814421413039236 0.8690536204100279 0
0.8350324416061037 0.8809884785174176 0
0.8556402457669345 0.8929348864726852 0
0.8969965995024534 0.8928222629428366 0
0.9587606950581178 0.142857142857572 0
0.8969017376451467 0.1785714285718799 0
0.9175213901159969 0.1666666666672371 0
0.9175213901162119 0.1428571428574423 0
0.9793803475293232 0.4880952380969508 0
0.9567413406941362 0.04404229749331148 0
0.8970919854120313 0.9166697204341361 0
0.9793803475291473 0.464285714287148 0
0.9583560333490097 0.07099934332015204 0
0.9587606950580896 0.4523809523820469 0
0.9793803475292453 0.4166666666680726 0
0.9586817033898998 0.09518999928008949 0
0.2989318159847271 0.4523809523813708 0
0.9793671822510908 0.1071348411501368 0
0.9793781533160805 0.1309510449539794 0
0.8969017376450816 0.2023809523814004 0
0.8969017376450626 0.2261904761908469 0
0.9175213901158704 0.2380952380954569 0
0.9793803475293503 0.3928571428585685 0
0.9381410425869854 0.2500000000002653 0
0.958760695058072 0.2619047619051668 0
0.958760695058065 0.2857142857146098 0
0.9587606950583485 0.3809523809532697 0
0.9587606950580361 0.3333333333337996 0
0.9587606950580501 0.3095238095241996 0
0.9587606950581896 0.3571428571435565 0
-0.6316678456487559 0.9800635151287735 -0
-0.6304860269049084 0.9419905735224761 -0
0.5829415531886896 0.0174975684435488 0
-0.258196933827572 0.08391365214852428 -0
-0.2790086467002193 0.07166141945892478 -0
0.2787483786484146 0.915538419885755 0
0.9594322844633749 0.9534619697831428 0
0.9614421157371051 0.9787874004445628 0
-0.7116088779070071 0.9157824874344671 -0
0.9385741465700033 0.9165099597987691 0
-0.9169550442261606 0.06068884852555601 -0
-0.9641742937615817 0.9805311154971929 -0
0.9644936158096482 0.01982106738430993 0
0.3205758823866907 0.9399464606017622 0
-0.2179018141620621 0.06116049403242106 -0
-0.6508072271295232 0.9262520413405221 -0
-0.2031571202207442 0.9797908386769836 -0
-0.9833788221948917 0.9400839342714864 -0
-0.9559958764490599 0.9173488486921194 -0
-0.9364714428783987 0.8809523809522224 -0
-0.9801143764791427 0.4619236583512548 -0
-0.9836723417514158 0.4400037792886299 -0
-0.9545765856060971 0.48888888888849 -0
-0.9593140133544644 0.854669370312636 -0
-0.9630757434628525 0.8328386359669754 -0
-0.9835255359613975 0.3928571428563337 -0
-0.9545745640672924 0.3690476190474498 -0
-0.9545763146643369 0.4166666666664343 -0
-0.9835255359614017 0.3452380952374174 -0
-0.954568598409254 0.3222222222220978 -0
-0.9801127534949883 0.2952569916850188 -0
-0.9777107478206428 0.5952380952380624 -0
-0.9836720171546063 0.2733371126223819 -0
-0.9831022918661156 0.5119047619036571 -0
-0.9545935376377979 0.2500000000000965 -0
-0.9344532108466002 0.8095238095236001 -0
-0.9835255359614146 0.226190476190125 -0
-0.9562148609460278 0.5595491927946966 -0
-0.9552907942883014 0.2023831956888614 -0
-0.9372383813444676 0.7879534666448449 -0
-0.9557696814464751 0.6308403075698482 -0
-0.9570910953495556 0.7499999999997845 -0
-0.9775343065194283 0.6664053662221856 -0
-0.9375719422764259 0.7117169706596441 -0
-0.9803369360646946 0.533945499365495 -0
-0.9835255359614337 0.1785714285712067 -0
-0.9546002584778766 0.1556692111923929 -0
-0.9801192085676051 0.1285904320366216 -0
-0.9836733081691688 0.1066704673596844 -0
-0.9558396905719047 0.08388944734791598 -0
0.4423577239629999 0.9388971502161112 0
0.5117438249723741 0.9800075644279098 0
0.8692236876792365 0.01991468735723102 0
0.4761904761890215 0.9608604406524912 0
-0.6910181053449673 0.9262708389614664 -0
0.2503687879896196 0.01999837170504908 0
-0.3685139735852395 0.0199582622415333 -0
-0.3685977829552899 0.9801468478110874 -0
-0.2263956274279955 0.01845664771703213 -0
0.677978395147032 0.01981166032260751 0
0.7033279876151792 0.0198005926102896 0
-0.8757595443210269 0.06162074889013908 -0
-0.3939515499402283 0.9802591970496295 -0
-0.3933351725078275 0.02007207877948745 -0
-0.5488218428511062 0.9635412156819861 -0
0.362222799697514 0.937995848166448 0
0.225568367748558 0.02009676292962971 0
0.8572799407567001 0.9612824881519435 0
-0.5473006036952139 0.03754598319133865 -0
0.07142213145988956 0.03855365450201359 0
0.6904056232220341 0.9614812831806074 0
-0.8336880544746053 0.9614874804149822 -0
0.1178973251684902 0.9213383929355905 0
0.8439015643554557 0.01964507266245346 0
0.5290995517204893 0.03714304647799335 0
-0.09441074429308419 0.038665159246931 -0
-0.09441074429511789 0.9613348407520969 -0
0.5376074749472036 0.9805212785541411 0
-0.2495590455460891 0.01834866856893393 -0
0.4037115235763351 0.03890394362648039 0
-0.7131587467063126 0.03892711096976468 -0
-0.2278521766479629 0.980346039616196 -0
-0.668417724477338 0.03878716152653074 -0
-0.8342959424327353 0.03887523894902283 -0
0.3588256208044511 0.03893479758470245 0
-0.6709875792923184 0.9144396115781299 -0
-0.04942955965097981 0.9609586563420003 -0
-0.0497677835802814 0.03889171982911216 -0
-0.2596949704535909 0.9614350280082755 -0
0.5695365988268046 0.9609404923415106 0
-0.8787877746071603 0.9609487140283666 -0
0.807544947475398 0.03771224906607344 0
0.8077893979343972 0.9625734549526751 0
-0.705507042438747 0.9826089394147153 -0
0.5595238095250324 0.01665286713908547 0
-0.5026422485524783 0.9608673625267935 -0
-0.5026347190857733 0.03913066495150802 -0
0.1929293006722768 0.03925274894158347 0
0.1938304998559342 0.9608163233794988 0
0.1160478233521934 0.03912614221570065 0
-0.4248109514484547 0.03927353052034997 -0
-0.4258503072104883 0.9608631430884211 -0
-0.9557475057281298 0.9625355082581759 -0
0.407760723131637 0.9601599982064813 0
0.7344332123506728 0.960333140668489 0
0.7344116101533429 0.03942193017808061 0
0.05400746308565477 0.9004541040249662 0
-0.2389221934267608 0.05119054151465877 -0
0.1382419158325726 0.9523809523804677 0
0.6465790770602065 0.03935237445341695 0
-0.3373144108598803 0.9605253654439896 -0
-0.3370575939217936 0.03928111237631964 -0
0.6547619047609458 0.983734317982155 0
0.03571428571696389 0.0162006967674604 0
0.2816762173531971 0.03931683996703821 0
0.9002543545344495 0.03965080146847621 0
-0.7976190476196084 0.9839343612388408 -0
0.4809902843122673 0.03963556440823077 0
-0.1782593188193805 0.01600153954209012 -0
-0.1319366435895469 0.9834694564772601 -0
-0.1309523809499673 0.01601004147866487 -0
0.441316750926976 0.01653146111985336 0
-0.7499999999993053 0.01597285486862528 -0
-0.1715770721261028 0.9602722757432738 -0
-0.9837841800424603 0.06053286740275005 -0
0.3211590350608778 0.01616329190516444 0
-0.01180739298814532 0.9839808828065156 -0
-0.2976190476170971 0.01590120803368838 -0
0.607142857141766 0.9841105410541632 0
-0.9166666666668971 0.9841140544792806 -0
-0.4642857827981587 0.9839907979514364 -0
-0.4642838566597596 0.01600586588322415 -0
0.1547619047642523 0.01587340939329543 0
0.1547619047595573 0.9841265906069208 0
0.9343036719463685 0.03973241951444315 0
0.02733202788979618 0.9612200977365186 0
-0.6251252619778844 0.03958441383692225 -0
-0.006143827795790911 0.03965311799489517 -0
-0.3031863011092567 0.9601545890859854 -0
0.610693977117964 0.03998790295997029 0
0.7706940744383541 0.04002665640848963 0
0.7706940744383469 0.9599733435913763 0
-0.5914980244529995 0.03897547607697574 -0
0.8943829732223061 0.9836740770242569 0
-0.7967610891929423 0.01554076576834591 -0
-0.5859005086921395 0.9830235336281592 -0
0.2136368309250273 0.9236933236740315 0
-0.7500000000006959 0.9851122971973498 -0
0.9404761904760246 0.9852690372336642 0
0.2604622229067382 0.9229976515002627 0
0.08936938392124505 0.8996253854942319 0
0.0248264321540911 0.9166666666659631 0
-0.2376011757291827 0.03310944084093403 -0
-0.6241309073025657 0.9622180092263095 -0
0.9825702188673509 0.017429781132693 0
-0.9825702188673741 0.9825702188673402 -0
-0.9825702188673411 0.01742978113262827 -0
0.9825702188673386 0.98257021886733 0
-0.9828560181826171 0.5782929071031855 -0
-0.9827046990012855 0.6490039591085853 -0
-0.962608203617759 0.7343497974264822 -0
-0.9622326868773093 0.8996968042902614 -0
-0.9625443839219334 0.7657481268694928 -0
-0.9815982894264133 0.6840998277384478 -0
-0.9828481942290798 0.6121531079584861 -0
-0.9566714098236047 0.6965273665833871 -0
0.464830042862608 0.9460264295292464 0
0.3452380952362732 0.9455880880982326 0
-0.6522275632988407 0.9451779130431419 -0
-0.8936619804084098 0.05455240554347728 -0
-0.6719080609376913 0.9832274446265612 -0
-0.9404761904760356 0.05406896849507523 -0
0.2976190476171072 0.9459847666309009 0
0.5496337311170147 0.03072883620374893 0
0.1235449256205246 0.9414161751484625 0
0.4190555474528999 0.945092236988559 0
-0.552883625206174 0.9836053595030536 -0
0.7873305503025587 0.03296179391968916 0
0.7873700994991542 0.9670851282886511 0
0.5918056128231796 0.03259023259051495 0

CELLS 16414 65656
3 2606 430 3389
3 443 2595 2648
3 461 83 2632
3 3284 2549 4360
3 2557 491 3037
3 2606 3389 4355
3 470 3647 4275
3 509 4194 4231
3 493 3284 4360
3 2624 472 2625
3 432 2581 2875
3 2599 436 2601
3 491 2557 4354
3 420 2583 3556
3 443 2648 4334
3 3647 470 4272
3 4194 509 4353
3 460 2579 2846
3 2356 2357 4238
3 4238 2357 4239
3 2950 4249 4254
3 2951 2950 4254
3 2358 2359 4256
3 4256 2359 4260
3 4268 2570 4269
3 2586 2570 4268
3 4248 2569 4251
3 2980 2569 4248
3 2744 4255 4265
3 2743 2744 4265
3 4240 2585 4241
3 2573 2585 4240
3 2747 2746 4250
3 4250 2746 4257
3 2562 477 4273
3 454 2618 2829
3 488 2567 2939
3 2619 446 2636
3 2579 460 4278
3 426 3019 4279
3 422 3320 4281
3 3973 468 4280
3 3119 496 3547
3 423 3138 3140
3 469 2688 2690
3 2346 2315 2947
3 3634 2343 3657
3 502 2566 4283
3 2340 3516 3525
3 2338 3396 3397
3 3517 2388 3522
3 2593 444 3018
3 2647 462 2872
3 2581 432 4345
3 2563 445 4285
3 3324 474 4287
3 428 2588 4288
3 472 2624 4336
3 2885 471 4289
3 431 2576 4290
3 473 2596 2598
3 2839 1489 2841
3 2352 2016 2791
3 492 2614 3624
3 2601 436 4337
3 453 2580 4298
3 2588 428 3282
3 2583 420 4340
3 435 2590 4303
3 2607 421 2627
3 2841 1489 4370
3 477 2562 4338
3 2645 2615 3027
3 2016 2376 2791
3 501 2585 4246
3 434 2744 4243
3 2585 501 4241
3 2744 434 4255
3 464 2746 4264
3 2746 464 4257
3 2754 441 4242
3 441 2754 4244
3 2572 503 4245
3 503 2572 4247
3 438 2568 4258
3 2568 438 4263
3 2569 448 4251
3 448 2569 4252
3 2571 505 4253
3 505 2571 4259
3 456 2992 4267
3 2992 456 4266
3 2359 2996 4260
3 2996 2359 4261
3 2357 2950 4239
3 2950 2357 4249
3 2570 484 4269
3 484 2570 4270
3 2962 2355 4237
3 2611 481 4235
3 481 2611 4236
3 513 2611 4235
3 2356 2962 4237
3 2962 2356 4238
3 2951 2358 4256
3 2358 2951 4254
3 2586 456 4267
3 2571 448 4252
3 448 2571 4253
3 456 2586 4268
3 2980 503 4247
3 503 2980 4248
3 2572 441 4244
3 441 2572 4245
3 2992 505 4259
3 505 2992 4266
3 501 2754 4242
3 2996 2331 4262
3 2754 501 4246
3 2331 2996 4261
3 3225 2568 4263
3 438 2747 4250
3 434 2573 4240
3 2573 434 4243
3 2747 438 4258
3 2743 464 4264
3 464 2743 4265
3 63 64 3373
3 3380 2550 3381
3 2611 513 4326
3 2355 2962 4377
3 2568 3225 4378
3 2315 2314 2947
3 459 2602 2604
3 435 71 2623
3 2618 454 4339
3 2592 475 3141
3 3019 426 4335
3 461 2632 4294
3 468 3973 4333
3 3320 422 4332
3 83 84 2632
3 2612 478 2892
3 2871 2647 2872
3 2566 502 4331
3 3138 423 4341
3 469 2690 4342
3 445 2563 4330
3 2567 488 4329
3 419 3112 3113
3 2518 3371 3372
3 424 2594 3105
3 2518 3372 3373
3 474 3324 4325
3 471 2885 4324
3 2576 431 4323
3 473 2598 4343
3 3027 2615 4362
3 166 471 2622
3 213 214 2855
3 2614 492 4344
3 29 474 3116
3 3119 3547 4321
3 2550 3380 4364
3 3647 2535 4275
3 2580 453 4316
3 2610 510 2612
3 3657 2343 4314
3 2608 486 3720
3 71 72 2623
3 2590 435 4313
3 2625 472 2626
3 3516 2340 4312
3 2338 3397 4311
3 2820 2069 4224
3 165 166 2622
3 28 29 3116
3 3372 63 3373
3 64 429 3373
3 2388 3517 4308
3 2590 2591 4303
3 444 2593 4306
3 3878 3266 4360
3 3269 2837 4327
3 446 2619 4366
3 33 34 2620
3 170 171 2621
3 2580 2796 4298
3 2034 3278 4220
3 422 33 2620
3 4233 1694 4309
3 151 152 2749
3 40 41 3139
3 426 170 2621
3 2593 3018 4305
3 3846 2895 4358
3 3640 2553 4357
3 459 2604 4347
3 3522 2388 4304
3 2636 446 2637
3 452 2613 2614
3 2576 2578 4290
3 2886 2885 4289
3 142 4283 4285
3 4280 187 4288
3 31 4281 4287
3 4278 50 4290
3 168 4279 4289
3 4273 135 4298
3 4272 69 4303
3 3321 3324 4287
3 2588 2589 4288
3 475 2592 4348
3 213 2855 4374
3 424 3105 3106
3 3396 2338 4301
3 2340 3525 4300
3 2565 2563 4285
3 3025 3607 4356
3 2566 2565 4283
3 3392 2690 3808
3 498 2616 2627
3 2343 3634 4297
3 2629 483 2630
3 2609 500 2619
3 2613 452 2615
3 3320 3321 4281
3 2589 3973 4280
3 3019 2886 4279
3 2578 2579 4278
3 2346 2947 4294
3 3388 2545 4355
3 2627 421 4369
3 462 2647 4307
3 500 2609 2618
3 496 3119 4291
3 2344 2607 2627
3 478 2612 4350
3 2796 2562 4273
3 2349 2634 4195
3 2628 483 2629
3 2591 3647 4272
3 3635 3243 4354
3 3052 439 3053
3 2601 3243 3635
3 4274 1680 4276
3 2616 498 2624
3 2014 2631 4282
3 4194 514 4231
3 3278 2034 4384
3 3713 2560 4353
3 2631 2626 4282
3 1898 2033 2635
3 420 151 2749
3 3266 493 4360
3 2633 2069 4227
3 486 2648 3720
3 2517 2518 4328
3 2635 2619 2636
3 3112 419 4351
3 2518 3373 4328
3 2616 2344 2627
3 2844 3301 4217
3 435 2623 4313
3 2069 2633 4224
3 2939 2567 4296
3 2594 424 4352
3 3392 3808 4345
3 2846 2579 4293
3 41 476 3139
3 2895 451 4358
3 504 3640 4357
3 2352 2791 4302
3 2643 4233 4309
3 2595 443 4296
3 2837 3269 4359
3 2640 18 4385
3 2634 2633 4227
3 2560 3713 4338
3 2575 2574 4396
3 3377 2021 4223
3 2361 2856 4270
3 4283 2565 4285
3 2589 4280 4288
3 4281 3321 4287
3 2578 4278 4290
3 4279 2886 4289
3 2796 4273 4298
3 4221 2575 4396
3 2591 4272 4303
3 2634 1748 4195
3 3607 440 4356
3 2349 2629 2634
3 2588 3282 4284
3 1906 2031 2644
3 2545 3388 4333
3 18 2640 4319
3 2033 2609 2635
3 2038 1898 2635
3 436 2599 4295
3 3607 3025 4331
3 510 2610 4326
3 3389 3388 4355
3 1756 3269 4327
3 512 2820 4224
3 1905 2645 2646
3 2553 3640 4330
3 2895 3846 4329
3 4224 2630 4225
3 2856 2361 4387
3 2612 510 4350
3 3266 3878 4323
3 2636 2637 2638
3 454 2829 4297
3 2549 3284 4322
3 3556 2583 4299
3 2625 2626 2631
3 486 2608 4349
3 419 3113 4321
3 1905 2644 2645
3 423 3140 4300
3 2688 469 4301
3 2875 2581 4302
3 2631 4274 4276
3 2892 478 4314
3 2596 473 4304
3 40 3139 4341
3 492 3624 4305
3 3380 3378 3499
3 3141 475 4312
3 430 2606 4311
3 87 88 4225
3 2602 459 4310
3 2557 3037 4306
3 421 2607 4308
3 2622 471 4324
3 3301 2844 4376
3 3243 491 4354
3 2641 499 2642
3 3116 474 4325
3 2638 2637 2639
3 1905 1906 2644
3 2031 2613 2644
3 2629 2630 2633
3 2609 2619 2635
3 509 3713 4353
3 1490 2843 4370
3 2613 2615 2644
3 2749 152 4343
3 439 3052 4371
3 2222 1872 2646
3 1872 1905 2646
3 2021 3377 4388
3 3106 3105 4218
3 2856 484 4270
3 2639 2637 2640
3 2843 1490 4222
3 2222 2646 2647
3 2843 2841 4370
3 484 2856 4346
3 432 3392 4345
3 2629 2633 2634
3 2642 499 4216
3 2038 2635 2636
3 2647 2871 4286
3 2948 4317 4395
3 4316 3645 4394
3 2639 2640 2641
3 2644 2615 2645
3 2038 2636 2638
3 2639 2641 2643
3 2791 2376 4310
3 527 525 4120
3 2046 2661 2860
3 2697 993 3298
3 2649 1089 2860
3 533 531 4142
3 2661 2649 2860
3 463 112 4198
3 2045 1774 3246
3 3238 3237 4055
3 1089 2649 3717
3 704 535 2678
3 437 115 4205
3 2656 704 2678
3 991 529 2668
3 2650 991 2668
3 529 527 2668
3 2317 3831 4192
3 2699 2775 3968
3 662 2673 2762
3 1120 2666 2985
3 2680 2303 4134
3 991 2650 2652
3 2775 463 3968
3 535 533 2678
3 543 541 2986
3 4184 125 4200
3 2676 2265 4070
3 704 2663 2984
3 704 2656 2663
3 2666 1120 2984
3 2663 2666 2984
3 2668 527 4120
3 2381 1781 2674
3 2285 3238 4055
3 2673 2659 2762
3 2659 2070 2762
3 2070 2659 2674
3 1781 2070 2674
3 3883 1819 4133
3 2191 2697 3298
3 2191 2660 2697
3 507 2658 4163
3 2678 533 4142
3 3288 1617 4107
3 3457 2434 3458
3 3458 2434 3675
3 4025 678 4180
3 2101 2932 4167
3 2878 455 4018
3 736 741 2736
3 1383 2676 4070
3 3089 1288 3999
3 508 2680 4134
3 2416 2142 4102
3 2661 2046 2861
3 2658 2756 4163
3 2478 2658 4185
3 3265 2416 4102
3 2780 2043 4196
3 2731 745 2733
3 2731 2729 3655
3 1334 2706 3385
3 2727 2725 3669
3 2928 3182 3965
3 2660 2191 3288
3 2478 4185 4190
3 2674 2045 3246
3 1774 1775 3246
3 2727 1361 2729
3 745 2731 3655
3 2722 729 2725
3 729 2722 2737
3 3464 2175 3921
3 2729 1361 3655
3 1361 2727 3669
3 2725 729 3669
3 2313 2100 2698
3 2709 1238 2713
3 2707 1238 2709
3 2703 738 2704
3 738 2703 3384
3 2717 739 2737
3 1911 1615 3288
3 2703 2706 3384
3 2313 2698 2699
3 2706 1334 3384
3 2714 739 2717
3 506 2806 4150
3 442 2662 4155
3 1526 2828 4019
3 2383 2382 2694
3 2100 2099 2701
3 2970 2971 4159
3 2955 4188 4189
3 2670 1800 2700
3 2698 2100 2701
3 2043 1944 4196
3 2432 3089 3999
3 4158 507 4163
3 2670 2383 2694
3 541 1120 2986
3 1800 2670 2694
3 678 543 2986
3 2154 2760 2761
3 2760 2279 2761
3 2691 2687 3751
3 2699 1953 4202
3 3182 2197 3965
3 1925 2387 2702
3 1516 2691 3751
3 455 2861 4018
3 2151 3244 3881
3 720 722 3891
3 2926 2927 3678
3 678 2986 4180
3 4139 3656 4215
3 4153 442 4155
3 2927 1909 3678
3 4184 2533 4186
3 2392 3298 3948
3 3954 831 3964
3 2392 3948 3954
3 1503 3123 3909
3 2926 2424 3123
3 2424 2926 3678
3 2692 1521 3261
3 2692 2683 3538
3 447 2669 4144
3 1521 2776 3261
3 745 736 2736
3 1521 2692 3538
3 2683 1117 3538
3 1117 2683 2684
3 2672 2386 2829
3 920 923 2929
3 2533 2310 4186
3 1117 2684 3502
3 2054 2396 3077
3 2704 738 3240
3 1238 2707 3240
3 2386 2672 2828
3 3808 2689 4112
3 2584 2748 3330
3 2175 3385 3921
3 2679 2584 3330
3 2667 1141 4038
3 2955 2310 4188
3 2434 3457 4034
3 4025 2667 4038
3 1750 2679 3330
3 2684 3256 3502
3 3237 1141 4055
3 2421 4013 4151
3 1108 1105 3914
3 2679 1750 3156
3 3298 993 3948
3 525 1089 4120
3 2392 3954 3964
3 2607 2036 2772
3 4148 506 4150
3 1751 2390 3102
3 3457 3476 4034
3 4074 1606 4181
3 2679 3156 3531
3 1924 2675 2776
3 1924 1925 2702
3 2675 1924 2702
3 2416 3265 4097
3 3385 2175 3484
3 2874 1200 4043
3 3123 2424 3909
3 3156 1116 3531
3 2806 2805 4150
3 3831 1365 4192
3 2474 2669 4147
3 1885 2740 2742
3 2861 455 3709
3 1116 2681 3531
3 1110 1108 2757
3 4201 2775 4202
3 2403 2066 3132
3 3572 3131 4032
3 841 839 2956
3 3256 1551 3502
3 3255 1551 3256
3 2681 1116 2757
3 1116 1110 2757
3 2474 4147 4148
3 2733 745 2736
3 1551 3255 3497
3 714 716 3240
3 2391 3513 3738
3 2736 3883 4133
3 1334 3385 3484
3 3255 2738 3497
3 3968 463 4198
3 2722 2719 2737
3 1783 2167 3917
3 2669 2877 4144
3 1235 4015 4016
3 2700 2151 3881
3 2065 2750 3787
3 3261 2776 3463
3 1885 2742 2745
3 2662 2305 4155
3 2532 2313 3968
3 2711 2709 2713
3 2381 2674 3246
3 2738 1552 3497
3 2884 3767 3971
3 2713 720 3891
3 4080 1602 4160
3 2658 2044 2756
3 3432 2280 4020
3 2281 2280 4029
3 2281 4029 4035
3 4090 1400 4161
3 2828 2672 4019
3 2757 1108 3914
3 109 110 2779
3 2719 2717 2737
3 531 991 4142
3 4093 1399 4162
3 2772 2036 3102
3 2559 3319 3320
3 2702 2387 3102
3 1775 1923 4165
3 3036 2281 4035
3 2693 1700 3322
3 2064 2447 3470
3 678 4025 4038
3 2143 2750 3295
3 1927 1574 2777
3 2310 1864 4188
3 2750 2143 3787
3 2695 1927 2777
3 2191 1911 3288
3 433 109 2779
3 1617 2381 4107
3 1615 1617 3288
3 4116 1675 4171
3 2265 3036 4070
3 2151 2700 3542
3 2736 741 3883
3 3319 2559 3322
3 3857 1194 4012
3 1927 2695 3582
3 1141 2667 4055
3 1574 1783 2777
3 4097 591 4176
3 567 2759 4081
3 2759 567 4089
3 3210 3208 3223
3 2677 4078 4079
3 2677 2676 4078
3 739 2714 3891
3 4079 567 4081
3 3470 2447 3785
3 2700 1800 3542
3 2859 2143 3295
3 3036 4035 4070
3 3210 2389 3932
3 739 724 2737
3 2062 2859 3295
3 2152 2486 2816
3 718 720 2713
3 1238 718 2713
3 1089 3717 4120
3 2861 3709 4134
3 2044 1866 2756
3 3399 829 3466
3 724 729 2737
3 2161 2117 2993
3 4053 642 4066
3 3586 1381 4000
3 3400 2155 3459
3 4141 447 4144
3 3385 2706 3433
3 2816 2486 3620
3 92 93 515
3 2734 3572 4032
3 934 933 3781
3 2580 2795 2796
3 3238 2285 4084
3 2389 3077 3932
3 2152 2816 2817
3 2707 2704 3240
3 2447 3473 3785
3 919 2685 3534
3 2398 3483 3796
3 2685 919 2929
3 2043 2780 4201
3 517 2878 4018
3 2658 507 4185
3 822 825 3847
3 2671 2670 2700
3 2769 2768 3312
3 928 931 3209
3 2739 1866 2786
3 931 3207 3209
3 2393 3252 3580
3 4196 2301 4212
3 2768 1671 3312
3 2777 1783 3917
3 1866 2739 2756
3 2662 4158 4163
3 2075 2783 3956
3 2146 1930 2821
3 919 920 2929
3 2395 2773 3338
3 2751 2146 2821
3 2012 1884 2745
3 1731 2686 3697
3 933 2767 3781
3 2673 662 4016
3 4015 2673 4016
3 3252 2808 3580
3 1235 3431 4145
3 2530 2006 2824
3 2884 2552 2885
3 2152 2817 2934
3 2687 2686 3751
3 2400 2770 3565
3 2580 2541 2795
3 2396 2929 3077
3 2662 442 4158
3 2770 941 3565
3 2929 923 3077
3 2795 2541 2809
3 3483 1619 3796
3 3182 3464 3921
3 2776 2675 3463
3 2389 2054 3077
3 2784 825 3398
3 2881 1881 2882
3 2691 1516 3801
3 2806 4153 4155
3 2758 2275 2852
3 2701 2874 4043
3 2407 2822 2824
3 2197 3182 3921
3 855 853 2789
3 1289 2694 3995
3 2880 1881 2881
3 2785 2784 3398
3 2389 3210 3223
3 2701 2099 2874
3 1288 1289 3999
3 935 3203 3211
3 1289 3995 3999
3 3399 2155 3400
3 2170 2758 2852
3 2280 3432 4029
3 1700 2693 3323
3 993 2697 2956
3 2036 1751 3102
3 2696 2408 3586
3 111 463 2774
3 1120 2985 2986
3 2695 3323 3582
3 2077 2755 2793
3 2390 2702 3102
3 1095 1093 3818
3 1097 1095 2792
3 941 2770 3688
3 2303 2661 4134
3 2985 2666 4125
3 930 929 3339
3 2118 2752 2753
3 2686 1731 3751
3 2019 3023 3025
3 1552 2738 3470
3 839 993 2956
3 3692 1731 3697
3 2187 2765 2766
3 2765 1965 2766
3 1884 1885 2745
3 825 2784 3847
3 2763 587 2827
3 2408 3692 3697
3 2055 1699 3323
3 2806 506 4153
3 433 2779 2780
3 4187 1739 4191
3 932 935 3211
3 2552 2884 3971
3 1881 2880 3043
3 2088 2890 2941
3 2956 2403 3132
3 2738 2064 3470
3 893 2783 2787
3 2942 1808 3898
3 2066 2391 3132
3 2932 3899 4167
3 2062 2075 2859
3 841 2956 3132
3 793 790 3901
3 3426 3722 3732
3 2755 2077 2792
3 3244 763 3881
3 1706 893 2787
3 3132 2391 3738
3 1930 2008 2821
3 4068 2278 4126
3 942 941 3688
3 738 714 3240
3 722 739 3891
3 2408 2696 3692
3 3159 3002 3161
3 2077 1097 2792
3 2927 2928 3965
3 2880 2781 3043
3 4188 1677 4189
3 3023 2019 3024
3 716 1238 3240
3 2146 2751 2851
3 4004 2274 4014
3 93 94 2878
3 1654 3001 3159
3 2792 1095 3818
3 3001 3002 3159
3 939 3199 3212
3 2059 2693 3322
3 882 2876 2891
3 4088 3438 4127
3 2006 2407 2824
3 2769 3312 3314
3 2975 2888 2977
3 517 515 2878
3 1648 3933 3958
3 2890 2405 2941
3 2660 3288 4107
3 3312 3313 3314
3 945 2782 3468
3 2786 3003 3810
3 2888 2975 2978
3 2711 2713 3891
3 2876 2473 2891
3 946 945 3468
3 3021 1079 3792
3 3265 555 4097
3 2559 2059 3322
3 1705 3101 3482
3 2771 1555 3021
3 2474 4148 4150
3 2404 2170 2852
3 662 2762 2827
3 3291 2788 3684
3 2774 463 2775
3 936 939 3212
3 927 928 3209
3 1107 3252 3897
3 1885 1503 3909
3 94 455 2878
3 2922 823 3041
3 1555 2771 3022
3 3231 3700 3850
3 3207 931 3211
3 2407 2821 2822
3 2391 2065 3787
3 587 2763 2848
3 2676 1383 4078
3 567 561 4089
3 516 515 517
3 3513 2391 3787
3 2404 2852 3489
3 2767 933 3339
3 2752 2118 2979
3 3101 3060 3482
3 3328 979 3861
3 1931 2793 3475
3 3235 973 3887
3 3209 3208 3210
3 3251 2808 3252
3 2618 2327 2829
3 1819 3572 4133
3 2904 2905 2965
3 2793 1931 2808
3 1188 1186 2933
3 2677 4079 4081
3 2759 2443 4081
3 3338 2773 3339
3 2310 2955 4186
3 2155 3399 3466
3 2585 2161 2993
3 449 2904 2965
3 893 855 2789
3 1520 1924 2776
3 462 207 2872
3 2409 2763 2827
3 2327 2672 2829
3 3161 3002 3163
3 3398 829 3399
3 459 173 2790
3 1521 1520 2776
3 2117 2118 2993
3 3458 4053 4066
3 3322 1700 3325
3 3203 935 3212
3 2838 2833 2846
3 1141 547 4038
3 3319 3322 3325
3 47 48 2832
3 2979 2116 3103
3 2012 2745 2746
3 2896 2800 4001
3 3745 2831 3830
3 1470 2794 2979
3 2771 3021 3792
3 2073 3722 3811
3 2826 3817 3859
3 1890 2990 2991
3 2793 2755 3475
3 2783 893 2789
3 2582 3808 4112
3 2781 1523 3043
3 2808 1931 3580
3 943 3195 3213
3 3054 3120 3391
3 2797 1191 2799
3 1505 2809 3526
3 1105 1107 3914
3 2000 2284 3007
3 2890 2942 3898
3 2918 819 3040
3 110 2774 2779
3 3142 3143 3829
3 3014 1782 3505
3 3458 3675 4053
3 3060 1946 3482
3 515 93 2878
3 111 112 463
3 3314 3313 4098
3 1776 1921 3223
3 3949 755 4091
3 1184 1183 3085
3 940 943 3213
3 2810 2811 3034
3 1778 1554 3024
3 2142 2275 4102
3 931 932 3211
3 2436 2830 3773
3 2887 1666 2977
3 2933 2798 3577
3 2833 2832 2846
3 823 2922 3042
3 3326 1599 3802
3 2469 2146 2851
3 4054 3149 4056
3 1706 2787 2788
3 1101 1099 2807
3 3206 1918 3208
3 1149 2810 3034
3 3199 939 3213
3 2766 1965 3235
3 207 208 2872
3 2919 2922 3041
3 2282 2805 2893
3 937 934 3781
3 1533 1871 2882
3 3089 2432 4004
3 495 47 2832
3 2848 2764 2849
3 2803 1785 3774
3 2859 2075 3956
3 2788 2787 3684
3 2739 2786 3810
3 3059 1946 3060
3 2280 1854 4020
3 1107 3897 3914
3 2967 1471 3523
3 3363 3360 3865
3 2099 1674 3957
3 1523 2781 2959
3 2669 447 4147
3 2857 793 3901
3 1881 1533 2882
3 2800 2256 4001
3 4006 2501 4007
3 4118 2985 4125
3 1890 2989 2990
3 2953 949 3854
3 2768 2398 3796
3 793 2857 3706
3 3756 2798 3786
3 2809 2541 3526
3 3565 937 3699
3 2387 2772 3102
3 3089 4004 4014
3 2714 2711 3891
3 2807 2808 3251
3 2088 1179 3937
3 929 3338 3339
3 1909 2927 3965
3 1542 1211 2786
3 3323 2693 3582
3 480 515 516
3 3338 3337 3866
3 933 930 3339
3 821 2778 3821
3 3005 2001 3006
3 991 2652 4142
3 4072 1644 4076
3 2123 2125 3843
3 1699 1700 3323
3 3304 2071 3755
3 516 517 518
3 1210 3756 3786
3 1866 1542 2786
3 3483 2073 3811
3 2762 2409 2827
3 1685 1687 2989
3 2555 2967 3523
3 2740 1885 3909
3 2695 2055 3323
3 935 936 3212
3 3011 3014 3505
3 999 1020 2934
3 110 111 2774
3 1671 2768 3796
3 2400 3565 3699
3 3302 2850 3662
3 1593 1596 3221
3 2167 2773 3917
3 2888 2887 2977
3 2082 2084 3264
3 763 760 4045
3 2465 3328 3861
3 2914 815 3039
3 2765 2187 3722
3 2404 3489 3764
3 3359 3356 3853
3 819 2918 3041
3 1592 3205 3219
3 2959 2957 3134
3 3699 937 3781
3 2830 1358 3773
3 128 514 2818
3 3071 1822 3689
3 2763 2764 2848
3 2819 3224 3557
3 1667 2999 3268
3 1951 1797 3310
3 1191 2797 2933
3 2671 2700 3881
3 3120 3390 3391
3 2696 3586 4000
3 3722 2073 3732
3 3195 943 3214
3 480 92 515
3 1619 3483 3811
3 1505 1414 2862
3 2239 2523 4117
3 1903 1896 3026
3 2498 3857 4012
3 2915 2918 3040
3 2564 2566 3022
3 3001 1654 3268
3 797 794 3706
3 3157 3289 3849
3 2469 2851 3706
3 2936 2081 2937
3 3070 3071 3689
3 1605 1604 3166
3 1523 2959 3134
3 3224 2179 3557
3 1946 3059 3477
3 3143 2468 3829
3 949 946 3468
3 821 822 3847
3 1186 1191 2933
3 3426 2765 3722
3 2974 2973 2975
3 2275 2758 4082
3 1560 1559 3950
3 4024 1661 4115
3 2785 3398 3399
3 2789 853 3780
3 3473 3101 3785
3 2414 2001 3005
3 2794 1470 3828
3 2809 1505 2862
3 1863 2302 2877
3 2003 2239 2938
3 2413 3326 3802
3 2771 2564 3022
3 1604 2825 3166
3 3577 2798 3756
3 1081 2819 3557
3 945 942 3688
3 2999 3001 3268
3 2547 2795 2809
3 2866 2418 3413
3 2814 1667 3034
3 2819 1081 3424
3 2426 3173 3707
3 172 173 459
3 2118 2116 2979
3 2801 1560 3950
3 3120 3118 3390
3 2118 2753 2993
3 1588 3201 3218
3 592 2848 2849
3 3059 2435 3477
3 939 940 3213
3 2464 2804 3925
3 947 3191 3214
3 2928 1029 3182
3 2991 2368 3184
3 3355 3353 3837
3 2778 3790 3821
3 1589 1592 3219
3 1667 2814 2999
3 2904 449 3342
3 1735 1736 2972
3 3118 1692 3390
3 1785 3126 3774
3 1890 1685 2989
3 2418 2081 2936
3 2847 2419 3409
3 518 517 519
3 2857 2469 3706
3 2694 2382 3995
3 208 2870 2872
3 1687 2988 2989
3 4156 2978 4166
3 2782 945 3688
3 815 2914 3040
3 2945 2423 3666
3 3015 3299 3759
3 2786 1211 3003
3 3910 889 4003
3 2918 2919 3041
3 1470 2979 3103
3 979 3179 3861
3 2799 1191 3085
3 1890 2991 3184
3 1820 3299 3300
3 3489 2140 3764
3 2804 1937 3925
3 4017 1422 4109
3 2019 1778 3024
3 1099 2077 2807
3 944 947 3214
3 1218 1220 3404
3 2414 3005 3539
3 48 460 2832
3 2972 2973 2974
3 1918 3206 3221
3 1471 3016 3523
3 2001 2000 3007
3 1093 1785 3818
3 495 2832 2833
3 2533 4184 4200
3 3381 466 3382
3 2788 3745 3830
3 2800 1526 4019
3 174 494 2790
3 1031 1028 3181
3 3933 3400 3958
3 1531 2873 3673
3 3700 2140 3850
3 2811 2814 3034
3 1938 3473 3749
3 4083 3454 4135
3 976 978 3178
3 2882 1871 2883
3 1393 1666 2894
3 2828 1526 3285
3 1601 1600 3245
3 2419 2847 3297
3 1191 1184 3085
3 1921 2389 3223
3 2910 811 3038
3 2810 1149 3264
3 3424 1081 3632
3 3070 1494 3242
3 2911 2914 3039
3 2071 3304 3790
3 1554 1555 3024
3 2140 3700 3764
3 1002 4006 4007
3 521 2046 2860
3 3010 2188 3133
3 2821 2008 2822
3 2425 2867 3309
3 979 3178 3179
3 3807 2794 3828
3 3208 1918 3223
3 479 2853 2868
3 1107 3251 3252
3 1494 3070 3689
3 3790 3304 3821
3 480 2069 2820
3 1600 2865 3245
3 48 49 460
3 235 236 464
3 2547 2809 2862
3 1735 2972 2974
3 1918 1776 3223
3 208 209 2870
3 1584 3197 3217
3 3227 3661 3816
3 3117 1692 3118
3 2071 3711 3755
3 2418 2866 3430
3 2341 3140 3257
3 1666 2887 2894
3 466 56 3382
3 3310 2414 3539
3 2794 2752 2979
3 3130 3424 3632
3 2805 2079 2893
3 1463 3173 3763
3 592 2849 2997
3 585 662 2827
3 2778 821 3847
3 2788 3291 3745
3 1101 2807 3251
3 587 585 2827
3 1188 2933 3577
3 1020 2152 2934
3 2418 2936 3413
3 2831 1949 2981
3 2851 797 3706
3 1183 2123 3085
3 1859 2969 2970
3 2873 2577 3673
3 3385 3433 3921
3 3205 1592 3221
3 797 2851 3553
3 3163 3002 4002
3 3075 1505 3526
3 2854 511 2855
3 1585 1588 3218
3 56 57 3382
3 2850 2764 3662
3 2914 2915 3040
3 2077 2793 2807
3 897 2934 3946
3 3191 947 3215
3 2574 1903 3026
3 3711 3014 3755
3 3913 2464 3925
3 1949 2831 3745
3 2974 2975 2977
3 3938 2801 3950
3 3201 1588 3219
3 2775 2699 4202
3 2851 2751 3553
3 2924 1031 3181
3 1949 1217 2981
3 479 210 2853
3 897 999 2934
3 2084 2810 3264
3 2853 2854 2868
3 1782 3014 3711
3 1596 1918 3221
3 2790 494 2791
3 746 2863 3795
3 4094 3449 4137
3 1599 3125 3802
3 450 244 2952
3 588 587 2848
3 3767 1560 3971
3 978 3176 3178
3 1608 1605 3166
3 1634 3363 3865
3 943 944 3214
3 2773 2395 3917
3 2455 3561 3753
3 3022 3023 3024
3 2329 2945 3666
3 592 588 2848
3 1592 1593 3221
3 1213 2078 2889
3 811 2910 3039
3 1797 2425 3310
3 3051 3054 3391
3 1687 1689 2988
3 949 3468 3854
3 3230 1799 3232
3 1494 1495 3242
3 1414 1678 2862
3 3299 1820 3759
3 1692 3117 3121
3 1896 2019 3026
3 1029 2928 3181
3 2313 2699 3968
3 3817 2850 3859
3 2946 461 2947
3 4154 1858 4173
3 2881 2882 3019
3 2867 2425 3086
3 3197 1584 3218
3 1217 1215 2981
3 2256 3998 4001
3 3022 2566 3023
3 2766 3235 3887
3 3071 3072 3842
3 1072 1505 3075
3 1317 1315 3294
3 2783 2789 3956
3 2149 3256 3761
3 3367 3365 3567
3 702 746 3795
3 1463 3807 3828
3 2866 3241 3430
3 2079 1723 2893
3 3003 1234 3810
3 979 976 3178
3 2825 1604 3245
3 3101 1705 3785
3 2971 3980 4159
3 3232 3404 3405
3 1463 3763 3807
3 2019 3025 3026
3 1207 1213 2889
3 3815 2834 3892
3 1648 2802 3933
3 128 129 514
3 2847 3259 3297
3 2081 2003 2938
3 1859 2968 2969
3 3365 2145 3435
3 82 461 2946
3 2961 2960 2962
3 2882 2883 3019
3 4013 747 4151
3 91 480 2820
3 1079 2967 3792
3 1047 1024 2896
3 2419 2082 3264
3 2991 2990 2992
3 1056 1039 3017
3 485 2897 2898
3 1211 1201 3003
3 482 127 2818
3 1630 3359 3853
3 1215 1161 3653
3 1588 1589 3219
3 173 174 2790
3 827 824 3042
3 1762 1993 2968
3 3224 2436 3773
3 1951 3310 3539
3 2395 3338 3866
3 2507 2255 3969
3 3336 3335 3845
3 2944 3341 3765
3 2101 2931 2932
3 2901 2898 2954
3 969 970 3235
3 824 823 3042
3 1861 1863 2877
3 451 80 2948
3 3155 1586 3487
3 2680 4141 4144
3 3085 2123 3843
3 785 3361 3481
3 882 873 3923
3 1669 3164 3315
3 2773 2767 3339
3 1622 3367 3567
3 3361 3362 3481
3 3152 3155 3487
3 2907 2910 3038
3 1666 2976 2977
3 3231 3232 3700
3 1785 2803 3818
3 2854 2855 2856
3 785 782 3639
3 3289 2441 3849
3 3303 3304 3755
3 2910 2911 3039
3 2890 2088 2942
3 2341 3257 3412
3 4100 3451 4140
3 2832 460 2846
3 174 175 494
3 2318 2026 2892
3 628 629 4122
3 2874 2099 3957
3 488 78 2895
3 3164 3165 3315
3 2867 3086 3366
3 1526 1137 3285
3 1580 3193 3216
3 3016 1471 3017
3 3193 1580 3217
3 978 981 3176
3 176 432 2875
3 1028 1029 3181
3 1234 2889 3690
3 249 2960 2961
3 250 481 2960
3 2853 511 2854
3 3010 3011 3505
3 1298 1296 3423
3 1248 1250 3121
3 3334 3333 3757
3 2299 2936 2937
3 2898 2897 2954
3 1576 1577 3216
3 1842 2251 3819
3 1666 1394 2976
3 1393 2894 3552
3 2101 1994 2931
3 1820 3300 3740
3 3173 2426 3763
3 485 122 2897
3 3364 2145 3365
3 2111 3010 3133
3 2883 2886 3019
3 1555 3022 3024
3 948 951 3215
3 1577 1580 3216
3 3707 1462 3708
3 1604 1601 3245
3 2437 2879 3727
3 1799 3230 3239
3 1495 1498 3242
3 1358 2830 3799
3 951 3187 3215
3 1900 2022 2546
3 1220 1224 3404
3 490 2949 2950
3 1626 3355 3837
3 3036 3020 3614
3 1584 1585 3218
3 252 253 513
3 823 820 3041
3 3361 785 3639
3 3098 3097 3544
3 1581 1584 3217
3 818 821 3821
3 1024 1038 2896
3 3257 3146 3412
3 2425 3309 3310
3 2901 2954 2955
3 1799 1218 3404
3 820 819 3041
3 449 120 3342
3 2981 1215 3653
3 3173 1447 3707
3 2865 1600 3294
3 3382 57 3660
3 1993 2308 2968
3 2419 3264 3409
3 1053 3098 3544
3 1462 3080 3440
3 1998 2316 2930
3 4139 437 4205
3 1263 1261 3124
3 495 2833 2834
3 1736 1859 2972
3 2102 2957 2959
3 244 245 2952
3 512 90 2820
3 3473 2447 3749
3 521 519 2046
3 2188 3010 3505
3 3313 3315 3316
3 794 793 3706
3 1276 1270 2940
3 1599 3124 3125
3 2942 2088 3937
3 211 511 2853
3 2298 3005 3006
3 1299 2943 2944
3 2958 1550 3625
3 487 2963 2964
3 211 212 511
3 3232 3405 3700
3 2145 3364 3403
3 2430 3341 3463
3 950 949 2953
3 57 58 3660
3 3189 1576 3216
3 494 175 2875
3 443 76 2939
3 2302 2303 2680
3 3456 1624 3476
3 2281 3036 3614
3 2579 2577 2873
3 1089 523 2860
3 2824 4187 4191
3 2797 2798 2933
3 927 3209 3210
3 3259 3079 3297
3 746 3142 3829
3 3200 3203 3212
3 2435 3056 3477
3 490 246 2949
3 3457 3456 3476
3 880 878 3126
3 1250 1692 3121
3 1678 1867 1900
3 3204 3207 3211
3 1394 1396 2976
3 3563 3799 3872
3 2604 2603 2605
3 1187 1192 3004
3 3011 3013 3014
3 1471 1056 3017
3 3050 1679 3485
3 3050 3051 3391
3 3169 3170 3782
3 1828 3267 3493
3 2426 3707 3708
3 2198 3625 3730
3 3267 2492 3493
3 2675 2430 3463
3 3203 3204 3211
3 1036 1031 2924
3 819 816 3040
3 1798 3097 3306
3 2362 2570 2586
3 480 516 2069
3 1470 1453 3828
3 816 815 3040
3 1871 1534 3767
3 807 2906 3038
3 487 118 2963
3 2301 2044 2478
3 2604 2605 2621
3 3199 3200 3212
3 428 3281 3282
3 1192 1205 3004
3 1860 2282 2893
3 2547 2546 2562
3 126 127 482
3 3097 1798 3544
3 947 948 3215
3 3232 1799 3404
3 3192 3195 3214
3 1889 2360 2362
3 523 521 2860
3 2282 2048 2474
3 127 128 2818
3 1809 3234 3696
3 206 462 3027
3 1600 1317 3294
3 3256 2684 3761
3 3066 1498 3249
3 1315 3145 3294
3 1873 1759 3254
3 3086 1010 3366
3 90 91 2820
3 2906 807 3033
3 2546 2022 2560
3 489 2995 2996
3 2849 2764 2850
3 2605 2880 2881
3 3661 2141 3816
3 3774 2189 3833
3 1865 1866 2044
3 2937 2081 2938
3 2304 2805 2806
3 1860 1861 2048
3 1621 3094 3096
3 810 813 3012
3 1625 1624 3629
3 1689 1889 2988
3 3561 1966 3753
3 953 950 2953
3 2686 2324 3697
3 2906 2907 3038
3 2080 2079 2304
3 1498 3066 3242
3 2744 2741 2945
3 1330 1328 2957
3 2078 1723 2079
3 2312 2100 2313
3 2970 2969 2971
3 1580 1581 3217
3 485 2899 3342
3 82 83 461
3 1213 1214 1723
3 2010 2099 2100
3 790 789 3901
3 2900 2901 2923
3 2342 2610 2612
3 3196 3199 3213
3 1026 1016 3464
3 1759 2203 3254
3 3195 3196 3213
3 1187 1188 1192
3 1663 1742 3345
3 3953 1432 3994
3 804 802 3033
3 2578 2577 2579
3 1868 2026 2318
3 2602 2377 2603
3 1039 1054 3017
3 1192 1193 1201
3 1543 1542 1865
3 3006 2001 3007
3 3151 1582 3429
3 1462 1442 3080
3 2795 2562 2796
3 3365 3435 3567
3 4111 2453 4143
3 970 973 3235
3 2362 2360 2570
3 1248 3121 3425
3 2994 596 2997
3 3032 3130 3632
3 2111 3009 3010
3 2010 1674 2099
3 3148 3151 3429
3 3164 1669 3488
3 3252 2393 3897
3 2602 2603 2604
3 3197 3194 3217
3 1270 1268 2940
3 2897 457 2954
3 2966 1680 3286
3 2449 3426 3705
3 1185 1186 1187
3 1900 1867 2022
3 1965 969 3235
3 1998 2315 2316
3 2478 2044 2658
3 2943 1299 2983
3 2376 2102 2377
3 3194 3193 3217
3 1900 2546 2547
3 2435 872 3056
3 2899 2904 3342
3 2879 1255 3727
3 2963 449 2965
3 809 810 3012
3 3315 3165 3316
3 2307 2305 2662
3 815 812 3039
3 806 809 3008
3 2876 882 3923
3 1294 898 2983
3 1738 1762 2968
3 2026 2342 2892
3 1033 1057 3035
3 2685 2397 4026
3 489 242 2995
3 3191 3192 3214
3 537 704 2984
3 1865 1542 1866
3 1384 2119 3015
3 3011 3012 3013
3 1072 1414 1505
3 2108 2540 2935
3 81 2946 2948
3 1233 3529 3704
3 1863 2050 2302
3 1785 880 3126
3 1527 1744 1868
3 781 778 3519
3 2807 2793 2808
3 1599 1263 3124
3 1787 3334 3757
3 3121 3307 3425
3 812 811 3039
3 1305 1298 3423
3 2989 2587 2990
3 973 3328 3887
3 1078 1393 3552
3 981 985 3176
3 3076 2129 3258
3 2968 2308 2969
3 1944 1703 2982
3 250 251 481
3 1860 2048 2282
3 209 479 2870
3 1576 3189 3220
3 2342 2612 2892
3 3015 2119 3299
3 479 2868 2869
3 2474 2048 2669
3 2603 2781 2880
3 1679 3050 3391
3 2967 2555 3792
3 1204 1207 2889
3 1428 1598 3078
3 1212 1211 1542
3 3094 1621 3099
3 2661 2861 4134
3 3247 2159 3555
3 1724 1726 1860
3 2899 2898 2900
3 3842 3072 3856
3 1723 1724 2893
3 3417 1956 3419
3 2836 2839 2840
3 1048 1044 3241
3 1868 2319 3285
3 3307 1525 3425
3 1996 1998 2930
3 1786 2926 3123
3 79 451 2895
3 525 523 1089
3 3625 1550 3730
3 123 457 2897
3 3357 781 3519
3 1339 1786 3123
3 1624 3456 3629
3 3048 3047 3049
3 2507 3969 3984
3 1004 1033 3035
3 2304 2079 2805
3 485 2898 2899
3 896 2189 2998
3 3201 3198 3218
3 1192 1188 1193
3 3198 3197 3218
3 1832 3028 3029
3 1201 1202 3003
3 1724 1860 2893
3 3012 813 3013
3 2423 1972 3666
3 1065 1471 2967
3 1426 1428 3078
3 1062 1036 2924
3 425 3815 3892
3 1187 1186 1188
3 2883 1871 2884
3 1723 1214 1724
3 1261 1621 3124
3 2900 2898 2901
3 2188 3505 3616
3 3008 809 3009
3 81 82 2946
3 1201 1193 1202
3 1207 1209 1213
3 2111 3008 3009
3 3341 2430 3765
3 2376 2377 2602
3 458 248 2961
3 3151 3152 3487
3 3234 2445 3696
3 952 955 3222
3 3727 2144 3803
3 3419 1956 3420
3 2016 1693 2102
3 1339 1062 1786
3 1296 1299 3423
3 1832 1833 3028
3 1693 1330 2957
3 2319 2828 3285
3 3187 951 3222
3 1032 1037 3032
3 1213 1723 2078
3 985 3174 3175
3 2098 3336 3845
3 2822 2008 2823
3 2366 2569 2980
3 807 804 3033
3 2902 2900 2903
3 2903 2900 2923
3 2129 3076 3718
3 209 210 479
3 1202 1204 1234
3 1586 3155 3545
3 428 189 3281
3 1993 1994 2101
3 123 124 457
3 3028 2261 3030
3 444 200 3018
3 77 488 2939
3 805 806 3008
3 2106 2107 2108
3 1175 1174 1176
3 2078 2079 2080
3 1205 1201 1211
3 1321 2111 3133
3 79 80 451
3 2741 2423 2945
3 1163 1216 3239
3 865 3057 3058
3 1327 1323 3133
3 3202 3201 3219
3 1839 3063 3249
3 1868 2318 2319
3 249 250 2960
3 1938 3100 3473
3 3146 1571 3412
3 1803 3180 3247
3 2109 2108 2536
3 2139 2287 3258
3 1256 3090 3091
3 2080 2304 2305
3 2605 2603 2880
3 1480 3046 3048
3 2964 2963 2965
3 2603 2377 2781
3 2547 2562 2795
3 701 3747 3860
3 811 808 3038
3 3205 3202 3219
3 2319 2318 2343
3 1185 1184 1186
3 1276 2940 3646
3 3057 2435 3059
3 2316 2315 2317
3 1994 1996 2931
3 3046 3047 3048
3 3145 1804 3442
3 2916 4080 4160
3 491 198 3037
3 1259 673 3099
3 1080 1079 3021
3 1137 1527 3285
3 1839 3061 3062
3 1621 3096 3124
3 1275 1270 1276
3 1865 2044 2301
3 596 2994 3327
3 1007 1796 3079
3 1996 2930 2931
3 1798 3306 3479
3 2433 2434 4034
3 1136 1137 1526
3 808 807 3038
3 1213 1209 1214
3 3505 1782 3616
3 2104 2105 2106
3 2235 3908 3926
3 1669 1157 3488
3 1234 1204 2889
3 247 458 2949
3 1860 1726 1861
3 1762 1879 1993
3 2188 1327 3133
3 2988 2587 2989
3 3172 3295 3467
3 1182 1184 1185
3 2179 3224 3773
3 1410 1411 1509
3 886 896 2998
3 2812 2086 3082
3 878 881 3126
3 1256 3091 3092
3 2782 3688 3762
3 1016 2175 3464
3 2884 1871 3767
3 985 3175 3176
3 1993 1879 1994
3 2108 2107 2540
3 1299 2944 3423
3 997 3079 3259
3 1299 1294 2983
3 2106 2109 3016
3 3306 2150 3479
3 1256 676 3090
3 3020 1664 3614
3 1326 1323 1327
3 2016 2102 2376
3 3092 3099 3348
3 1457 1455 3103
3 1120 539 2984
3 593 592 2997
3 77 78 488
3 1877 1511 3107
3 3241 3074 3430
3 2102 1693 2957
3 121 122 485
3 206 207 462
3 490 2950 2951
3 1426 1427 1428
3 3529 2207 3704
3 1428 1429 1430
3 1037 1082 3032
3 1480 1481 3046
3 2428 2157 3327
3 3186 3185 3220
3 1475 1477 3485
3 2797 2412 2798
3 427 3375 3376
3 1271 1270 1275
3 1839 1732 3061
3 896 989 1004
3 3333 3418 3419
3 1038 1136 2896
3 190 3279 3281
3 3045 1804 3460
3 1956 3417 3492
3 1819 3571 3572
3 2866 1048 3241
3 2536 2108 2935
3 1054 1067 2104
3 1428 1427 1429
3 3188 3191 3215
3 119 449 2963
3 1173 1174 1175
3 2454 3446 3451
3 2106 2105 2107
3 596 593 2997
3 3063 3066 3249
3 1075 1788 3074
3 985 986 3174
3 1166 1164 3229
3 2834 2835 2836
3 865 866 3057
3 1736 1738 1859
3 2983 898 3443
3 1430 1431 1432
3 1004 1011 1033
3 3185 1128 3220
3 465 3274 3275
3 1038 1060 1136
3 3147 3148 3429
3 3364 773 3403
3 1268 1266 2092
3 1432 1431 1433
3 2362 2586 2587
3 1216 1799 3239
3 1268 2092 2940
3 1326 1327 1410
3 3182 1029 3464
3 1430 1429 1431
3 427 3374 3375
3 247 248 458
3 1868 1744 2026
3 91 92 480
3 1341 1343 3571
3 3170 1372 3171
3 2368 2096 3184
3 877 1092 3056
3 955 1121 3222
3 1717 2431 3122
3 2840 2839 2841
3 886 895 896
3 1803 3247 3555
3 1434 1433 1436
3 2438 3340 3443
3 3340 2983 3443
3 707 697 3104
3 1455 1470 3103
3 2743 2741 2744
3 1525 3307 3506
3 1033 1039 1056
3 1432 1433 1434
3 1367 1369 3183
3 1269 1268 1270
3 1020 1024 1047
3 1877 3107 3108
3 3295 2750 3467
3 2863 746 3829
3 3100 1938 3575
3 2840 2841 2842
3 2254 1907 2255
3 1433 1435 3128
3 241 489 3225
3 3099 673 3348
3 1321 1319 2111
3 1442 1441 3080
3 1837 2241 3130
3 750 888 3044
3 1945 1944 2043
3 2058 2592 3141
3 2912 4090 4161
3 1808 1187 3004
3 1661 1286 3088
3 3206 3205 3221
3 803 804 805
3 872 874 3056
3 2537 2536 2553
3 1275 1276 1277
3 2114 3261 3463
3 2302 2050 2303
3 1226 1228 3236
3 1678 1900 2862
3 1410 1327 1411
3 1889 2362 2988
3 1267 1266 1268
3 1664 3020 3236
3 802 1118 3033
3 697 692 3104
3 2408 1973 3586
3 3029 3028 3030
3 1792 2866 3413
3 75 76 443
3 2609 2327 2618
3 245 490 2952
3 3294 3145 3442
3 2189 1004 3035
3 1369 1406 3183
3 1057 1056 1065
3 210 211 2853
3 1354 1332 3171
3 2106 2108 2109
3 2362 2587 2988
3 1256 3092 3348
3 2883 2884 2885
3 881 886 2998
3 78 79 2895
3 1221 3233 3290
3 3426 1722 3705
3 2097 2096 2363
3 1323 1321 3133
3 2863 2864 3795
3 1434 1436 1437
3 3187 3188 3215
3 1212 1542 1543
3 1883 1566 3146
3 245 246 490
3 1439 1438 1441
3 1437 1436 1438
3 1859 1738 2968
3 1161 1159 3653
3 1462 3440 3708
3 1509 1510 1533
3 119 120 449
3 1396 1735 2976
3 3048 3050 3485
3 3417 3292 3492
3 67 470 3270
3 3290 3233 3291
3 1426 1425 1427
3 1396 1514 1735
3 3128 1435 3129
3 3229 1164 3239
3 1372 1354 3171
3 3010 3009 3011
3 248 249 2961
3 1148 1667 3268
3 746 734 3142
3 3167 1967 3168
3 1092 880 1093
3 1265 953 1266
3 3125 3096 3779
3 1044 1046 3241
3 465 192 3274
3 1786 2924 2925
3 197 491 3243
3 2802 1648 3913
3 2095 1682 2096
3 3281 3280 3282
3 1033 1011 1039
3 1375 1372 3170
3 2096 1682 3184
3 3166 2826 3859
3 1136 1526 2800
3 205 206 3027
3 2350 2042 3144
3 2125 2129 3843
3 3230 3229 3239
3 190 191 3279
3 1621 1259 3099
3 1683 1890 3184
3 3376 3375 3377
3 676 680 3090
3 1084 3552 3658
3 2438 3387 3524
3 3009 809 3012
3 3659 3168 3947
3 117 118 487
3 2109 2536 2537
3 2152 1047 2486
3 3333 3331 3418
3 3446 2454 3480
3 1767 2490 3885
3 518 519 520
3 1029 1026 3464
3 3226 1178 3227
3 1582 3151 3487
3 1828 1829 3083
3 2254 2255 2507
3 80 81 2948
3 1004 989 1011
3 1338 1062 1339
3 1393 1394 1666
3 2012 2746 2747
3 3754 2452 3779
3 1527 1868 3285
3 2289 2290 2291
3 3189 3186 3220
3 1907 1873 3254
3 537 535 704
3 73 74 486
3 866 870 3057
3 1189 2088 2941
3 999 1019 1020
3 1094 1093 1095
3 877 878 880
3 1713 1717 3122
3 782 781 3639
3 803 802 804
3 1658 1557 3172
3 1202 1234 3003
3 1441 1443 1467
3 1750 1114 3156
3 2287 3076 3258
3 2926 2925 2927
3 2899 2900 2902
3 1728 1727 3157
3 1068 1072 3075
3 1194 1189 2941
3 1509 1533 1881
3 3140 3136 3257
3 2363 2368 2571
3 2048 1861 2877
3 549 1141 3237
3 1185 1187 1808
3 1082 1805 3032
3 2114 3260 3261
3 2253 3147 3421
3 243 450 2995
3 2086 2085 3082
3 3147 1578 3421
3 1065 1056 1471
3 1315 1311 3145
3 2151 1237 3244
3 1247 1253 3420
3 1628 3452 3518
3 1001 1007 3079
3 1324 1323 1326
3 2564 2563 2565
3 114 115 437
3 1136 1060 1137
3 1519 1750 3541
3 1377 1967 3167
3 1082 1655 1805
3 1679 1475 3485
3 1571 1572 3570
3 1889 1894 2360
3 2369 2366 2980
3 1467 2095 3080
3 2879 2437 3771
3 122 123 2897
3 3374 3370 3375
3 657 661 3386
3 1833 1843 3028
3 1735 1514 1736
3 89 90 512
3 691 1358 3799
3 1189 1179 2088
3 3274 3273 3277
3 2452 3125 3779
3 203 204 452
3 1008 1010 3086
3 541 539 1120
3 874 876 877
3 1884 1503 1885
3 1437 1438 1439
3 3107 1525 3506
3 1667 1147 3034
3 1043 1791 3366
3 1066 1065 1079
3 3279 3280 3281
3 2712 2716 3081
3 1467 1468 1682
3 1828 3083 3267
3 1096 1095 1097
3 3368 467 3369
3 1128 1135 3220
3 896 895 989
3 1509 1881 3043
3 2239 2300 2523
3 3061 2495 3073
3 1553 1409 1554
3 201 492 3018
3 896 1004 2189
3 1176 1181 1182
3 2095 2096 2097
3 2366 2364 2569
3 3013 813 3303
3 2319 2343 2386
3 2785 3399 3400
3 1445 1442 1462
3 1993 2101 2308
3 1237 767 3244
3 1791 2867 3366
3 3376 3377 3378
3 182 430 3397
3 1842 1988 2251
3 2025 2058 3141
3 925 922 3335
3 1198 1384 3015
3 654 2144 3410
3 2104 2106 3016
3 1424 1425 1426
3 2241 2243 3424
3 1943 1703 1944
3 3100 3060 3101
3 2689 2687 2691
3 3176 3175 3177
3 874 877 3056
3 1788 1084 1789
3 1173 1175 1177
3 2033 2327 2609
3 1509 1411 1510
3 1533 1534 1871
3 1735 2974 2976
3 925 3335 3336
3 1750 3330 3541
3 1205 1211 1212
3 1350 1418 3131
3 2292 2291 2293
3 3286 1302 3535
3 3552 2894 3658
3 243 244 450
3 2994 2428 3327
3 3058 3059 3060
3 1645 1426 3078
3 3158 1654 3159
3 189 190 3281
3 1079 1065 2967
3 1277 1278 1490
3 2130 2139 3258
3 3368 3370 3374
3 2097 2363 2364
3 1322 1321 1323
3 2243 2819 3424
3 1020 1047 2152
3 1384 1826 2119
3 1406 1842 3183
3 1273 3087 3269
3 1819 1341 3571
3 1700 1540 3325
3 1786 1062 2924
3 1352 1816 3253
3 1814 1898 2038
3 1467 1682 2095
3 2104 1067 2105
3 246 247 2949
3 1460 1457 3103
3 1098 1097 1099
3 3331 917 3418
3 1956 1247 3420
3 1439 1441 1442
3 1544 3702 3772
3 3271 3270 3272
3 1511 1252 3107
3 2957 1328 3134
3 1192 1201 1205
3 1777 1554 1778
3 1051 1075 3074
3 2883 2885 2886
3 2834 2833 2835
3 2003 2004 2239
3 2966 3286 3535
3 800 802 803
3 1786 2925 2926
3 3340 2438 3524
3 2573 2161 2585
3 1075 1076 1084
3 1125 1128 3185
3 1680 1303 3286
3 1100 1099 1101
3 1142 1143 1144
3 1266 953 2953
3 1422 1423 1424
3 1805 1836 1837
3 1092 1093 1094
3 3311 1669 3315
3 1779 1778 1896
3 877 880 1092
3 2287 2288 2289
3 1406 1662 1842
3 3083 3029 3084
3 1796 1034 1797
3 1202 1203 1204
3 1823 1974 3248
3 2261 2260 2508
3 3097 3093 3306
3 1164 1163 3239
3 545 543 678
3 3344 3674 3683
3 870 872 2435
3 1094 1095 1096
3 1177 1175 1179
3 70 71 435
3 3032 1805 3130
3 1843 2260 2261
3 3317 3109 3324
3 2329 2161 2573
3 1554 1409 1555
3 201 202 492
3 3411 1058 3437
3 728 1364 3395
3 3131 1418 4032
3 1277 1276 1278
3 1102 1101 1103
3 3135 1883 3136
3 3437 3641 3680
3 2556 2554 2563
3 2228 1978 2479
3 2373 2371 2572
3 1897 1896 1903
3 2251 1988 2501
3 76 77 2939
3 870 2435 3057
3 2412 2293 3031
3 194 436 3273
3 1839 3062 3063
3 531 529 991
3 881 2998 3126
3 689 1355 2987
3 733 889 3346
3 3092 3094 3099
3 1658 3172 3467
3 1104 1103 1105
3 805 804 806
3 1153 1654 3158
3 2121 3263 3461
3 3093 3091 3306
3 1796 1797 1950
3 3083 3084 3267
3 199 444 3037
3 3058 3060 3100
3 241 242 489
3 2842 2844 2845
3 1091 1080 1409
3 1228 1664 3236
3 994 1013 1142
3 3136 1883 3257
3 3135 3136 3137
3 118 119 2963
3 742 1254 3308
3 1481 1484 3046
3 3275 3277 3278
3 1950 1951 2082
3 1837 2240 2241
3 2114 1916 3260
3 1033 1056 1057
3 1790 1789 2003
3 2289 2288 2290
3 3063 3062 3064
3 1135 1576 3220
3 1791 1048 1792
3 1078 1086 1393
3 1168 1178 3226
3 1804 3045 3442
3 3137 3136 3138
3 734 743 3142
3 2241 2240 2242
3 1504 1460 2116
3 1896 1778 2019
3 1142 1013 1143
3 2836 2837 2839
3 3168 1967 3169
3 2289 2292 3076
3 2293 2291 2294
3 1096 1097 1098
3 1441 1467 3080
3 3412 1571 3570
3 750 752 888
3 2119 2120 2229
3 2753 2375 2754
3 3444 3446 3480
3 810 812 813
3 1144 1145 1146
3 2158 1402 3349
3 1043 1044 1048
3 1793 1792 1794
3 3160 3159 3161
3 2455 3122 3561
3 1098 1099 1100
3 1106 1105 1108
3 1144 1143 1145
3 1503 1339 3123
3 2537 2553 2554
3 3067 3068 3069
3 806 808 809
3 2411 2293 2412
3 427 59 3374
3 1114 1112 3156
3 1148 1147 1667
3 1950 1797 1951
3 1051 1074 1075
3 1176 3912 3937
3 2082 1951 2083
3 891 4156 4166
3 1020 1019 1024
3 3058 3057 3059
3 2239 2004 2300
3 877 876 878
3 184 3388 3389
3 951 952 3222
3 1286 1284 3088
3 1629 1628 3518
3 3137 3138 3139
3 2150 687 3479
3 3275 3274 3277
3 3081 1544 3772
3 3333 3419 3757
3 2339 2324 2686
3 1046 3074 3241
3 777 3350 3351
3 1146 1147 1148
3 1491 1562 1563
3 1224 3507 3806
3 62 63 3372
3 429 65 3271
3 1441 1438 1443
3 3764 3405 3806
3 1842 1662 1988
3 2084 2083 2085
3 3048 3049 3050
3 778 777 3519
3 1557 1556 3172
3 705 697 706
3 1908 2254 3551
3 2710 3081 3772
3 2811 2086 2812
3 784 782 785
3 2576 2013 2577
3 1548 1226 3236
3 1553 1554 1777
3 2241 2242 2243
3 1883 3146 3257
3 199 200 444
3 780 778 781
3 1899 1565 3135
3 2041 2574 2575
3 1102 1103 1104
3 1424 1426 1645
3 3368 3369 3370
3 1109 1108 1110
3 3062 3061 3073
3 1841 2253 3421
3 3130 2241 3424
3 3303 817 3304
3 1279 2145 3403
3 3369 467 3371
3 1904 1903 2041
3 3088 1288 3089
3 691 689 692
3 1791 1792 1793
3 2091 1973 2408
3 3263 959 3461
3 1100 1101 1102
3 2082 2083 2084
3 2927 2925 2928
3 3071 3069 3072
3 3121 3117 3307
3 1319 805 3008
3 809 808 810
3 860 862 3575
3 1046 1051 3074
3 1424 1423 1425
3 3191 3190 3192
3 2245 2436 3224
3 743 3044 3142
3 2811 2812 2813
3 55 466 3284
3 238 239 438
3 1805 1837 3130
3 1451 1449 1463
3 2085 2263 3082
3 1043 1048 1791
3 3067 3065 3068
3 1075 1084 1788
3 1283 1282 1284
3 1146 1145 1147
3 1320 1319 1321
3 1536 1559 1560
3 1578 3147 3429
3 1446 1445 1447
3 2551 2094 2594
3 1091 1409 1553
3 1281 1280 1282
3 3079 1796 3297
3 2540 2541 2580
3 2203 1691 3778
3 1916 1915 3260
3 1279 1237 1280
3 696 692 697
3 1093 880 1785
3 1777 1778 1779
3 1837 2224 2240
3 1007 1034 1796
3 1484 1486 1694
3 1728 3157 3849
3 1790 2003 2081
3 1938 860 3575
3 3702 2958 3772
3 3178 3177 3179
3 1057 1065 1066
3 2243 2242 2244
3 520 519 521
3 1795 1794 2000
3 3351 3352 3353
3 1805 1655 1836
3 1859 2970 2972
3 2551 2594 2622
3 539 537 2984
3 1111 1110 1112
3 2119 1826 2120
3 3142 3044 3143
3 961 3263 3590
3 1094 1946 3477
3 1444 1442 1445
3 2705 2958 3625
3 2084 2085 2086
3 61 467 3368
3 1756 1412 3269
3 1793 1794 1795
3 1219 1949 3233
3 1244 1248 3425
3 1533 1510 1534
3 1565 1883 3135
3 3070 3069 3071
3 1104 1105 1106
3 3360 3359 3865
3 769 1279 3403
3 1390 1669 3311
3 1767 1980 2490
3 2363 2096 2368
3 429 3271 3305
3 2041 1903 2574
3 2842 2843 2844
3 1311 1309 3145
3 2009 1674 2010
3 2157 600 3327
3 2003 1789 2004
3 1843 1844 2260
3 465 3275 3276
3 1788 1789 1790
3 2906 2531 2907
3 197 198 491
3 185 468 3388
3 660 1363 3293
3 1393 1086 1394
3 2000 2002 2284
3 3351 3350 3352
3 1092 1094 3477
3 2293 2294 3031
3 1023 1042 1043
3 1504 2116 2117
3 1563 1565 1899
3 743 750 3044
3 1363 1709 3293
3 1795 2000 2001
3 2110 3185 3186
3 3337 3336 3866
3 814 816 817
3 1563 1564 1565
3 431 52 3266
3 242 243 2995
3 175 176 2875
3 911 1240 3292
3 813 812 814
3 651 654 3410
3 661 2444 3386
3 961 3590 3602
3 673 671 3348
3 1448 1447 1449
3 1683 1685 1890
3 1281 1282 1283
3 2522 2283 4129
3 818 820 821
3 2577 2013 3673
3 1007 1008 1034
3 1518 1839 3249
3 1105 1103 1107
3 1112 1116 3156
3 846 848 3296
3 1284 1285 1288
3 1566 1568 3146
3 3688 2770 3762
3 1467 1443 1468
3 2103 2531 2906
3 1283 1284 1286
3 1649 1379 3167
3 692 689 2987
3 1804 1307 3460
3 1950 2419 3297
3 689 682 1355
3 1279 1280 1281
3 3063 3064 3065
3 3158 3159 3160
3 769 767 1237
3 1379 1377 3167
3 3050 3049 3051
3 551 549 3237
3 799 798 800
3 1223 1221 3290
3 1284 1288 3088
3 2412 3031 3786
3 3054 3053 3055
3 769 1237 1279
3 1832 3029 3083
3 848 851 3296
3 1075 1074 1076
3 1941 3290 3291
3 3124 3096 3125
3 777 774 3350
3 1985 2494 2495
3 1428 1430 1598
3 702 734 746
3 3271 3272 3305
3 648 1318 3343
3 998 892 3626
3 1147 1149 3034
3 1182 1183 1184
3 2103 2530 2531
3 1153 1151 1654
3 1419 1421 1422
3 3092 3091 3093
3 2289 2291 2292
3 1290 1286 1661
3 1779 1896 1897
3 3109 3108 3110
3 1877 3109 3317
3 3160 3161 3162
3 1732 1985 3061
3 2910 2909 2911
3 3179 3177 3180
3 1216 1215 1217
3 1518 1732 1839
3 2117 2116 2118
3 1099 1097 2077
3 2321 2025 3141
3 1118 2006 2103
3 3192 3194 3195
3 2825 2826 3166
3 2976 2974 2977
3 1163 1161 1215
3 1704 1722 3732
3 3352 3365 3367
3 619 618 3465
3 2160 2117 2161
3 3188 3189 3190
3 3476 1397 4034
3 1477 1480 3485
3 1682 1468 1683
3 2810 2086 2811
3 1490 1278 1491
3 1565 1566 1883
3 2490 1980 2491
3 2339 2686 2687
3 997 1001 3079
3 3046 1694 3047
3 994 995 1013
3 3428 1610 3593
3 240 241 3225
3 2556 2563 2564
3 3195 3194 3196
3 826 829 3398
3 2907 2909 2910
3 1877 3108 3109
3 656 657 3386
3 2444 664 3408
3 1346 1350 3131
3 2351 2350 2583
3 194 195 436
3 2438 838 3387
3 2480 1825 3248
3 1897 1903 1904
3 2042 2041 3144
3 1837 1836 2224
3 1975 2233 2238
3 2427 2428 2825
3 1106 1108 1109
3 986 994 3174
3 1727 1975 3157
3 1974 1653 3253
3 1929 2025 2321
3 2825 2428 2826
3 1929 1928 2025
3 2914 2913 2915
3 1001 1006 1007
3 67 68 470
3 838 840 3387
3 1275 1489 3087
3 684 685 687
3 817 816 818
3 2802 3913 3925
3 1232 1231 1556
3 1112 1110 1116
3 1350 1417 1418
3 3416 3292 3417
3 3187 3186 3188
3 776 774 777
3 1568 1571 3146
3 1603 1605 1606
3 3175 2159 3247
3 2450 3394 3527
3 1228 1227 1229
3 3196 3198 3199
3 196 197 3243
3 1128 1134 1135
3 2243 2244 2245
3 58 427 3660
3 549 547 1141
3 1239 908 3436
3 1230 1231 1232
3 1410 1509 3043
3 1010 1023 3366
3 1802 1937 2804
3 680 683 684
3 1738 1761 1762
3 2085 2087 2263
3 2911 2913 2914
3 1218 1217 1219
3 1401 1601 1602
3 800 801 802
3 1150 1148 1151
3 1230 1229 1231
3 2814 2813 2815
3 2195 2198 3730
3 3668 3169 3782
3 784 785 786
3 3263 2121 3462
3 432 177 3392
3 1173 1172 1174
3 1228 1229 1230
3 1663 1741 1742
3 1119 805 1319
3 1171 1170 1172
3 2201 1239 3436
3 1901 1681 2014
3 851 884 1809
3 2592 2558 2620
3 3013 3303 3755
3 3058 3100 3575
3 2284 2002 2299
3 1400 1317 1401
3 1925 2024 2328
3 822 824 825
3 902 1236 3283
3 1422 1421 1423
3 1628 1625 3629
3 633 636 3329
3 66 67 3270
3 645 648 3343
3 780 781 782
3 1167 1166 1168
3 1717 1727 1728
3 2245 2244 2246
3 1563 1562 1564
3 1985 2495 3061
3 1762 1878 1879
3 2248 2094 2551
3 60 3368 3374
3 2255 1907 3254
3 2090 2402 2802
3 898 834 3443
3 1637 1636 3415
3 1829 1832 3083
3 2226 1968 2227
3 2306 2305 2307
3 2156 600 2157
3 1043 1042 1044
3 1556 2062 3172
3 1519 1114 1750
3 1176 1174 1181
3 3051 3052 3053
3 3176 3177 3178
3 1265 1266 1267
3 2440 3411 3437
3 1316 1317 1400
3 1833 1835 1843
3 1287 1286 1290
3 3299 2229 3300
3 2915 2917 2918
3 1314 1311 1315
3 2427 2825 3245
3 2907 2908 2909
3 3199 3198 3200
3 912 3292 3416
3 1226 1227 1228
3 1709 2455 3293
3 1898 1926 2033
3 3383 620 4064
3 1792 1048 2866
3 1794 1792 3413
3 2495 2494 2503
3 2918 2917 2919
3 1109 1110 1111
3 1472 1303 1680
3 1461 1460 1504
3 2328 2024 2596
3 2053 2042 2350
3 957 958 3262
3 974 979 3328
3 1220 1219 1221
3 3066 3065 3067
3 806 807 808
3 995 997 3259
3 2122 1181 3554
3 1575 1928 1929
3 687 690 693
3 1314 1315 1316
3 1550 2958 3702
3 2755 1940 3475
3 731 728 3395
3 774 773 3350
3 1113 1112 1114
3 706 697 707
3 3016 2109 3523
3 2251 3726 3819
3 1381 1379 1649
3 2564 2565 2566
3 2680 508 4141
3 1682 1683 3184
3 1770 1828 3493
3 1975 2238 3157
3 2287 2286 2288
3 66 3270 3271
3 3056 1092 3477
3 1254 3346 3347
3 2094 2028 3105
3 2427 2157 2428
3 3313 3311 3315
3 3174 2159 3175
3 193 3273 3274
3 1169 1168 1170
3 1316 1315 1317
3 1450 1449 1451
3 1602 1601 1603
3 1919 2149 3234
3 2025 2057 2058
3 3192 3190 3193
3 1121 2110 3222
3 1172 1170 1233
3 2063 2738 3255
3 571 570 572
3 3329 636 4031
3 1232 1556 1557
3 1653 1352 3253
3 1066 1079 1080
3 1303 1300 3286
3 1713 1716 1717
3 1825 1823 3248
3 3188 3190 3191
3 1155 1153 3158
3 3074 1788 3430
3 2439 3386 3618
3 1336 1599 3326
3 559 557 1140
3 821 820 822
3 1606 1605 1607
3 3051 3049 3052
3 1204 1206 1207
3 1709 1711 2455
3 3200 3202 3203
3 3358 3356 3359
3 1568 1570 1571
3 1580 1579 1581
3 1724 1725 1726
3 2908 4093 4162
3 960 963 3393
3 1996 1997 1998
3 767 764 3244
3 2058 2558 2592
3 2139 2286 2287
3 3354 3353 3355
3 986 988 994
3 1163 1215 1216
3 1171 1172 1173
3 1895 2036 2344
3 2344 2036 2607
3 3352 3364 3365
3 814 817 3303
3 1412 1273 3269
3 1919 2063 2149
3 2149 3255 3256
3 2444 3574 3618
3 2110 1123 3185
3 3001 3000 3002
3 851 1809 3296
3 3192 3193 3194
3 813 814 3303
3 1711 1713 3122
3 2919 2921 2922
3 1295 1294 1296
3 2110 3186 3187
3 1816 1348 3613
3 1072 1408 1414
3 1409 1080 3021
3 1972 1465 3250
3 1575 1927 1928
3 1581 1583 1584
3 2287 2289 3076
3 1537 1511 1877
3 2113 2114 3341
3 2119 2229 3299
3 1115 1114 1519
3 2033 2115 2327
3 3204 3206 3207
3 1121 1123 2110
3 1142 2159 3174
3 1809 1919 3234
3 3446 3445 3447
3 3396 181 3397
3 825 826 3398
3 1925 1753 2024
3 3356 3355 3853
3 1242 1243 1244
3 1252 1525 3107
3 1297 1296 1298
3 1297 1298 1300
3 2999 2815 3000
3 1654 1151 3268
3 1300 1298 1302
3 573 572 574
3 579 576 3431
3 1967 1375 3170
3 2265 3020 3036
3 1576 1389 1577
3 1522 1751 1895
3 2103 2006 2530
3 2705 2708 2958
3 2803 3774 3833
3 1657 1658 1659
3 3332 3333 3334
3 625 627 628
3 810 811 812
3 1895 1751 2036
3 1222 1221 1223
3 1507 1412 1756
3 1577 1579 1580
3 1717 1728 2431
3 1540 1538 3325
3 1865 2301 2982
3 1219 1217 1949
3 1484 1694 3046
3 1904 2041 2042
3 3312 3311 3313
3 469 180 3396
3 3157 2238 3289
3 684 687 2150
3 825 824 826
3 1797 1034 2425
3 573 574 575
3 2053 2350 2351
3 3080 2095 3440
3 629 631 632
3 899 701 900
3 3262 958 3393
3 1520 1519 1753
3 2911 2912 2913
3 983 3963 3970
3 1309 1804 3145
3 2972 2970 2973
3 693 694 701
3 1293 898 1294
3 1054 2104 3017
3 1293 1294 1295
3 1295 1296 1297
3 1585 1587 1588
3 2125 2127 2129
3 633 635 636
3 826 828 829
3 2367 2366 2369
3 641 644 3406
3 918 917 3331
3 1401 1600 1601
3 1611 1612 1613
3 575 574 576
3 621 623 624
3 1167 1168 1169
3 3320 3318 3321
3 1291 1290 1397
3 1463 1449 3173
3 3188 3186 3189
3 921 918 3331
3 1309 1307 1804
3 1964 2450 3527
3 3172 2062 3295
3 569 570 571
3 1390 1157 1669
3 1169 1170 1171
3 1671 1390 3311
3 1596 1776 1918
3 2162 2157 2427
3 617 619 620
3 1216 1217 1218
3 1607 1609 1610
3 637 639 640
3 1196 1198 3015
3 1240 1241 1242
3 1300 1302 3286
3 1610 1609 1611
3 2041 2575 3144
3 198 199 3037
3 566 565 568
3 571 572 573
3 617 620 3383
3 1254 737 3346
3 591 551 3237
3 641 643 644
3 796 797 798
3 1377 1375 1967
3 1596 1597 1776
3 1814 1840 1898
3 2943 2983 3340
3 792 790 793
3 802 801 1118
3 1225 1223 1226
3 796 798 799
3 2165 861 3605
3 1414 1676 1678
3 657 659 661
3 1218 1219 1220
3 1452 1451 1453
3 1689 1757 1889
3 2054 2269 2396
3 2265 2147 3020
3 3228 3230 3231
3 177 178 3392
3 3098 3754 3779
3 981 984 985
3 1242 1241 1243
3 1994 1995 1996
3 2915 2916 2917
3 569 568 570
3 1235 579 3431
3 645 647 648
3 921 3331 3332
3 3444 3445 3446
3 200 201 3018
3 1125 1127 1128
3 1250 1474 1692
3 1571 1570 1572
3 2819 2245 3224
3 3446 3447 3451
3 3447 3448 3449
3 577 576 579
3 958 960 3393
3 1921 2054 2389
3 191 192 465
3 661 663 664
3 1128 1127 1134
3 1607 1610 3428
3 1908 1907 2254
3 430 183 3389
3 693 690 694
3 1221 1219 3233
3 1240 1239 1241
3 2000 1794 2002
3 911 908 1239
3 1486 1487 1695
3 60 61 3368
3 184 185 3388
3 737 733 3346
3 1434 1437 1469
3 2387 2328 2388
3 2865 2427 3245
3 692 2987 3104
3 911 1239 1240
3 1610 1611 3508
3 651 653 654
3 3292 1240 3492
3 1924 1753 1925
3 1776 1847 1921
3 3260 2692 3261
3 192 193 3274
3 1556 1939 2062
3 2244 2242 2487
3 2598 2748 2749
3 1589 1591 1592
3 2018 1825 2480
3 2060 2683 2692
3 792 793 794
3 843 883 1646
3 1584 1583 1585
3 2058 2059 2558
3 2370 2369 2371
3 2712 2715 2716
3 3135 3137 3301
3 2365 2364 2366
3 1572 1574 1575
3 1823 1653 1974
3 2842 2841 2843
3 654 655 656
3 680 684 3090
3 833 834 898
3 2421 2887 2888
3 889 731 3395
3 1870 3317 3318
3 1111 1112 1113
3 1123 1125 3185
3 2245 2246 2436
3 3051 3053 3054
3 929 926 3337
3 687 685 690
3 929 3337 3338
3 1343 1346 3571
3 1603 1604 1605
3 640 641 3406
3 814 815 816
3 1018 998 3626
3 1537 1877 3317
3 1657 1557 1658
3 2444 3408 3574
3 3351 3353 3354
3 648 649 1255
3 2144 656 2439
3 1843 2261 3028
3 575 576 577
3 764 763 3244
3 1023 1043 3366
3 3404 1224 3405
3 1923 2065 2066
3 3110 3112 3116
3 755 749 3308
3 768 767 769
3 1717 1716 1727
3 3433 2197 3921
3 3450 3453 3454
3 1588 1587 1589
3 1921 1991 2054
3 1990 2522 3427
3 3152 3154 3155
3 564 563 565
3 1143 2847 3409
3 3227 1178 3228
3 1284 1282 1285
3 2322 2321 2340
3 3207 3206 3208
3 1454 1453 1455
3 1899 3135 3301
3 3362 3360 3363
3 1318 1255 2879
3 2093 2028 2094
3 1135 1389 1576
3 2292 2293 2411
3 3095 3097 3098
3 632 633 3329
3 670 671 673
3 1198 1366 1384
3 1280 1237 2151
3 1252 1246 1525
3 1656 1557 1657
3 1611 1613 1614
3 965 962 3602
3 1565 1564 1566
3 901 900 902
3 922 921 3335
3 1352 1348 1816
3 2596 2597 2598
3 557 555 3265
3 598 599 3402
3 796 794 797
3 1157 1155 3488
3 2148 2147 2265
3 3203 3202 3204
3 1220 1221 1222
3 1444 1445 1446
3 1808 2942 3912
3 1852 1990 3427
3 584 583 585
3 830 832 833
3 2129 2127 3258
3 3379 3378 3380
3 833 898 1293
3 1623 1398 1624
3 493 54 3284
3 974 976 979
3 1135 1388 1389
3 1226 1223 1227
3 3353 3352 3367
3 656 655 657
3 2053 2351 3531
3 2697 2403 2956
3 193 194 3273
3 833 1293 3466
3 994 1142 3174
3 1007 1006 1008
3 1593 1595 1596
3 1245 1244 1246
3 3067 3070 3242
3 1855 1548 2147
3 2047 2191 3298
3 644 645 3343
3 758 756 759
3 762 760 763
3 1165 1166 1167
3 1480 3048 3485
3 1577 1578 1579
3 1312 1311 1314
3 3444 1632 3445
3 1829 1831 1832
3 3207 3208 3209
3 1118 2103 3033
3 1244 1243 1248
3 773 770 3403
3 1809 884 1919
3 599 602 3402
3 1151 1148 3268
3 2377 2102 2959
3 712 714 738
3 1964 969 1965
3 2149 2063 3255
3 2085 2083 2087
3 2664 2657 2665
3 1522 1698 1751
3 1870 1537 3317
3 566 568 569
3 829 828 830
3 906 904 910
3 3455 3457 3458
3 620 619 621
3 749 742 3308
3 3091 2150 3306
3 2345 2344 2616
3 818 819 820
3 905 904 906
3 1152 1151 1153
3 1336 1263 1599
3 2919 2920 2921
3 800 798 801
3 1646 1647 1801
3 2454 2297 3480
3 2617 2616 2624
3 182 183 430
3 1293 2155 3466
3 1310 1309 1311
3 2396 2397 2685
3 840 843 3387
3 2111 1319 3008
3 1775 1922 1923
3 2351 2583 2584
3 2710 2712 3081
3 3138 3136 3140
3 1146 1148 1150
3 1162 1161 1163
3 1288 1285 1289
3 1473 1472 1681
3 3309 2414 3310
3 3148 3150 3151
3 610 611 612
3 772 770 773
3 1394 1395 1396
3 1538 1537 1870
3 1659 1658 1660
3 2067 2066 2403
3 58 59 427
3 179 180 469
3 628 627 629
3 1207 1208 1209
3 1484 1485 1486
3 1912 1911 2047
3 2113 1916 2114
3 3332 3331 3333
3 181 182 3397
3 684 683 685
3 925 3336 3337
3 955 957 1121
3 1302 1305 1522
3 2449 2765 3426
3 3418 3417 3419
3 53 54 493
3 55 56 466
3 1418 1417 1419
3 3504 1848 3511
3 654 656 2144
3 754 749 755
3 1644 1336 3326
3 1275 1277 1489
3 1607 1608 1609
3 1614 1613 1615
3 1770 1772 1828
3 622 619 3465
3 1512 1511 1537
3 1801 1915 1916
3 636 635 637
3 1186 1184 1191
3 1222 1223 1225
3 674 676 1256
3 1806 1160 3494
3 3094 3093 3095
3 1671 3311 3312
3 2449 1965 2765
3 2944 2113 3341
3 661 659 663
3 1795 2414 3309
3 3110 3111 3112
3 577 579 580
3 912 911 3292
3 1308 1307 1309
3 3319 3318 3320
3 722 724 739
3 1165 1164 1166
3 2455 1711 3122
3 766 764 767
3 1934 1901 2028
3 3234 2149 3761
3 2396 2685 2929
3 2907 2531 2908
3 3196 3197 3198
3 1135 1134 1388
3 1446 1447 1448
3 1801 1647 1915
3 1261 1259 1621
3 3180 1803 3589
3 632 631 633
3 1915 2060 3260
3 3158 3160 3488
3 3460 606 3490
3 903 902 904
3 1701 1681 1901
3 822 823 824
3 1646 883 1647
3 1455 1453 1470
3 1575 1574 1927
3 1592 1591 1593
3 2229 2120 2230
3 2372 2371 2373
3 562 561 563
3 582 581 583
3 582 583 584
3 1162 1163 1164
3 1614 1615 1911
3 3147 2520 3148
3 53 493 3266
3 3350 773 3364
3 776 777 778
3 2159 1144 3555
3 1140 557 3265
3 1267 1268 1269
3 1636 3444 3480
3 1736 1737 1738
3 3067 3069 3070
3 973 974 3328
3 3126 2998 3774
3 560 559 561
3 563 561 567
3 564 565 566
3 580 579 581
3 644 643 645
3 1923 1922 2065
3 624 623 625
3 671 674 3348
3 1160 1159 1161
3 1649 3167 3659
3 2139 2285 2286
3 180 181 3396
3 666 670 3408
3 742 737 1254
3 1145 1143 3409
3 688 682 689
3 693 701 899
3 3358 3359 3360
3 1627 1625 1628
3 2112 1916 2113
3 1950 2082 2419
3 610 612 2153
3 1142 1144 2159
3 2300 2420 2421
3 185 186 468
3 826 827 828
3 909 908 911
3 2172 3504 3511
3 640 639 641
3 788 786 789
3 869 867 1159
3 1253 1252 1511
3 1964 1965 2449
3 2153 3401 3478
3 2178 2440 2442
3 3160 3164 3488
3 121 485 3342
3 613 615 616
3 1635 1633 1636
3 2204 2047 2392
3 191 465 3279
3 791 790 792
3 2092 1266 2953
3 2066 2065 2391
3 176 177 432
3 188 189 428
3 654 653 655
3 3169 1967 3170
3 2392 2047 3298
3 3190 3189 3216
3 1247 1246 1252
3 3318 3317 3324
3 616 617 3383
3 3011 3009 3012
3 51 52 431
3 61 62 467
3 899 900 901
3 1147 1145 1149
3 1624 1398 3476
3 1439 1444 3414
3 1776 1597 1847
3 2594 2094 3105
3 2253 2520 3147
3 1439 1442 1444
3 1449 1447 3173
3 2342 2354 2610
3 64 65 429
3 907 906 908
3 1447 1445 3707
3 1692 1474 3390
3 648 647 649
3 833 832 834
3 1113 1114 1115
3 1498 1499 3249
3 2296 2297 2453
3 2156 2157 2162
3 3148 3149 3150
3 574 572 578
3 783 782 784
3 2047 1911 2191
3 2084 2086 2810
3 779 778 780
3 798 797 3553
3 1243 1241 3503
3 1384 1650 1826
3 1242 1245 3492
3 2873 1531 3748
3 1631 1629 1632
3 618 3441 3465
3 1364 726 3687
3 906 910 3436
3 1664 1230 3509
3 1581 1582 1583
3 1659 1660 1774
3 2443 1856 3530
3 2943 2113 2944
3 648 1255 1318
3 706 707 708
3 1577 1389 1578
3 1456 1455 1457
3 1633 1632 3444
3 1269 1270 1271
3 2116 1460 3103
3 2263 2087 2298
3 2436 2246 2471
3 3226 3227 3529
3 733 731 889
3 1154 1153 1155
3 1242 1244 1245
3 2025 1928 2057
3 570 1383 3422
3 1143 1013 2847
3 1262 1261 1263
3 1271 1275 3087
3 1767 1768 1980
3 3354 3355 3356
3 1225 1226 1548
3 3090 2150 3091
3 3423 2944 3765
3 580 581 582
3 670 669 671
3 1168 1166 1178
3 1534 1535 1536
3 1611 1609 1612
3 585 583 662
3 1255 649 3410
3 1450 1451 1452
3 59 60 3374
3 1178 1166 3229
3 3151 3150 3152
3 1304 1303 1472
3 1452 1453 1454
3 1923 2066 2067
3 1182 1181 1183
3 1696 1813 1814
3 2659 2045 2674
3 1606 1607 3428
3 1636 1633 3444
3 2060 2692 3260
3 664 666 3408
3 967 969 1964
3 1640 1637 3415
3 1955 2178 3344
3 795 794 796
3 1301 1300 1303
3 3416 3417 3418
3 610 2153 3478
3 1121 1122 1123
3 2811 2813 2814
3 2175 740 3484
3 1855 2147 2148
3 2005 1857 2296
3 3341 2114 3463
3 1232 1557 1656
3 1283 1286 1287
3 3415 1636 3480
3 1925 2328 2387
3 2660 2403 2697
3 2501 1988 2502
3 2026 2027 2342
3 2870 2869 2871
3 2911 2909 2912
3 183 184 3389
3 1499 1518 3249
3 2178 2223 2440
3 3449 3448 3450
3 921 3332 3335
3 3390 1679 3391
3 1921 1847 1991
3 2739 2307 2756
3 2999 3000 3001
3 3110 3108 3111
3 591 3237 3238
3 1121 957 1122
3 1115 1519 1520
3 1228 1230 1664
3 1248 1249 1250
3 2162 2427 2865
3 2195 2196 2198
3 2297 3415 3480
3 2384 2513 3651
3 2915 2913 2916
3 3231 3230 3232
3 1774 1660 1775
3 1546 1910 2195
3 2276 2045 2659
3 932 930 933
3 1088 1733 3603
3 1326 1410 1523
3 2147 1548 3236
3 2243 2245 2819
3 788 789 790
3 1337 1336 1644
3 2439 656 3386
3 1673 1404 1674
3 1520 1753 1924
3 3164 3162 3165
3 1474 1475 1679
3 1795 2001 2414
3 1596 1595 1597
3 1796 1950 3297
3 1260 1259 1261
3 2558 2059 2559
3 2390 2675 2702
3 666 669 670
3 920 918 921
3 2351 2679 3531
3 3092 3093 3094
3 661 664 2444
3 914 912 3416
3 3095 3093 3097
3 901 902 903
3 1491 1561 1562
3 1843 1835 1844
3 1912 2047 2204
3 560 561 562
3 916 914 917
3 1699 1540 1700
3 2160 2161 2329
3 2253 2519 2520
3 2814 2815 2999
3 3279 3276 3280
3 574 578 3287
3 967 968 969
3 1216 1218 1799
3 1448 1449 1450
3 2058 2057 2059
3 786 785 3481
3 789 786 3481
3 1287 1290 1291
3 3447 3445 3448
3 1280 2151 3542
3 1296 1294 1299
3 3588 1087 3691
3 2333 2032 2334
3 2283 2398 2399
3 1631 1632 1633
3 2411 2412 2797
3 969 968 970
3 1250 1251 1474
3 1523 1410 3043
3 2399 2398 2768
3 2919 2917 2920
3 670 1258 3408
3 1635 1636 1637
3 3454 3453 3455
3 1672 1857 2005
3 859 1938 3749
3 1172 1233 3554
3 1245 1246 1247
3 1402 1312 3349
3 2374 2373 2375
3 2826 2428 2994
3 3352 3350 3364
3 3401 1385 3478
3 576 574 3287
3 1258 673 1259
3 1504 2117 2160
3 1285 1282 3542
3 803 805 1119
3 902 900 1236
3 2406 1940 2755
3 2127 2130 3258
3 2130 2138 2139
3 2429 2165 2831
3 3641 3104 3680
3 562 563 564
3 1502 1339 1503
3 2867 1793 3309
3 2170 1856 2443
3 54 55 3284
3 924 922 925
3 1759 1691 2203
3 2054 1991 2269
3 2396 2269 2397
3 576 3287 3431
3 843 1646 3387
3 1614 1911 1912
3 1672 1640 1857
3 1306 608 1307
3 836 838 2438
3 904 902 3283
3 908 906 3436
3 994 988 995
3 1607 1605 1608
3 2005 2296 2528
3 1775 1660 1922
3 1411 1327 2188
3 1991 1847 3540
3 3112 3111 3113
3 674 1256 3348
3 1906 1873 1907
3 3321 3318 3324
3 602 604 1139
3 1118 1333 2006
3 1264 1263 1336
3 1841 2252 2253
3 3045 3460 3490
3 728 726 1364
3 1160 1161 1162
3 2060 2061 2683
3 1088 1501 1733
3 1156 1155 1157
3 1181 1174 3554
3 1853 1852 3427
3 1964 2449 2450
3 2276 2659 2673
3 3394 2450 3611
3 830 831 832
3 1639 1637 1640
3 1641 1640 1672
3 1656 1657 1854
3 2394 2055 2695
3 806 804 807
3 1985 2493 2494
3 2288 2286 2667
3 2436 2471 2830
3 553 551 591
3 1793 1795 3309
3 1388 1841 3421
3 1732 1984 1985
3 2752 2375 2753
3 781 3357 3639
3 810 808 811
3 1615 1613 1616
3 2178 2442 3344
3 3196 3194 3197
3 829 830 3466
3 1034 1008 3086
3 1585 1586 1587
3 1852 1933 1990
3 3200 3201 3202
3 1082 1083 1655
3 1396 1513 1514
3 1398 1397 3476
3 2018 2480 2481
3 1314 1316 1399
3 2387 2388 2772
3 3094 3095 3096
3 52 53 3266
3 616 615 617
3 1827 882 2891
3 1234 3690 3810
3 3066 3067 3242
3 1791 1793 2867
3 2596 2024 2597
3 3122 2431 3561
3 1556 1231 1939
3 1246 1244 3425
3 1802 1935 1937
3 2758 2443 2759
3 649 651 3410
3 684 2150 3090
3 928 926 929
3 1150 1151 1152
3 1861 1862 1863
3 666 668 669
3 985 984 986
3 2864 3747 3795
3 1076 1077 1078
3 1668 1853 3438
3 2090 2401 2402
3 670 673 1258
3 1401 1317 1600
3 1247 1252 1253
3 2253 2252 2519
3 1302 1298 1305
3 570 568 1383
3 1279 1281 2145
3 1326 1523 3134
3 2925 2924 3181
3 3152 3153 3154
3 1874 1693 2016
3 1976 1774 2045
3 1870 3318 3319
3 1895 2344 2345
3 1245 1956 3492
3 2087 2083 3539
3 2167 2767 2773
3 2442 2440 3437
3 2399 2768 2769
3 1937 2076 2090
3 2148 2265 2676
3 2617 2624 2625
3 957 956 958
3 1555 1409 3021
3 909 911 912
3 970 972 973
3 1990 2072 2283
3 3448 3445 3518
3 1536 1558 1559
3 2453 2297 2454
3 3393 963 3394
3 1123 1124 1125
3 1474 1679 3390
3 863 861 2165
3 1559 1784 1802
3 1801 1916 2112
3 1990 1933 2072
3 917 3416 3418
3 2283 2072 2398
3 2345 2616 2617
3 3177 3175 3247
3 936 934 937
3 3902 2655 3922
3 826 824 827
3 917 914 3416
3 3437 1058 3641
3 1158 1157 1390
3 1518 1730 1732
3 1668 1704 1852
3 3204 3205 3206
3 581 579 1235
3 716 718 1238
3 770 769 3403
3 1549 1548 1855
3 2598 2597 2748
3 1454 1455 1456
3 1291 1397 1398
3 1603 1601 1604
3 1615 1616 1617
3 1852 1704 1933
3 3180 3177 3247
3 1159 867 3562
3 1981 1018 2496
3 1427 1425 1440
3 2103 2906 3033
3 834 836 3443
3 2296 1857 2297
3 2137 2135 3489
3 3571 3131 3572
3 1076 1078 3552
3 1094 1096 1946
3 1152 1153 1154
3 3674 1355 3683
3 2904 2902 2905
3 1136 2800 2896
3 1459 1457 1460
3 916 917 918
3 2198 2199 2200
3 602 1139 3402
3 674 675 676
3 881 885 886
3 2402 2784 2785
3 1307 608 3460
3 843 844 883
3 2437 3727 3803
3 65 66 3271
3 607 610 3478
3 1170 1168 3226
3 1739 1402 2158
3 2248 2551 2552
3 664 665 666
3 1627 1628 1629
3 2198 2196 2199
3 772 773 774
3 1581 1579 1582
3 1639 1640 1641
3 1137 1138 1527
3 3108 3107 3506
3 612 611 613
3 1623 1624 1625
3 1975 1983 2233
3 2230 2473 2497
3 834 835 836
3 1125 1126 1127
3 1436 1433 3128
3 2112 2113 2943
3 928 929 930
3 1090 1080 1091
3 3264 1149 3409
3 1765 1766 1767
3 3115 3118 3119
3 708 709 710
3 1253 1511 1512
3 2067 2403 2660
3 818 816 819
3 905 906 907
3 1469 1437 3414
3 1751 1698 2390
3 1659 1774 1976
3 1815 3537 3549
3 2327 2115 2672
3 768 769 770
3 2093 2094 2248
3 1130 1132 1392
3 1522 1305 1698
3 3387 1646 3524
3 762 763 764
3 872 873 874
3 1481 1483 1484
3 1589 1590 1591
3 814 812 815
3 2195 1910 2196
3 1990 2283 2522
3 1061 1036 1062
3 1229 1227 1941
3 3357 3356 3358
3 958 959 960
3 607 609 610
3 1392 1132 3438
3 1572 1573 1574
3 2062 1939 2075
3 2052 2042 2053
3 1098 1100 1705
3 1249 1243 3503
3 1306 1307 1308
3 1668 1852 1853
3 1832 1831 1833
3 671 672 674
3 886 894 895
3 1915 1917 2060
3 3200 3198 3201
3 556 555 557
3 1127 1126 3471
3 2431 1728 3841
3 120 121 3342
3 758 759 760
3 1930 1675 2008
3 2057 1928 3582
3 2153 612 2154
3 1132 1668 3438
3 1525 1246 3425
3 3361 3360 3362
3 869 1159 1160
3 1028 1026 1029
3 1617 1616 1781
3 2169 1856 2170
3 874 875 876
3 907 908 909
3 2196 2197 3433
3 1130 1392 3471
3 1302 1522 3535
3 940 938 941
3 1125 1124 1126
3 1727 1729 1975
3 1955 3344 3537
3 792 794 795
3 1044 1045 1046
3 1593 1594 1595
3 1998 2314 2315
3 836 837 838
3 1248 1243 1249
3 2440 2441 3411
3 705 706 740
3 1162 1164 1165
3 1391 1390 1671
3 3353 3367 3837
3 836 2438 3443
3 1971 1465 1972
3 707 3104 3641
3 2219 1500 3588
3 1566 1567 1568
3 1781 1936 2070
3 901 903 3544
3 1929 2321 2322
3 2070 2409 2762
3 910 904 3283
3 1976 2045 2276
3 830 828 831
3 924 925 926
3 955 956 957
3 1538 1870 3325
3 1632 1629 3518
3 2703 2199 2706
3 2439 3618 3729
3 862 865 3575
3 1103 1101 3251
3 1102 1104 1552
3 840 842 843
3 1568 1569 1570
3 2138 2131 3564
3 2322 2340 2341
3 3228 3229 3230
3 926 925 3337
3 1310 1311 1312
3 766 767 768
3 2133 2135 2136
3 3020 2147 3236
3 552 551 553
3 651 652 653
3 903 904 905
3 1013 995 3259
3 1800 1285 3542
3 2063 2064 2738
3 963 964 3527
3 1613 1612 3528
3 1670 1992 2172
3 1634 1633 1635
3 3063 3065 3066
3 710 711 712
3 1297 1300 1301
3 1549 1855 1856
3 621 622 623
3 696 697 705
3 1262 1263 1264
3 1132 1133 1668
3 2404 3764 3806
3 2097 2364 2365
3 2172 2270 2295
3 2200 2199 2703
3 2688 2687 2689
3 822 820 823
3 1308 1309 1310
3 629 630 631
3 1024 1035 1038
3 1668 1133 1704
3 1293 1295 2155
3 1790 2418 3430
3 2002 1794 3413
3 2597 2024 3541
3 3452 3448 3518
3 754 755 756
3 775 774 776
3 1652 1764 1765
3 2095 2097 3440
3 2394 2695 2777
3 3148 2520 3149
3 558 557 559
3 1220 1222 1224
3 2006 1333 2407
3 1713 1714 1716
3 1790 2081 2418
3 1304 1472 1473
3 1895 2345 3535
3 2139 2138 2285
3 1662 1663 3345
3 554 553 555
3 610 609 611
3 1233 1170 3226
3 1781 1616 1936
3 2163 2526 2527
3 944 942 945
3 740 706 3484
3 1642 1641 1675
3 1841 1987 2252
3 2422 1972 2423
3 3291 3233 3745
3 605 603 606
3 604 605 1385
3 1046 1050 1051
3 1660 1658 3467
3 3246 1775 4165
3 2170 2443 2758
3 625 626 627
3 1283 1287 3435
3 1709 1710 1711
3 606 603 3490
3 1078 1085 1086
3 645 646 647
3 836 835 837
3 1227 1223 3290
3 2163 2527 3441
3 1241 1239 2201
3 1828 1772 1829
3 2174 1959 3472
3 2035 1973 2091
3 2514 1991 3540
3 601 600 2156
3 657 658 659
3 664 663 665
3 834 832 835
3 633 634 635
3 1123 1122 1124
3 830 833 3466
3 1156 1157 1158
3 1225 1549 3507
3 1473 1681 1701
3 1512 1537 1538
3 3537 2173 3549
3 3100 3101 3473
3 691 692 696
3 1126 1130 3471
3 3296 1809 3696
3 1038 1059 1060
3 3152 3150 3153
3 1180 1179 1189
3 3081 2716 3832
3 948 946 949
3 2032 1908 3551
3 36 37 3516
3 169 170 426
3 1250 1249 1251
3 1388 1665 1841
3 2136 2142 2249
3 3119 3118 3120
3 1260 1261 1262
3 1670 2172 3511
3 2213 2215 3766
3 1499 1517 1518
3 649 650 651
3 1711 1712 1713
3 558 559 560
3 617 618 619
3 660 3293 3501
3 1264 1336 1337
3 1941 3291 3684
3 2169 2170 2404
3 604 603 605
3 1016 740 2175
3 958 956 959
3 637 638 639
3 712 713 714
3 2145 1281 3435
3 2097 2365 3440
3 2199 2196 3433
3 865 3058 3575
3 1130 1131 1132
3 1225 1548 1549
3 1939 1231 3559
3 1504 2160 3250
3 1051 1073 1074
3 1295 1297 3459
3 1433 1431 1435
3 1355 682 3600
3 838 839 840
3 3431 3287 3432
3 1106 1109 1551
3 1572 1575 3570
3 2163 3441 3472
3 3441 2527 3465
3 2249 2142 2416
3 1154 1155 1156
3 878 879 881
3 1132 1131 1133
3 1955 2177 2178
3 1959 2163 3472
3 2705 2707 2708
3 1638 1637 1639
3 3450 3452 3453
3 788 790 791
3 1241 2201 3503
3 1289 1800 2694
3 641 642 643
3 1543 1865 2982
3 1701 1901 1934
3 2450 2449 3705
3 920 921 922
3 1039 1040 1054
3 2205 2204 2524
3 1149 1145 3409
3 2142 2137 2275
3 899 901 1798
3 3394 963 3527
3 1037 1063 1082
3 1934 2028 2093
3 1301 1303 1304
3 602 603 604
3 1857 1640 3415
3 1919 1920 2063
3 2865 3294 3442
3 1609 1608 3302
3 1423 1466 3474
3 1593 1591 1594
3 1240 1242 3492
3 564 566 3495
3 752 892 897
3 1438 1436 3127
3 1155 3158 3488
3 2168 1854 2280
3 2130 2131 2138
3 600 597 3327
3 3005 2087 3539
3 467 62 3372
3 599 597 600
3 671 669 672
3 1474 1251 1475
3 1915 1647 1917
3 1807 1959 2174
3 708 710 1334
3 1579 1578 3429
3 2136 2137 2142
3 2163 2007 2526
3 2136 2135 2137
3 2200 2704 2705
3 870 871 872
3 959 956 3461
3 1585 1583 1586
3 1659 1976 3546
3 2131 2133 3564
3 2278 2279 2760
3 2127 2128 2130
3 3376 3378 3379
3 1127 3471 3521
3 1126 1129 1130
3 1753 1519 3541
3 550 549 551
3 668 1014 1815
3 688 689 691
3 2070 1936 2409
3 1122 957 3262
3 1023 1041 1042
3 1788 1790 3430
3 1638 3560 3631
3 2503 2494 2504
3 3393 3394 3587
3 962 961 3602
3 674 672 675
3 1437 1439 3414
3 2384 2512 2513
3 3536 614 3617
3 1183 2122 2123
3 2125 2126 2127
3 687 693 3479
3 1118 801 1333
3 1549 2169 3507
3 1617 1781 2381
3 1642 1675 1930
3 2407 2751 2821
3 2460 2462 2467
3 1008 1009 1010
3 1959 2007 2163
3 3204 3202 3205
3 1167 1169 1257
3 1589 1587 1590
3 2072 1933 2073
3 3455 3456 3457
3 1334 710 3384
3 967 1964 3527
3 2155 1295 3459
3 2323 2091 2324
3 2176 2542 2543
3 1297 1301 3459
3 2172 1992 2270
3 2526 2007 2529
3 3371 467 3372
3 605 607 3478
3 750 751 752
3 1158 1390 1391
3 1847 1597 1848
3 3160 3162 3164
3 1385 605 3478
3 973 972 974
3 2127 2126 2128
3 2178 2177 2223
3 913 912 914
3 1639 1641 1642
3 1826 1650 2236
3 2153 2154 2521
3 708 707 709
3 869 1160 1806
3 960 962 963
3 1258 1259 1260
3 2176 2543 3703
3 2852 2137 3489
3 1553 1931 3475
3 1461 1504 3250
3 2521 2154 2761
3 838 837 839
3 1111 1113 1117
3 1922 1660 3467
3 1553 1777 1931
3 1630 1629 1631
3 2299 2002 2936
3 2300 2004 2420
3 2683 2061 2684
3 2153 2521 3401
3 964 966 967
3 1068 1070 1072
3 1841 1665 1987
3 2440 2223 2441
3 851 852 884
3 1202 1193 1203
3 1722 3426 3732
3 706 708 3484
3 1312 1314 3349
3 2148 2677 3530
3 859 860 1938
3 1281 1283 3435
3 522 521 523
3 546 545 547
3 597 596 3327
3 1384 1366 1650
3 1419 1420 1421
3 3574 1958 3618
3 1388 1134 1665
3 2110 3187 3222
3 465 3276 3279
3 676 679 680
3 1477 1479 1480
3 1893 1524 1973
3 2836 2835 2837
3 605 606 607
3 1572 1570 1573
3 2940 2092 3826
3 232 233 434
3 586 585 587
3 1704 1133 1722
3 1814 1813 1840
3 2033 1926 2115
3 2297 1857 3415
3 1635 1637 1638
3 2065 1922 2750
3 666 665 668
3 857 855 893
3 1130 1129 1131
3 2693 2057 3582
3 3330 2597 3541
3 548 547 549
3 903 1053 3544
3 1534 1510 1535
3 2706 2199 3433
3 1126 1124 1129
3 1222 1225 3507
3 1313 1312 1402
3 1976 2277 3546
3 1107 1103 3251
3 1380 1379 1381
3 1863 2049 2050
3 1010 1022 1023
3 2555 2554 2556
3 166 167 471
3 1491 1278 1561
3 694 695 699
3 1346 1349 1350
3 1495 1497 1498
3 1574 1573 1783
3 2333 2334 2335
3 1562 1561 2183
3 3554 1233 3704
3 1595 1594 1670
3 919 918 920
3 1612 1609 3302
3 1959 1858 2007
3 2491 1980 2492
3 3358 3360 3361
3 108 109 433
3 1091 1553 3475
3 2345 2966 3535
3 899 1798 3479
3 1486 1485 1487
3 2576 2577 2578
3 544 543 545
3 1618 1391 1619
3 1626 1625 1627
3 1815 1954 1955
3 907 909 3550
3 2060 1917 2061
3 2123 2124 2125
3 1912 2204 2205
3 2497 2473 2876
3 1855 2148 3530
3 1937 1935 2076
3 840 839 841
3 1363 1708 1709
3 1779 1897 2393
3 2083 1951 3539
3 2104 3016 3017
3 524 523 525
3 863 2165 2429
3 1378 1377 1379
3 915 914 916
3 1569 1932 3407
3 1854 1657 3546
3 1880 2320 2472
3 2269 1991 2514
3 608 606 3460
3 787 786 788
3 927 926 928
3 1812 2089 2451
3 2365 2366 2367
3 1115 1520 1521
3 1165 1167 3439
3 1539 1538 1540
3 2090 2076 2401
3 2135 2140 3489
3 2182 2475 2476
3 2338 2324 2339
3 2406 2755 2792
3 1054 1055 1067
3 1350 1416 1417
3 1389 1388 3421
3 2278 2164 2279
3 2390 2430 2675
3 954 953 1265
3 1622 1398 1623
3 1929 2322 3570
3 2367 2369 2370
3 923 922 924
3 2130 2128 2131
3 2705 2704 2707
3 1976 2276 2277
3 1568 1567 1569
3 839 837 993
3 1987 2164 2278
3 2402 2401 2784
3 1310 1312 1313
3 1695 1487 1696
3 1500 1087 3588
3 1807 1858 1959
3 866 868 870
3 999 1017 1019
3 1131 1129 1960
3 1722 1133 3515
3 1802 1784 1935
3 1587 1586 3545
3 3113 3114 3115
3 1898 1840 1926
3 897 998 999
3 2479 1978 3746
3 3452 1628 3629
3 2370 2371 2372
3 572 570 3422
3 849 847 992
3 903 905 1053
3 1224 1222 3507
3 1406 1407 1662
3 1549 1856 2169
3 2409 2410 2763
3 1566 1564 1567
3 542 541 543
3 702 703 734
3 1631 1633 1634
3 1727 1716 1729
3 3227 3228 3661
3 1313 1403 1807
3 2133 2134 2135
3 847 845 3513
3 1282 1280 3542
3 1522 1895 3535
3 1742 1741 1743
3 611 609 3548
3 1767 1766 1768
3 578 572 3422
3 595 593 596
3 1815 1014 1954
3 621 619 622
3 890 1341 1819
3 1376 1375 1377
3 2317 2346 2347
3 1167 1257 3439
3 1643 1540 1699
3 1810 1699 2055
3 2172 2295 3504
3 1536 1535 1558
3 1583 1582 3487
3 2112 2943 3340
3 2135 2134 2140
3 2429 2831 2981
3 3193 3190 3216
3 571 573 1387
3 931 930 932
3 932 933 934
3 2372 2373 2374
3 3111 3108 3506
3 613 614 615
3 2334 2032 3551
3 2275 2137 2852
3 2156 2162 3045
3 3450 3448 3452
3 699 702 3795
3 967 966 968
3 3469 1552 3470
3 1133 1131 3515
3 1343 1345 1346
3 3445 1632 3518
3 584 585 586
3 1100 1102 3469
3 3228 1178 3229
3 3471 1392 3601
3 1356 1488 2466
3 1732 1730 1984
3 1552 1104 3497
3 2056 2055 2394
3 3113 3111 3114
3 997 1000 1001
3 1102 1552 3469
3 1231 1229 3559
3 1985 1984 2493
3 2708 2709 2710
3 846 3296 3569
3 1313 1402 1403
3 1324 1326 3134
3 1411 2188 3616
3 2398 2072 3483
3 843 842 844
3 909 912 913
3 693 899 3479
3 1546 1909 1910
3 3155 3154 3809
3 875 882 1827
3 1968 965 3602
3 1578 1389 3421
3 2540 2107 2541
3 2148 2676 2677
3 862 864 865
3 1265 2121 3461
3 1870 3319 3325
3 2162 2865 3442
3 3537 3344 3683
3 3354 3356 3357
3 633 631 634
3 1346 3131 3571
3 1880 2472 3623
3 2421 2420 2887
3 1705 1100 3469
3 2052 2053 2681
3 3171 1332 3606
3 2196 1910 2197
3 1403 1402 1739
3 1559 1558 1784
3 1591 1590 3510
3 609 608 1306
3 680 681 683
3 954 1265 3461
3 1353 1370 2182
3 1656 1854 2168
3 2482 2481 2499
3 1245 1247 1956
3 1720 1337 1721
3 2171 1939 3559
3 1124 1122 3566
3 2409 1936 2410
3 734 735 743
3 1001 1005 1006
3 1562 2183 3599
3 1646 1801 3524
3 1456 1457 1458
3 2186 1811 2187
3 743 744 750
3 1096 1098 3482
3 1987 1665 2164
3 2351 2584 2679
3 710 709 711
3 1957 1930 2146
3 1752 2023 2176
3 663 659 3501
3 1798 901 3544
3 2024 1753 3541
3 637 635 638
3 936 937 938
3 777 3351 3519
3 1904 2042 2052
3 3307 3114 3506
3 556 557 558
3 963 962 964
3 1616 1613 3528
3 1875 2039 2040
3 625 623 626
3 2168 2280 2281
3 668 1815 3549
3 840 841 842
3 1492 1330 1693
3 665 663 3598
3 1807 2174 3496
3 554 555 556
3 3441 618 3536
3 641 639 642
3 3379 3380 3381
3 155 156 3517
3 163 164 424
3 2407 1333 2751
3 3621 646 3675
3 1546 2195 3638
3 1611 1614 3508
3 1856 1855 3530
3 649 647 650
3 916 918 919
3 2059 2057 2693
3 2451 2089 2452
3 85 86 483
3 645 643 646
3 924 926 927
3 1098 1705 3482
3 1961 1721 2268
3 2227 1968 3602
3 158 159 498
3 657 655 658
3 784 786 787
3 1815 1955 3537
3 2186 2187 2766
3 2322 3412 3570
3 1111 1117 3502
3 602 601 603
3 1478 1476 1962
3 995 996 997
3 1423 1421 1466
3 848 850 851
3 41 42 476
3 2266 1849 2267
3 2205 2524 2525
3 2484 2267 2485
3 1994 1879 1995
3 1255 3410 3727
3 1373 1372 1375
3 1917 1647 3581
3 2200 2703 2704
3 1720 1961 2180
3 629 627 630
3 992 847 3513
3 1807 1403 1858
3 920 922 923
3 1264 1337 1720
3 160 161 472
3 3045 2162 3442
3 780 782 783
3 1512 1538 1539
3 1657 1659 3546
3 2125 2124 2126
3 913 914 915
3 1260 1262 1958
3 1936 1616 3528
3 552 553 554
3 1957 2469 2470
3 153 154 473
3 607 606 608
3 1129 1124 3566
3 1955 1954 2177
3 3115 3114 3117
3 668 665 1014
3 1229 1941 3559
3 2017 1825 2018
3 1847 1848 3540
3 44 45 425
3 928 930 931
3 550 551 552
3 1627 1629 1630
3 2390 1698 2430
3 3462 2121 3693
3 3115 3117 3118
3 150 151 420
3 575 577 667
3 1464 1545 1546
3 35 36 475
3 156 157 421
3 909 913 3550
3 699 700 702
3 1158 1391 1618
3 1932 2400 3609
3 32 33 422
3 38 39 423
3 955 954 956
3 1836 1655 2247
3 1824 1823 1825
3 675 672 2173
3 1946 1096 3482
3 1331 1493 1494
3 2433 2273 2434
3 2374 2375 2752
3 540 539 541
3 961 959 3263
3 2233 1983 3584
3 2381 3246 4165
3 29 30 474
3 538 537 539
3 1027 1030 1081
3 1480 1479 1481
3 1484 1483 1485
3 2599 2326 2600
3 3117 3114 3307
3 685 683 1818
3 1582 1579 3429
3 1844 1845 1846
3 3455 3453 3456
3 1919 884 1920
3 964 967 3527
3 1975 1729 1983
3 25 26 3547
3 26 27 419
3 2345 2617 2966
3 601 2156 3490
3 1960 1129 3566
3 1289 1285 1800
3 603 601 3490
3 765 764 766
3 771 770 772
3 1801 2112 3524
3 566 569 677
3 590 588 592
3 1749 2020 2202
3 614 611 3548
3 1090 1091 1940
3 2298 2087 3005
3 714 715 716
3 1570 1569 3407
3 1594 1591 3510
3 1670 1594 1849
3 1154 1156 1947
3 1371 1354 1372
3 1963 1962 2456
3 2075 2171 2783
3 712 711 713
3 1711 1710 1712
3 844 845 846
3 1979 1968 2226
3 757 756 758
3 1746 1653 1823
3 761 760 762
3 1122 3262 3566
3 1618 1619 1811
3 1642 1930 1957
3 2167 2415 2767
3 1032 3032 3632
3 1076 1074 1077
3 1849 1594 3510
3 1452 1454 1544
3 1614 1912 3508
3 1846 1892 1999
3 694 690 695
3 856 858 859
3 1530 1352 1653
3 2750 1922 3467
3 617 615 618
3 775 776 3434
3 609 1306 3548
3 691 696 1358
3 716 717 718
3 1647 883 3581
3 2470 2857 2858
3 3521 3471 3601
3 1015 740 1016
3 1055 1040 3746
3 1539 1540 1643
3 1638 1639 3560
3 1144 1146 3555
3 1338 1339 1502
3 1590 1587 3545
3 1869 1755 2515
3 1906 1907 1908
3 1969 2510 2511
3 2230 2120 2473
3 569 571 3486
3 613 611 614
3 1109 1111 3502
3 863 2429 3562
3 986 987 988
3 672 669 3549
3 869 1806 3578
3 1084 1076 3552
3 1586 1583 3487
3 1656 2168 3509
3 2467 2462 2468
3 2136 2249 3564
3 1014 665 3598
3 2425 1034 3086
3 1475 1251 1476
3 3560 2470 3631
3 599 601 602
3 651 650 652
3 1310 1313 3496
3 1459 1460 1461
3 1569 1780 1932
3 2267 1849 3510
3 2112 3340 3524
3 846 845 847
3 1230 1232 3509
3 1573 1570 3407
3 1783 2166 2167
3 2748 2597 3330
3 37 38 3525
3 1044 1042 1045
3 1707 1362 3558
3 2089 1948 2413
3 776 779 3434
3 846 847 848
3 2010 2100 2312
3 490 2951 2952
3 1232 1656 3509
3 1720 1721 1961
3 913 915 1812
3 1351 1348 1352
3 3472 3536 3617
3 711 709 1058
3 710 712 3384
3 3035 1057 3650
3 2324 2091 3697
3 2213 2214 2215
3 582 584 1386
3 1992 1849 2266
3 3472 3441 3536
3 1928 1927 3582
3 526 525 527
3 883 3569 3581
3 2072 2073 3483
3 2710 2711 2712
3 3114 3111 3506
3 712 738 3384
3 1394 1086 1395
3 1233 3226 3529
3 1527 1528 1744
3 1670 1849 1992
3 2180 1961 2437
3 705 1015 3583
3 753 749 754
3 1314 1399 3349
3 1957 2146 2469
3 2109 2537 3523
3 3529 3227 3816
3 154 155 3522
3 599 600 601
3 857 893 1706
3 1810 2056 2098
3 2669 2048 2877
3 2681 2053 3531
3 3722 2187 3811
3 779 3989 3992
3 3510 1590 3594
3 1848 1597 3511
3 1752 2176 3520
3 546 547 548
3 1518 1517 1730
3 2185 2186 2465
3 659 658 660
3 1977 1707 2212
3 2712 2714 2715
3 1623 1625 1626
3 2056 2394 2395
3 1066 1080 1090
3 1160 1162 3494
3 1713 1712 1714
3 1912 2205 3508
3 2266 2267 2484
3 1053 905 3665
3 2063 1920 2064
3 1177 1179 1180
3 1539 1643 1787
3 1783 1573 2166
3 1551 1109 3502
3 2928 2925 3181
3 848 847 849
3 1106 1551 3497
3 1347 1344 1348
3 2272 1850 2273
3 2303 2649 2661
3 607 608 609
3 981 983 984
3 875 873 882
3 1736 1514 1737
3 1618 1811 2185
3 2319 2386 2828
3 615 614 3536
3 1812 915 1948
3 1015 1025 2179
3 1597 1595 3511
3 970 971 972
3 1134 1127 3521
3 544 545 546
3 562 564 1335
3 566 677 3495
3 2173 672 3549
3 2131 2132 2133
3 2166 1573 3407
3 669 668 3549
3 1104 1106 3497
3 776 778 779
3 1131 1960 3515
3 1356 2466 3592
3 1719 1715 1913
3 2185 1811 2186
3 1960 3566 3587
3 799 800 3670
3 956 954 3461
3 1308 1310 3496
3 475 36 3516
3 1812 1948 2089
3 2133 2132 2134
3 3566 3262 3587
3 1061 1062 1338
3 1342 1340 2193
3 2470 2469 2857
3 2164 1665 3521
3 3548 3610 3617
3 1954 1014 1966
3 1146 1150 3555
3 1320 1321 1322
3 3405 1224 3806
3 1941 1227 3290
3 1291 1398 1622
3 1810 2055 2056
3 938 937 3565
3 1817 992 2143
3 1360 1982 2213
3 2863 2461 2864
3 1419 1417 1420
3 2133 2136 3564
3 548 549 550
3 1665 1134 3521
3 1914 1913 2382
3 3496 2174 3610
3 618 615 3536
3 978 980 981
3 1304 1473 1648
3 3263 3462 3590
3 1575 1929 3570
3 1610 3508 3593
3 2385 2383 2670
3 748 742 749
3 844 842 845
3 1369 1405 1406
3 801 798 3553
3 1643 1699 1810
3 4082 2759 4089
3 1313 1807 3496
3 1595 1670 3511
3 1729 1716 3608
3 1475 1476 1477
3 1973 1524 3586
3 2075 1939 2171
3 3262 3393 3587
3 1204 1203 1206
3 1932 2068 2400
3 2537 2554 2555
3 2987 1355 3674
3 1292 965 1968
3 1833 1834 1835
3 883 844 3569
3 3407 1932 3609
3 1963 2457 2458
3 24 25 496
3 741 737 742
3 941 938 3565
3 2131 2128 2132
3 2322 2341 3412
3 2781 2377 2959
3 1664 3509 3614
3 681 679 682
3 708 1334 3484
3 2496 1018 3626
3 2325 1882 2326
3 2279 2164 3601
3 2192 2417 2782
3 1789 1084 3658
3 1322 1323 1324
3 1893 1973 2035
3 2410 1936 3528
3 1140 4082 4089
3 970 968 971
3 1569 1567 1780
3 2804 2464 3938
3 1174 1172 3554
3 1709 1708 1710
3 2708 2707 2709
3 718 719 720
3 803 1119 3670
3 1008 1006 1009
3 2167 2166 2415
3 705 740 1015
3 976 977 978
3 2164 3521 3601
3 1150 1152 1803
3 2134 2132 2141
3 2156 3045 3490
3 1458 1459 3638
3 3414 1444 3597
3 1678 1864 1867
3 2339 2687 2688
3 1733 1501 1734
3 690 685 3514
3 573 575 3512
3 2718 2719 2720
3 732 731 733
3 2847 1013 3259
3 1162 1165 3494
3 3408 1258 3574
3 3386 2444 3618
3 1962 1476 3637
3 1940 1091 3475
3 1446 1448 1547
3 2126 2124 2207
3 675 2173 3600
3 1754 1357 1755
3 2061 1917 2445
3 974 975 976
3 2460 2461 2462
3 2556 2564 2771
3 2889 2078 3690
3 614 3548 3617
3 736 733 737
3 1119 1319 1320
3 1015 1016 1025
3 1639 1642 3560
3 2763 2410 2764
3 952 950 953
3 1612 3302 3662
3 1015 2179 3583
3 1546 1545 1909
3 772 774 775
3 1308 3496 3610
3 3453 3452 3629
3 3516 37 3525
3 659 660 3501
3 868 869 3578
3 1478 1962 1963
3 3293 2455 3753
3 542 543 544
3 935 934 936
3 1969 2511 3532
3 1888 1529 2488
3 148 149 497
3 156 421 3517
3 964 965 966
3 1765 1764 1766
3 2123 2122 2124
3 3351 3354 3519
3 1115 1521 3538
3 676 675 679
3 1396 1395 1513
3 571 1387 3486
3 730 728 731
3 1387 573 3512
3 1183 1181 2122
3 1459 1464 3638
3 528 527 529
3 1481 1482 1483
3 1117 1113 3538
3 2182 1370 2475
3 3561 2431 3835
3 762 764 765
3 2182 2476 3725
3 149 150 3556
3 1458 1457 1459
3 1376 1377 1378
3 1932 1780 2068
3 2721 2723 2724
3 1025 1026 1027
3 2234 2206 2235
3 2485 2267 3594
3 1113 1115 3538
3 2018 2481 2482
3 1165 3439 3494
3 1198 1199 1366
3 1822 1329 3689
3 3354 3357 3519
3 2176 2023 2542
3 650 647 3621
3 1025 1016 1026
3 2460 2467 3733
3 768 770 771
3 2401 2076 2778
3 683 681 3563
3 2030 1760 2477
3 2400 2068 2770
3 536 535 537
3 1350 1349 1416
3 1380 1381 1524
3 3548 1306 3610
3 2212 1707 3558
3 2035 2091 2323
3 1378 1379 1380
3 558 560 686
3 2543 2542 2557
3 1958 1262 3576
3 862 861 863
3 1346 1345 1349
3 939 938 940
3 2336 2335 2337
3 2732 2731 2733
3 1333 801 3553
3 1829 1830 1831
3 849 992 1817
3 940 941 942
3 1265 1267 2121
3 1701 1934 2464
3 2174 3472 3617
3 995 988 996
3 2093 2248 2801
3 598 597 599
3 2460 2459 2461
3 1154 1947 3589
3 1058 3411 3585
3 1481 1479 1482
3 2682 2681 2757
3 3357 3358 3639
3 1078 1077 1085
3 1152 1154 3589
3 663 3501 3598
3 932 934 935
3 1150 1803 3555
3 1963 2456 2457
3 2179 1025 3557
3 2751 1333 3553
3 1456 1458 1550
3 2272 2273 2433
3 986 984 987
3 1292 1979 2190
3 2126 2207 3591
3 2831 2165 3830
3 2783 2171 2787
3 3376 3379 3660
3 758 760 761
3 868 867 869
3 2458 2457 2459
3 1042 1041 3592
3 1816 3613 3698
3 681 682 688
3 714 713 715
3 3420 1253 3664
3 1502 1503 1884
3 3436 910 3777
3 1706 2788 3830
3 2273 3621 3675
3 1082 1063 1083
3 1724 1214 1725
3 1425 1423 3474
3 1443 1438 3127
3 2445 1917 3581
3 26 419 3547
3 540 541 542
3 1194 2941 4012
3 2040 2039 2590
3 1957 2470 3560
3 2393 1897 3633
3 685 1818 3514
3 1027 1026 1028
3 1498 1497 1499
3 2740 2423 2741
3 727 726 728
3 3528 1612 3662
3 1714 1715 1718
3 3587 3394 3611
3 1156 1158 3579
3 3125 2452 3802
3 754 756 757
3 1477 1478 1479
3 1696 1697 1813
3 1027 1028 1030
3 878 876 879
3 1935 1784 2071
3 2183 2184 2192
3 1287 1291 3567
3 1662 1407 1663
3 1989 1978 2228
3 2202 2020 2544
3 38 423 3525
3 1649 3659 3991
3 658 655 3622
3 1051 1050 1073
3 586 587 588
3 1373 1375 1376
3 866 864 867
3 974 972 975
3 3610 2174 3617
3 1590 3545 3594
3 1762 1761 1878
3 2166 3407 3609
3 960 959 961
3 1371 1372 1373
3 538 539 540
3 1477 1476 1478
3 1882 1515 3595
3 2267 3510 3594
3 473 154 3522
3 694 699 3747
3 936 938 939
3 1010 1009 1022
3 960 961 962
3 1977 2212 2432
3 655 653 3622
3 1900 2547 2862
3 1977 2432 2463
3 2730 2729 2731
3 1931 1777 3580
3 2482 2499 2500
3 554 556 1359
3 652 1850 1851
3 660 1362 1363
3 853 850 3780
3 1197 1195 1200
3 1046 1045 1050
3 1817 2143 2859
3 1914 2382 2383
3 595 596 597
3 2105 1067 3075
3 2209 2208 2483
3 1983 2181 2250
3 2168 2281 3614
3 720 721 722
3 1023 1022 1041
3 1342 2193 3613
3 2462 2461 2863
3 1948 915 3534
3 1720 2180 3576
3 3509 2168 3614
3 2326 1882 3595
3 2537 2555 3523
3 1558 1535 1782
3 703 700 1064
3 1530 1653 1746
3 1642 1957 3560
3 2688 2689 2690
3 1891 1500 2219
3 2499 2481 3935
3 2710 2709 2711
3 765 766 1332
3 2712 2711 2714
3 1207 1206 1208
3 1353 2182 3619
3 1851 2272 2274
3 1833 1831 1834
3 2080 2305 2306
3 155 3517 3522
3 1306 1308 3610
3 1947 1156 3579
3 2385 2670 2671
3 595 597 598
3 1335 564 3495
3 1818 683 3563
3 1824 1825 2017
3 2211 2549 2550
3 2325 2326 2599
3 21 22 439
3 696 705 3583
3 860 858 861
3 1329 1331 3689
3 1746 1823 1824
3 1001 1000 1005
3 2074 1940 2406
3 1718 1719 1986
3 865 864 866
3 870 868 871
3 1351 1352 1530
3 1363 1707 1708
3 1838 1697 2206
3 1716 1714 3608
3 1971 1972 2422
3 560 562 3573
3 913 1812 3550
3 1738 1737 1761
3 1838 2206 2234
3 1914 2383 2384
3 3590 2227 3602
3 1209 1208 1541
3 16 17 446
3 1260 1958 3574
3 1262 1264 3576
3 660 658 1362
3 1983 2250 3584
3 1251 1249 3637
3 725 723 726
3 2323 2324 2338
3 3435 1287 3567
3 647 646 3621
3 851 850 852
3 876 875 3533
3 1988 1662 3345
3 1770 1771 1772
3 1459 1461 1464
3 1844 1835 1845
3 2715 2717 2718
3 19 20 499
3 859 858 860
3 1039 1011 1040
3 1081 1030 3632
3 2458 2459 2460
3 2899 2902 2904
3 1158 1618 3579
3 590 592 593
3 1494 1493 1495
3 2936 2002 3413
3 2292 2411 3718
3 748 749 753
3 2052 2681 2682
3 1291 1622 3567
3 2420 2004 3658
3 943 942 944
3 1714 1712 1715
3 1564 1562 3599
3 2236 2237 2264
3 682 679 3600
3 1258 1260 3574
3 1749 2202 3649
3 1347 1348 1351
3 1846 1845 1892
3 964 962 965
3 1376 1378 1382
3 1190 1189 1194
3 1363 1362 1707
3 1464 1461 1465
3 1358 696 3583
3 2181 1729 3608
3 2384 2385 2512
3 150 420 3556
3 1421 1420 3491
3 2374 2752 2794
3 2870 2871 2872
3 848 849 850
3 884 852 3644
3 761 762 3619
3 1831 1830 3499
3 2588 2500 2589
3 3611 2450 3705
3 741 742 748
3 765 1332 1353
3 844 846 3569
3 1719 1913 1914
3 2183 2192 3701
3 680 679 681
3 1360 2213 3500
3 1983 1729 2181
3 2544 2020 2545
3 952 954 955
3 652 650 1850
3 717 715 982
3 1292 1968 1979
3 695 690 3514
3 864 863 3562
3 997 996 1000
3 1025 1027 3557
3 1508 1532 1651
3 2656 2655 2657
3 1947 3579 3686
3 3558 1362 3622
3 681 688 3563
3 1353 1354 1370
3 1367 3183 3596
3 1696 1487 1697
3 2128 2126 3591
3 496 25 3547
3 1272 1271 1273
3 3167 3168 3659
3 699 695 700
3 748 753 890
3 1812 2451 3550
3 852 850 853
3 1485 1483 1620
3 3822 2098 3845
3 2410 3528 3662
3 1813 1838 3620
3 1840 1813 3620
3 1351 1530 1745
3 727 730 1361
3 2029 1747 2208
3 1708 1707 1977
3 856 855 857
3 1618 2185 3579
3 2360 1894 2361
3 3358 3361 3639
3 536 537 538
3 2698 1953 2699
3 2493 1984 2696
3 1966 1014 3598
3 1371 1373 1374
3 1746 1824 2034
3 1822 3071 3842
3 1539 1787 3664
3 1851 1850 2272
3 2482 2500 2588
3 874 873 875
3 1514 1513 3623
3 3799 2830 3872
3 1209 1541 3568
3 1278 1276 3646
3 1464 1465 1545
3 1999 1892 2037
3 736 737 741
3 709 707 3641
3 732 733 736
3 2332 2032 2333
3 3599 2183 3701
3 3456 3453 3629
3 800 803 3670
3 1718 1715 1719
3 1889 1757 1894
3 1264 1720 3576
3 427 3376 3660
3 732 736 745
3 854 853 855
3 3344 2442 3674
3 3170 3171 3782
3 3098 1053 3754
3 1749 1524 1893
3 757 758 3543
3 1071 1069 1978
3 2064 1920 2446
3 2205 2525 3593
3 2728 2727 2729
3 1380 1524 1749
3 1869 2515 2516
3 1012 4174 4175
3 1829 1772 1830
3 722 723 724
3 1343 1344 1345
3 2064 2446 2447
3 716 715 717
3 867 864 3562
3 1119 2218 3670
3 3579 2185 3686
3 841 3132 3738
3 2782 2417 3468
3 145 146 440
3 1651 1532 1652
3 550 552 698
3 907 3550 3665
3 1979 2226 2489
3 1353 1332 1354
3 1416 1515 1752
3 1683 1684 1685
3 1933 1704 3732
3 1058 709 3641
3 2183 1561 2184
3 1972 3250 3666
3 144 145 3607
3 1416 1349 1515
3 2663 2657 2664
3 534 533 535
3 686 560 3573
3 3168 3169 3834
3 866 867 868
3 1137 1060 1138
3 2250 2181 2271
3 1813 1697 1838
3 940 942 943
3 1370 1354 1371
3 1355 3600 3683
3 2384 2383 2385
3 702 700 703
3 730 731 732
3 1838 2234 2816
3 2115 1926 2256
3 227 228 441
3 1343 1342 1344
3 890 753 1340
3 890 1340 1341
3 948 949 950
3 724 725 729
3 1534 1536 3767
3 1524 1381 3586
3 1567 1564 3599
3 916 919 3534
3 2840 2842 3731
3 872 871 873
3 1476 1251 3637
3 1341 1340 1342
3 910 3283 3805
3 3127 1436 3128
3 725 726 727
3 968 966 3498
3 1027 1081 3557
3 3652 1620 3743
3 711 1058 3585
3 1341 1342 1343
3 1465 1461 3250
3 1754 1755 1869
3 860 861 862
3 944 945 946
3 2422 2423 2740
3 981 980 983
3 1253 1512 3664
3 1752 1882 2023
3 1897 1904 3633
3 3379 3382 3660
3 225 226 503
3 3379 3381 3382
3 976 975 977
3 915 916 3534
3 530 529 531
3 1749 1893 2020
3 1249 3503 3637
3 1850 650 3621
3 2171 3559 3684
3 143 144 502
3 679 675 3600
3 727 728 730
3 3508 2205 3593
3 875 1827 3533
3 751 744 887
3 772 775 3668
3 1464 1546 3638
3 1362 658 3622
3 2470 2858 3631
3 952 953 954
3 1381 1649 4000
3 1348 1344 3613
3 575 667 3512
3 718 717 719
3 1090 1940 2074
3 2472 2320 2595
3 2325 2599 2601
3 140 141 445
3 222 223 448
3 978 977 980
3 544 546 747
3 1345 1344 1347
3 3283 1236 3823
3 1499 1516 1517
3 762 765 3619
3 1466 1421 3491
3 1752 1515 1882
3 1655 1083 3603
3 1417 1416 3520
3 3835 2431 3841
3 2732 2734 2735
3 2216 2258 2259
3 3228 3231 3661
3 766 768 3606
3 753 754 3643
3 1834 1831 3499
3 2720 2719 2721
3 677 569 3486
3 2193 1340 3643
3 734 703 735
3 2715 2714 2717
3 886 885 894
3 1780 1567 3599
3 1913 1715 3642
3 552 554 3628
3 758 761 3543
3 2336 2337 2593
3 2804 3938 3950
3 743 735 744
3 852 853 854
3 1650 1366 3596
3 14 15 500
3 752 751 892
3 2367 2370 2426
3 520 521 522
3 2220 2219 2330
3 721 719 2194
3 2732 2733 2734
3 862 863 864
3 871 868 3578
3 1041 1052 1356
3 2726 2725 2727
3 905 907 3665
3 2816 2234 2817
3 1332 766 3606
3 1768 1769 1770
3 479 2869 2870
3 2415 2166 3609
3 556 558 3615
3 1024 1019 1035
3 3515 1960 3611
3 1292 2190 3498
3 1969 1021 2509
3 1344 1342 3613
3 2236 1650 2237
3 2035 2323 2606
3 1920 884 3644
3 1196 1197 1198
3 2502 1988 3345
3 1159 3562 3653
3 2030 2477 2535
3 1005 1021 1969
3 1069 1055 3746
3 1325 1329 1822
3 750 744 751
3 2192 2184 2417
3 586 588 589
3 771 772 3668
3 713 711 3585
3 713 3585 3648
3 2894 2420 3658
3 1980 1768 3493
3 715 713 3648
3 2192 2782 3762
3 2728 2729 2730
3 861 858 3605
3 2273 1850 3621
3 3841 1728 3849
3 2492 1980 3493
3 3400 3459 3958
3 1714 1718 3608
3 2023 1882 2325
3 881 879 885
3 497 149 3556
3 589 588 590
3 594 593 595
3 1005 1000 1021
3 2306 2307 2739
3 3581 3569 3696
3 1041 1022 1052
3 1041 1356 3592
3 895 894 1003
3 2787 2171 3684
3 3104 2987 3680
3 590 593 594
3 1869 2516 2517
3 1545 1465 1971
3 980 977 990
3 2887 2420 2894
3 2718 2717 2719
3 2122 3554 3704
3 1892 1845 2021
3 2654 2653 2655
3 857 1706 3605
3 1683 1468 1684
3 854 855 856
3 584 586 3677
3 966 965 1292
3 1420 1417 3520
3 1045 1042 3592
3 3513 845 3738
3 1904 2052 3633
3 856 857 858
3 1485 1620 3652
3 1982 1981 2505
3 2542 2023 3635
3 2160 2329 3666
3 1969 2509 2510
3 1510 1411 3616
3 2730 2731 2732
3 558 686 3615
3 1730 1517 1731
3 856 859 3723
3 2004 1789 3658
3 2213 1982 2214
3 897 892 998
3 1909 1545 3678
3 1977 2463 3612
3 720 719 721
3 1444 1446 3597
3 1996 1995 1997
3 2333 2335 2336
3 1838 2816 3620
3 2347 2348 2349
3 2031 1908 2032
3 1803 1152 3589
3 1366 1199 1367
3 948 950 951
3 532 531 533
3 524 525 526
3 1073 1050 1415
3 1777 1779 3580
3 2723 2722 2725
3 724 723 725
3 1073 1415 1506
3 1440 1425 3474
3 1535 1510 3616
3 2411 2797 2799
3 528 529 530
3 2074 2406 2803
3 2092 2953 3854
3 522 523 524
3 852 854 3644
3 1077 1074 3663
3 1779 2393 3580
3 1960 3587 3611
3 1768 1770 3493
3 1057 1066 3650
3 2515 1755 3839
3 2517 2516 2518
3 1445 1462 3707
3 220 221 505
3 1488 1754 1773
3 1269 1271 1272
3 2132 2128 3591
3 1861 1726 1862
3 754 757 3643
3 2448 3663 3737
3 1356 1357 1488
3 947 946 948
3 2726 2727 2728
3 1360 1018 1981
3 1875 1760 2030
3 1766 1764 3681
3 1083 1088 3603
3 1506 1760 1875
3 12 13 454
3 768 771 3606
3 1512 1539 3664
3 2141 2132 3591
3 2198 2200 3625
3 1274 1413 1821
3 3613 2193 3698
3 1989 2228 2506
3 1325 1324 1328
3 2721 2719 2722
3 1356 1052 1357
3 11 12 3634
3 1488 1357 1754
3 1513 1880 3623
3 2209 2483 2548
3 1030 1028 1031
3 3805 3283 3823
3 1395 1086 3682
3 971 968 3498
3 1963 2458 3636
3 2200 2705 3625
3 1416 1752 3520
3 2173 3537 3683
3 2663 2664 2666
3 534 535 536
3 1768 1766 1769
3 2456 1962 3724
3 2023 2325 3635
3 1499 1497 1516
3 2434 2273 3675
3 951 950 952
3 1067 1068 3075
3 944 946 947
3 2411 2799 3718
3 229 230 501
3 1406 1405 1407
3 722 721 723
3 2382 1913 3770
3 1771 1769 2210
3 999 998 1017
3 1361 730 3655
3 2442 3437 3680
3 3515 3611 3705
3 138 139 504
3 1066 1090 3650
3 1875 2030 2039
3 3076 2292 3718
3 1914 2384 3651
3 2445 3234 3761
3 1652 1763 1764
3 765 1353 3619
3 526 527 528
3 1772 1771 3672
3 2488 3863 3877
3 1710 1708 3612
3 2031 2332 2613
3 3609 2400 3699
3 2723 2725 2726
3 562 1335 3573
3 2590 2039 2591
3 1413 1412 1507
3 3725 2476 3814
3 1712 1710 3642
3 1038 1035 1059
3 3595 1515 3671
3 1506 1415 1760
3 1360 1981 1982
3 1006 1005 3532
3 1561 1278 3646
3 1492 1693 1874
3 1088 1500 1501
3 1479 1478 3636
3 2764 2410 3662
3 1663 1740 1741
3 554 1359 3628
3 1782 1535 3616
3 1074 1073 3663
3 2475 1370 3627
3 3410 2144 3727
3 1971 2422 2424
3 1891 2219 2220
3 1984 1730 3692
3 1386 584 3677
3 2247 1655 3603
3 2091 2408 3697
3 3674 2442 3680
3 139 140 3640
3 2215 2214 2216
3 842 841 3738
3 879 876 3533
3 1482 1479 3636
3 218 219 456
3 3559 1941 3684
3 1962 3637 3724
3 1009 1006 3532
3 1064 700 3694
3 1998 1997 2314
3 2124 2122 3704
3 1019 1017 3500
3 1119 1320 2218
3 1780 3599 3701
3 2545 2020 3630
3 2211 2210 2539
3 2481 2480 3927
3 2987 3674 3680
3 532 533 534
3 1905 1873 1906
3 2029 2208 2209
3 3943 2236 3978
3 1072 1070 1408
3 2052 2682 3633
3 1487 1485 3652
3 1085 1077 2448
3 1274 1273 1412
3 2480 3248 3918
3 538 540 891
3 2209 2548 2608
3 1478 1963 3636
3 2504 3659 3947
3 1318 4101 4103
3 1030 1031 1032
3 982 715 3648
3 1273 1271 3087
3 3664 1787 3757
3 2144 2439 3803
3 1340 753 3643
3 1495 1496 1497
3 1673 1674 2009
3 1359 556 3615
3 1718 1986 3710
3 1370 1371 3627
3 2656 2657 2663
3 3663 1506 3737
3 1456 1550 3702
3 1906 1908 2031
3 46 47 495
3 3550 2451 3665
3 3622 653 3714
3 1083 1087 1088
3 2237 1650 3596
3 1345 1347 3671
3 1371 1374 3627
3 721 2194 3687
3 1086 1085 3682
3 1710 3612 3642
3 1708 1977 3612
3 3179 3180 3812
3 1349 1345 3671
3 1414 1408 1676
3 1771 2210 2211
3 2105 3075 3526
3 3747 2864 3860
3 2216 2214 2257
3 2258 2257 2262
3 1198 1197 1199
3 2429 2981 3653
3 730 732 3655
3 2185 2465 3686
3 1893 2035 3630
3 2613 2332 2614
3 1367 1199 1368
3 2608 2548 2623
3 2934 2817 3946
3 1305 3423 3765
3 3248 1974 3895
3 1830 1772 3672
3 2448 1077 3663
3 2317 2315 2346
3 2650 2051 2651
3 1891 2220 2331
3 1177 1180 1820
3 3096 3095 3779
3 858 857 3605
3 1513 1747 1880
3 2039 2030 3647
3 2721 2722 2723
3 1874 2016 2352
3 1875 2040 3737
3 2861 2046 4018
3 2499 3935 3944
3 1071 1978 1989
3 3600 2173 3683
3 1331 1492 1493
3 1770 1769 1771
3 1331 1494 3689
3 2031 2032 2332
3 1329 1330 1331
3 1017 1018 1360
3 2446 1920 3644
3 3250 2160 3666
3 3644 854 3723
3 2020 1893 3630
3 1376 1382 3654
3 817 818 3821
3 1391 1671 3796
3 136 137 453
3 1373 1376 3654
3 1545 1971 3678
3 1366 1367 3596
3 1378 1380 3649
3 1382 1378 3649
3 1017 998 1018
3 1544 1454 3702
3 530 531 532
3 2358 2262 2359
3 698 552 3628
3 652 1851 3714
3 1054 1040 1055
3 1272 1273 1274
3 894 885 1002
3 10 11 3657
3 2121 1267 3693
3 2030 2535 3647
3 1030 1032 3632
3 1722 3515 3705
3 717 982 3685
3 1374 1373 3654
3 1446 1547 3597
3 1880 2029 2320
3 1032 1036 1037
3 1005 1969 3532
3 3569 3296 3696
3 1037 1061 1063
3 1420 3520 3703
3 1685 1686 1687
3 2446 3644 3723
3 1532 1531 3673
3 1322 1324 1325
3 1454 1456 3702
3 2071 1784 3711
3 2303 2050 2649
3 3520 2176 3703
3 1719 1914 3651
3 2332 2333 3624
3 2068 1780 3701
3 966 1292 3498
3 1325 1328 1329
3 1715 1712 3642
3 1698 1305 3765
3 3562 2429 3653
3 726 723 3687
3 1329 1328 1330
3 1558 1782 3711
3 1784 1558 3711
3 1171 1173 3740
3 1501 1500 1891
3 1513 1395 1747
3 2206 3652 3743
3 1507 1756 3748
3 1495 1493 1496
3 2445 3581 3696
3 1986 1719 3651
3 2325 2601 3635
3 137 138 3645
3 1073 1506 3663
3 1367 1368 1369
3 1663 1407 1740
3 2591 2039 3647
3 2189 3035 3833
3 653 652 3714
3 1193 1188 3577
3 1943 1944 1945
3 2061 2445 3761
3 972 971 3604
3 2850 3302 3859
3 1083 1063 1087
3 1995 1879 3752
3 2107 2105 3526
3 103 104 442
3 1880 1747 2029
3 1747 1395 3682
3 2211 2539 2549
3 215 216 484
3 1468 1443 3739
3 2652 2651 2653
3 1737 1514 3623
3 1067 1055 1068
3 101 102 506
3 1687 1688 1689
3 98 99 447
3 3637 3503 3724
3 1652 1532 1763
3 1872 1759 1873
3 2760 2154 4073
3 1196 3015 3759
3 3558 3622 3714
3 2264 2237 3726
3 1380 1749 3649
3 695 3514 3694
3 1274 1412 1413
3 586 589 3677
3 1090 2074 3650
3 628 4054 4056
3 2654 2655 2656
3 2489 3894 3903
3 732 745 3655
3 1821 1413 3695
3 2696 1984 3692
3 992 3513 3787
3 145 440 3607
3 3832 2716 3868
3 2451 2452 3754
3 1876 1763 2013
3 2035 2606 3630
3 761 3619 3725
3 2595 2320 2648
3 1071 1989 2221
3 3636 2458 3733
3 3638 2195 3730
3 700 695 3694
3 1088 1087 1500
3 1560 2801 3971
3 3491 1420 3703
3 1482 3636 3733
3 2207 2124 3704
3 3698 2193 3741
3 1515 1349 3671
3 1508 1507 1531
3 3420 3664 3757
3 2184 1561 3646
3 2652 2653 2654
3 1730 1731 3692
3 1413 1507 1508
3 1325 1822 3735
3 3014 3013 3755
3 2073 1933 3732
3 1764 1876 3681
3 2437 1961 3771
3 723 721 3687
3 2842 2845 3731
3 727 1361 3669
3 729 725 3669
3 1697 1487 3652
3 1214 1209 3568
3 1758 1691 1759
3 2740 2741 2742
3 971 3498 3728
3 1952 2231 2498
3 1212 1543 1702
3 502 144 3607
3 719 717 3685
3 9 10 478
3 1764 1763 1876
3 3233 1949 3745
3 1878 2015 2379
3 2439 3729 3803
3 2194 719 3685
3 3183 1842 3819
3 1037 1036 1061
3 2998 2189 3774
3 3643 757 3741
3 3731 425 3892
3 1180 1189 1190
3 2217 2232 2311
3 2742 2741 2743
3 2026 1744 2027
3 1032 1031 1036
3 2462 2863 3829
3 2378 2013 2576
3 2333 2336 3624
3 1035 1019 3500
3 2258 2262 2358
3 1508 1531 1532
3 2483 2208 3793
3 1508 1651 3695
3 2216 2257 2258
3 2312 2313 2532
3 2206 1697 3652
3 1690 1688 1691
3 2208 1747 3682
3 3576 2180 3729
3 1331 1330 1492
3 2708 2710 3772
3 1369 1404 1405
3 2614 2332 3624
3 2415 3609 3699
3 140 445 3640
3 1958 3576 3729
3 1974 3253 3884
3 1017 1360 3500
3 2600 2326 3820
3 977 975 3667
3 1878 1761 2015
3 1741 1740 2011
3 1863 1862 2049
3 2835 2833 2838
3 975 972 3604
3 1771 2211 3672
3 532 534 1012
3 1527 1138 1528
3 1703 1543 2982
3 3498 2190 3728
3 3503 2201 3724
3 701 694 3747
3 1267 1269 3693
3 1765 3885 3903
3 1971 2424 3678
3 1886 1884 2012
3 1734 1501 3676
3 3128 3129 3838
3 96 97 508
3 1758 1872 2222
3 1872 1873 1905
3 3619 2182 3725
3 1328 1324 3134
3 2826 2994 3817
3 3823 1236 3844
3 2220 2330 2568
3 1769 1766 3681
3 2342 2027 2354
3 2452 2089 3802
3 1053 3665 3754
3 1052 1022 3744
3 1453 1451 3828
3 3777 910 3805
3 975 3604 3667
3 1269 1272 3693
3 2226 2227 3874
3 2211 2550 3672
3 1684 1468 3739
3 3826 2092 3854
3 3661 3231 3850
3 725 727 3669
3 2555 2556 3792
3 1208 1206 1210
3 845 842 3738
3 2650 2651 2652
3 3543 761 3725
3 1686 1684 1970
3 2271 2181 3710
3 1009 3532 3744
3 2654 2656 2678
3 2257 2214 3716
3 1203 1193 3577
3 1876 2013 2378
3 1685 1684 1686
3 990 977 3667
3 2541 2107 3526
3 3588 3691 3783
3 3440 2365 3708
3 789 3481 3889
3 2379 2015 2567
3 3701 2192 3762
3 2456 3724 3777
3 1022 1009 3744
3 1351 1745 3750
3 1811 1619 3811
3 850 849 3780
3 3671 1347 3750
3 2193 3643 3741
3 12 454 3634
3 3335 3332 3845
3 1773 1754 3679
3 3334 1787 3822
3 1689 1690 1757
3 3595 3671 3750
3 1413 1508 3695
3 1869 2517 3679
3 1087 1063 3691
3 3328 2465 3887
3 1415 1050 3715
3 1502 1884 1886
3 1369 1368 1404
3 3733 2467 3775
3 1705 3469 3785
3 2778 2076 3790
3 1731 1517 3751
3 3618 1958 3729
3 2458 2460 3733
3 1887 1529 1888
3 3908 3143 3926
3 1405 1404 1673
3 1935 2071 3790
3 94 95 455
3 3419 3420 3757
3 1544 3081 3832
3 105 106 507
3 757 3543 3741
3 2365 2367 3708
3 1702 1543 1703
3 1851 2274 3789
3 3507 2169 3806
3 133 134 477
3 1050 1045 3715
3 526 528 1049
3 854 856 3723
3 2356 1888 2357
3 688 691 3799
3 2426 2370 3763
3 1952 2498 3804
3 2078 2080 3690
3 3700 3405 3764
3 1138 1060 3758
3 1758 1759 1872
3 2840 3731 3892
3 2009 2010 3656
3 1754 1869 3679
3 1874 2352 2353
3 1550 1458 3730
3 3253 1816 3876
3 2477 1760 3824
3 2225 2405 2890
3 3598 3501 3753
3 2311 2232 2534
3 1689 1688 1690
3 3334 3822 3845
3 1070 1069 1071
3 3604 971 3728
3 1458 3638 3730
3 95 96 3709
3 1687 1686 1688
3 2217 2009 2232
3 2235 2206 3743
3 1673 2009 2217
3 3532 2511 3744
3 3626 892 3760
3 2181 3608 3710
3 1052 3744 3813
3 2374 2794 3807
3 1678 1676 1864
3 1887 1888 2356
3 1517 1516 3751
3 2029 2209 3720
3 3608 1718 3710
3 2684 2061 3761
3 2201 3436 3777
3 2353 2581 2582
3 1725 1214 3568
3 1407 1405 3712
3 1196 1195 1197
3 2210 1769 3681
3 3367 1622 3837
3 1763 1532 3673
3 2480 3918 3927
3 1620 1483 3775
3 1755 1357 3813
3 1690 1691 1758
3 2347 2346 2348
3 1879 1878 3752
3 2367 2426 3708
3 1045 3592 3715
3 1536 1560 3767
3 2958 2708 3772
3 751 887 3760
3 3583 2179 3773
3 3462 3693 3794
3 1978 1069 3746
3 2997 2849 3817
3 2218 1320 3735
3 1506 1875 3737
3 3606 771 3782
3 2320 2029 3720
3 3729 2180 3803
3 1068 1069 1070
3 2488 1529 3758
3 1347 1351 3750
3 2370 2372 3763
3 3592 2466 3715
3 1443 3127 3739
3 1068 1055 1069
3 1961 2268 3771
3 1966 3598 3753
3 2330 2219 3836
3 3724 2201 3777
3 2560 2022 2561
3 3501 3293 3753
3 2538 1995 3752
3 2080 2306 3690
3 504 139 3640
3 1547 3868 3880
3 1322 1325 3735
3 1040 1011 3797
3 453 137 3645
3 2430 1698 3765
3 2068 3701 3762
3 2353 2352 2581
3 2380 2650 2668
3 1531 1507 3748
3 3665 2451 3754
3 2441 3289 3858
3 735 3870 3888
3 1702 1942 2225
3 3594 3545 3809
3 2447 2446 3749
3 1501 1891 3676
3 879 3533 3742
3 1496 1493 3736
3 1320 1322 3735
3 1997 1995 2538
3 1891 2331 3676
3 1368 3930 3957
3 2994 2997 3817
3 1060 1059 3758
3 1002 885 3742
3 1622 1623 3837
3 2770 2068 3762
3 1954 1966 3835
3 2049 2051 2380
3 2803 2406 3818
3 1190 1195 1196
3 2489 2226 3894
3 2380 2051 2650
3 3714 1851 3789
3 1966 3561 3835
3 3588 3783 3836
3 849 1817 3780
3 3095 3098 3779
3 522 524 1365
3 1528 1529 1887
3 3545 3155 3809
3 3171 3606 3782
3 1452 1544 3832
3 3642 3612 3770
3 892 751 3760
3 1740 1407 3712
3 1810 2098 3822
3 2798 2412 3786
3 1649 3991 4000
3 2232 2009 3656
3 3646 2940 3826
3 1676 1408 1677
3 1982 2505 3716
3 1516 1497 3801
3 3359 1630 3865
3 11 3634 3657
3 3363 1634 3873
3 2209 2608 3720
3 1011 989 3797
3 3355 1626 3853
3 1002 3742 3961
3 1493 1492 3736
3 425 45 3815
3 1190 1194 1195
3 3693 1272 3794
3 138 504 3645
3 1787 1643 3822
3 3411 2441 3858
3 2214 1982 3716
3 900 701 3860
3 1970 1684 3739
3 2013 1763 3673
3 1894 1757 1902
3 3469 3470 3785
3 3668 775 3834
3 3612 2463 3770
3 885 879 3742
3 1528 1138 1529
3 1061 1338 3691
3 1913 3642 3770
3 2767 2415 3781
3 7 8 510
3 2610 2354 2611
3 1358 3583 3773
3 1483 1482 3775
3 2648 2320 3720
3 3004 1205 3734
3 3904 2240 3916
3 2415 3699 3781
3 2718 2720 3905
3 2076 1935 3790
3 1620 3775 3840
3 1989 2506 3719
3 1173 1177 3740
3 1818 3563 3872
3 3336 2098 3866
3 1171 3740 3890
3 1063 1061 3691
3 2761 2279 4088
3 3723 859 3749
3 3746 1040 3797
3 1405 1673 3712
3 478 10 3657
3 1619 1391 3796
3 2049 1862 2051
3 2539 2210 3800
3 3681 1876 3800
3 3873 3631 3896
3 2446 3723 3749
3 2689 2691 4112
3 1862 1726 3788
3 1415 3715 3824
3 3747 699 3795
3 1626 1627 3853
3 2143 992 3787
3 3589 1947 3812
3 3558 3714 3789
3 45 46 3815
3 1942 1703 1943
3 2834 2836 3892
3 1482 3733 3775
3 1726 1725 3788
3 1071 2221 3784
3 1529 1138 3758
3 1867 1864 2309
3 1820 1180 3759
3 771 3668 3782
3 1974 3884 3895
3 2556 2771 3792
3 2227 3590 3855
3 3744 2511 3813
3 2207 3529 3816
3 3605 1706 3830
3 1274 1821 3794
3 1496 3736 3825
3 132 133 3713
3 2237 3596 3819
3 2221 1989 3719
3 3750 1745 3820
3 2401 2778 3847
3 1673 2217 3712
3 2849 2850 3817
3 1744 1528 3798
3 1952 1945 1953
3 1630 1631 3865
3 3783 1886 3836
3 2134 2141 3850
3 3591 2207 3816
3 3682 1085 3793
3 2244 2487 3869
3 3623 2472 3776
3 3848 1773 3871
3 1691 1688 3778
3 1492 1874 3736
3 1878 2379 3752
3 2349 2628 2629
3 2488 3758 3863
3 1952 1953 2231
3 3691 1338 3783
3 4105 3031 4119
3 2180 2437 3803
3 2212 3558 3789
3 2864 3844 3860
3 2225 1942 2405
3 3786 3031 4105
3 2027 1744 3798
3 2354 2027 2355
3 3863 2215 3877
3 2089 2413 3802
3 2169 2404 3806
3 2050 2049 3717
3 2141 3661 3850
3 2479 3746 3797
3 2231 1953 2698
3 3500 2213 3766
3 2015 1761 3776
3 2010 2312 3656
3 1177 1820 3740
3 2022 1867 3721
3 1874 2353 3736
3 3763 2372 3807
3 1272 1274 3794
3 2184 3646 3826
3 3984 1429 4009
3 1634 1635 3873
3 3543 3725 3814
3 2309 1864 2310
3 2372 2374 3807
3 2864 2461 3844
3 3169 3668 3834
3 1070 1071 3784
3 2217 2311 3827
3 3180 3589 3812
3 1702 1703 1942
3 3563 688 3799
3 1206 1203 3756
3 2210 3681 3800
3 2271 3910 4003
3 1488 1773 3848
3 1205 1212 3734
3 2309 2310 2533
3 2481 3927 3935
3 2457 3805 3823
3 2098 2056 3866
3 2649 2050 3717
3 131 132 509
3 2316 2317 4192
3 1085 2448 3793
3 2457 2456 3805
3 3944 2202 3967
3 1497 1496 3801
3 1408 1070 3784
3 96 508 3709
3 2485 3594 3809
3 518 520 1748
3 2187 1811 3811
3 3595 3750 3820
3 524 526 3769
3 1059 1035 3766
3 1686 1970 3778
3 2129 3718 3843
3 3715 2466 3824
3 2230 2497 3929
3 2628 2348 2632
3 3179 3812 3861
3 1035 3500 3766
3 2456 3777 3805
3 2208 3682 3793
3 3650 2074 3833
3 1761 1737 3776
3 2165 3605 3830
3 2406 2792 3818
3 3775 2467 3840
3 3304 817 3821
3 1338 1502 3783
3 2231 2698 2701
3 2306 2739 3810
3 799 3670 3856
3 2690 2689 3808
3 2051 1862 3788
3 1203 3577 3756
3 495 2834 3815
3 3740 3300 3890
3 526 1049 3769
3 1451 1463 3828
3 1740 3712 3827
3 1357 1052 3813
3 1180 1190 3759
3 46 495 3815
3 1688 1686 3778
3 2349 2348 2628
3 1943 1945 1952
3 1979 2489 3852
3 3248 3895 3918
3 3514 1818 3864
3 2467 2468 3840
3 2490 3852 3885
3 3736 2353 3825
3 1210 1206 3756
3 1547 1448 3868
3 2651 2051 3788
3 1541 3902 3922
3 2468 2462 3829
3 1737 3623 3776
3 3035 3650 3833
3 1947 3686 3812
3 3596 3183 3819
3 2141 3591 3816
3 2459 2457 3823
3 2799 3085 3843
3 1608 3166 3859
3 1450 1452 3832
3 1876 2378 3800
3 3735 1822 3842
3 3667 3928 3931
3 2930 2316 4183
3 1677 1408 3784
3 3698 3741 3814
3 2049 2380 3717
3 2433 4024 4115
3 1643 1810 3822
3 3712 2217 3827
3 2015 3776 3867
3 2317 2347 3831
3 1758 2222 3791
3 2355 2027 3798
3 2326 3595 3820
3 2255 3254 3934
3 1638 3631 3873
3 3726 2237 3819
3 455 95 3709
3 2477 3824 3848
3 890 1819 3883
3 3919 3163 4002
3 2314 1997 3768
3 1760 1415 3824
3 3929 2497 3939
3 2218 3735 3842
3 2177 1954 3835
3 1867 2309 3721
3 3253 3876 3884
3 1212 1702 3734
3 3690 2306 3810
3 2465 2186 3887
3 1757 1690 3791
3 2665 2657 3902
3 741 748 3883
3 3302 1608 3859
3 2417 2184 3826
3 2512 3949 4091
3 3912 2942 3937
3 2459 3823 3844
3 775 3434 3834
3 1185 1808 3912
3 3739 3127 3838
3 3347 3346 3910
3 3332 3334 3845
3 2483 3793 3851
3 1190 1196 3759
3 1257 3890 3911
3 1623 1626 3837
3 3267 3084 3951
3 2817 3940 3946
3 1997 2538 3768
3 1528 1887 3798
3 1755 3813 3839
3 2472 2595 3867
3 1702 2225 3734
3 2353 2582 3825
3 3776 2472 3867
3 3844 1236 3860
3 1200 2874 3930
3 1690 1758 3791
3 2229 2230 3911
3 1200 1195 3857
3 2223 2177 3841
3 3923 3578 3955
3 735 703 3870
3 1502 1886 3783
3 1902 1757 3791
3 2242 2240 3904
3 2219 3588 3836
3 3998 2486 4001
3 2227 3855 3874
3 3741 3543 3814
3 1176 1182 3912
3 2715 2718 3880
3 2074 2803 3833
3 895 1003 3882
3 3737 2040 3851
3 3794 1821 3855
3 2177 3835 3841
3 3648 3585 3858
3 1365 524 3769
3 1257 1169 3890
3 4113 598 4136
3 1450 3832 3868
3 3718 2799 3843
3 2511 2510 3839
3 1179 1175 3937
3 1469 3936 3975
3 2461 2459 3844
3 2490 2491 3924
3 3044 888 3926
3 4026 2397 4076
3 2011 1740 3827
3 2891 2473 3943
3 3990 1742 4005
3 3127 3128 3838
3 2226 3874 3894
3 2784 2401 3847
3 799 3856 3941
3 1652 1765 3903
3 2417 3826 3854
3 3814 2476 3876
3 2216 2259 3877
3 1970 3739 3838
3 133 477 3713
3 3462 3794 3855
3 2441 2223 3849
3 3868 2716 3880
3 1806 3939 3955
3 887 744 3888
3 2920 4074 4181
3 1942 1943 3804
3 3743 1620 3840
3 3851 2040 3886
3 2466 1488 3848
3 1943 1952 3804
3 2223 3841 3849
3 2140 2134 3850
3 1140 3265 4102
3 3758 1059 3863
3 2477 3848 3871
3 2256 2800 4019
3 2395 2394 3917
3 4092 1385 4128
3 2561 2022 3721
3 3812 3686 3861
3 3862 2246 3869
3 2405 1942 3804
3 2190 1979 3852
3 1064 3862 3869
3 3793 2448 3851
3 3870 2487 3888
3 1937 2090 3925
3 4063 1721 4065
3 1627 1630 3853
3 3801 1496 3825
3 1236 900 3860
3 3989 2503 3992
3 2422 2740 3909
3 3468 2417 3854
3 3885 2489 3903
3 2802 2402 3933
3 3590 3462 3855
3 1648 1473 3913
3 3864 1818 3872
3 3881 763 4045
3 3813 2511 3839
3 3766 2215 3863
3 2471 2246 3862
3 3363 3873 3896
3 3882 1003 3906
3 2448 3737 3851
3 3824 2466 3848
3 1701 2464 3913
3 3585 3411 3858
3 667 577 3919
3 3889 3362 3896
3 3620 2486 3998
3 1448 1450 3868
3 3788 1725 3875
3 2203 3778 3879
3 3905 2720 3936
3 1808 3004 3898
3 3670 2218 3856
3 3648 3858 3900
3 1197 1200 3930
3 3797 989 3882
3 2653 2651 3875
3 3686 2465 3861
3 3838 3129 3879
3 1631 1634 3865
3 4073 616 4126
3 3698 3814 3876
3 2056 2395 3866
3 509 132 3713
3 752 897 3946
3 2246 2244 3869
3 2393 3633 3897
3 1765 1767 3885
3 927 3210 3932
3 783 3985 3988
3 1064 3694 3862
3 2251 2501 4006
3 1469 3414 3936
3 532 1012 3899
3 2483 3851 3886
3 2830 2471 3872
3 3504 2295 4062
3 2040 2590 3886
3 3694 3514 3864
3 1541 1208 3915
3 1826 2236 3943
3 1635 1638 3873
3 3289 2238 3900
3 2218 3842 3856
3 3165 3162 4051
3 3004 3734 3898
3 3069 3068 3945
3 924 927 3932
3 1806 3494 3939
3 759 756 3949
3 795 796 3941
3 2261 2508 3981
3 1559 1802 3950
3 1644 3326 4076
3 873 871 3923
3 789 3889 3901
3 2724 3953 3994
3 3316 3165 4071
3 703 1064 3870
3 1598 1430 3953
3 2567 2015 3867
3 1674 1404 3957
3 787 3972 3979
3 3362 3363 3896
3 2203 3879 3934
3 3963 3084 3970
3 3869 2487 3870
3 2330 3836 3907
3 1195 1194 3857
3 3029 3030 3970
3 2651 3788 3875
3 3930 2874 3957
3 2479 3797 3882
3 3734 2225 3898
3 2535 2477 3871
3 2464 1934 3938
3 3945 3068 3960
3 2093 2801 3938
3 3940 888 3946
3 3879 3129 3934
3 2655 2653 3922
3 993 837 3948
3 2238 2233 3920
3 832 831 3954
3 1725 3568 3875
3 3481 3362 3889
3 1821 3695 3874
3 1888 2488 3893
3 3856 3072 3941
3 2538 3752 3846
3 3065 3064 3966
3 638 4083 4135
3 1368 1199 3930
3 791 792 3960
3 2473 2120 3943
3 3862 3694 3864
3 3077 923 3932
3 887 3904 3916
3 791 3960 3966
3 3858 3289 3900
3 1386 4047 4067
3 2524 2204 3964
3 2468 3143 3908
3 1910 1909 3965
3 3667 3604 3928
3 2495 2503 3988
3 3924 2491 3928
3 3752 2379 3846
3 2215 2216 3877
3 2496 3626 3952
3 3383 4068 4126
3 3551 4022 4050
3 795 3941 3945
3 1816 3698 3876
3 3459 1301 3958
3 3855 1821 3874
3 1304 1648 3958
3 989 895 3882
3 2716 2715 3880
3 44 425 3959
3 2471 3862 3864
3 4095 594 4098
3 759 4040 4045
3 3062 3073 3979
3 1836 2247 3974
3 2235 3743 3908
3 3900 2238 3920
3 2891 3943 3978
3 3974 2247 3987
3 2858 3889 3896
3 1059 3766 3863
3 1047 2896 4001
3 2190 3852 3924
3 3911 2230 3929
3 3395 1364 3993
3 2240 2224 3916
3 2357 1888 3893
3 2476 2475 3884
3 2233 3584 3942
3 787 788 3972
3 783 784 3985
3 1431 1429 3984
3 748 890 3883
3 2471 3864 3872
3 634 4094 4137
3 1364 3687 3962
3 1970 3838 3879
3 2801 2248 3971
3 983 980 3963
3 988 987 3983
3 2186 2766 3887
3 3876 2476 3884
3 2858 2857 3901
3 3894 1651 3903
3 3890 3300 3911
3 3966 3064 3972
3 425 3731 3959
3 984 983 3982
3 2506 2228 3977
3 2876 3923 3955
3 779 780 3989
3 2836 2840 3892
3 3649 2202 3944
3 3852 2489 3885
3 2234 2235 3940
3 2548 2483 3886
3 1169 1171 3890
3 2499 3944 3967
3 2761 4088 4127
3 3731 2845 3959
3 3852 2490 3924
3 2721 2724 3975
3 3928 2491 3931
3 2539 3800 3878
3 3165 4051 4071
3 744 735 3888
3 3778 1970 3879
3 3780 1817 3956
3 3345 1742 3990
3 3942 3584 3962
3 1432 1434 3994
3 3884 2475 3895
3 2421 2888 4013
3 2504 2494 3991
3 2496 3952 3974
3 887 3888 3904
3 3742 3533 3976
3 630 4100 4140
3 2505 1981 3987
3 3659 2504 3991
3 530 532 3899
3 4027 640 4110
3 538 891 3980
3 889 3395 4003
3 2475 3627 3895
3 3800 2378 3878
3 3633 2682 3897
3 2487 2242 3904
3 3631 2858 3896
3 2509 1021 4037
3 2509 4037 4044
3 1200 3857 4043
3 1064 3869 3870
3 2479 3882 3906
3 2789 3780 3956
3 3316 4071 4095
3 2225 2890 3898
3 1651 1652 3903
3 3880 2718 3905
3 2735 4017 4109
3 3395 3993 4003
3 2657 2655 3902
3 2653 3875 3922
3 1661 3088 4014
3 3977 3906 4008
3 3695 1651 3894
3 1182 1185 3912
3 3874 3695 3894
3 3346 889 3910
3 982 3648 3900
3 2228 2479 3906
3 2046 519 4018
3 2424 2422 3909
3 4211 2311 4213
3 3920 2233 3942
3 3897 2682 3914
3 3877 2259 3893
3 2529 4116 4171
3 4028 3329 4031
3 1002 3961 4006
3 2488 3877 3893
3 4024 2433 4034
3 3300 2229 3911
3 2256 1926 3998
3 626 4111 4143
3 1473 1701 3913
3 3597 1547 3905
3 983 3970 3982
3 2012 2747 3907
3 3603 1733 3997
3 1886 2012 3907
3 3578 1806 3955
3 2682 2757 3914
3 3534 2685 4026
3 2394 2777 3917
3 3979 3073 3985
3 3970 3030 3982
3 3168 3834 3947
3 982 3900 3920
3 577 580 3919
3 2543 2557 4114
3 2724 2723 3986
3 4015 1235 4145
3 3902 1541 3915
3 2432 2212 4004
3 3347 3910 3996
3 4028 3154 4121
3 3568 1541 3922
3 3031 2294 4119
3 2817 2234 3940
3 1427 1440 4009
3 2665 3902 3915
3 2308 2101 4167
3 3875 3568 3922
3 3895 3627 3918
3 2416 4097 4176
3 1208 1210 3915
3 3988 2503 3989
3 3627 1374 3918
3 662 583 4016
3 1840 3620 3998
3 581 1235 4016
3 3951 3084 3963
3 2735 2734 4032
3 1397 1290 4024
3 4030 3343 4103
3 1049 4177 4182
3 1418 1419 4017
3 2397 4072 4076
3 3939 2497 3955
3 476 42 4010
3 3918 1374 3927
3 2090 2802 3925
3 3685 982 3920
3 3760 887 3916
3 3981 987 3982
3 3936 2720 3975
3 2277 2276 4015
3 871 3578 3923
3 3143 3044 3926
3 2115 2256 4019
3 2506 3990 4005
3 3439 1257 3929
3 2505 3987 3997
3 3406 644 4030
3 3728 2190 3924
3 3997 1733 4011
3 2491 2492 3931
3 894 1002 4007
3 3840 2468 3908
3 636 637 4027
3 2288 2667 4025
3 3959 2845 4010
3 1854 3546 4020
3 2785 3400 3933
3 4044 1846 4059
3 2271 3710 3996
3 1374 3654 3927
3 3030 3981 3982
3 3162 3161 4047
3 2507 3984 4009
3 2262 2257 4036
3 3836 1886 3907
3 3432 3287 4029
3 3981 2508 3983
3 3254 2203 3934
3 2402 2785 3933
3 923 924 3932
3 3551 2254 4022
3 1175 1176 3937
3 3604 3728 3928
3 4058 2519 4060
3 3439 3929 3939
3 547 545 4038
3 2382 3770 3995
3 4119 2294 4125
3 1547 3880 3905
3 1948 3534 4026
3 3888 2487 3904
3 3889 2858 3901
3 4178 2921 4179
3 550 698 4021
3 1199 1197 3930
3 3383 4064 4068
3 4183 2316 4192
3 1318 2879 4101
3 3597 3905 3936
3 1733 1734 4011
3 3743 3840 3908
3 990 3667 3931
3 1748 4193 4195
3 1934 2093 3938
3 3414 3597 3936
3 987 3981 3983
3 3976 1827 3978
3 4002 3000 4041
3 1364 3962 3993
3 1021 1000 4023
3 2262 4036 4049
3 3926 888 3940
3 796 799 3941
3 3935 1382 3944
3 3494 3439 3939
3 2492 3267 3951
3 3654 1382 3935
3 1257 3911 3929
3 1844 1846 4044
3 624 625 4056
3 2255 3934 3969
3 3728 3924 3928
3 620 621 4060
3 2120 1826 3943
3 2512 2385 4040
3 3314 4098 4113
3 3685 3920 3942
3 624 4058 4060
3 755 3308 4091
3 3927 3654 3935
3 2667 2286 4055
3 643 642 4053
3 3150 3149 4054
3 3916 2224 3952
3 3072 3069 3945
3 3454 3455 4066
3 1382 3649 3944
3 2194 3685 3942
3 837 835 3948
3 1721 1337 4065
3 3308 1254 4077
3 795 3945 3960
3 2503 2504 3992
3 613 616 4073
3 1802 2804 3950
3 888 752 3946
3 2484 2485 4031
3 1602 1603 4074
3 3651 2513 4048
3 2941 2405 4012
3 756 755 3949
3 3789 2274 4004
3 1392 3438 4088
3 1987 2278 4068
3 1827 2891 3978
3 3809 3154 4028
3 2194 3942 3962
3 2154 612 4073
3 2235 3926 3940
3 3941 3072 3945
3 563 567 4079
3 990 3931 3951
3 1400 1401 4080
3 1430 1432 3953
3 3975 2724 3994
3 2264 3976 3978
3 1848 3504 4061
3 1383 568 4078
3 43 44 3959
3 3948 835 3954
3 3449 3450 4083
3 2497 2876 3955
3 2359 2262 4049
3 835 832 3954
3 561 559 4089
3 2443 3530 4081
3 3931 2492 3951
3 2269 2514 4072
3 2938 4117 4138
3 1301 1304 3958
3 582 1386 4067
3 3347 3996 4048
3 759 3949 4040
3 792 795 3960
3 1817 2859 3956
3 2204 2392 3964
3 1399 1316 4090
3 2158 3349 4093
3 980 990 3963
3 3149 2520 4058
3 3030 2261 3981
3 3960 3068 3966
3 3972 3064 3979
3 3985 3073 3988
3 2197 1910 3965
3 2498 2231 4043
3 3564 2249 4084
3 3068 3065 3966
3 3675 646 4053
3 3451 3447 4094
3 760 759 4045
3 2519 2252 4064
3 2805 2282 4150
3 2285 2138 4084
3 3687 2194 3962
3 604 1385 4092
3 4048 2513 4077
3 2264 3726 3961
3 2270 1992 4033
3 4062 2295 4101
3 2524 3964 4157
3 2500 2499 3967
3 3084 3029 3970
3 2248 2552 3971
3 2723 2726 3986
3 2500 3967 3973
3 2877 2302 4144
3 788 791 3972
3 2224 1836 3974
3 2202 2544 3967
3 2453 2454 4100
3 555 553 4097
3 2279 3601 4088
3 3961 3742 3976
3 3967 2544 3973
3 1404 1368 3957
3 791 3966 3972
3 3129 1435 3969
3 3626 3760 3952
3 3064 3062 3979
3 3947 3434 3992
3 3760 3916 3952
3 2589 2500 3973
3 3533 1827 3976
3 3834 3434 3947
3 2525 2524 4172
3 536 538 3980
3 3952 2224 3974
3 2496 3974 3987
3 2523 4021 4117
3 2236 2264 3978
3 590 594 4095
3 4174 2971 4175
3 1846 1999 4059
3 2504 3947 3992
3 2720 2721 3975
3 987 984 3982
3 3969 1435 3984
3 996 988 3983
3 3910 2271 3996
3 1435 1431 3984
3 784 787 3985
3 1598 3953 3986
3 2973 2970 4159
3 1422 1424 4109
3 3906 1003 4008
3 2528 2296 4111
3 3073 2495 3988
3 2732 2735 4099
3 3857 2498 4043
3 3308 4077 4091
3 4011 1734 4036
3 2502 3345 3990
3 4107 2381 4165
3 4059 1999 4075
3 780 783 3989
3 3953 2724 3986
3 1981 2496 3987
3 2506 3977 3990
3 3703 2543 4106
3 3434 779 3992
3 3986 2726 4039
3 2494 2493 3991
3 1021 4023 4037
3 787 3979 3985
3 2405 3804 4012
3 1434 1469 3994
3 3002 3000 4002
3 595 598 4113
3 667 4002 4041
3 4040 2671 4045
3 3584 2250 3993
3 43 3959 4010
3 2515 3839 4075
3 1742 1743 4005
3 3078 1598 4039
3 2291 2290 4118
3 3995 2463 3999
3 4022 1440 4050
3 2274 2272 4115
3 3962 3584 3993
3 3710 1986 3996
3 3162 4047 4051
3 2516 2515 4108
3 2501 2502 4008
3 2484 4027 4110
3 3991 2493 4000
3 2247 3603 3997
3 2514 4063 4065
3 1926 1840 3998
3 3993 2250 4003
3 2463 2432 3999
3 2823 4154 4173
3 3987 2247 3997
3 3919 580 4067
3 4009 1440 4022
3 3329 4028 4121
3 2486 1047 4001
3 2270 4030 4103
3 2888 2978 4013
3 3770 2463 3995
3 3000 2815 4041
3 4082 1140 4102
3 2938 2239 4117
3 1598 3986 4039
3 2493 2696 4000
3 3949 2512 4040
3 990 3951 3963
3 2502 3977 4008
3 3163 3919 4067
3 783 3988 3989
3 667 3919 4002
3 2505 3997 4011
3 2760 4073 4126
3 2522 4092 4128
3 2250 2271 4003
3 1645 3078 4085
3 3717 2380 4120
3 3007 2284 4123
3 1469 3975 3994
3 4084 2249 4176
3 996 3983 4023
3 4101 2295 4103
3 2228 3906 3977
3 4054 628 4122
3 2815 2813 4042
3 2525 4172 4178
3 1992 2266 4033
3 1429 1427 4009
3 4047 3163 4067
3 42 43 4010
3 3983 2508 4023
3 3719 2506 4005
3 2524 4157 4172
3 642 639 4135
3 2212 3789 4004
3 1003 894 4007
3 3934 3129 3969
3 2334 3551 4050
3 638 635 4137
3 3314 4113 4136
3 2268 1721 4063
3 3996 1986 4048
3 4061 2268 4063
3 519 517 4018
3 3088 3089 4014
3 3078 4039 4085
3 4041 2815 4042
3 3726 2251 4006
3 4017 2735 4032
3 4061 3504 4062
3 3804 2498 4012
3 2276 2673 4015
3 2813 2812 4046
3 583 581 4016
3 2275 4082 4102
3 634 631 4140
3 2672 2115 4019
3 2264 3961 3976
3 1661 4014 4115
3 1419 1422 4017
3 4042 2813 4046
3 1645 4085 4099
3 3316 4095 4098
3 2335 2334 4087
3 3801 3825 4112
3 2514 4065 4072
3 3431 3432 4145
3 630 627 4143
3 3546 2277 4020
3 4033 2266 4110
3 3716 2505 4011
3 548 550 4021
3 3961 3726 4006
3 2691 3801 4112
3 2254 2507 4022
3 3161 3163 4047
3 4020 2277 4145
3 1290 1661 4024
3 626 623 4146
3 2290 2288 4025
3 2334 4050 4087
3 2812 3082 4052
3 2335 4087 4096
3 3432 4020 4145
3 4099 2735 4109
3 637 640 4027
3 2299 2937 4132
3 1397 4024 4034
3 3343 1318 4103
3 1000 996 4023
3 3287 578 4029
3 3977 2502 3990
3 2515 4075 4108
3 640 3406 4110
3 636 4027 4031
3 644 3343 4030
3 4029 578 4035
3 1418 4017 4032
3 3406 4030 4033
3 2534 2232 4139
3 2413 1948 4026
3 2652 2654 4142
3 98 447 4141
3 3572 2734 4133
3 2509 4044 4059
3 747 4149 4151
3 578 3422 4035
3 2337 2335 4096
3 2508 2260 4037
3 545 678 4038
3 4092 2522 4129
3 4046 2812 4052
3 508 97 4141
3 2300 2421 4151
3 4037 2260 4044
3 1387 3512 4042
3 4036 1734 4049
3 3512 667 4041
3 2385 2671 4040
3 4152 2978 4156
3 2257 3716 4036
3 2726 2728 4039
3 1387 4042 4046
3 747 546 4149
3 2485 3809 4028
3 2260 1844 4044
3 2043 4201 4202
3 2520 2519 4058
3 4027 2484 4031
3 3512 4041 4042
3 3486 1387 4046
3 3326 2413 4076
3 3716 4011 4036
3 2337 4096 4106
3 447 99 4147
3 3406 4033 4110
3 101 506 4148
3 2305 2304 4155
3 3082 2263 4057
3 4035 3422 4070
3 677 3486 4052
3 1734 3676 4049
3 2298 3006 4086
3 1440 3474 4050
3 3486 4046 4052
3 624 4056 4058
3 625 628 4056
3 629 632 4122
3 1986 3651 4048
3 2284 2299 4124
3 646 643 4053
3 2286 2285 4055
3 3153 3150 4054
3 1386 3677 4051
3 3495 677 4057
3 3347 4048 4077
3 621 624 4060
3 2769 3314 4136
3 632 3329 4121
3 2978 2975 4166
3 4030 2270 4033
3 2231 2701 4043
3 620 4060 4064
3 677 4052 4057
3 4052 3082 4057
3 580 582 4067
3 3540 1848 4061
3 3540 4061 4063
3 1337 1644 4065
3 3455 3458 4066
3 3495 4057 4069
3 632 4121 4122
3 2937 2938 4138
3 2510 2509 4059
3 2514 3540 4063
3 3422 1383 4070
3 2252 1987 4068
3 2263 2298 4069
3 2397 2269 4072
3 4039 2728 4085
3 2278 2760 4126
3 1606 3428 4181
3 4056 3149 4058
3 4057 2263 4069
3 612 613 4073
3 1335 3495 4069
3 2529 2007 4154
3 1603 1606 4074
3 4124 2299 4132
3 2510 4059 4075
3 4131 2769 4136
3 4050 3474 4087
3 4051 3677 4071
3 544 747 4152
3 3771 2268 4062
3 2008 1675 4116
3 112 113 4198
3 4060 2519 4064
3 831 828 4157
3 1602 4074 4160
3 568 565 4078
3 1254 3347 4077
3 4078 565 4079
3 3454 4066 4135
3 565 563 4079
3 3677 589 4071
3 1401 1602 4080
3 3313 3316 4098
3 4123 2284 4124
3 4106 2543 4114
3 2758 2759 4082
3 4023 2508 4037
3 3530 2677 4081
3 3474 1466 4087
3 4132 2937 4138
3 3450 3454 4083
3 2922 2921 4178
3 1400 4080 4161
3 3601 1392 4088
3 559 1140 4089
3 2138 3564 4084
3 1335 4069 4086
3 1316 1400 4090
3 4014 2274 4115
3 2527 2526 4169
3 4069 2298 4086
3 506 102 4153
3 2671 3881 4045
3 3438 1853 4127
3 4169 2526 4170
3 2728 2730 4085
3 103 442 4153
3 3573 1335 4086
3 4007 2501 4008
3 4127 1853 4130
3 1399 4090 4162
3 3427 2522 4128
3 4170 2529 4171
3 2526 2529 4170
3 1853 3427 4130
3 2920 2917 4160
3 4117 698 4138
3 3449 4083 4137
3 2507 4009 4022
3 2756 2307 4163
3 891 540 4156
3 4087 1466 4096
3 3427 4128 4130
3 1139 604 4092
3 4071 589 4095
3 2916 2913 4161
3 2513 2512 4091
3 2283 2399 4129
3 591 3238 4176
3 3349 1399 4093
3 2399 2769 4131
3 2912 2909 4162
3 3447 3449 4094
3 2908 2531 4164
3 3839 2510 4075
3 4129 2399 4131
3 2158 4093 4164
3 589 590 4095
3 4077 2513 4091
3 2294 4118 4125
3 2413 4026 4076
3 2665 4105 4119
3 1739 2158 4191
3 4085 2730 4099
3 4086 3006 4104
3 1466 3491 4096
3 2454 3451 4100
3 553 591 4097
3 3451 4094 4140
3 442 104 4158
3 1003 4007 4008
3 3573 4086 4104
3 4047 1386 4051
3 3465 2527 4168
3 2730 2732 4099
3 1923 2067 4165
3 105 507 4158
3 437 4139 4215
3 4096 3491 4106
3 3006 3007 4104
3 2295 2270 4103
3 2453 4100 4143
3 686 3573 4104
3 4075 1999 4108
3 2067 2660 4107
3 1675 1641 4171
3 3491 3703 4106
3 2296 2453 4111
3 1858 1403 4173
3 2780 2779 4201
3 1210 3786 4105
3 2879 3771 4101
3 1424 1645 4109
3 2266 2484 4110
3 1999 2037 4108
3 2485 4028 4031
3 4210 437 4215
3 2528 4111 4146
3 4013 2978 4152
3 4168 2527 4169
3 4066 642 4135
3 3238 4084 4176
3 2268 4061 4062
3 2955 2954 4186
3 594 595 4113
3 2931 2930 4182
3 2733 2736 4133
3 686 4104 4123
3 3964 831 4157
3 1012 534 4174
3 2823 2008 4116
3 4104 3007 4123
3 2964 4211 4213
3 2272 2433 4115
3 2593 2337 4114
3 4083 638 4137
3 3771 4062 4101
3 3825 2582 4112
3 3428 3593 4179
3 4065 1644 4072
3 3915 1210 4105
3 548 4021 4149
3 4021 698 4117
3 2665 3915 4105
3 2901 2955 4189
3 2734 2733 4133
3 4094 634 4140
3 2294 2291 4118
3 2664 2665 4119
3 4021 2523 4149
3 1049 528 4177
3 3154 3153 4121
3 124 125 4184
3 4121 3153 4122
3 3615 686 4123
3 4100 630 4143
3 1645 4099 4109
3 2380 2668 4120
3 747 4013 4152
3 2664 4119 4125
3 3615 4123 4124
3 1359 3615 4124
3 4064 2252 4068
3 4111 626 4146
3 2521 4127 4130
3 616 3383 4126
3 2666 2664 4125
3 2521 2761 4127
3 1385 3401 4128
3 4128 3401 4130
3 3401 2521 4130
3 3402 1139 4131
3 1359 4124 4132
3 108 433 4190
3 1139 4129 4131
3 507 106 4185
3 3628 1359 4132
3 3402 4131 4136
3 2824 2822 4187
3 536 3980 4174
3 530 3899 4177
3 1864 1676 4188
3 639 638 4135
3 4098 594 4113
3 3980 2971 4174
3 598 3402 4136
3 3709 508 4134
3 3628 4132 4138
3 2337 4106 4114
3 635 634 4137
3 4074 2920 4160
3 2290 4025 4180
3 2158 4164 4191
3 3899 2932 4177
3 698 3628 4138
3 4080 2916 4161
3 97 98 4141
3 631 630 4140
3 2528 4146 4168
3 2232 3656 4139
3 4090 2912 4162
3 2302 2680 4144
3 4093 2908 4164
3 627 626 4143
3 522 1365 4193
3 2277 4015 4145
3 4116 2529 4154
3 2654 2678 4142
3 623 622 4146
3 1748 520 4193
3 2347 2349 4195
3 3428 4179 4181
3 1365 3831 4193
3 4177 2932 4182
3 2969 2308 4175
3 99 100 4147
3 115 116 4205
3 2774 2775 4201
3 100 101 4148
3 546 548 4149
3 4149 2523 4151
3 4147 100 4148
3 2282 2474 4150
3 2523 2300 4151
3 2971 2969 4175
3 4190 433 4212
3 3153 4054 4122
3 1944 2982 4196
3 4193 3831 4195
3 542 544 4152
3 102 103 4153
3 2780 4196 4212
3 2525 4178 4179
3 1139 4092 4129
3 542 4152 4156
3 2304 2806 4155
3 2975 2973 4166
3 2007 1858 4154
3 4146 622 4168
3 540 542 4156
3 828 827 4157
3 2309 2533 4199
3 125 126 4200
3 4118 2290 4180
3 104 105 4158
3 2822 2823 4187
3 2917 2916 4160
3 2913 2912 4161
3 3980 891 4159
3 2307 2662 4163
3 2909 2908 4162
3 2531 2530 4164
3 2532 3968 4198
3 4157 827 4172
3 1953 1945 4202
3 827 3042 4172
3 2823 4116 4154
3 622 3465 4168
3 3899 1012 4167
3 2005 2528 4169
3 2005 4169 4170
3 1672 2005 4170
3 1672 4170 4171
3 1641 1672 4171
3 1403 1739 4173
3 534 536 4174
3 2528 4168 4169
3 4182 2930 4183
3 2964 2965 4209
3 4208 2011 4209
3 2530 2824 4191
3 2249 2416 4176
3 3042 2922 4178
3 4172 3042 4178
3 528 530 4177
3 2986 2985 4180
3 3593 2525 4179
3 2921 2920 4181
3 2932 2931 4182
3 4164 2530 4191
3 1677 3784 4203
3 457 4184 4186
3 482 2818 4197
3 2905 2902 4207
3 106 107 4185
3 457 124 4184
3 2985 4118 4180
3 2954 457 4186
3 3769 1049 4183
3 2923 2901 4189
3 1676 1677 4188
3 107 108 4190
3 4185 107 4190
3 1741 2011 4208
3 2067 4107 4165
3 2308 4167 4175
3 4199 2533 4200
3 2903 2923 4204
3 114 437 4210
3 3769 4183 4192
3 4179 2921 4181
3 116 117 4214
3 1365 3769 4192
3 2923 4203 4204
3 2301 2478 4212
3 4205 116 4214
3 520 522 4193
3 2964 4209 4211
3 2903 4204 4206
3 3827 2311 4211
3 3656 2312 4215
3 482 4197 4199
3 2973 4159 4166
3 2818 514 4194
3 2478 4190 4212
3 2905 4207 4208
3 2823 4173 4187
3 4159 891 4166
3 3831 2347 4195
3 4167 1012 4175
3 2982 2301 4196
3 4005 1743 4206
3 2561 3721 4197
3 4206 1743 4207
3 1049 4182 4183
3 4197 3721 4199
3 4173 1739 4187
3 3721 2309 4199
3 4189 1677 4203
3 2779 2774 4201
3 487 2964 4213
3 2532 4210 4215
3 126 482 4200
3 4194 2561 4197
3 1945 2043 4202
3 2923 4189 4203
3 2818 4194 4197
3 482 4199 4200
3 3784 2221 4203
3 4203 2221 4204
3 2221 3719 4204
3 2534 4139 4205
3 4204 3719 4206
3 2905 4208 4209
3 2902 2903 4207
3 2965 2905 4209
3 1743 1741 4208
3 3719 4005 4206
3 433 2780 4212
3 2903 4206 4207
3 2011 3827 4211
3 2311 2534 4213
3 117 487 4214
3 113 114 4210
3 2312 2532 4215
3 2534 4205 4214
3 4207 1743 4208
3 4209 2011 4211
3 4213 2534 4214
3 487 4213 4214
3 2532 4198 4210
3 4198 113 4210
3 21 439 4216
3 499 20 4216
3 2845 2844 4217
3 476 4010 4217
3 20 21 4216
3 2626 472 4234
3 4010 2845 4217
3 452 2614 4344
3 4317 3768 4395
3 2935 4316 4394
3 422 2620 4332
3 3105 2028 4218
3 1901 2014 4218
3 3052 3049 4219
3 426 2621 4335
3 3371 2518 4292
3 1746 2034 4220
3 1745 1530 4220
3 146 147 4221
3 3713 477 4338
3 1748 2634 4227
3 1563 1899 4222
3 1490 1491 4222
3 2690 3392 4342
3 3277 4295 4389
3 1835 1834 4223
3 2021 1845 4223
3 2038 2638 4226
3 1814 2038 4226
3 1695 1696 4226
3 3499 3378 4368
3 2028 1901 4218
3 2621 171 4347
3 499 2641 4385
3 4299 3144 4390
3 2069 516 4227
3 518 1748 4227
3 2631 2014 4274
3 3049 3047 4219
3 2361 1894 4229
3 6 7 4230
3 130 131 4231
3 2645 3027 4307
3 3305 3272 4271
3 2620 34 4348
3 4225 2630 4367
3 1530 1746 4220
3 500 2618 4339
3 1892 2021 4232
3 2625 2631 4276
3 1824 2017 4228
3 3047 1694 4233
3 472 161 4234
3 2585 2993 4246
3 252 513 4235
3 481 251 4235
3 2746 2745 4264
3 2744 2945 4243
3 2961 2962 4238
3 2950 2949 4239
3 464 236 4257
3 2611 2354 4236
3 2742 2743 4264
3 2754 2375 4244
3 434 233 4255
3 2992 2990 4267
3 235 464 4265
3 2568 2330 4258
3 2373 2572 4244
3 1887 2356 4237
3 232 434 4240
3 2952 2951 4256
3 2572 2371 4247
3 2369 2980 4247
3 2363 2571 4252
3 501 230 4241
3 238 438 4250
3 2991 2992 4259
3 441 228 4242
3 229 501 4242
3 503 226 4245
3 227 441 4245
3 2569 2364 4252
3 489 2996 4262
3 2996 2995 4260
3 2329 2573 4243
3 225 503 4248
3 448 223 4251
3 2355 3798 4237
3 240 3225 4263
3 438 239 4263
3 222 448 4253
3 505 221 4253
3 2258 2358 4254
3 2571 2368 4259
3 2587 2586 4267
3 2753 2754 4246
3 220 505 4266
3 456 219 4266
3 3676 2331 4261
3 218 456 4268
3 2570 2360 4270
3 484 216 4269
3 2357 3893 4249
3 3907 2747 4258
3 2359 4049 4261
3 3871 1773 4271
3 68 69 4272
3 440 146 4221
3 424 3106 4315
3 1491 1563 4222
3 3388 468 4333
3 134 135 4273
3 1472 1680 4274
3 2014 1681 4274
3 3370 3369 4232
3 3272 3270 4275
3 1680 2966 4276
3 2617 2625 4276
3 2633 2630 4224
3 49 50 4278
3 168 169 4279
3 2641 2640 4385
3 186 187 4280
3 31 32 4281
3 3139 3138 4341
3 2947 2314 4317
3 1845 1835 4223
3 4221 147 4320
3 502 3607 4331
3 142 143 4283
3 2034 1824 4228
3 1696 1814 4226
3 2017 2018 4284
3 2482 2588 4284
3 1745 4220 4318
3 3243 2601 4337
3 141 142 4285
3 1902 3791 4286
3 2624 498 4336
3 2869 2868 4229
3 30 31 4287
3 187 188 4288
3 167 168 4289
3 50 51 4290
3 2639 2643 4277
3 3119 3120 4291
3 3054 3055 4291
3 2518 2516 4292
3 4108 2037 4292
3 516 518 4227
3 2615 452 4362
3 2637 446 4319
3 2947 461 4294
3 2632 2348 4294
3 3277 3273 4295
3 2222 2647 4286
3 3280 3276 4228
3 420 2749 4340
3 4295 2600 4389
3 2386 2343 4297
3 3640 445 4330
3 488 2895 4329
3 135 136 4298
3 2350 3144 4299
3 2619 500 4366
3 1834 3499 4368
3 2341 2340 4300
3 2338 2339 4301
3 2630 483 4367
3 69 70 4303
3 498 2627 4369
3 1894 1902 4229
3 7 510 4230
3 131 509 4231
3 2388 2328 4304
3 2336 2593 4305
3 2598 2749 4343
3 497 4299 4390
3 4293 3748 4391
3 2593 4114 4306
3 2642 4219 4381
3 2772 2388 4308
3 512 4224 4225
3 1899 3301 4376
3 1694 1486 4309
3 4232 3369 4380
3 2323 2338 4311
3 2340 2321 4312
3 431 3266 4323
3 2623 2548 4313
3 3886 2590 4313
3 2575 4221 4320
3 4220 3278 4318
3 2343 2318 4314
3 163 424 4315
3 2540 2580 4316
3 2600 3820 4318
3 148 497 4320
3 3115 3119 4321
3 3381 2550 4322
3 2885 2552 4324
3 2378 2576 4323
3 2551 2622 4324
3 28 3116 4351
3 3324 3109 4325
3 3110 3116 4325
3 2648 486 4334
3 1695 4226 4277
3 2835 2838 4327
3 2379 2567 4329
3 2563 2554 4330
3 2037 1892 4232
3 3023 2566 4331
3 3284 466 4322
3 2559 3320 4332
3 2620 2558 4332
3 3973 2544 4333
3 75 443 4334
3 486 74 4334
3 2881 3019 4335
3 2621 2605 4335
3 160 472 4336
3 498 159 4336
3 196 3243 4337
3 436 195 4337
3 165 2622 4352
3 2562 2546 4338
3 454 13 4339
3 14 500 4339
3 3547 419 4321
3 2584 2583 4340
3 2749 2748 4340
3 423 39 4341
3 3392 178 4342
3 179 469 4342
3 153 473 4343
3 3380 3499 4364
3 203 452 4344
3 492 202 4344
3 2582 2581 4345
3 215 484 4346
3 2647 2646 4307
3 172 459 4347
3 35 475 4348
3 73 486 4349
3 9 478 4350
3 510 8 4350
3 419 27 4351
3 424 164 4352
3 2561 4194 4353
3 3055 23 4393
3 2557 2542 4354
3 161 162 4234
3 3630 2606 4355
3 2574 3026 4356
3 2536 2935 4357
3 3768 2538 4358
3 3269 3087 4359
3 2549 2539 4360
3 251 252 4235
3 2354 2355 4236
3 458 2961 4238
3 458 4238 4239
3 3798 1887 4237
3 2949 458 4239
3 231 232 4240
3 230 231 4241
3 231 4240 4241
3 2945 2329 4243
3 228 229 4242
3 2375 2373 4244
3 2993 2753 4246
3 226 227 4245
3 233 234 4255
3 2371 2369 4247
3 4249 2259 4254
3 224 225 4248
3 237 238 4250
3 223 224 4251
3 224 4248 4251
3 2364 2363 4252
3 237 4250 4257
3 2745 2742 4264
3 2368 2991 4259
3 450 2952 4256
3 221 222 4253
3 2259 2258 4254
3 450 4256 4260
3 3893 2259 4249
3 4255 234 4265
3 2995 450 4260
3 236 237 4257
3 3225 489 4262
3 2330 3907 4258
3 239 240 4263
3 219 220 4266
3 234 235 4265
3 2990 2587 4267
3 217 218 4268
3 217 4268 4269
3 216 217 4269
3 4049 3676 4261
3 2360 2361 4270
3 4230 510 4326
3 4277 2643 4309
3 205 3027 4362
3 452 204 4362
3 2948 2946 4317
3 453 3645 4316
3 1773 3679 4271
3 4219 4233 4381
3 470 68 4272
3 2873 3748 4293
3 3499 1830 4364
3 3672 2550 4364
3 2791 494 4302
3 16 446 4366
3 500 15 4366
3 2838 4293 4391
3 483 86 4367
3 446 17 4319
3 421 157 4369
3 158 498 4369
3 478 3657 4314
3 1489 1277 4370
3 2638 2639 4277
3 129 2 4372
3 2 130 4372
3 253 0 4373
3 0 6 4373
3 212 3 4374
3 3 213 4374
3 2855 511 4374
3 1 89 4375
3 88 1 4375
3 23 24 4393
3 2037 4232 4380
3 2960 481 4377
3 2331 2220 4378
3 2567 3867 4296
3 4225 88 4375
3 477 134 4273
3 3377 3375 4388
3 2854 2856 4387
3 18 19 4385
3 3275 3278 4384
3 1681 1472 4274
3 483 2628 4361
3 4219 3047 4233
3 3270 470 4275
3 2966 2617 4276
3 475 3516 4312
3 3397 430 4311
3 459 2790 4310
3 4216 439 4371
3 1489 2839 4359
3 3305 4271 4392
3 4226 2638 4277
3 2604 2621 4347
3 3867 2595 4296
3 3517 421 4308
3 2579 2873 4293
3 460 49 4278
3 169 426 4279
3 3037 444 4306
3 2592 2620 4348
3 468 186 4280
3 32 422 4281
3 4218 2014 4282
3 3871 4271 4379
3 143 502 4283
3 3053 439 4363
3 2018 2482 4284
3 4228 2017 4386
3 2361 4229 4387
3 3018 492 4305
3 473 3522 4304
3 2869 4229 4383
3 445 141 4285
3 2623 72 4349
3 4234 162 4315
3 494 2875 4302
3 3791 2222 4286
3 469 3396 4301
3 3525 423 4300
3 474 30 4287
3 188 428 4288
3 2599 2600 4295
3 4229 1902 4383
3 1695 4277 4309
3 471 167 4289
3 51 431 4290
3 3106 4218 4282
3 497 3556 4299
3 3120 3054 4291
3 2516 4108 4292
3 3634 454 4297
3 2034 4228 4384
3 3027 462 4307
3 2838 2846 4293
3 481 4236 4377
3 4262 2331 4378
3 2348 2346 4294
3 3273 436 4295
3 443 2939 4296
3 2790 2791 4310
3 85 483 4361
3 4228 3276 4384
3 3280 4228 4386
3 2829 2386 4297
3 3116 3112 4351
3 136 453 4298
3 2583 2350 4299
3 4232 2021 4388
3 4236 2355 4377
3 3225 4262 4378
3 2622 2594 4352
3 3140 2341 4300
3 2339 2688 4301
3 2581 2352 4302
3 70 435 4303
3 439 22 4363
3 2328 2596 4304
3 2839 2837 4359
3 2646 2645 4307
3 3624 2336 4305
3 4229 2868 4387
3 3139 476 4365
3 513 4230 4326
3 3373 429 4328
3 4271 3679 4392
3 3137 3139 4365
3 4114 2557 4306
3 23 3055 4363
3 2607 2772 4308
3 4271 3272 4379
3 2855 214 4346
3 17 18 4319
3 2632 84 4361
3 3052 4219 4371
3 2946 2947 4317
3 1486 1695 4309
3 2376 2602 4310
3 2606 2323 4311
3 2321 3141 4312
3 2548 3886 4313
3 2318 2892 4314
3 162 163 4315
3 2640 2637 4319
3 2935 2540 4316
3 2314 3768 4317
3 3820 1745 4318
3 466 3381 4322
3 2608 2623 4349
3 147 148 4320
3 3113 3115 4321
3 22 23 4363
3 2550 2549 4322
3 3878 2378 4323
3 2552 2551 4324
3 3109 3110 4325
3 84 85 4361
3 4219 2642 4371
3 2610 2611 4326
3 3301 3137 4365
3 2837 2835 4327
3 429 3305 4328
3 3846 2379 4329
3 2554 2553 4330
3 4217 3301 4365
3 2844 2843 4376
3 3025 3023 4331
3 3370 4232 4388
3 2558 2559 4332
3 2544 2545 4333
3 74 75 4334
3 2605 2881 4335
3 4291 3055 4393
3 159 160 4336
3 195 196 4337
3 2546 2560 4338
3 13 14 4339
3 2748 2584 4340
3 39 40 4341
3 178 179 4342
3 152 153 4343
3 202 203 4344
3 87 4225 4367
3 3808 2582 4345
3 214 215 4346
3 2856 2855 4346
3 171 172 4347
3 34 35 4348
3 72 73 4349
3 8 9 4350
3 27 28 4351
3 164 165 4352
3 2560 2561 4353
3 2542 3635 4354
3 2545 3630 4355
3 3026 3025 4356
3 2553 2536 4357
3 2538 3846 4358
3 3087 1489 4359
3 2539 3878 4360
3 2843 4222 4376
3 2628 2632 4361
3 204 205 4362
3 3055 3053 4363
3 512 4225 4375
3 2017 4284 4386
3 6 4230 4373
3 130 4231 4372
3 1830 3672 4364
3 476 4217 4365
3 3378 3377 4368
3 15 16 4366
3 2535 3871 4379
3 86 87 4367
3 3768 4358 4395
3 4357 2935 4394
3 2574 4356 4396
3 4223 1834 4368
3 1902 4286 4383
3 157 158 4369
3 4234 4315 4382
3 1277 1490 4370
3 4327 2838 4391
3 514 129 4372
3 513 253 4373
3 511 212 4374
3 89 512 4375
3 2642 4216 4371
3 4292 2037 4380
3 4222 1899 4376
3 2643 2641 4381
3 4320 497 4390
3 2600 4318 4389
3 2962 2960 4377
3 2220 2568 4378
3 2641 2642 4381
3 3272 4275 4379
3 3369 3371 4380
3 2871 2869 4383
3 3144 2575 4390
3 3278 3277 4389
3 3276 3275 4384
3 19 499 4385
3 3282 3280 4386
3 2868 2854 4387
3 3377 4223 4368
3 3375 3370 4388
3 3748 1756 4391
3 3679 2517 4392
3 451 2948 4395
3 3645 504 4394
3 24 496 4393
3 2626 4234 4382
3 4230 513 4373
3 4231 514 4372
3 496 4291 4393
3 4282 2626 4382
3 4275 2535 4379
3 4284 3282 4386
3 4233 2643 4381
3 440 4221 4396
3 4286 2871 4383
3 3371 4292 4380
3 3106 4282 4382
3 4315 3106 4382
3 2517 4328 4392
3 4328 3305 4392
3 2575 4320 4390
3 4318 3278 4389
3 1756 4327 4391
3 4358 451 4395
3 504 4357 4394
3 4356 440 4396
3 7387 4476 7478
3 4421 6643 6697
3 6882 4438 8107
3 4439 372 6680
3 6596 4469 7075
3 4476 7387 8334
3 6507 7181 7814
3 7416 4403 7417
3 6882 8107 8333
3 4448 7682 8249
3 4487 8175 8208
3 4469 6596 8332
3 4397 6620 7517
3 4421 6697 8308
3 4402 7099 8212
3 7682 4448 8247
3 8175 4487 8330
3 6368 6369 8219
3 8219 6369 8220
3 6981 8231 8235
3 6982 6981 8235
3 8243 6607 8244
3 6625 6607 8243
3 8226 6606 8228
3 7028 6606 8226
3 6806 8229 8240
3 6805 6806 8240
3 8216 6622 8217
3 6612 6622 8216
3 6600 4455 8248
3 4432 6665 6885
3 6627 4451 8251
3 4466 6605 6968
3 6666 4424 6684
3 7417 4403 8309
3 7080 7474 7481
3 4399 6616 8253
3 6630 4445 8252
3 7004 4474 7508
3 7246 6389 7247
3 4444 6655 6674
3 6358 6331 6978
3 7606 6357 7636
3 4480 6604 8255
3 7408 6400 7461
3 6397 6878 6879
3 6656 4409 6671
3 4449 7087 7089
3 7479 6351 7485
3 6637 4422 7049
3 6696 4441 6909
3 6601 4423 8256
3 7099 4402 8319
3 6613 4454 8258
3 4407 7598 8259
3 4450 6646 6648
3 4401 7210 8262
3 4470 6663 7631
3 4431 6619 8269
3 6620 4397 8313
3 4413 6632 8273
3 7097 4452 8277
3 4455 6600 8311
3 6694 6664 7067
3 6724 4400 6726
3 4412 6806 8218
3 4479 6622 8223
3 6806 4412 8229
3 6622 4479 8217
3 4442 6623 8233
3 6790 4419 8221
3 4419 6790 8222
3 6610 4481 8224
3 4481 6610 8225
3 6606 4426 8228
3 4426 6606 8230
3 4416 6624 8236
3 6608 4483 8232
3 4483 6608 8234
3 4434 7047 8242
3 7047 4434 8241
3 6607 4462 8244
3 4462 6607 8245
3 7035 6371 8239
3 6369 6981 8220
3 4491 6660 8213
3 6981 6369 8231
3 7008 6367 8215
3 6660 4459 8213
3 4459 6660 8214
3 6368 7008 8215
3 7008 6368 8219
3 6370 6982 8235
3 6625 4434 8242
3 6608 4426 8230
3 4426 6608 8232
3 4434 6625 8243
3 7028 4481 8225
3 4481 7028 8226
3 7047 4483 8234
3 4419 6610 8224
3 6610 4419 8222
3 4483 7047 8241
3 4479 6790 8221
3 6790 4479 8223
3 6611 4416 8236
3 4412 6612 8216
3 6612 4412 8218
3 6805 4442 8233
3 4442 6805 8240
3 352 353 7313
3 7320 6590 7321
3 6660 4491 8298
3 6623 4442 8354
3 6624 4416 8355
3 6371 7035 8356
3 6367 7008 8357
3 6982 6370 8358
3 4416 6611 8360
3 6331 6330 6978
3 4451 6627 8310
3 6649 4404 6651
3 4413 360 6676
3 6665 4432 8312
3 4405 6634 6635
3 4439 6680 8263
3 4445 6630 8307
3 6616 4399 8306
3 7181 6338 7814
3 372 373 6680
3 6661 4456 6900
3 6908 6696 6909
3 6604 4480 8305
3 7181 6507 8264
3 4444 6674 8314
3 6671 4409 8316
3 4449 7089 8315
3 4423 6601 8301
3 6605 4466 8300
3 4398 6638 6639
3 6642 4443 7923
3 4401 163 6673
3 344 4447 6672
3 6548 7311 7312
3 6548 7312 7313
3 5651 6833 8268
3 4454 6613 8297
3 7598 4407 8296
3 7474 7080 8295
3 6654 6831 6974
3 4450 6648 8317
3 7067 6664 8340
3 6645 4453 7135
3 6833 5651 8346
3 254 255 6890
3 6663 4470 8318
3 7210 4401 8293
3 4407 189 6670
3 318 4454 6669
3 7247 6389 8292
3 7004 7508 8291
3 6590 7320 8342
3 7682 6578 8249
3 6619 4431 8287
3 6659 4488 6661
3 7636 6357 8286
3 6657 4464 7722
3 360 361 6676
3 6632 4413 8285
3 6831 6654 6973
3 4452 7097 8284
3 6878 6397 8283
3 6400 7408 8282
3 163 164 6673
3 343 344 6672
3 4410 6644 8304
3 6867 6083 8202
3 7098 7097 8277
3 317 318 6669
3 189 190 6670
3 7312 352 7313
3 353 4406 7313
3 6655 4444 6675
3 6351 7479 8280
3 6726 4400 8321
3 6632 6633 8273
3 4422 6637 8278
3 8359 4467 8361
3 4424 6666 8343
3 6609 8359 8361
3 184 185 6667
3 336 337 6668
3 6619 6849 8269
3 6974 6831 7040
3 158 159 6728
3 185 4445 6667
3 8211 5683 8281
3 151 152 6785
3 329 330 7091
3 337 4437 6668
3 7210 6629 8262
3 6637 7049 8276
3 4405 6635 6636
3 7826 6932 8337
3 7616 6592 8336
3 6651 4404 8322
3 7485 6351 8275
3 6684 4424 6685
3 4430 6662 6663
3 142 8255 8256
3 8252 187 8259
3 320 8253 8258
3 8251 161 8262
3 8248 135 8269
3 8247 358 8273
3 327 8212 8277
3 6615 6613 8258
3 7598 6631 8259
3 6634 4405 8323
3 254 6890 8352
3 7461 6400 8272
3 6397 6879 8271
3 6603 6601 8256
3 159 4451 6728
3 7054 7580 8335
3 6671 4471 8005
3 6604 6603 8255
3 4471 6674 8005
3 6357 7606 8267
3 6678 4461 6679
3 6658 4478 6666
3 6662 4430 6664
3 6616 6615 8253
3 6631 6630 8252
3 6358 6978 8263
3 6800 7476 8334
3 6629 6627 8251
3 4441 6696 8279
3 4478 6658 6665
3 7418 4473 8333
3 4474 7004 8260
3 4456 6661 8325
3 6849 6600 8248
3 6361 6682 8176
3 6677 4461 6678
3 6633 7682 8247
3 6389 7246 8264
3 5634 6974 8302
3 7099 7098 8212
3 7649 7179 8332
3 4417 7331 7332
3 8175 4492 8208
3 6974 5634 8347
3 7698 6598 8330
3 7417 4473 7418
3 7080 7481 8265
3 5886 6055 6683
3 4397 151 6785
3 6681 6083 8205
3 8210 6675 8303
3 4464 6697 7722
3 6547 6548 8299
3 6683 6666 6684
3 6638 4398 8326
3 4443 6642 8327
3 6548 7313 8299
3 4413 6676 8285
3 6083 6681 8202
3 6968 6605 8266
3 4402 329 7091
3 6932 4429 8337
3 4482 7616 8336
3 6691 8211 8281
3 6643 4421 8266
3 6644 4410 8329
3 4453 6645 8328
3 6974 7040 8302
3 6688 307 8366
3 6682 6681 8205
3 6598 7698 8311
3 6618 6617 8375
3 7317 6042 8201
3 6373 6891 8245
3 8255 6603 8256
3 6631 8252 8259
3 8253 6615 8258
3 6629 8251 8262
3 6849 8248 8269
3 8198 6618 8375
3 6633 8247 8273
3 8212 7098 8277
3 6682 5735 8176
3 6834 4410 8304
3 4403 7416 8265
3 7580 4418 8335
3 6361 6678 6682
3 5897 6052 6693
3 7476 6800 8306
3 307 6688 8289
3 6060 5886 6683
3 6055 6658 6683
3 7580 7054 8305
3 4488 6659 8298
3 7476 4476 8334
3 4490 6867 8202
3 4401 6673 8293
3 6672 4447 8294
3 5896 6694 6695
3 4473 6882 8333
3 6592 7616 8301
3 6932 7826 8300
3 8202 6679 8203
3 6891 6373 8367
3 6661 4488 8325
3 6497 8199 8200
3 7135 4453 8295
3 6684 6685 6686
3 4432 6885 8267
3 7517 6620 8270
3 4464 6657 8324
3 4398 6639 8291
3 7923 4443 8292
3 5896 6693 6694
3 7087 4449 8272
3 4409 6656 8271
3 6900 4456 8286
3 6646 4450 8275
3 4470 7631 8276
3 7320 7318 7482
3 7387 7478 8284
3 376 377 8203
3 4404 6649 8282
3 8107 4438 8283
3 6596 7075 8278
3 4400 6724 8280
3 7179 4469 8332
3 7091 330 8315
3 6689 4477 6690
3 4407 6670 8296
3 6669 4454 8297
3 6686 6685 6687
3 6029 8210 8303
3 5896 5897 6693
3 6052 6662 6693
3 7179 7649 8338
3 6636 6635 6692
3 6678 6679 6681
3 6658 6666 6683
3 4487 7698 8330
3 6662 6664 6693
3 6785 152 8317
3 4417 7332 8349
3 5861 5896 6695
3 6241 5861 6695
3 6042 7317 8368
3 6891 4462 8245
3 8199 6692 8200
3 6687 6685 6688
3 6241 6695 6696
3 4462 6891 8320
3 6678 6681 6682
3 6690 4477 8196
3 6060 6683 6684
3 6696 6908 8257
3 6979 8288 8374
3 8287 7620 8373
3 6687 6688 6689
3 6693 6664 6694
3 6060 6684 6686
3 6687 6689 6691
3 7760 5758 7793
3 6986 6985 8170
3 5758 6873 7793
3 6714 6297 8182
3 6194 6787 7560
3 6699 8174 8177
3 6333 7666 8168
3 6703 6070 6866
3 6408 6704 7556
3 6408 6467 6704
3 5370 7084 7350
3 4440 401 8180
3 5758 5617 6873
3 6327 6986 8170
3 6067 6703 6866
3 4411 6698 8138
3 6956 6957 8076
3 6066 6711 6898
3 6710 6291 7924
3 4682 6709 7025
3 7069 7068 8088
3 4505 4503 8032
3 4682 4513 7286
3 4484 6839 8013
3 6297 7760 7793
3 7642 4584 8146
3 6565 6407 8161
3 4580 4577 8145
3 7025 6709 7718
3 6709 4682 7286
3 6706 5067 6898
3 6711 6706 6898
3 4486 6710 7924
3 6108 6950 8153
3 7905 6001 8164
3 4968 4507 6734
3 4485 6779 8122
3 7917 6326 8154
3 6107 5371 8157
3 5067 6706 7672
3 6708 4968 6734
3 6787 5812 7560
3 6701 5812 6787
3 4420 6700 8093
3 4565 6750 7278
3 5812 6701 6860
3 6750 6315 7278
3 6778 6779 8127
3 4507 4505 6734
3 8128 4411 8138
3 6778 8127 8128
3 4511 4509 8121
3 6198 7437 7625
3 5007 7914 7929
3 7852 5813 8065
3 8116 4485 8122
3 6698 6323 8138
3 6070 6703 7084
3 6860 6406 6866
3 8081 4420 8093
3 7084 6408 7556
3 6701 6406 6860
3 7415 6164 7921
3 6014 6712 6808
3 6712 6168 6808
3 5739 5535 7886
3 5319 6742 7384
3 6702 6787 7896
3 7261 6705 7433
3 6702 7896 7898
3 5739 6735 7013
3 6711 6066 6899
3 5600 7261 7433
3 5825 6705 6872
3 6705 5825 7433
3 7084 6703 7350
3 6704 6467 7686
3 6734 4505 8032
3 5370 6408 7084
3 5411 6956 8076
3 4716 6739 7383
3 6739 4716 6740
3 6989 6990 8151
3 6406 6067 6866
3 6739 6742 7383
3 6167 7390 8038
3 6699 6698 8174
3 6742 5319 7383
3 7563 6559 7595
3 4425 6707 7962
3 4580 7563 7595
3 6745 5303 6749
3 5617 5825 6873
3 6743 5303 6745
3 6410 6704 7686
3 5541 6884 7992
3 5741 6416 6722
3 7642 6410 7686
3 5741 6722 6723
3 6722 6416 7484
3 7513 6292 7920
3 6416 6715 7484
3 7953 7114 7960
3 6715 5918 7484
3 5918 6715 6851
3 6066 4497 7919
3 6787 6194 7896
3 4968 6708 7878
3 6433 7069 8088
3 6735 5739 7886
3 6754 4717 6774
3 4714 4719 6773
3 7437 7384 7625
3 4707 6759 6774
3 6751 4717 6754
3 7324 6415 7941
3 6759 4707 6762
3 5534 6717 6718
3 6718 7071 7457
3 6764 6762 7654
3 5534 6718 7457
3 6246 7415 7921
3 8001 4484 8013
3 6419 6707 7983
3 6292 7513 7953
3 6762 4707 7654
3 6292 7953 7960
3 4765 4762 8136
3 5362 6764 7654
3 6764 5362 6766
3 6768 6766 7657
3 6730 5095 7071
3 7071 5095 7457
3 6766 5362 7657
3 6700 8116 8122
3 5095 6730 7463
3 6839 8081 8093
3 6730 6731 7463
3 6700 4420 8116
3 6419 7983 8001
3 6712 6014 6809
3 6731 5566 7463
3 6716 5740 7165
3 6168 6167 6808
3 5086 5083 7904
3 6713 6413 6885
3 4723 6768 7657
3 6768 4723 6770
3 6899 4433 7697
3 5566 6731 6733
3 6839 4484 8081
3 6621 6784 7300
3 6413 6713 6884
3 4698 4700 7871
3 6779 4485 8127
3 5566 6733 7402
3 6727 6628 6735
3 6735 6628 7013
3 6716 6621 7300
3 6778 8128 8138
3 7165 5094 7489
3 6716 7165 7489
3 5740 6716 7300
3 7666 5400 8168
3 6453 8019 8130
3 8053 6438 8071
3 5094 6719 7489
3 4513 4511 7286
3 6839 6838 8013
3 6961 6963 7599
3 5533 5918 6851
3 6329 6124 6817
3 5088 5086 6780
3 6963 5906 7599
3 6740 4716 7340
3 5519 6960 7913
3 6329 6817 6818
3 6472 6961 7599
3 5303 6743 7340
3 6419 8001 8013
3 7950 4425 7962
3 4693 4691 7241
3 7114 4765 7972
3 6472 6960 6961
3 4960 4693 7241
3 5036 7324 7941
3 6707 4425 7983
3 6719 5094 6780
3 5707 6775 6894
3 7542 7175 7971
3 5094 5088 6780
3 6124 6123 6819
3 6899 6066 7919
3 6327 5856 8173
3 6733 7360 7402
3 6780 5086 7904
3 8115 7277 8117
3 5648 6782 6783
3 6698 4411 8174
3 7384 6180 7436
3 5648 5646 6782
3 6430 6736 7766
3 6884 6713 7992
3 6777 6323 6894
3 4692 4694 7340
3 6717 5534 6851
3 6817 6124 6819
3 6782 5646 6855
3 7240 4960 7241
3 5646 5574 6855
3 6721 5707 6824
3 6291 6711 7924
3 6775 6777 6894
3 6808 6167 8038
3 5319 7384 7436
3 7939 4440 8180
3 4433 6899 7919
3 4723 4714 6773
3 6793 5238 7365
3 5707 6721 6775
3 7960 7114 7972
3 7944 5818 8111
3 6710 7950 7962
3 6736 5975 7766
3 6960 6472 7913
3 6297 7793 8182
3 8002 5237 8009
3 6747 6745 6749
3 6130 6847 7522
3 6759 6756 6774
3 5872 6802 6804
3 6792 6793 7365
3 6130 6825 6847
3 6749 4698 7871
3 6174 6143 7039
3 6899 7697 7924
3 6985 4435 8170
3 6872 6253 8133
3 4590 6714 8182
3 6853 6506 7674
3 6242 6838 6930
3 6710 4486 7950
3 7914 7437 7929
3 6779 6883 8122
3 381 382 4493
3 6410 7642 8146
3 6418 7186 7376
3 6114 6506 6853
3 6809 7845 8041
3 5925 7159 7823
3 5174 6792 7365
3 7563 4580 8145
3 6799 6781 7371
3 6986 6327 8173
3 7360 5572 7402
3 6616 6799 7371
3 6756 6754 6774
3 6847 5701 7522
3 5574 5573 6855
3 6825 6130 7581
3 6781 5751 7371
3 7239 4960 7240
3 5534 5533 6851
3 6792 5174 7129
3 6797 5572 7360
3 7384 6742 7625
3 7186 6858 7376
3 6824 6825 7581
3 5573 5925 6856
3 6855 5573 6856
3 6114 6853 6854
3 6619 6848 6849
3 6421 6429 6850
3 6448 6729 7961
3 6573 6329 7939
3 4789 4790 7262
3 6964 5007 7929
3 6850 6429 7398
3 5303 4696 6749
3 5572 6797 7377
3 4785 4786 7621
3 4503 5067 8032
3 4696 4698 6749
3 6794 4789 7262
3 4717 6751 7871
3 6773 7852 8065
3 6797 7167 7377
3 8097 6314 8131
3 6793 7164 7829
3 7016 6303 8031
3 6770 4723 6773
3 6801 7472 7799
3 6144 6788 6789
3 5535 5741 7886
3 6801 4785 7621
3 8192 4415 8195
3 6619 6583 6848
3 6838 6837 6930
3 7912 4605 8075
3 4860 6917 6919
3 4717 4702 6774
3 6912 5151 7949
3 6856 5925 7823
3 6535 7354 7912
3 6771 7542 7971
3 4860 4851 7976
3 6835 6444 6836
3 6917 6515 6919
3 6836 6444 6876
3 6074 7236 7239
3 6837 5694 6930
3 6700 6322 8093
3 6743 6740 7340
3 7286 4511 8121
3 6074 7239 7240
3 7969 5305 7979
3 6444 6835 7545
3 7437 6198 7929
3 6107 7917 8154
3 5073 5071 7811
3 4785 6801 7799
3 6164 7354 7921
3 4702 4707 6774
3 5075 5073 6820
3 6848 6583 6862
3 6714 4590 8002
3 6957 7016 8076
3 7234 7236 7523
3 6446 7245 7876
3 6114 6854 6943
3 5872 6804 6929
3 6091 6786 6821
3 7760 6736 7768
3 5758 7760 7768
3 7236 6074 7523
3 6449 7415 7931
3 7167 5700 7377
3 6449 7931 7937
3 6950 7874 8153
3 7455 6449 7937
3 6714 8002 8009
3 5154 5165 6920
3 5165 6798 6920
3 6810 5700 7167
3 7159 5925 7409
3 7455 7937 7944
3 7348 7905 8164
3 6773 4719 7852
3 6796 7159 7409
3 6210 6823 7809
3 5692 7234 7523
3 6303 6302 8021
3 7899 6565 8161
3 6955 6956 8080
3 5692 7232 7234
3 5700 6810 7432
3 6955 8080 8086
3 6040 7052 7054
3 6786 6091 6820
3 6820 5073 7811
3 5741 6723 7886
3 7164 6229 7829
3 5924 6796 7409
3 6721 6824 7581
3 7026 6142 7142
3 4565 4529 8103
3 6810 6816 7432
3 6738 4656 8079
3 6091 5075 6820
3 5648 6783 7766
3 5170 5694 6852
3 8086 4545 8089
3 7231 7232 7506
3 6819 6912 7949
3 6180 7384 7437
3 5960 7304 7808
3 6707 7033 7962
3 6736 6430 7768
3 4497 4495 7919
3 7016 8031 8076
3 382 383 6911
3 4656 4521 8079
3 7232 5692 7506
3 8174 399 8177
3 6429 7195 7398
3 4545 6737 8089
3 5751 6781 6850
3 6964 7929 7956
3 4716 4692 7340
3 6032 5871 6929
3 6945 6994 6997
3 6781 6421 6850
3 6439 6861 7403
3 5238 6793 7829
3 6816 5931 7432
3 4495 4493 6911
3 6791 5699 6835
3 5694 6837 6852
3 6835 5699 7545
3 6665 6339 6885
3 6796 5924 6861
3 6823 5818 7809
3 6737 6313 8089
3 7430 7326 7918
3 6791 7195 7434
3 6415 7241 7941
3 6798 5165 6921
3 5085 7186 7891
3 4694 5303 7340
3 7068 4656 8088
3 6750 4565 8103
3 7139 6902 7422
3 6821 5920 6858
3 6994 6945 6996
3 5920 6821 7470
3 7195 6429 7434
3 5699 6791 7434
3 8095 5417 8098
3 6836 6876 7552
3 7171 7022 7796
3 7917 6107 8157
3 6537 7934 7943
3 5596 7231 7506
3 6339 6713 6885
3 7272 6445 7907
3 4781 7171 7796
3 6861 5924 7403
3 5701 6847 7839
3 7052 6040 7053
3 7991 6966 8087
3 5372 5286 6903
3 7277 7278 8117
3 383 4433 6911
3 7231 5596 7242
3 6838 6242 8013
3 7354 6535 7921
3 4700 4717 7871
3 6537 7324 7934
3 5174 6920 7129
3 6813 5759 6814
3 6395 7081 7134
3 5759 5577 6814
3 7050 5057 7759
3 6959 5701 7839
3 7095 7098 7099
3 4494 4493 4495
3 6858 5920 7376
3 7304 6461 7808
3 6014 5720 6809
3 5637 7405 7844
3 5720 5423 6809
3 6911 4433 7919
3 7223 7242 7536
3 5067 7672 8032
3 7025 8053 8071
3 6788 6144 7026
3 6963 6964 7956
3 7415 6246 7931
3 6729 7969 7979
3 6622 6174 7039
3 6208 5977 7964
3 6807 5569 7050
3 6861 6439 7668
3 6143 6144 7039
3 6439 6440 7668
3 6729 6448 7969
3 5951 6975 7807
3 5083 5085 7904
3 5174 5154 6920
3 7961 5819 8064
3 7081 6395 7135
3 7185 6858 7186
3 6747 6749 7871
3 7242 5596 7536
3 4793 7453 7927
3 4441 207 6909
3 5569 6807 7051
3 5549 6864 7134
3 6864 6395 7134
3 6821 6786 7470
3 171 172 6882
3 4410 6834 6934
3 5975 5648 7766
3 6870 5631 7166
3 7939 6818 8179
3 6984 6923 7783
3 5140 5130 6922
3 5221 6840 6931
3 5900 6860 6866
3 8037 6813 8062
3 339 4472 6827
3 6944 5661 6996
3 7119 4957 7883
3 4790 4793 7262
3 7456 7148 7699
3 5660 6868 7166
3 5522 6862 7619
3 6303 8021 8031
3 5085 7891 7904
3 7025 7718 8053
3 4493 382 6911
3 400 401 4440
3 5497 6812 7026
3 6807 7050 7759
3 6827 4472 6828
3 6868 6870 7166
3 5358 7162 7163
3 6811 6265 7968
3 4912 4911 7787
3 5358 7163 7569
3 6846 5773 7751
3 5597 7223 7536
3 6876 4911 7552
3 4786 4789 7621
3 4789 6794 7621
3 5877 7045 7046
3 6840 6841 6931
3 6099 7256 7495
3 7214 7215 7775
3 6844 5660 6931
3 6480 6897 7798
3 7017 6811 7968
3 5756 5568 7053
3 5872 5519 7913
3 7138 7139 7629
3 5079 5077 6857
3 4976 4998 6943
3 5660 6844 6868
3 7223 5597 7224
3 4473 171 6882
3 6863 7162 7543
3 7115 7379 7715
3 7162 5358 7543
3 5707 5173 6824
3 5871 5872 6929
3 207 208 6909
3 7954 5591 8090
3 7239 7237 7663
3 6984 5132 7860
3 6475 7360 7858
3 6144 6789 7039
3 5551 5864 7094
3 7472 7171 7799
3 7256 6447 7495
3 6123 5665 7970
3 6819 6123 6912
3 6440 6859 7668
3 6144 6142 7026
3 5170 6852 7534
3 7158 6447 7256
3 4458 4493 4494
3 7094 7095 7099
3 7029 5499 7529
3 5282 5951 6926
3 6812 5497 7720
3 6857 6858 7185
3 4494 4495 4496
3 6923 6922 7783
3 6070 5900 6866
3 4901 7138 7629
3 5173 5923 6824
3 7205 7202 7645
3 6020 6263 7002
3 5877 7044 7045
3 5059 6863 7543
3 6862 6583 7619
3 6717 6851 7617
3 6729 6138 7961
3 7139 7422 7629
3 6094 6096 7173
3 6814 5577 7119
3 6917 4860 7976
3 7390 5770 8038
3 5497 7026 7142
3 5282 6926 7527
3 7224 5597 7439
3 6863 5059 7113
3 6594 7029 7529
3 7258 7228 7259
3 5361 6822 6901
3 5813 7542 8065
3 4960 7239 7663
3 5891 5884 7055
3 5931 6816 7379
3 6811 5541 7992
3 7000 6093 7001
3 417 4492 6865
3 6396 5894 8016
3 7245 6903 7876
3 4911 6876 7787
3 6393 6645 7135
3 6623 6032 6929
3 7324 5036 7934
3 6851 6715 7617
3 6302 7283 8018
3 5372 6903 7245
3 7226 7224 7439
3 6945 6944 6996
3 4458 381 4493
3 5007 6964 7608
3 7942 5691 8067
3 5318 5812 6860
3 6751 6747 7871
3 5237 7362 8014
3 6447 7158 7178
3 6859 6440 7010
3 5522 5440 6875
3 6926 5951 7807
3 6204 7237 7302
3 8143 6997 8155
3 6457 7124 7562
3 5900 5318 6860
3 6993 6992 6994
3 6711 6899 7924
3 6822 5361 7174
3 6887 6450 7571
3 7174 5282 7527
3 7215 6499 7775
3 5674 5676 7044
3 6964 6962 7608
3 5286 5361 6903
3 7237 6204 7663
3 6897 4819 7798
3 6395 6393 7135
3 7405 6245 7844
3 337 338 4437
3 6862 5522 6875
3 6587 6848 6862
3 7094 5864 7095
3 6840 5221 7173
3 5165 5140 6922
3 6602 6604 7051
3 5722 5723 6991
3 5773 7132 7751
3 6450 6093 7000
3 5799 7010 7056
3 175 4409 6879
3 7010 6440 7056
3 6841 6844 6931
3 6942 4427 7339
3 7228 7226 7725
3 7152 6316 7495
3 7046 6387 7161
3 5071 5773 7811
3 6265 7963 7968
3 4496 4495 4497
3 6807 6602 7051
3 7092 5879 7093
3 4980 4863 8017
3 7552 4907 7842
3 7304 6210 7809
3 6455 7335 7705
3 7703 6812 7720
3 6415 6073 7240
3 8027 6528 8028
3 5877 5674 7044
3 208 6907 6909
3 6871 6451 7363
3 6451 6871 7102
3 5491 7124 7634
3 6430 7766 7892
3 6587 6862 6875
3 6303 7016 7644
3 172 4438 6882
3 7226 7439 7725
3 6712 6809 8041
3 6827 6828 6973
3 4777 7021 7367
3 6991 6992 6993
3 7016 7015 7644
3 5077 6091 6857
3 6076 6321 6883
3 4998 6114 6943
3 6450 6887 7440
3 6073 6074 7240
3 8108 6561 8110
3 6040 5756 7053
3 5722 6991 6993
3 7414 4903 7825
3 7321 4447 7322
3 6155 6570 7824
3 5936 7205 7645
3 7158 6454 7178
3 5424 5661 6946
3 7833 4943 8007
3 4437 338 6827
3 7241 4691 7941
3 7379 6816 7715
3 6450 7000 7571
3 6193 7456 7699
3 4909 7430 7918
3 4499 6066 6898
3 4447 345 7322
3 7228 7258 7260
3 5491 7634 7703
3 4457 6888 6905
3 6829 4472 6934
3 7974 5830 8047
3 6822 7174 7527
3 5906 6963 7956
3 4458 6083 6867
3 6880 6163 7748
3 172 173 4438
3 5491 7703 7720
3 5879 5551 7094
3 276 277 4442
3 6316 6099 7495
3 6864 5549 7762
3 6263 6564 8101
3 4905 7272 7907
3 6334 6047 6900
3 7175 5446 7971
3 7021 7020 7367
3 5499 6998 7529
3 208 209 6907
3 4875 4976 6943
3 6884 5541 7176
3 5568 5569 7053
3 4954 4956 7149
3 7354 4601 7912
3 6481 6970 7701
3 5676 7043 7044
3 5877 7046 7161
3 5661 6944 6946
3 6923 6984 7860
3 6887 7122 7440
3 5855 6988 6989
3 5706 5707 6894
3 6121 5960 7808
3 7335 4809 7705
3 6971 6958 7336
3 5121 5123 6914
3 6091 6821 6857
3 4951 4952 7119
3 7113 5059 7499
3 6834 6829 6934
3 5085 7185 7186
3 7107 5522 7619
3 6617 5891 7055
3 7023 6471 7641
3 5123 6106 6914
3 5079 6857 7185
3 6889 4489 6890
3 6828 6831 6973
3 5879 7092 7101
3 4437 6827 6973
3 7171 4781 7799
3 6454 6913 7178
3 6474 6925 7630
3 6163 7287 7748
3 6925 4862 7630
3 5163 5170 7534
3 6069 5848 7033
3 4980 8027 8028
3 6230 7011 7640
3 6096 6840 7173
3 6947 4805 7494
3 5933 6085 7116
3 4457 210 6888
3 6948 6947 7494
3 6993 6994 6996
3 6951 6121 7863
3 6888 6889 6905
3 7005 7328 7329
3 6093 6020 7002
3 5661 6995 6996
3 4428 285 6983
3 5884 6040 7055
3 6904 7372 7624
3 7139 6446 7876
3 6914 6106 7711
3 6990 7966 8151
3 5050 5522 7107
3 6892 7711 7834
3 5501 5503 7356
3 6106 5131 6959
3 7762 5300 7864
3 6977 4439 6978
3 6204 7302 7655
3 4737 7227 7260
3 6323 6777 8138
3 7360 6733 7858
3 6922 5130 7783
3 5855 6987 6988
3 4724 6895 7689
3 5637 6915 7405
3 6707 6069 7033
3 4763 6971 7336
3 6275 6509 7866
3 6904 5565 7111
3 5657 7015 7265
3 6461 7304 7809
3 6092 7022 7171
3 6082 6076 6883
3 7122 7036 7440
3 5363 7238 7301
3 6451 6094 7173
3 5440 5668 6875
3 345 346 7322
3 4956 7147 7149
3 4915 6877 7786
3 6225 7293 7732
3 6970 4913 7701
3 417 418 4492
3 6561 6301 8105
3 7149 7148 7456
3 7007 7006 7008
3 371 4439 6977
3 7302 5363 7655
3 380 4458 6867
3 6342 7023 7641
3 5442 5524 7101
3 4463 6935 6936
3 6886 5564 7795
3 5012 4986 7244
3 5773 6846 7811
3 5831 5579 7170
3 5388 5096 7020
3 7124 6457 7634
3 4460 416 6865
3 7213 5560 7372
3 5661 5425 6995
3 4941 6951 7299
3 6972 5941 7521
3 6824 5923 6825
3 6040 7054 7055
3 6106 6959 7839
3 7337 6948 7494
3 6893 4970 7747
3 7046 7045 7047
3 5799 5105 7643
3 6108 6949 6950
3 7262 4793 7927
3 4429 369 6979
3 6921 5165 6922
3 7093 5879 7094
3 6939 6936 6985
3 7051 6604 7052
3 7005 7327 7328
3 5024 7036 7122
3 6065 5904 6323
3 7352 7127 7651
3 7227 4737 7601
3 6956 5411 8080
3 5676 5678 7043
3 7238 5363 7302
3 7562 5490 7690
3 5057 7029 7759
3 5014 5009 6969
3 7372 5560 7624
3 7011 5696 7640
3 6889 6890 6891
3 7051 7052 7053
3 5506 7182 7706
3 4957 4954 7149
3 6463 7073 7378
3 5425 5427 6995
3 7213 6753 7546
3 346 347 7677
3 339 340 4472
3 4466 367 6932
3 7022 7021 7796
3 4741 4738 7260
3 5753 6005 6987
3 7015 5657 7644
3 4737 4734 7601
3 7003 5681 7327
3 7186 6418 7891
3 6802 5872 7913
3 6154 6958 6971
3 290 7006 7007
3 291 4459 7006
3 7100 5531 7516
3 6108 6006 6949
3 6888 4489 6889
3 5802 7201 7579
3 6415 7240 7241
3 5034 5017 7027
3 5531 7100 7137
3 7109 6972 7521
3 6936 6935 6985
3 6070 7084 7556
3 4915 4912 7787
3 7115 6463 7379
3 4463 411 6935
3 7201 7199 7579
3 6457 7562 7690
3 5424 6946 7584
3 7124 5475 7562
3 5820 6250 6965
3 4956 4959 7147
3 5681 6924 7072
3 6005 6324 6987
3 6910 6306 7802
3 5571 7534 7758
3 6010 6332 6933
3 6318 7000 7001
3 5284 5281 7174
3 6798 6921 7116
3 7005 7003 7327
3 4468 6980 6981
3 5888 6044 6586
3 6047 6356 6900
3 7332 7330 7707
3 6927 5415 7695
3 293 294 4491
3 5531 7101 7516
3 8019 4725 8130
3 7251 6494 7344
3 7423 7827 7881
3 6939 6985 6986
3 4427 409 7339
3 5723 5855 6991
3 285 286 6983
3 4495 6911 7919
3 6962 6969 7608
3 6065 6323 6698
3 5759 6813 8037
3 4952 4957 7119
3 4724 7214 7775
3 7569 7163 7790
3 7293 7292 7732
3 5008 5010 7499
3 5040 5014 6969
3 5145 5136 5146
3 7022 6092 7170
3 6998 5499 7027
3 7342 6276 8100
3 4490 379 6867
3 7010 5799 7643
3 7102 6871 7254
3 7295 6948 7337
3 6283 7120 7121
3 6912 6123 7970
3 7020 5096 7367
3 6494 6140 7344
3 4680 4724 7689
3 4499 4497 6066
3 6129 6163 7788
3 7288 7072 7635
3 5135 5128 5136
3 5577 4951 7119
3 7204 7205 7812
3 6913 6454 7244
3 6893 6480 7798
3 211 4489 6888
3 5825 6872 6873
3 7322 346 7677
3 7773 7204 7812
3 5565 6904 7624
3 5569 7051 7053
3 6924 5681 7003
3 7018 5391 7019
3 211 212 4489
3 6085 6798 7116
3 7263 7012 7555
3 4438 173 6878
3 6953 5575 7014
3 5541 5100 7176
3 6113 7290 7404
3 5660 5219 6931
3 7988 6277 8012
3 6975 6129 7807
3 7700 4623 7821
3 5300 5295 7203
3 7012 6179 7555
3 5904 5706 6894
3 6572 7352 7651
3 4421 365 6968
3 7038 4917 7505
3 5067 4501 6898
3 7074 7038 7505
3 5668 5857 5888
3 5128 5124 6892
3 6812 6788 7026
3 4468 287 6980
3 7751 6191 7832
3 5490 6999 7346
3 4867 7301 7413
3 7721 6226 7789
3 6915 5637 7037
3 8136 4761 8163
3 6290 6291 6710
3 5124 5121 6914
3 5847 6242 6930
3 4509 4968 8121
3 5172 5146 5173
3 6199 7111 7683
3 6285 6965 6966
3 5494 6110 6999
3 6570 7410 7824
3 5499 5034 7027
3 6458 7414 7825
3 6027 6123 6124
3 6374 6607 6625
3 174 175 6879
3 4458 4494 6083
3 5524 5879 7101
3 5575 6953 6967
3 7605 7150 7693
3 5669 5501 7356
3 6146 7127 7325
3 6356 6659 6661
3 7012 6466 7597
3 6587 6586 6600
3 338 339 6827
3 4465 407 7009
3 7334 5669 7356
3 6975 5951 7273
3 6965 6250 6966
3 6877 7779 7786
3 7259 7228 7725
3 5564 7749 7795
3 6129 7788 7807
3 415 416 4460
3 7227 7228 7260
3 7766 6783 7892
3 7258 4741 7260
3 7203 7202 7205
3 4501 4499 6898
3 5178 5180 7265
3 5932 5933 7116
3 4970 7735 7747
3 4957 7456 7883
3 416 417 6865
3 7063 7102 7254
3 6586 6044 6598
3 7546 6753 7749
3 7335 6476 7719
3 206 4441 7067
3 7301 7238 7413
3 5131 5141 6959
3 341 4410 6934
3 5219 5221 6931
3 5142 5149 7037
3 6092 5831 7170
3 6777 6776 6778
3 6960 5786 6961
3 6501 6050 7418
3 4858 4856 7132
3 5172 5173 5706
3 5560 7213 7546
3 5324 5786 6960
3 6469 7380 7392
3 6463 7378 7379
3 7431 6551 8135
3 379 380 6867
3 4467 7034 7035
3 7192 5810 7593
3 7845 4578 8041
3 7295 7271 7550
3 6877 4915 7787
3 6328 6124 6329
3 5998 7269 7270
3 5099 6811 7017
3 405 7117 7118
3 5876 6372 6374
3 5056 5424 7584
3 6242 6069 6419
3 6848 6600 6849
3 7237 7235 7302
3 6836 7552 7842
3 5847 5848 6069
3 6323 5904 6894
3 6551 7261 8137
3 6306 5987 7802
3 5531 5442 7101
3 5010 7285 7499
3 6454 5012 7244
3 5136 5128 6892
3 7328 5669 7334
3 5145 5146 5172
3 6755 6886 7795
3 6987 6324 6988
3 5749 6226 7120
3 4463 6937 7339
3 5177 5575 6967
3 5257 7297 7298
3 371 372 4439
3 7024 4682 7025
3 6778 6776 6779
3 7972 4765 8136
3 6892 5124 6914
3 6938 6939 6976
3 5862 5749 7120
3 5300 7203 7204
3 5257 7298 7385
3 6321 6322 6700
3 5059 5008 7499
3 5858 6335 7176
3 4738 4737 7260
3 7290 6113 7305
3 5858 6047 6334
3 5170 5171 5694
3 6847 6826 7839
3 6135 6582 6952
3 5820 6965 7112
3 7001 6093 7002
3 6010 6331 6332
3 6278 7605 7693
3 5011 5035 7048
3 5391 5388 7020
3 6989 6988 6990
3 5392 5391 7018
3 7252 6893 7747
3 6027 5665 6123
3 6076 6077 6321
3 4875 6943 7909
3 7029 6594 7759
3 6374 6372 6607
3 6826 7711 7839
3 6432 6435 7129
3 7060 6195 7587
3 6878 174 6879
3 6463 4850 7073
3 5549 5298 7762
3 7534 6852 7758
3 6958 6154 7187
3 7060 7061 7688
3 5888 5857 6044
3 5135 5136 5145
3 6451 7173 7363
3 7777 6910 7802
3 8135 6551 8137
3 7719 6476 7735
3 6957 6954 7014
3 5497 5481 7720
3 5160 5161 5162
3 5848 5850 7033
3 5177 6967 7103
3 7111 5565 7683
3 6935 4435 6985
3 5706 5173 5707
3 6466 7406 7597
3 5503 5506 7356
3 5888 6586 6587
3 6927 6928 7753
3 6947 6455 7705
3 6479 6971 7734
3 5217 5215 7363
3 6948 7295 7550
3 4467 283 7034
3 6092 7171 7472
3 4515 4682 7024
3 5469 5494 6999
3 6206 7192 7593
3 5050 5440 5522
3 6356 6661 6900
3 6141 6972 7109
3 6126 5270 7112
3 7044 6626 7045
3 370 6977 6979
3 6937 6942 7339
3 6335 6884 7176
3 6857 6821 6858
3 6133 6136 6998
3 5016 5099 7017
3 5239 7074 7505
3 7330 7334 7707
3 5239 5241 7074
3 6951 4941 7380
3 5361 6901 6903
3 291 292 4459
3 5912 5571 5913
3 4457 6905 6906
3 5158 5159 5160
3 6809 5423 7845
3 6163 6880 7788
3 4959 4963 7147
3 4982 5011 7048
3 6075 5913 6076
3 6008 6010 6933
3 6814 7119 7883
3 5570 5162 5571
3 6428 6838 6839
3 7095 5864 7096
3 406 4465 7117
3 7229 4867 7413
3 5361 5284 7174
3 5850 6080 6290
3 5791 7200 7202
3 7105 6975 7273
3 5456 5583 7108
3 5694 5695 6930
3 7235 7238 7302
3 4874 6191 7041
3 6937 6936 6938
3 4988 5001 7591
3 6806 6803 7023
3 209 4457 6907
3 5010 5015 7285
3 6972 6237 7767
3 7431 8135 8140
3 368 4429 6932
3 4503 4501 5067
3 5695 5697 5847
3 7148 7146 7526
3 7096 7306 7586
3 7711 6826 7834
3 5847 6069 6242
3 7071 6718 7471
3 412 4435 6935
3 6172 7206 7381
3 6321 6077 6322
3 5546 5732 5858
3 7202 7201 7645
3 6162 7105 7273
3 6473 7297 7458
3 6555 6927 7695
3 7455 7944 8111
3 4463 6936 6937
3 5839 7057 7058
3 5695 5847 6930
3 7297 5257 7458
3 5773 4858 7132
3 4985 5784 7063
3 6828 6830 6831
3 5281 5282 7174
3 4832 4834 7042
3 5119 5120 5121
3 5739 7013 7141
3 4408 7315 7316
3 5348 5346 7187
3 5163 5169 5170
3 5807 7060 7587
3 6076 5913 6077
3 6921 6923 7828
3 4472 340 6934
3 5058 5057 7050
3 5156 5157 5158
3 6305 6278 7727
3 7749 6753 7795
3 5454 5456 7108
3 5725 5753 6987
3 4986 4988 7244
3 5117 5118 5119
3 6938 6936 6939
3 370 371 6977
3 6006 6008 6949
3 5944 6451 7102
3 5017 5032 7027
3 5799 7056 7551
3 6137 7258 7259
3 4916 4915 7786
3 6954 6953 7014
3 4436 289 7007
3 6435 6792 7129
3 7116 6921 7828
3 7063 5784 7102
3 7064 7058 7066
3 5678 5876 7043
3 5295 5791 7203
3 5839 5840 7057
3 6387 6111 7161
3 7257 4741 7258
3 5385 5380 7136
3 6437 6438 7164
3 5098 4525 7068
3 5324 5040 5786
3 6133 6134 6135
3 6005 6006 6108
3 6111 5671 7161
3 6378 6606 7028
3 7735 6476 7747
3 4742 4741 7257
3 5835 7064 7065
3 6419 6069 6707
3 6775 6082 6776
3 4864 4874 7041
3 5784 5944 7102
3 7030 7032 7110
3 7070 7113 7499
3 209 210 4457
3 5561 6230 7640
3 5579 7018 7170
3 7042 6474 7630
3 5024 5029 7036
3 6828 4472 6829
3 5694 5171 5695
3 5427 5722 6995
3 412 413 4435
3 4422 200 7049
3 5180 5657 7265
3 7072 6924 7635
3 366 4466 6968
3 368 369 4429
3 5398 5579 5830
3 7105 6162 7280
3 6278 7693 7727
3 7076 5340 7567
3 290 291 7006
3 6469 6951 7380
3 5149 5412 7037
3 6940 6938 6941
3 4922 4920 7160
3 5829 6269 7070
3 6965 6126 7112
3 6411 7071 7471
3 6332 6331 6333
3 6941 6938 6976
3 5858 6334 6335
3 5490 7346 7690
3 6955 8086 8089
3 6183 7076 7567
3 5266 5264 7266
3 5830 5831 5978
3 6136 6135 6579
3 5098 7068 7069
3 5654 5656 7269
3 4593 4589 7279
3 6957 7014 7015
3 4469 198 7075
3 5998 5654 7269
3 7043 6626 7044
3 8140 7154 8147
3 7449 7394 7450
3 6776 6082 6883
3 6587 6600 6848
3 7200 5791 7207
3 5830 5579 5831
3 5160 5162 5570
3 5835 5836 7064
3 6005 5868 6006
3 6335 6334 6357
3 7206 4807 7381
3 6999 6110 7346
3 4834 4837 7042
3 288 4436 6980
3 5637 5142 7037
3 7742 6153 7815
3 5582 7306 7442
3 5753 5868 6005
3 6842 6098 7123
3 5043 5499 7029
3 6135 6134 6582
3 6337 5887 7083
3 7015 7014 7265
3 7038 6481 7701
3 7110 7032 7592
3 4970 6893 7798
3 7128 7143 7444
3 4408 7314 7315
3 7101 7092 7516
3 7975 4847 8008
3 6131 6132 6133
3 4728 4866 7062
3 7404 7268 7421
3 5170 5169 5171
3 4414 7180 7181
3 5587 5819 7106
3 6008 6933 6949
3 7120 6226 7121
3 7097 7096 7586
3 5301 5549 7077
3 7193 7192 7724
3 4867 7229 7243
3 5122 5121 5124
3 6468 7568 7570
3 7074 5241 7467
3 4607 4608 7282
3 5119 5118 5120
3 7779 6237 7786
3 7127 4751 7325
3 6230 6240 7011
3 5379 5383 7137
3 5097 4517 7024
3 7143 4568 7444
3 5099 5100 5541
3 5162 5161 5163
3 366 367 4466
3 5121 5120 5123
3 6113 7404 7421
3 7127 6146 7651
3 7019 7020 7021
3 4468 6981 6982
3 7136 5380 7137
3 5723 5725 5855
3 6895 6896 7689
3 6141 7109 7160
3 206 207 4441
3 410 411 4463
3 6075 6076 6082
3 5847 5697 5848
3 5207 7263 7555
3 5454 5455 5456
3 7568 7298 7570
3 4711 4867 7243
3 6741 6904 7111
3 5160 5159 5161
3 5456 5457 5458
3 7082 4593 7279
3 4809 7335 7719
3 7392 7274 7469
3 4876 4812 7212
3 4856 4859 7132
3 6715 6468 7617
3 7316 7315 7317
3 6895 4724 7775
3 6471 5971 7641
3 7019 7021 7022
3 6290 6080 6291
3 5415 7664 7695
3 5117 5116 5118
3 408 4427 7009
3 5791 7202 7203
3 4874 4967 4982
3 5458 5457 5459
3 7251 4895 7757
3 8077 4973 8112
3 7057 6310 7059
3 5107 5799 7551
3 6133 6132 6134
3 4982 4989 5011
3 7077 5549 7134
3 6797 6424 7167
3 5123 5131 6106
3 6579 6135 6952
3 6831 6830 7040
3 5016 5038 5099
3 5858 5732 6047
3 5398 5395 5579
3 7293 6225 7777
3 6137 7257 7258
3 7126 4751 7127
3 5570 5571 5912
3 5912 5913 6075
3 4855 5070 7073
3 6503 6225 7732
3 5850 6290 7033
3 5230 4654 7140
3 5456 5455 5457
3 5032 5045 6131
3 4679 7647 7822
3 288 289 4436
3 7287 5230 7748
3 7359 5954 7397
3 5269 5266 7266
3 380 381 4458
3 4589 4588 7279
3 4974 7063 7254
3 7131 7130 7564
3 286 4468 6983
3 5156 5158 5701
3 6191 4982 7048
3 7308 7310 7314
3 5460 5459 5461
3 6131 6133 6998
3 4864 4873 4874
3 6374 6625 6626
3 6792 6437 6793
3 5158 5157 5159
3 5105 5103 7643
3 4963 7145 7146
3 5011 5017 5034
3 5162 5163 7534
3 5346 6958 7187
3 5402 5404 7150
3 5978 5979 6261
3 5458 5459 5460
3 6170 7153 7524
3 6133 6135 6136
3 5383 5531 7137
3 5397 5395 5398
3 6424 6423 7167
3 7130 4628 7411
3 4812 4814 7212
3 4414 195 7180
3 5575 5178 7265
3 5460 5461 5462
3 6961 5786 6962
3 4415 404 7118
3 4850 4852 7073
3 5462 5461 5464
3 7753 6928 7794
3 6292 5943 7920
3 7081 7078 7134
3 7356 5506 7706
3 5781 6447 7178
3 6176 7130 7411
3 5351 5348 7187
3 6468 7570 7617
3 5687 5385 7136
3 7153 5416 7524
3 6282 5898 6283
3 4715 4711 7243
3 6535 7912 8075
3 4998 5002 5025
3 6374 6626 7043
3 4756 5662 7133
3 6580 6579 6592
3 5546 5858 7176
3 7019 5391 7020
3 4843 4844 7115
3 5196 5681 7072
3 4670 7030 7110
3 5141 5155 5156
3 7199 7206 7579
3 5813 7541 7542
3 7100 7136 7137
3 7329 7328 7330
3 5404 5435 7150
3 5483 5497 7142
3 7078 7077 7134
3 5270 5268 7112
3 5519 5324 6960
3 5046 5050 7107
3 5632 5633 7447
3 7093 7094 7099
3 364 365 4421
3 5898 5862 7120
3 5722 6993 6995
3 6805 6803 6806
3 4884 4888 7125
3 7306 7096 7442
3 6431 6432 7129
3 5115 5116 5117
3 7314 7310 7315
3 7284 7359 7397
3 4593 7082 7496
3 5022 5024 7122
3 5238 5157 7365
3 7831 6208 7964
3 5978 5831 5979
3 5011 4989 5017
3 6110 5671 6111
3 6055 6339 6658
3 367 368 6932
3 4805 6947 7705
3 5099 5038 5100
3 210 211 6888
3 4768 4766 4769
3 5035 5034 5043
3 286 287 4468
3 4859 4864 7041
3 5115 5117 7208
3 5779 5781 7178
3 7767 6237 7779
3 5465 5464 5466
3 4982 4967 4989
3 5461 5463 7169
3 356 4448 7248
3 408 409 4427
3 5701 5158 7522
3 5148 7103 7184
3 4920 6141 7160
3 5156 5155 5157
3 5454 5453 5455
3 5148 5153 7103
3 5100 5546 7176
3 6098 6097 7123
3 6467 7279 7686
3 6529 5996 7399
3 6261 6262 6293
3 7058 7057 7059
3 289 290 7007
3 4976 4997 4998
3 5326 5328 7541
3 4443 192 7247
3 5462 5464 5465
3 6874 6872 8133
3 6896 7647 7689
3 197 4469 7179
3 6375 6387 6608
3 7070 6269 7113
3 7061 7660 7688
3 5394 5392 5395
3 205 206 7067
3 5668 5888 6875
3 6003 7646 7652
3 5485 5483 7142
3 4855 4856 4858
3 4963 7146 7147
3 5427 5529 5722
3 4814 7211 7212
3 5432 5587 7106
3 5215 6871 7363
3 7065 7064 7066
3 5070 4858 5071
3 406 407 4465
3 4963 4964 7145
3 4978 4985 7063
3 5855 5725 6987
3 4496 4497 4498
3 4720 5233 7217
3 5467 5472 7349
3 369 370 6979
3 4814 4816 7211
3 5072 5071 5073
3 6937 6938 6940
3 5467 5466 5469
3 5469 5471 5494
3 7189 5810 7190
3 4515 4513 4682
3 5160 5570 7522
3 7148 7526 7699
3 362 363 4464
3 5740 5092 7165
3 4768 4769 4770
3 5043 5034 5499
3 5424 5425 5661
3 6282 6283 6542
3 6112 6111 6375
3 6101 6178 7159
3 6257 7862 7885
3 5996 5658 7399
3 284 4428 7034
3 5851 8115 8117
3 7308 4446 7309
3 4752 4751 7126
3 6335 6357 6413
3 5157 5155 7365
3 5745 5357 7177
3 4852 4854 4855
3 5323 5040 5324
3 403 404 4415
3 6469 7392 7469
3 5373 5372 7473
3 6005 6108 6324
3 6112 6375 6376
3 6435 6436 6437
3 7223 7220 7242
3 5465 5467 7349
3 7153 7154 7622
3 5175 6439 7403
3 5194 5196 7072
3 6271 6863 7113
3 4764 4765 4766
3 411 412 6935
3 4874 4873 4967
3 5532 5740 7511
3 7162 6275 7163
3 5633 5640 7447
3 378 379 4490
3 6261 5979 6262
3 203 204 4430
3 4519 4517 5097
3 5840 5844 7057
3 6658 6339 6665
3 5473 5470 5490
3 6803 6471 7023
3 5221 5217 7363
3 7214 7062 7215
3 405 406 7117
3 4852 4855 7073
3 6136 6579 6580
3 6602 6601 6603
3 5494 5495 5671
3 5986 6154 6479
3 5357 5030 7177
3 5380 5379 7137
3 5844 6298 6310
3 5537 7255 7549
3 7293 7777 7802
3 7217 5233 7218
3 5967 7721 7789
3 7198 4807 7206
3 6283 5898 7120
3 4733 7217 7501
3 5985 5792 5986
3 5871 5519 5872
3 6118 6517 7144
3 6380 6378 7028
3 7316 7317 7318
3 201 4470 7049
3 5044 5043 5057
3 5074 5073 5075
3 5260 7141 7486
3 5876 6374 7043
3 5198 5537 7549
3 7201 5802 7645
3 5133 5164 7268
3 5422 5719 7128
3 5452 5453 5454
3 5537 7288 7635
3 5784 5785 5944
3 5860 5538 7077
3 6775 6776 6777
3 5632 7447 7448
3 6263 6317 6564
3 5057 5043 7029
3 5099 5541 6811
3 5609 5454 7108
3 4654 4658 7140
3 4764 4762 4765
3 6969 5009 7608
3 5567 5438 5568
3 5978 6261 6531
3 7184 7103 7355
3 4874 4982 6191
3 4844 4848 7115
3 5800 5827 5829
3 5832 5996 6279
3 4804 4807 7198
3 6958 5344 7336
3 5465 5466 5467
3 5755 5568 5756
3 4772 4770 4773
3 5435 5658 5832
3 6474 6424 6475
3 5060 5639 5800
3 5813 5326 7541
3 284 285 4428
3 349 7308 7314
3 7244 4988 7591
3 5783 5886 6060
3 5450 5451 5452
3 6830 6833 7040
3 5214 5215 5216
3 4819 6897 7827
3 6114 5025 6506
3 5070 5071 5072
3 5494 5671 6110
3 6793 6437 7164
3 5670 5538 5860
3 8092 5854 8113
3 4998 5025 6114
3 6110 6111 6112
3 6251 5980 6512
3 6131 5045 6132
3 5337 5810 7189
3 6310 6298 6562
3 6378 6376 6606
3 4667 5340 7030
3 4734 4733 7601
3 5053 5054 5062
3 6961 6962 6963
3 287 288 6980
3 6363 6064 7156
3 4745 4742 7257
3 4859 7041 7132
3 5876 5883 6372
3 7290 7289 7404
3 5435 5832 7150
3 5072 5073 5074
3 5076 5075 5077
3 5293 5291 7207
3 4848 4850 6463
3 4848 6463 7115
3 5467 5469 5470
3 6595 6593 6601
3 351 352 7312
3 7280 6162 7296
3 4760 4761 4762
3 7190 5810 7192
3 4855 4858 5070
3 5722 5529 5723
3 5928 6423 6424
3 6020 6021 6263
3 5568 5438 5569
3 5153 5177 7103
3 5971 5493 7357
3 7249 7248 7250
3 4767 4766 4768
3 5836 5839 7064
3 6398 6030 6400
3 5944 5945 6094
3 5372 7245 7473
3 5078 5077 5079
3 5839 7058 7064
3 5774 5062 5775
3 5335 5446 7175
3 4523 4521 4656
3 7448 7451 7452
3 359 360 4413
3 5470 5469 6999
3 7378 5931 7379
3 6279 5996 6528
3 5810 5333 7593
3 6474 6475 6925
3 5784 5012 5785
3 201 202 4470
3 4971 4991 5214
3 5214 4991 5215
3 5080 5079 5081
3 5757 5756 5884
3 7353 4601 7354
3 6612 6174 6622
3 7496 7082 7498
3 194 4414 7246
3 5011 5034 5035
3 7218 5233 7219
3 7269 7065 7270
3 5740 7300 7511
3 6342 6174 6612
3 6273 6275 7162
3 6437 6436 6438
3 6153 4665 7370
3 6269 6268 6270
3 365 366 6968
3 4598 4601 7353
3 5194 7072 7288
3 7195 5953 7398
3 7282 4608 7487
3 4608 4610 7487
3 7196 4803 7197
3 7132 7041 7751
3 5092 5090 7165
3 7141 7013 7486
3 4509 4507 4968
3 5274 6127 7172
3 5422 7128 7444
3 5829 6268 6269
3 7380 4945 7392
3 4728 4730 4866
3 5777 5026 5778
3 5069 5058 5438
3 5832 5658 5996
3 7103 6967 7355
3 7030 5340 7031
3 5002 5016 7017
3 5082 5081 5083
3 7283 5846 7428
3 6432 6434 6435
3 7095 7096 7097
3 199 4422 7075
3 4652 5230 7287
3 282 283 4467
3 5800 5829 7070
3 5855 6989 6991
3 7211 4816 7462
3 407 408 7009
3 5538 5301 7077
3 6085 6086 6431
3 5207 5211 7263
3 5263 6146 7325
3 6337 7083 7416
3 5893 5687 6030
3 7085 6122 7086
3 5355 5351 5792
3 6050 5887 6337
3 7504 7131 7564
3 5944 5785 5945
3 5631 5223 7166
3 6580 6592 6593
3 5928 6424 6474
3 6096 6095 6097
3 6096 6097 6098
3 5885 5884 5891
3 6902 6148 7216
3 5056 5064 5424
3 7212 6473 7458
3 5074 5075 5076
3 6015 6309 7151
3 7276 4565 7278
3 7196 7197 7207
3 7220 7219 7221
3 7014 5575 7265
3 6748 6753 7213
3 6957 7015 7016
3 4772 4773 4774
3 5173 5146 5923
3 6296 7283 7428
3 4727 4720 7217
3 404 405 7118
3 5119 5121 5122
3 5779 5778 5780
3 4706 5363 7301
3 5893 6030 6398
3 5395 5392 7018
3 5520 5488 6142
3 6016 7151 7152
3 6271 6270 6272
3 5570 6130 7522
3 7182 5683 7183
3 6058 6629 7210
3 5776 5775 6020
3 6293 6441 6442
3 7308 7309 7310
3 5076 5077 5078
3 4406 354 7249
3 5062 7584 7658
3 5884 5756 6040
3 6269 6270 6271
3 7190 7192 7193
3 5636 7991 8087
3 6841 6842 6843
3 6873 6872 6874
3 4855 4854 4856
3 5672 5877 7161
3 6549 5745 7177
3 7231 7230 7232
3 5025 5002 7017
3 5899 6282 7477
3 5126 5133 7268
3 5415 6927 7753
3 6097 6284 7123
3 6322 6427 6428
3 5477 5475 7124
3 7147 7146 7148
3 5860 7077 7078
3 5029 5052 5053
3 5216 5215 5217
3 4760 4758 4761
3 4886 4884 7125
3 4985 5012 5784
3 7218 7219 7220
3 6026 5665 6027
3 7375 6482 7604
3 5241 5243 7467
3 5829 6247 6268
3 5860 7079 7083
3 6263 6021 6317
3 7700 6503 7732
3 4837 5927 5928
3 5779 5780 5781
3 5218 5219 5220
3 4800 4803 7196
3 5263 5229 5264
3 6094 6095 6096
3 5015 5060 7285
3 4763 4762 4764
3 5053 5062 5774
3 5543 5385 5687
3 5800 5639 5827
3 5520 6142 6143
3 6030 6122 7085
3 6828 6829 6830
3 6881 6880 7748
3 7309 4446 7311
3 6435 6437 6792
3 5608 5908 7364
3 6250 6138 6729
3 7060 6258 7061
3 5820 5431 6138
3 4747 5263 7325
3 4998 4997 5002
3 5235 7274 7391
3 6016 6015 7151
3 7145 6165 7146
3 6271 6272 6273
3 199 200 4422
3 7204 7203 7205
3 5078 5079 5080
3 5663 7126 7352
3 4674 4670 4675
3 5355 5985 7194
3 4833 4831 7188
3 5820 6138 6250
3 4889 5186 7284
3 7083 7079 7416
3 5452 5454 5609
3 6063 6617 6618
3 7146 6165 7526
3 7234 7235 7236
3 5216 5217 5218
3 6541 5997 7607
3 5714 5999 7382
3 6582 6583 6619
3 5781 6015 6016
3 5021 5022 5026
3 5781 5780 6015
3 5932 5794 5933
3 7236 7237 7239
3 5786 5040 6969
3 6789 6386 6790
3 5567 5568 5755
3 5220 5219 5660
3 5892 5891 6063
3 6127 6126 6285
3 5263 5264 5265
3 5069 5438 5567
3 279 280 4416
3 5265 5264 5266
3 5267 5266 5268
3 5141 5156 6959
3 6384 6382 6610
3 7294 7271 7295
3 5397 5398 5545
3 6841 6098 6842
3 5777 5778 5779
3 6798 6431 6920
3 5452 5451 5453
3 5087 5086 5088
3 5708 5706 5904
3 6094 5945 6095
3 350 4446 7308
3 4771 4770 4772
3 5080 5081 5082
3 5469 5466 5471
3 4925 4922 7160
3 6503 7700 7821
3 5035 5043 5044
3 5084 5083 5086
3 5218 5217 5219
3 5774 5775 5776
3 6201 6741 7111
3 7232 7233 7234
3 4498 4497 4499
3 5267 5268 5270
3 5479 5477 5491
3 5265 5266 5267
3 5933 5940 6085
3 6435 6434 6436
3 4669 4667 4670
3 4747 4745 5229
3 4517 4515 7024
3 5472 5470 5473
3 6859 6189 7590
3 6269 6271 7113
3 7447 7394 7449
3 4785 4784 4786
3 4816 4818 7462
3 7221 7229 7230
3 5071 4858 5773
3 6063 5891 6617
3 7329 7331 7333
3 4683 4675 4684
3 5264 6137 7266
3 5578 5761 7274
3 5762 5770 7390
3 7079 7078 7080
3 5053 5052 5054
3 6448 7961 8064
3 4747 5229 5263
3 5662 4755 5663
3 5274 5270 6126
3 4721 7062 7214
3 6995 6993 6996
3 5132 5114 7289
3 4531 4565 7276
3 196 7179 7180
3 7646 7076 7652
3 7664 7143 7695
3 5021 5026 5777
3 5807 6258 7060
3 6115 6116 6117
3 4927 4925 5102
3 7182 7183 7706
3 7085 7086 7087
3 5114 5112 7289
3 197 198 4469
3 6293 6262 6441
3 5475 5473 7562
3 5986 5792 6154
3 4829 7375 7604
3 5089 5088 5090
3 5960 5765 7303
3 6025 6024 6155
3 5274 6126 6127
3 5082 5083 5084
3 5791 5293 7207
3 5394 5395 5397
3 5412 5824 6115
3 5447 5449 5450
3 5564 6886 7838
3 4670 4667 7030
3 5424 5064 5425
3 6085 5940 6086
3 6016 7152 7495
3 5291 7196 7207
3 5355 5792 5985
3 5510 5512 5683
3 5828 5768 7341
3 283 284 7034
3 5757 5884 5885
3 6431 6086 6432
3 4675 4670 7110
3 5494 5471 5495
3 5233 4715 7243
3 5543 5687 5893
3 7221 7230 7231
3 5755 5756 5757
3 6020 5775 6021
3 5829 5827 6247
3 6025 6155 6466
3 6963 6962 6964
3 4985 4986 5012
3 6611 6032 6623
3 4758 4756 7133
3 5220 5660 7166
3 5656 5835 7269
3 6178 4871 7188
3 5960 7303 7304
3 6127 6285 6286
3 6143 6142 6144
3 4628 4630 7411
3 5844 5852 6298
3 5490 5470 6999
3 6015 6017 6309
3 6920 6431 7129
3 173 174 6878
3 5001 5020 5021
3 4733 4727 7217
3 4721 4728 7062
3 5376 5375 5377
3 5214 6165 7145
3 6479 6154 6971
3 5776 6020 6093
3 6012 6553 6554
3 6998 6136 7529
3 6915 6117 6916
3 4667 4660 5340
3 5456 5458 5583
3 4862 6925 7778
3 5593 5595 5845
3 5860 7078 7079
3 5083 5081 5085
3 5593 5594 5595
3 6445 7138 7907
3 5262 5739 7141
3 4871 4833 7188
3 6169 5307 7294
3 4523 4656 7068
3 5084 5086 5087
3 5378 5377 5379
3 5474 5473 5475
3 5671 5672 7161
3 4406 7249 7281
3 4782 4784 4785
3 5605 5949 7253
3 4623 4624 7291
3 5268 5269 5271
3 5331 5335 7175
3 5258 5262 7141
3 5271 5431 5820
3 5591 5592 5593
3 6423 6810 7167
3 7197 7200 7207
3 4897 7422 7446
3 7073 5070 7378
3 5301 5298 5549
3 5672 5674 5877
3 5587 5588 5589
3 5587 5589 5819
3 5793 5794 5932
3 5378 5379 5380
3 6545 5745 6549
3 6442 6794 6795
3 5911 6073 6078
3 5090 5094 7165
3 6494 7251 7757
3 7249 7250 7281
3 7385 7298 7568
3 4786 4788 4789
3 5595 5690 5691
3 5939 5794 7419
3 6179 7012 7597
3 6921 6922 6923
3 4761 4758 7133
3 5132 7289 7290
3 5719 6012 7128
3 4525 4523 7068
3 7252 6202 7253
3 5589 5590 5591
3 4649 4652 7287
3 6364 6363 6620
3 6101 4871 6178
3 5123 5130 5131
3 7274 5761 7469
3 6428 6837 6838
3 4903 4900 7345
3 6155 6569 6570
3 4789 4788 4790
3 5271 5272 5431
3 6755 6757 6886
3 7267 5126 7268
3 7164 6438 8053
3 6273 6272 6274
3 194 195 4414
3 6137 7259 7266
3 5307 5309 7294
3 5335 5445 5446
3 5376 5377 5378
3 5149 5401 5412
3 5488 5485 7142
3 6555 6557 6927
3 356 357 4448
3 7337 4801 7429
3 5885 5891 5892
3 5077 5075 6091
3 5212 5213 7307
3 5671 5495 5672
3 7095 7097 7098
3 4684 4675 4685
3 4972 4974 7254
3 5945 7158 7256
3 6186 5953 7195
3 6117 6118 7144
3 4971 4972 4991
3 5476 5475 5477
3 6115 5824 6116
3 6056 6058 7210
3 6375 6111 6387
3 6121 7808 7863
3 7422 7216 7446
3 4527 4525 5098
3 5727 6024 6025
3 196 197 7179
3 5087 5088 5089
3 5450 5449 5451
3 7297 6159 7298
3 4756 4755 5662
3 4778 4776 4779
3 5753 5867 5868
3 4680 4712 4724
3 5438 5058 7050
3 5225 5223 5631
3 5260 5258 7141
3 6301 7341 7342
3 5379 5382 5383
3 6097 6099 6284
3 6844 6843 6845
3 4790 4792 4793
3 6301 5828 7341
3 6864 7762 7864
3 4978 4984 4985
3 4570 4567 7209
3 6212 7272 7326
3 5659 5730 7399
3 5184 5183 5573
3 5567 5920 7470
3 6508 5972 7427
3 5147 5148 7184
3 7319 7318 7320
3 355 356 7248
3 4544 4543 4546
3 4567 4566 7209
3 5223 5220 7166
3 5659 5729 5730
3 6267 5638 7374
3 5807 6244 6258
3 5844 6310 7057
3 6115 6117 6915
3 5374 5102 5375
3 6595 6601 6602
3 7018 7019 7170
3 7391 7274 7392
3 6104 6893 7252
3 6252 6705 7261
3 4408 348 7314
3 4662 4663 4665
3 5184 5573 5574
3 5292 5291 5293
3 7147 7148 7149
3 5432 5586 5587
3 6072 6064 6363
3 6173 6143 6174
3 4774 4775 4776
3 5044 5057 5058
3 4709 4706 7301
3 4974 4978 7063
3 5691 5910 5911
3 5949 7252 7253
3 6840 6098 6841
3 5276 4635 7296
3 5294 5293 5295
3 5412 6115 7037
3 4793 4792 4794
3 5412 5616 5824
3 5182 5181 5183
3 5835 7065 7269
3 5965 6212 7326
3 5999 6312 7382
3 4774 4773 4775
3 6475 6424 6797
3 5029 5053 7036
3 193 7246 7247
3 355 7248 7249
3 4778 4779 4780
3 6703 5689 7350
3 6055 6103 6339
3 4888 7338 7764
3 5091 5090 5092
3 5180 5181 5182
3 5273 5270 5274
3 5374 5375 5376
3 7329 7330 7331
3 4957 7149 7456
3 5628 5212 7307
3 5727 6023 6024
3 4803 4804 7198
3 5107 5105 5799
3 6846 7751 7832
3 6085 6431 6798
3 5178 5179 5180
3 6161 5955 6481
3 4662 4665 6153
3 5489 5488 5520
3 6991 6989 6992
3 5126 5109 5127
3 5783 5821 5886
3 7087 7088 7089
3 5316 5598 7271
3 4665 4668 4671
3 4777 4776 4778
3 5021 5020 5022
3 5090 5088 5094
3 5153 5175 5176
3 5919 6046 6340
3 4533 4531 7276
3 4636 4640 7296
3 5296 5295 5300
3 7271 5598 7550
3 4677 4680 7689
3 6050 6337 7418
3 5182 5183 5184
3 5126 5127 5133
3 5292 5293 5294
3 4544 4546 4547
3 4794 4796 4797
3 6645 6392 6673
3 5294 5295 5296
3 6379 6378 6380
3 5069 5567 7470
3 6868 6845 6869
3 5148 5152 5153
3 5177 5176 5178
3 5943 5628 7307
3 5892 6063 6064
3 4547 4548 4549
3 5478 5477 5479
3 5524 5551 5879
3 5725 5752 5753
3 6157 6159 7297
3 4658 4661 4662
3 4927 5102 5374
3 5222 5220 5223
3 7221 7219 7229
3 4549 4548 4550
3 4964 4971 7145
3 5112 7267 7289
3 5983 5337 7189
3 6326 5721 7389
3 4616 4619 7292
3 4786 4787 4788
3 6407 6701 6702
3 6141 4919 6237
3 5928 5927 6423
3 5480 5479 5481
3 6796 6101 7159
3 7232 7230 7233
3 4755 4752 7126
3 5115 5114 5116
3 6913 5779 7178
3 6340 6046 6646
3 4549 4550 4551
3 6536 6078 6537
3 7234 7233 7235
3 5793 5932 7305
3 6356 6366 6659
3 6956 6954 6957
3 5778 5026 6887
3 5645 5574 5646
3 5944 6094 6451
3 5089 5090 5091
3 5689 5369 7350
3 5593 5592 5594
3 5133 5127 5134
3 5886 5916 6055
3 6442 6441 6794
3 6702 6701 6787
3 5383 5384 5442
3 6141 6237 6972
3 6169 7294 7295
3 6411 6730 7071
3 5235 4951 5577
3 5050 5437 5440
3 5510 5683 7182
3 6030 5687 6122
3 5383 5442 5531
3 5942 5628 5943
3 4867 4709 7301
3 6006 6007 6008
3 6063 6618 7156
3 6319 5274 7172
3 4964 4966 4971
3 5532 5092 5740
3 4797 4798 4799
3 6033 6401 6613
3 5442 5443 5524
3 5840 5842 5844
3 6012 6554 7128
3 4547 4546 4548
3 6033 5866 6401
3 5491 5477 7124
3 7197 7198 7199
3 7236 7235 7237
3 5113 5112 5114
3 5765 5766 7303
3 5796 5826 5955
3 7200 7199 7201
3 7275 4533 7276
3 5110 5126 7267
3 6407 6406 6701
3 5147 5134 5148
3 6068 6406 6407
3 6602 6603 6604
3 5180 5179 5181
3 6554 6553 6555
3 7396 7284 7397
3 4899 4896 7251
3 4949 4951 5235
3 5093 5092 5532
3 5908 6411 7471
3 7105 7280 7323
3 4879 4878 4880
3 4877 4679 4878
3 5320 7496 7498
3 5894 5545 7995
3 6390 6056 7210
3 7584 6946 7658
3 7197 4803 7198
3 6916 6117 7144
3 5446 5445 5447
3 5785 6454 7158
3 6064 6063 7156
3 4837 5928 7042
3 7284 5186 7359
3 7488 5127 7551
3 5919 5743 6046
3 6481 6527 6970
3 198 199 7075
3 349 350 7308
3 5214 5216 6165
3 6162 5276 7296
3 5352 5399 5807
3 7877 5137 7897
3 5163 5168 5169
3 6056 5938 6058
3 4542 4543 4544
3 4746 4745 4747
3 5290 4799 5291
3 5188 5189 5190
3 4605 4606 4607
3 4656 6738 8088
3 5747 5922 6038
3 6315 5939 7419
3 5339 6307 7343
3 5431 5432 7106
3 5148 5134 5152
3 4671 4672 4679
3 5186 5185 5187
3 6058 6627 6629
3 200 201 7049
3 5337 5333 5810
3 5533 5532 5743
3 6400 6030 7085
3 191 192 4443
3 5691 5690 5910
3 5796 6161 7467
3 6252 5903 6253
3 6863 6273 7162
3 5290 5291 5292
3 5595 5594 5690
3 5678 5746 5876
3 4595 5339 7343
3 5340 4660 7567
3 5186 5187 5188
3 5711 7368 7369
3 5902 6170 7524
3 5911 5910 6073
3 5933 5939 5940
3 6309 6017 6318
3 6068 6067 6406
3 6705 6253 6872
3 5612 5373 7473
3 5899 5898 6282
3 4773 4770 7512
3 5153 5152 5175
3 5230 7140 7742
3 5256 5254 7385
3 5462 5465 5498
3 5695 5696 5697
3 192 193 7247
3 4551 4550 4552
3 4598 4600 4601
3 4876 7212 7458
3 5116 5132 6984
3 6355 5882 7678
3 4540 4539 4541
3 5231 4615 5304
3 4889 5185 5186
3 5190 5189 5194
3 5911 6078 6536
3 6104 6480 6893
3 5178 5176 5179
3 5591 5590 5592
3 5615 5612 5814
3 7126 7127 7352
3 5918 5743 5919
3 6252 6253 6705
3 4636 4638 4640
3 5218 5220 5222
3 5251 6172 7381
3 6364 6620 6621
3 4535 4533 7275
3 5111 5110 5112
3 5198 5192 5537
3 7128 6554 7143
3 4551 4552 4553
3 4610 4612 4613
3 5218 5222 7525
3 5440 5666 5668
3 5937 5938 6056
3 7130 6176 7564
3 4613 4614 4615
3 5937 5521 5938
3 6164 7353 7354
3 6381 6380 6382
3 5111 5112 5113
3 5113 5114 5115
3 5644 5574 5645
3 5615 5814 5965
3 7222 7220 7223
3 4751 4748 7325
3 4959 4962 4963
3 5211 5726 5727
3 4630 4632 4633
3 5603 5605 7253
3 5796 5955 6161
3 7448 7452 7681
3 4775 6107 7347
3 5112 5110 7267
3 6170 6560 7153
3 4778 4780 4781
3 5375 5102 7109
3 5253 5252 5254
3 5524 5525 5551
3 5555 5866 6033
3 6008 6009 6010
3 4602 4604 4605
3 6226 5680 7789
3 6271 6273 6863
3 4616 4618 4619
3 4766 4765 7114
3 5108 5107 5109
3 5482 5481 5483
3 5551 5552 5864
3 5578 5759 5760
3 7771 6223 7781
3 6377 6376 6378
3 4553 4552 4554
3 5251 4876 5252
3 5258 5256 5262
3 5800 7070 7285
3 4620 4622 4623
3 4799 4800 7196
3 6117 6116 6118
3 6432 6433 6434
3 5235 5577 5578
3 5255 5256 5258
3 6791 6186 7195
3 4781 4780 4782
3 5164 5147 5166
3 6072 6363 6364
3 7153 6560 7154
3 4635 4636 7296
3 4690 4692 4716
3 4740 4738 4741
3 5578 5577 5759
3 7197 7199 7200
3 7200 7201 7202
3 195 196 7180
3 5131 5140 5141
3 5253 5254 5255
3 5275 5256 7385
3 5965 5814 6212
3 193 194 7246
3 5188 5187 5189
3 5761 5760 5762
3 4744 4742 4745
3 5582 5747 7306
3 6196 6199 7683
3 6273 6274 6275
3 4843 7115 7715
3 5199 5198 5526
3 6118 6516 6517
3 7030 7031 7032
3 348 349 7314
3 5190 5194 7288
3 5645 5646 5647
3 5262 5535 5739
3 4971 5214 7145
3 5255 5254 5256
3 5589 5588 5590
3 5834 6067 6068
3 5836 5838 5839
3 6109 6476 7335
3 6646 6647 6648
3 4633 4634 4635
3 6078 6073 6415
3 4596 4598 7353
3 4736 4734 4737
3 6119 5965 7326
3 6169 7295 7337
3 4624 4626 4627
3 4811 5251 7381
3 4949 5235 7391
3 5268 5266 5269
3 6169 7337 7429
3 4790 4791 4792
3 5224 5223 5225
3 5264 5229 6137
3 5251 5252 5253
3 6196 6197 6199
3 4542 4541 4543
3 4613 4615 5231
3 4732 4727 4733
3 5304 7292 7293
3 5379 5377 5382
3 5723 5724 5725
3 6285 6126 6965
3 6313 6464 6465
3 4640 4641 4642
3 4652 4654 5230
3 4665 4663 4668
3 4797 4796 4798
3 4797 4799 5290
3 4889 4886 5185
3 5246 5420 5796
3 5431 5272 5432
3 5483 5481 5497
3 5506 5507 7182
3 6157 6158 6159
3 6341 6340 6351
3 6272 6270 6521
3 6746 6748 7213
3 6748 6752 6753
3 4877 4878 4879
3 4890 7284 7396
3 7268 5164 7421
3 7087 7086 7088
3 347 4408 7677
3 5232 4635 5276
3 4885 4884 4886
3 5785 5012 6454
3 5555 5526 5866
3 5834 5689 6067
3 5647 5646 5648
3 6464 6000 7355
3 6393 6392 6645
3 5512 5513 5684
3 5747 5921 5922
3 4658 4662 7140
3 5363 4704 7655
3 4952 4954 4957
3 5133 5134 5147
3 5196 5500 5681
3 5425 5426 5427
3 6313 6000 6464
3 6155 6024 6569
3 6096 6098 6840
3 6401 6402 6403
3 7080 7078 7081
3 5110 5109 5126
3 4595 5338 5339
3 4671 4679 4877
3 4821 4861 5607
3 4884 4882 4888
3 5792 5351 7187
3 5640 7393 7394
3 5798 7184 7355
3 6481 5955 6527
3 6746 7213 7372
3 5312 5316 7271
3 5623 5369 5689
3 6015 5780 6017
3 6902 7216 7422
3 5226 5225 5227
3 6138 5431 7106
3 5472 5473 5474
3 5843 6168 6276
3 4648 4649 4651
3 4671 4668 4672
3 4750 4748 4751
3 182 183 4405
3 4800 4802 4803
3 5066 5717 7401
3 5905 5904 6065
3 6551 6252 7261
3 6422 6799 6800
3 179 180 4444
3 347 348 4408
3 4552 4556 7264
3 4627 4628 7130
3 5193 5192 5198
3 5232 5276 5277
3 5442 5384 5443
3 6540 5997 6541
3 177 178 4471
3 5026 5022 7122
3 5118 5116 6984
3 5383 5382 5384
3 5763 5762 5764
3 6725 6724 6726
3 6741 6744 6904
3 5316 5414 5598
3 6025 7012 7263
3 6453 6944 6945
3 344 345 4447
3 4754 4752 4755
3 5371 4773 7512
3 6212 6445 7272
3 6648 6784 6785
3 4926 4925 4927
3 5781 6016 6447
3 5793 5788 5794
3 4811 4876 5251
3 5231 5304 5987
3 5474 5475 5476
3 6307 8108 8110
3 4569 4567 4570
3 5309 5312 7294
3 6967 6464 7355
3 4903 7345 7825
3 5277 5276 5278
3 5375 7109 7521
3 5946 5815 6109
3 5984 5903 6252
3 6159 6158 6160
3 6317 6452 6453
3 4555 4554 4557
3 7292 4619 7732
3 4633 4635 5232
3 5579 5395 7018
3 5587 5586 5588
3 6047 6048 6356
3 6058 6139 6627
3 4700 4702 4717
3 4883 4882 4884
3 5623 5689 5834
3 5599 5601 5602
3 5797 5608 7364
3 6455 6109 7335
3 6927 6557 6928
3 5281 5280 5282
3 5554 5582 7442
3 4782 4783 4784
3 5271 5269 5272
3 5279 5278 5280
3 5999 5798 6000
3 6445 6446 7138
3 7220 7221 7242
3 4648 6128 7323
3 6727 6726 6728
3 4624 4627 7291
3 4554 7264 7362
3 4804 4806 4807
3 4890 4889 7284
3 5367 5370 7350
3 5498 5465 7349
3 5933 5794 5939
3 6311 6000 6313
3 6097 6095 6099
3 6161 6481 7038
3 4558 4557 4559
3 4607 4606 4608
3 5054 5056 7584
3 5768 5843 7341
3 5972 5816 7427
3 5663 4755 7126
3 5191 5190 5192
3 4553 4554 4555
3 4985 4984 4986
3 5607 5608 5797
3 6383 6382 6384
3 5762 5760 5770
3 5945 5785 7158
3 5367 5366 5370
3 6786 5926 7470
3 6955 6954 6956
3 4794 4795 4796
3 5582 5698 5747
3 5711 5209 7368
3 5108 5111 7395
3 5177 5178 5575
3 6160 6717 7617
3 4540 4541 4542
3 4635 4634 4636
3 4720 4715 5233
3 6391 6390 6392
3 5106 5105 5107
3 5277 5278 5279
3 5761 5762 5763
3 6465 6953 6954
3 4541 4539 4545
3 4548 5411 7358
3 6723 6352 6724
3 4945 7391 7392
3 6299 5987 6306
3 6173 6174 6342
3 410 4463 7339
3 5510 5511 5512
3 175 176 4409
3 185 186 4445
3 4627 4626 4628
3 4711 4709 4867
3 5602 5603 5815
3 188 189 4407
3 4896 4895 7251
3 5365 5366 5367
3 6038 7386 7387
3 6537 6078 7324
3 6422 6781 6799
3 4803 4802 4804
3 5116 5114 5132
3 6146 5265 7518
3 6120 5975 6736
3 350 351 4446
3 4623 4622 4624
3 5291 4799 7196
3 4811 4812 4876
3 5091 5092 5093
3 5108 5109 5110
3 5164 5166 5167
3 5279 5280 5281
3 5602 5601 5603
3 6157 5797 6158
3 4615 4614 4616
3 5656 5737 5835
3 6156 5797 6157
3 4644 4647 4648
3 4798 4796 7429
3 4801 4798 7429
3 5339 5338 5969
3 353 354 4406
3 5286 5284 5361
3 5476 5477 5478
3 341 342 4410
3 4887 4886 4889
3 5554 5581 5582
3 6403 6404 6638
3 6475 6797 7360
3 6614 6613 6615
3 4799 4798 4800
3 5796 5420 5826
3 5647 5648 5975
3 5769 5828 6087
3 5467 5470 5472
3 7089 7090 7091
3 4662 4661 4663
3 5598 5414 5599
3 6473 6157 7297
3 7199 7198 7206
3 4619 4618 4620
3 5527 5526 5555
3 4733 7501 7601
3 4786 4784 4787
3 5478 5479 5480
3 6148 5929 7216
3 5949 6104 7252
3 6057 6056 6390
3 6841 6843 6844
3 4558 4559 4560
3 4560 4561 4562
3 5619 4570 5903
3 5176 5175 7403
3 5715 5714 7382
3 5766 5767 5768
3 6302 5846 7283
3 7326 7272 7918
3 4560 4559 4561
3 5578 5760 5761
3 6512 5980 7733
3 6109 6202 6476
3 4601 4600 4602
3 6830 6832 6833
3 4684 4685 4686
3 6638 6404 6639
3 6180 4718 7436
3 5295 5293 5791
3 5518 5324 5519
3 4552 4550 4556
3 4808 4810 4811
3 5262 5275 5535
3 5558 5556 5751
3 4627 7130 7131
3 4648 4647 4649
3 5001 5021 7591
3 5354 5351 5355
3 7206 6172 7579
3 6212 6213 6445
3 5093 5532 5533
3 5768 5767 5843
3 4797 5290 7453
3 5104 5103 5105
3 5765 5764 5766
3 7267 7268 7404
3 4605 4604 4606
3 4666 4660 4667
3 5607 4861 5608
3 5185 4886 7125
3 4902 4900 4903
3 5153 5176 5177
3 5664 5433 5665
3 5681 5500 7327
3 4613 4612 4614
3 4633 4632 4634
3 4651 4649 7287
3 6170 6559 6560
3 4536 4535 4537
3 5222 5223 5224
3 4595 4596 5338
3 5215 4991 6871
3 5769 5768 5828
3 5777 5779 6913
3 6426 5926 6786
3 6346 6053 6347
3 6276 6168 6519
3 6423 6425 6810
3 4793 4794 7453
3 4880 4878 5289
3 5365 5322 5366
3 5787 5788 5793
3 5211 5727 7263
3 6033 6614 7351
3 4640 4638 4641
3 5312 7271 7294
3 5936 5521 5937
3 5533 5743 5918
3 6795 6794 7262
3 6907 6906 6908
3 4555 4557 4558
3 5304 4615 7292
3 4759 4758 4760
3 4881 4880 4882
3 5180 5182 5657
3 5261 5260 5521
3 5268 5271 7112
3 6017 5780 7571
3 7368 6209 7369
3 5235 5578 7274
3 4538 4537 4539
3 5903 4570 7209
3 5763 5764 5765
3 6161 7074 7467
3 6459 6186 6791
3 4592 4594 4595
3 5141 5154 5155
3 5219 5217 5221
3 5714 5798 5999
3 5897 5862 5898
3 5919 6340 6341
3 5946 6109 6455
3 6403 6638 6669
3 5352 5807 7587
3 5751 5556 7351
3 4807 4806 4808
3 5919 6341 7484
3 6128 7105 7323
3 7019 7022 7170
3 7266 7259 7653
3 4562 4561 4563
3 5259 5258 5260
3 5263 5265 6146
3 6199 6201 7111
3 6902 7139 7876
3 7089 7088 7090
3 5685 5782 5783
3 4592 4595 7343
3 5196 5197 5500
3 5267 5270 5273
3 5968 7424 7425
3 5976 5975 6120
3 5184 5574 5644
3 5535 5693 5741
3 6295 6120 6297
3 4644 4648 7323
3 4825 4823 7423
3 4869 8143 8155
3 5194 5195 5196
3 5727 5726 6023
3 5902 6084 6170
3 6422 6421 6781
3 4563 4561 4590
3 5480 5481 5482
3 5484 5483 5485
3 5953 5606 7398
3 5992 5965 6119
3 4898 4896 4899
3 5602 5946 7438
3 5979 5831 6092
3 7341 6276 7342
3 5613 5612 5615
3 4818 4821 7462
3 5599 5600 5601
3 7327 5669 7328
3 5955 5826 7157
3 6465 6464 6953
3 4587 4589 4591
3 4615 4616 7292
3 6109 5815 6202
3 5133 5147 5164
3 5942 5943 6292
3 4906 4904 4907
3 6230 6231 6240
3 5951 5280 7273
3 5369 5367 7350
3 5370 6145 6408
3 5427 5528 5529
3 4640 7280 7296
3 5108 5110 5111
3 5283 5281 5284
3 5285 5284 5286
3 5524 5443 5525
3 5843 6167 6168
3 5106 5107 5108
3 5582 5581 5698
3 5602 5815 5946
3 5621 5620 7424
3 5236 5307 6169
3 6901 6148 6902
3 7031 5340 7076
3 5787 5715 5788
3 4538 4539 4540
3 4706 4704 5363
3 5922 6421 6422
3 6385 6384 6386
3 5321 5320 5322
3 7280 4642 7323
3 5368 5367 5369
3 5611 5373 5612
3 5747 5698 5921
3 5167 5166 5714
3 5563 5907 6196
3 5054 5055 5056
3 4879 4880 4881
3 5507 5510 7182
3 6122 5687 7136
3 5747 6038 7306
3 6641 7003 7004
3 7096 5864 7442
3 4949 4950 4951
3 5213 5711 6223
3 5224 5225 5226
3 5766 5764 5767
3 5714 5166 5798
3 6160 6166 6717
3 4662 6153 7140
3 5203 6209 7368
3 5364 5322 5365
3 5807 5399 6244
3 6000 5798 7355
3 6253 5903 7209
3 4531 4529 4565
3 4881 4882 4883
3 4910 4908 4911
3 5816 5704 5968
3 6128 4651 6129
3 4883 4884 4885
3 5278 6162 7273
3 5299 5298 5301
3 5520 6143 6173
3 5213 5209 5711
3 5607 5797 6156
3 4969 4825 7423
3 5766 5768 5769
3 4914 4912 4915
3 5312 5315 5316
3 6925 6475 7858
3 4754 4755 4756
3 4899 7251 7344
3 5846 5645 7428
3 6129 4651 6163
3 5032 6131 7027
3 5191 5192 5193
3 6058 5938 6139
3 7056 7488 7551
3 4807 4808 7381
3 4829 4862 7375
3 5316 5413 5414
3 5430 5369 5623
3 5653 5654 5998
3 5788 5715 5851
3 6401 5866 6402
3 6480 6513 6897
3 5843 6276 7341
3 5273 5274 6319
3 6284 6099 6316
3 5100 5101 5546
3 6212 5814 6213
3 6118 6515 6516
3 6341 6351 6352
3 6737 4545 8095
3 4811 4810 4812
3 4847 4845 5103
3 5947 5765 5960
3 6025 6466 7012
3 7963 6506 7968
3 5984 6252 6551
3 6718 6166 7471
3 6311 6313 6737
3 5297 5296 5298
3 5749 5680 6226
3 5727 6025 7263
3 4554 4552 7264
3 5798 5166 7184
3 5243 5246 7467
3 6078 6415 7324
3 6104 6105 6480
3 6295 6297 6714
3 5125 5124 5128
3 5719 6011 6012
3 5999 6000 6311
3 4537 4535 5417
3 5271 5820 7112
3 6067 5689 6703
3 6010 6330 6331
3 6640 6404 7255
3 4748 4747 7325
3 4790 4788 4791
3 6614 6615 6616
3 4894 4892 4895
3 5487 5485 5488
3 5500 5501 5669
3 6460 6189 6859
3 5188 5190 5191
3 5290 6187 7453
3 5482 5483 5484
3 5390 5388 5391
3 5527 5555 5556
3 5629 6184 7502
3 5104 5105 5106
3 5561 6228 6230
3 4907 4904 7414
3 7345 7344 7810
3 6189 4839 7554
3 5068 5058 5069
3 6275 6274 6509
3 6844 6845 6868
3 6868 6869 6870
3 4649 4650 4652
3 6646 6046 6647
3 6627 6139 6628
3 6445 6213 6446
3 6725 6726 6727
3 5638 5613 7374
3 4911 4908 7552
3 7173 5221 7363
3 5287 5286 5372
3 4782 4780 4783
3 5208 5205 5209
3 5815 5603 7253
3 6154 5792 7187
3 6782 6417 6783
3 4794 4792 4795
3 5053 5774 7036
3 5412 5401 5616
3 5644 5645 5846
3 6779 6776 6883
3 4690 4716 7383
3 5103 4845 7509
3 7125 4888 7729
3 5605 5618 5949
3 7364 5908 7471
3 5949 5950 6104
3 6088 6301 6561
3 4942 4945 7380
3 6723 6724 6725
3 7218 7220 7222
3 5914 4969 5915
3 5254 5252 5257
3 4775 5371 6107
3 5390 5391 5392
3 5764 5762 7390
3 6156 6157 6473
3 5175 6151 6439
3 6087 5828 6088
3 5940 5939 6314
3 4640 4642 7280
3 5282 5280 5951
3 5993 5638 6267
3 5751 7351 7371
3 7159 6178 7823
3 6201 6740 6741
3 7541 7175 7542
3 4559 4557 5237
3 4694 4696 5303
3 5922 5921 6421
3 4879 4881 7435
3 5280 5278 7273
3 5339 5969 5994
3 7021 4777 7796
3 5243 5245 5246
3 5500 5669 7327
3 5946 6456 7438
3 4548 4546 5411
3 4895 4892 7396
3 5072 5074 5931
3 5670 5860 7083
3 6043 5977 6208
3 4941 4942 7380
3 6528 5996 6529
3 6071 6064 6072
3 6465 6954 6955
3 6449 5969 7415
3 6210 6087 6823
3 4764 4766 4767
3 4800 4801 4802
3 5193 5198 5199
3 5080 5082 5572
3 5167 5714 5715
3 5199 5526 5527
3 5848 5849 5850
3 5976 6120 6295
3 6152 5987 6299
3 4892 4890 7396
3 5573 5183 5925
3 5226 5227 5228
3 5558 5751 6850
3 5194 5189 5195
3 354 355 7249
3 4885 4886 4887
3 5381 5380 5385
3 6068 6407 6565
3 5571 5162 7534
3 5983 7189 7191
3 6150 6478 6495
3 5620 7574 7609
3 4804 4805 4806
3 5060 5061 5639
3 5365 5367 5368
3 6113 5793 7305
3 4779 7348 7388
3 4446 351 7312
3 4648 4651 6128
3 4887 4889 4890
3 5603 5604 5605
3 6004 5721 6326
3 4642 4644 7323
3 5789 4879 7435
3 4906 4907 4908
3 5309 5311 5312
3 5825 5604 7433
3 4918 4916 4919
3 5328 5331 7541
3 5704 5621 7424
3 4744 4745 4746
3 4841 4839 6189
3 6648 6647 6784
3 4808 4811 7381
3 4924 4922 4925
3 5039 5014 5040
3 5984 6551 7431
3 4971 4966 4972
3 5569 5438 7050
3 4746 4747 4748
3 4595 4594 4596
3 4760 4762 4763
3 5968 5704 7424
3 5969 6164 7415
3 5915 4969 7423
3 5537 5192 7288
3 5994 5969 6449
3 7230 7229 7413
3 4591 4592 7343
3 5350 5348 5351
3 5604 5601 7433
3 5908 5909 6411
3 5937 6056 6057
3 6012 6552 6553
3 6199 6197 6200
3 6199 6200 6201
3 4774 4776 4777
3 5006 5004 5007
3 5551 5525 5552
3 5647 5975 5976
3 6391 6392 6393
3 7764 7338 7784
3 4736 4737 4738
3 4740 4741 4742
3 5844 5842 5852
3 5542 5355 7194
3 5615 5965 5992
3 5464 5461 7169
3 5794 5788 7419
3 5232 5277 6176
3 4724 4712 7214
3 4750 4751 4752
3 4850 4851 4852
3 5521 5260 7486
3 5619 5903 5984
3 5623 5834 6001
3 6341 6722 7484
3 6411 6412 6730
3 6422 6800 7386
3 7138 6446 7139
3 7285 7070 7499
3 5159 5157 5238
3 5370 5366 6145
3 5603 5601 5604
3 6456 6455 6947
3 409 410 7339
3 4642 4643 4644
3 5262 5256 5275
3 6088 5828 6301
3 4536 4537 4538
3 5606 5558 7398
3 6159 6160 7570
3 4779 7347 7348
3 5823 4860 6919
3 4963 4962 4964
3 5080 5572 7377
3 5251 5253 6172
3 5455 5453 5468
3 6033 6613 6614
3 4639 6304 7361
3 5066 5517 5717
3 5191 5954 7359
3 5598 5599 7438
3 7222 7223 7224
3 7275 7276 7277
3 4864 4872 4873
3 5187 6190 7373
3 5769 6087 6210
3 4644 4646 4647
3 5278 5276 6162
3 5231 5987 6152
3 5302 5301 5538
3 7221 7231 7242
3 4683 4684 4718
3 4769 4766 7114
3 4652 4653 4654
3 4859 4863 4864
3 4894 4895 4896
3 6128 6129 6975
3 6459 6791 6835
3 4583 4585 4586
3 5166 5147 7184
3 5255 5258 5259
3 5766 5769 7303
3 5843 5767 6167
3 6196 5907 6197
3 6139 5938 7486
3 4530 4529 4531
3 4686 4687 4688
3 4951 4950 4952
3 5417 4535 7275
3 5969 5338 6164
3 5640 7394 7447
3 5741 5693 6416
3 5338 4596 7353
3 4610 4613 7487
3 5076 5078 5700
3 5977 5542 7194
3 4808 4809 4810
3 5928 6474 7042
3 6170 6084 6559
3 6788 6386 6789
3 4821 4822 4861
3 4898 4899 4900
3 5187 5185 6190
3 5212 5209 5213
3 5196 5195 5197
3 4665 4671 7370
3 5205 5203 7368
3 5285 5286 5287
3 5322 5320 7498
3 6053 5899 7477
3 4732 4733 4734
3 5222 5795 7525
3 5629 5988 6184
3 4880 5289 7338
3 6038 5922 7386
3 4579 4577 4580
3 5209 5205 7368
3 5321 5322 5364
3 5599 5414 5600
3 4910 4911 4912
3 5016 5037 5038
3 5346 5344 6958
3 5763 5765 5947
3 6519 6168 6712
3 4642 4641 4643
3 4674 4675 4683
3 4688 4690 7383
3 4945 4946 7391
3 5721 5430 7389
3 6057 6390 6391
3 7219 5233 7243
3 7277 7276 7278
3 5167 5715 5787
3 5254 5257 7385
3 5321 6171 7443
3 6495 6478 6496
3 4848 4849 4850
3 5834 6068 7366
3 5947 5960 6121
3 6068 6565 7366
3 5181 5179 5924
3 5259 5260 5261
3 5279 5281 5283
3 5287 5372 5373
3 5123 5120 5130
3 5155 5174 7365
3 5535 5275 5693
3 6112 6376 6377
3 6201 6739 6740
3 4534 4533 4535
3 4852 4853 4854
3 4991 4972 7254
3 5188 5191 7359
3 5382 5377 7521
3 4902 4903 4904
3 4924 4925 4926
3 5246 5419 5420
3 6142 5488 7142
3 6402 5866 7549
3 6160 6158 6166
3 6555 6556 6557
3 7289 7267 7404
3 5344 4759 7336
3 4768 4770 4771
3 5002 5013 5016
3 5078 5080 7377
3 5816 5968 7427
3 6403 6402 6404
3 4796 4795 5236
3 5261 5521 5936
3 5611 5612 5613
3 5851 5715 7382
3 6201 6200 6739
3 7154 6560 7155
3 4946 4948 4949
3 5029 5051 5052
3 5283 5284 5285
3 6102 6101 6796
3 5022 5023 5024
3 5316 5315 5413
3 5608 5803 5908
3 5776 6093 6450
3 5994 6449 7455
3 6166 7364 7471
3 6516 6515 6917
3 4688 4689 4690
3 4847 5103 5104
3 6436 6434 6738
3 6953 6464 6967
3 4856 4857 4859
3 5081 5079 7185
3 334 335 4404
3 5576 4871 6101
3 5970 5493 5971
3 6881 7742 7815
3 7395 5111 7454
3 5104 5106 5801
3 6516 6917 6918
3 6188 6585 7676
3 5236 6169 7429
3 7438 6456 7550
3 6721 6082 6775
3 5106 5108 7395
3 5516 5065 7544
3 5371 7512 7513
3 5507 5509 5510
3 5605 5617 5618
3 5072 5931 7378
3 4712 4721 7214
3 5084 5087 5566
3 4812 4813 4814
3 4900 4899 7345
3 5461 5459 5463
3 5605 5604 5617
3 6594 6593 6595
3 4630 4633 7411
3 6171 5364 6182
3 5657 5182 7539
3 4930 4928 4931
3 5949 5618 5950
3 4690 4691 4692
3 5138 5637 7844
3 5386 5385 5543
3 5555 6033 7351
3 4804 4802 4805
3 4938 4940 4941
3 5787 5793 6113
3 6001 5834 7366
3 4579 4581 4582
3 6904 6744 7372
3 5990 4996 6525
3 5084 5566 7402
3 5743 5532 7511
3 6408 6145 6467
3 6152 6299 6300
3 7448 7449 7451
3 5203 5201 6209
3 5895 5542 5977
3 5824 5616 6277
3 6131 6998 7027
3 4818 4820 4821
3 6822 6148 6901
3 7743 6494 7757
3 6156 7211 7462
3 6717 6166 6718
3 7211 6473 7212
3 6235 5516 7544
3 4591 4589 4592
3 4610 4611 4612
3 5252 4876 7458
3 4888 4882 7338
3 5231 6152 7487
3 6175 5846 6302
3 4630 4631 4632
3 6163 4651 7287
3 4608 4609 4610
3 4814 4815 4816
3 5015 5041 5060
3 5232 6176 7411
3 5312 5311 5315
3 5410 5982 7594
3 4636 4637 4638
3 5082 5084 7402
3 4776 4775 7347
3 7193 7724 7731
3 4575 4573 4576
3 4628 4629 4630
3 6722 6352 6723
3 4532 4531 4533
3 4616 4617 4618
3 5229 4745 7257
3 4937 4938 7299
3 7004 7003 7005
3 4877 4879 5789
3 5607 6156 7462
3 6110 6112 7346
3 6346 6347 6348
3 4938 4941 7299
3 5339 5994 6307
3 6185 5953 6186
3 6859 7590 7668
3 4598 4599 4600
3 4899 7344 7345
3 5368 5369 5430
3 5839 5838 5840
3 4627 7131 7291
3 5552 5553 5554
3 4620 4621 4622
3 5999 6311 6312
3 4800 4798 4801
3 5056 5063 5064
3 5321 5364 6171
3 5432 5585 5586
3 4557 4554 7362
3 4624 4625 4626
3 5500 5197 5501
3 5250 5248 5620
3 5618 5617 5758
3 6741 6743 6744
3 4994 4718 6180
3 4808 4806 4809
3 4816 4817 4818
3 7048 5035 7662
3 6202 5815 7253
3 6171 6222 7483
3 6104 5950 6105
3 7255 6402 7549
3 7425 7424 7609
3 4586 4585 4587
3 6195 5345 7587
3 6158 5797 7364
3 5963 6503 6504
3 4946 4949 7391
3 5070 5072 7378
3 5601 5600 7433
3 7150 5832 7693
3 7013 6139 7486
3 4602 4603 4604
3 5017 5018 5032
3 5158 5160 7522
3 4649 4647 4650
3 5001 5019 5020
3 5599 5602 7438
3 5788 5851 7419
3 4599 5320 5321
3 4891 4890 4892
3 5181 5924 7409
3 5192 5190 7288
3 5200 6179 7480
3 6527 5955 7157
3 6647 6046 7511
3 4528 4527 4529
3 5184 5644 7539
3 6354 5882 6355
3 6462 5972 6508
3 5914 5915 6417
3 6188 6584 6585
3 5650 5652 5653
3 7306 6038 7586
3 5968 7425 7426
3 7443 6171 7483
3 4582 4581 4583
3 4796 5236 7429
3 4801 7337 7494
3 7088 7086 7516
3 4812 4810 4813
3 6480 6105 6513
3 4666 4667 4669
3 4669 4670 4674
3 4728 4729 4730
3 5946 6455 6456
3 5246 5796 7467
3 5920 5755 7376
3 5963 6504 7500
3 5993 6267 6530
3 6118 6116 6515
3 6161 7038 7074
3 5941 5382 7521
3 7205 5936 7812
3 4794 4797 7453
3 5290 5292 6187
3 5365 5368 7491
3 6027 6124 6328
3 324 325 7478
3 5089 5091 5095
3 5447 5448 5449
3 6421 5921 6429
3 5959 4603 7483
3 4942 4944 4945
3 5208 5209 5212
3 5613 5615 7374
3 7316 7318 7319
3 4835 4833 4871
3 6115 6915 7037
3 6895 6490 6896
3 4686 4685 4687
3 6466 6155 7824
3 5451 5496 7407
3 4534 4535 4536
3 5060 5800 7285
3 6176 5277 7528
3 5435 5436 5658
3 5767 5764 7390
3 4920 4919 6141
3 5024 5028 5029
3 7000 6017 7571
3 4603 7443 7483
3 4646 4992 5809
3 5319 4688 7383
3 4893 4892 4894
3 5558 6850 7398
3 5730 5729 5731
3 6095 5945 7256
3 7086 6122 7100
3 7076 6183 7652
3 4821 5607 7462
3 5046 5048 5050
3 5430 5623 7389
3 6147 5929 6148
3 6456 6948 7550
3 7311 4446 7312
3 4780 4779 7388
3 5246 5245 5419
3 5446 5447 8011
3 5557 5556 5558
3 5922 6422 7386
3 6496 6880 6881
3 5869 6336 6510
3 7331 7330 7332
3 4775 4773 5371
3 5572 5082 7402
3 5976 6296 7428
3 4633 5232 7411
3 4686 4688 5319
3 4881 4883 5031
3 5554 5580 5581
3 4596 4597 4598
3 5935 5228 6089
3 6441 6262 6801
3 7351 6614 7371
3 4500 4499 4501
3 5617 5604 5825
3 4524 4523 4525
3 6119 7326 7430
3 5503 5505 5506
3 4901 4900 4902
3 4909 4908 4910
3 6383 6384 6385
3 4814 4813 4815
3 4877 5789 7370
3 5102 4925 7160
3 6432 6086 6433
3 6458 6186 6459
3 6377 6378 6379
3 6011 6013 7490
3 5486 5487 7573
3 5814 5612 7473
3 6347 6053 7477
3 6322 6077 6427
3 6125 6089 6813
3 273 274 4412
3 4779 4776 7347
3 6307 5994 6308
3 6379 6380 6381
3 5093 5533 5534
3 5684 5513 5685
3 7330 7328 7334
3 6164 5338 7353
3 5493 5489 7357
3 4672 4673 4677
3 4730 4870 4875
3 5335 5444 5445
3 5757 5885 6418
3 5705 5817 5818
3 6171 6182 6222
3 6240 7878 7915
3 4526 4525 4527
3 6971 4763 7734
3 5294 5296 5297
3 6156 6473 7211
3 6222 7771 7781
3 6150 6495 7530
3 4757 4756 4758
3 4639 6243 6304
3 6145 5366 7498
3 5567 5755 5920
3 5644 6175 7539
3 6470 5971 6471
3 5979 6092 7472
3 6639 6640 6641
3 6520 6014 6808
3 4816 4815 4817
3 5790 6140 6493
3 5976 6295 6296
3 6216 6218 7769
3 4941 4940 4942
3 4976 4995 4997
3 4993 5003 5358
3 6172 5253 7510
3 331 332 4449
3 4905 4904 4906
3 5405 5974 7464
3 5512 5511 5513
3 5790 6493 7466
3 397 398 4411
3 4829 4830 4862
3 5032 5033 5045
3 5189 5187 7373
3 4522 4521 4523
3 5179 5176 7403
3 6429 5921 7434
3 6456 6947 6948
3 6641 6924 7003
3 5144 5115 7208
3 5804 5806 6483
3 5929 5805 7216
3 4904 4903 7414
3 7303 6210 7304
3 6100 5771 6492
3 6128 6975 7105
3 4887 4891 7540
3 6317 6021 6452
3 4837 4838 5927
3 5175 5152 6151
3 5131 5130 5140
3 5342 5288 7514
3 5318 5314 5812
3 4502 4501 4503
3 5091 5093 7457
3 5930 6149 6150
3 6150 6477 6478
3 4564 4563 4566
3 4770 4769 7512
3 4913 4912 4914
3 6339 6103 6713
3 5761 5763 7469
3 4652 4650 4653
3 5608 4861 5803
3 4986 4987 4988
3 6381 6382 6383
3 4818 4817 4819
3 5141 5140 5154
3 5918 5919 7484
3 5835 5737 5836
3 5938 5521 7486
3 6439 6151 6440
3 4887 4890 4891
3 5420 5419 5716
3 5892 6064 6071
3 4921 4923 5239
3 5809 6002 6003
3 7574 6192 7609
3 5109 5107 7551
3 6744 6746 7372
3 4988 5000 5001
3 5384 5382 5941
3 5331 5334 5335
3 5368 5710 7491
3 6055 5916 6103
3 6012 6011 6552
3 6149 6147 7527
3 6152 7282 7487
3 4569 4570 4571
3 5216 5218 7525
3 5563 5906 5907
3 4897 4896 4898
3 5138 5142 5637
3 7216 5805 7446
3 7514 5288 7576
3 6308 5994 7455
3 6469 6121 6951
3 5989 5630 6246
3 5647 5976 7428
3 6399 6398 6649
3 4802 4801 7494
3 5085 5081 7185
3 5155 5154 5174
3 6444 6443 6876
3 5801 5106 7395
3 5313 5416 7492
3 4578 4577 4579
3 332 333 7461
3 5237 4557 7362
3 4868 5326 5813
3 5159 5238 7741
3 6147 6822 7527
3 4520 4519 4521
3 5186 5188 7359
3 6639 6404 6640
3 7090 7088 7092
3 4891 5804 7540
3 4931 4928 7559
3 6962 5786 6969
3 6150 6149 6477
3 6248 6249 6523
3 4644 4643 4646
3 6165 5216 7525
3 5236 5306 5307
3 5421 5901 5902
3 6013 5720 6014
3 5556 5555 7351
3 6426 6786 6820
3 6467 7082 7279
3 6614 6616 7371
3 4544 4547 4655
3 4680 4681 4712
3 5191 5193 5954
3 5307 5308 5309
3 5902 5917 6084
3 6887 5026 7122
3 5698 5581 5699
3 333 334 7408
3 4827 4825 4969
3 6190 5185 7125
3 5255 5259 7510
3 6073 5910 6074
3 4685 4675 7110
3 4949 4948 4950
3 5309 5310 5311
3 5934 6443 6444
3 6248 6523 7901
3 4574 4573 4575
3 5881 5536 6497
3 5988 5989 6534
3 6364 6621 6716
3 6496 6478 6880
3 7742 6881 7748
3 4672 4677 7647
3 5211 5429 5726
3 5772 5628 5942
3 5705 5816 5817
3 6167 5767 7390
3 6446 6213 7245
3 334 4404 7408
3 5257 5252 7458
3 5817 5816 5972
3 5705 5704 5816
3 6416 6468 6715
3 4575 4576 4577
3 5948 5638 5993
3 5769 6210 7303
3 7300 6647 7511
3 5250 5702 7537
3 5763 5947 7469
3 7082 6145 7498
3 4571 4570 5619
3 4654 4657 4658
3 4663 4661 6177
3 5226 5228 5935
3 5614 5613 5638
3 4718 4684 7436
3 4817 4815 4970
3 4549 4551 5418
3 4671 4877 7370
3 5093 5534 7457
3 5742 6045 6188
3 6628 6139 7013
3 4684 4686 7436
3 4783 4780 7388
3 6489 6491 6498
3 6554 6555 7695
3 6725 6727 6735
3 4891 4892 4893
3 5921 5698 7434
3 6420 6417 6782
3 5552 5525 5553
3 7036 5774 7440
3 5778 6887 7571
3 7235 7233 7238
3 5366 5322 7498
3 6460 6859 7010
3 5804 6483 7540
3 6071 6072 6719
3 6555 6553 6556
3 4579 4580 4581
3 4604 4603 5959
3 5710 5430 5721
3 5527 5556 5557
3 5645 5647 7428
3 6333 6358 6359
3 6394 6393 6395
3 4550 4548 7358
3 5809 4992 6002
3 5610 5373 5611
3 5817 5972 6461
3 5863 6061 6062
3 7090 7092 7093
3 4841 6189 6460
3 5200 5202 6179
3 5328 5330 5331
3 5352 5353 5399
3 6915 6916 7405
3 4875 4975 4976
3 5341 5405 7464
3 5952 5606 5953
3 6314 6315 6750
3 6341 6352 6722
3 4572 4574 5422
3 5111 5113 7454
3 5690 5594 5692
3 6552 6011 7490
3 6102 6796 6861
3 5195 5189 7373
3 4542 4544 7400
3 4599 5321 7443
3 4894 4896 4897
3 4906 4908 4909
3 5629 5630 5988
3 6013 6014 6520
3 6739 6200 6742
3 4844 4846 4848
3 5241 5242 5243
3 5364 5365 7491
3 5886 5821 5916
3 6203 5984 7431
3 6125 6813 6814
3 6166 6158 7364
3 4688 4687 4689
3 4978 4983 4984
3 5005 5008 5059
3 5931 5074 7432
3 5164 5167 7421
3 6147 6148 6822
3 6741 6740 6743
3 4583 4584 4585
3 4599 4597 5320
3 4604 5959 7468
3 5405 5407 5974
3 5592 5590 5596
3 6744 6745 6746
3 155 156 7479
3 4898 4900 4901
3 5207 5210 5211
3 328 329 4402
3 4572 5422 7444
3 6411 5909 6412
3 6172 7510 7579
3 4613 5231 7487
3 5515 5865 6248
3 6582 6134 6583
3 4556 4550 7358
3 5313 5317 5416
3 5964 5721 6004
3 6634 6353 6635
3 5700 5078 7377
3 5243 5244 5245
3 5249 5250 7537
3 5492 5562 5563
3 5908 5803 5909
3 6318 6017 7000
3 5134 5127 7488
3 7319 7320 7321
3 4608 4606 4609
3 4658 4659 4661
3 4902 4904 4905
3 5283 5285 5956
3 4882 4880 7338
3 5489 5520 7357
3 4721 4722 4728
3 4881 5031 7435
3 4583 4581 4584
3 4641 4638 7361
3 4805 4802 7494
3 5247 5249 5629
3 6036 6389 6507
3 4818 4819 4820
3 7338 5289 7784
3 5554 5553 5580
3 5384 5941 7648
3 6467 6145 7082
3 374 375 4461
3 4600 4599 7443
3 5576 6101 6102
3 5783 5782 5821
3 4530 4531 4532
3 5356 5514 6505
3 5864 5552 7442
3 4592 4593 4594
3 4677 4678 4680
3 5239 5240 5241
3 5451 5449 5496
3 165 166 4453
3 4616 4614 4617
3 5526 5198 7549
3 5253 5255 7510
3 5930 5929 6147
3 6493 6140 6494
3 4562 4563 4564
3 5566 5087 7463
3 5279 5283 7528
3 5973 5342 7514
3 6416 5693 6468
3 323 324 4476
3 4624 4622 4625
3 6404 6402 7255
3 4792 4791 7532
3 5095 5091 7457
3 5250 5620 5621
3 6560 6559 7563
3 5376 5378 7459
3 5850 6079 6080
3 6031 5894 6396
3 6459 6835 6836
3 166 167 7474
3 5368 5430 5710
3 5439 6255 7412
3 4840 4842 4843
3 5259 5802 7510
3 6477 6149 6926
3 6152 6300 7282
3 4853 4860 5823
3 5439 5738 6255
3 6214 6004 6238
3 5156 5701 6959
3 5250 5621 5702
3 159 160 4451
3 4532 4533 4534
3 4821 4820 4822
3 5484 5485 5486
3 5644 5846 6175
3 6175 6302 6303
3 4602 4600 4603
3 4712 4713 4721
3 5297 5298 5299
3 5553 5525 7565
3 5952 5953 6185
3 6730 6412 6731
3 322 323 7476
3 4528 4529 4530
3 4910 4912 4913
3 6182 5364 7491
3 7086 7100 7516
3 168 169 4403
3 5623 6001 7389
3 5827 5639 6266
3 153 154 4450
3 7229 7219 7243
3 4540 4542 5234
3 5393 5392 5394
3 5935 6089 6125
3 7217 7218 7501
3 5428 5212 5628
3 5287 5373 5610
3 5510 5509 5511
3 4628 4626 4629
3 6320 6319 6571
3 6453 6452 6944
3 7706 7183 7707
3 150 151 4397
3 156 157 4400
3 162 163 4401
3 5413 5315 6181
3 6213 5814 7473
3 6013 6558 7490
3 325 326 4452
3 4945 4944 4946
3 6447 6016 7495
3 6794 6441 7621
3 5378 5380 5381
3 7510 5802 7579
3 6423 5927 6425
3 6385 6386 6788
3 4749 4748 4750
3 5259 5261 5802
3 5611 5613 5614
3 6335 6413 6884
3 321 322 4399
3 4560 4562 5415
3 4575 4577 4578
3 4636 4634 4637
3 7188 4831 7610
3 5377 5375 7521
3 5557 5558 5606
3 5619 5984 6203
3 5852 5853 5854
3 4518 4517 4519
3 5239 4923 5240
3 5204 5203 5205
3 5947 6121 6469
3 318 319 4454
3 4516 4515 4517
3 5068 5069 5926
3 6046 5743 7511
3 4620 4618 4621
3 4826 4828 4829
3 5963 6225 6503
3 4551 4553 7475
3 4753 4752 4754
3 5804 4893 5805
3 314 315 7508
3 315 316 4398
3 6054 6035 6526
3 5615 5992 7374
3 6105 5950 6430
3 167 168 7481
3 7245 6213 7473
3 5347 5349 5352
3 5350 5351 5354
3 5806 5929 5930
3 6483 5806 7530
3 5956 7503 7504
3 4832 7042 7630
3 7109 5102 7160
3 5331 7175 7541
3 5581 5580 7545
3 5993 6530 6910
3 4692 4693 4694
3 5703 5621 5704
3 5658 5659 7399
3 6461 5972 6462
3 6534 5989 6535
3 4772 4774 7367
3 6391 6393 6394
3 4449 332 7461
3 4689 4687 5036
3 5206 5205 5208
3 5504 5502 5957
3 5580 5553 5771
3 5641 5649 7393
3 6176 7528 7564
3 4587 4588 4589
3 5249 5248 5250
3 5416 7153 7622
3 5620 5248 7574
3 5480 5482 5560
3 4739 4738 4740
3 4891 4893 5804
3 5183 5181 7409
3 6492 5771 7565
3 4646 4643 4992
3 5506 5505 5507
3 5614 5948 5963
3 6314 5939 6315
3 4653 4650 6183
3 5487 5492 7573
3 5806 5930 7530
3 6006 5868 6007
3 6443 6100 6877
3 4834 4836 4837
3 6034 5559 6035
3 5902 5901 5917
3 6195 7060 7688
3 4690 4689 4691
3 5054 5052 5055
3 5113 5115 5144
3 5404 5434 5435
3 4914 4915 4916
3 5343 5345 6195
3 4759 4760 7336
3 5182 5184 7539
3 5710 5721 5964
3 6509 7754 7866
3 4666 4669 5622
3 4743 4742 4744
3 6209 5201 7623
3 6137 5229 7257
3 5243 5242 5244
3 5988 5630 5989
3 5930 6147 6149
3 5958 5957 6485
3 5588 5586 5597
3 5265 5267 7518
3 5374 5376 6207
3 6185 6186 6458
3 7448 7447 7449
3 4468 6982 6983
3 4538 4540 7445
3 4835 4871 5576
3 5132 7290 7860
3 5812 5314 7560
3 5968 7426 7427
3 5501 5197 5502
3 4993 4718 4994
3 5236 4795 5306
3 5167 5787 7421
3 6784 6647 7300
3 4553 4555 4645
3 5432 5272 5585
3 5283 5956 7528
3 4569 4572 7444
3 5245 5244 5247
3 5550 5337 5983
3 5614 5638 5948
3 5703 5704 5705
3 6479 7734 7801
3 5204 5206 5207
3 4824 4825 4826
3 4735 4734 4736
3 5240 4923 7533
3 5406 5342 5973
3 4974 4977 4978
3 5359 5991 6216
3 5563 6196 7573
3 5598 7438 7550
3 5787 6113 7421
3 5790 5952 6140
3 333 7408 7461
3 5803 4861 7557
3 5277 5279 7528
3 4841 6460 7509
3 5336 5333 5337
3 5309 5308 5310
3 5804 5805 5806
3 5320 4597 7496
3 4771 4772 5096
3 4822 4823 4824
3 5964 6004 6214
3 4606 4604 7468
3 5487 5488 5489
3 5930 6150 7530
3 5630 5249 7537
3 5859 5745 6545
3 6084 5917 6410
3 6234 5396 7669
3 5410 5408 5982
3 4694 4695 4696
3 4918 4919 4920
3 5242 5240 6192
3 5311 5310 5313
3 5806 5805 5929
3 6197 5907 6198
3 6538 5997 6540
3 5332 5329 5333
3 4504 4503 4505
3 5934 5771 6100
3 5897 5898 5899
3 4908 4907 7552
3 5149 5150 5401
3 5557 5606 5790
3 154 155 7485
3 5719 5720 6011
3 6410 5917 6704
3 5163 5161 5168
3 5275 7385 7568
3 5307 5306 5308
3 5963 5948 6225
3 4646 5809 7535
3 4824 4823 4825
3 4853 4851 4860
3 5354 5355 5542
3 5914 6417 6420
3 5504 5957 5958
3 5580 5771 5934
3 4524 4525 4526
3 5224 5226 7547
3 7225 7224 7226
3 4726 4720 4727
3 4731 4727 4732
3 5022 5020 5023
3 5525 5443 7565
3 5742 6188 7548
3 5241 5240 5242
3 5629 5249 5630
3 4964 4965 4966
3 5425 5064 5426
3 5419 5245 7502
3 4566 8132 8133
3 5805 4893 7446
3 5202 5201 5203
3 5901 5900 6070
3 5359 6216 7612
3 5559 5410 7594
3 5723 5529 5724
3 5688 5545 5894
3 4547 4549 7465
3 4938 4939 4940
3 6013 6520 6558
3 7233 7230 7413
3 5811 4969 5914
3 5870 5530 6502
3 5552 5554 7442
3 6418 5885 7633
3 6746 6747 6748
3 4598 4597 4599
3 5044 5058 5068
3 5222 5224 5795
3 5755 5757 7376
3 6580 6593 6594
3 5422 5423 5719
3 5641 5643 5649
3 4972 4973 4974
3 6002 4992 6264
3 5074 5076 7432
3 6719 6072 7489
3 4672 4668 4673
3 5702 5621 5703
3 7227 7226 7228
3 4522 4523 4524
3 5481 5479 7720
3 7501 7225 7601
3 4659 4657 4660
3 4826 4825 4827
3 4937 4936 4938
3 5416 5317 7524
3 5473 5490 7562
3 5501 5502 5503
3 4630 4629 4631
3 5089 5095 7463
3 5934 6100 6443
3 5087 5089 7463
3 4596 4594 4597
3 4643 4641 7515
3 7092 7088 7516
3 4594 4593 7496
3 6748 6751 6752
3 5421 5902 7524
3 5956 5285 7503
3 6825 5923 6826
3 7225 7227 7601
3 4921 4922 4923
3 5031 7596 7691
3 5356 6505 7553
3 4907 7414 7842
3 5447 5445 5448
3 6011 5720 6013
3 4641 7361 7515
3 6183 4650 7535
3 5926 5069 7470
3 4610 4609 4611
3 5129 5128 5135
3 7298 6159 7570
3 4638 4637 4639
3 5136 6892 7834
3 5247 5629 7502
3 5358 5003 7543
3 6498 6491 6499
3 4526 4527 4528
3 7291 7803 7821
3 5421 5900 5901
3 6802 6471 6803
3 5924 5179 7403
3 5699 5581 7545
3 5809 6003 7652
3 5698 5699 7434
3 4568 4567 4569
3 5076 5700 7432
3 6744 6743 6745
3 6394 6395 6864
3 5096 4772 7367
3 5299 5301 5302
3 5854 5880 6022
3 325 4452 7478
3 4696 4697 4698
3 4923 4924 7533
3 5580 5934 7545
3 6002 6264 6543
3 5421 5318 5900
3 5486 5485 5487
3 6558 6520 6815
3 4592 4589 4593
3 5273 6319 6320
3 4603 4600 7443
3 4861 4822 7557
3 4923 4922 4924
3 5197 5195 7558
3 5247 5244 5248
3 4754 4756 4757
3 5308 5306 6194
3 5947 6469 7469
3 6072 6364 7489
3 5143 5139 5151
3 6216 6217 6218
3 5245 5247 7502
3 7525 5795 7526
3 6099 6095 7256
3 313 314 4474
3 4614 4612 7480
3 4993 5358 7569
3 5199 5527 7466
3 6641 6640 6924
3 4650 4647 7535
3 5323 5324 5518
3 5869 6510 7626
3 5327 5325 6206
3 5546 5547 5732
3 5315 5311 7492
3 5771 5553 7565
3 5866 5526 7549
3 5557 5790 7466
3 5693 5275 7568
3 5313 5310 5314
3 7502 6184 7519
3 6755 6756 6757
3 4622 4621 7410
3 4632 4631 5305
3 4719 4715 4720
3 6304 6243 6550
3 5039 5040 5323
3 6926 6149 7527
3 6420 6782 6855
3 4840 4843 7578
3 6364 6716 7489
3 6202 7252 7747
3 5790 5606 5952
3 5719 5423 5720
3 5311 5313 7492
3 5744 5357 5745
3 5539 5538 5670
3 5935 6125 6193
3 6913 7244 7591
3 6187 5292 7585
3 5345 5347 7587
3 6244 5399 7412
3 5640 5641 7393
3 5247 5248 5249
3 5474 5476 5564
3 4934 4932 4935
3 4826 4829 7604
3 5527 5557 7466
3 5610 5611 7500
3 4822 4820 4823
3 5958 6485 6486
3 4638 4639 7361
3 4917 4916 4918
3 5445 5444 7548
3 4714 4711 4715
3 5208 5212 5428
3 6497 5536 7614
3 5958 6486 6487
3 5317 5318 5421
3 5780 5778 7571
3 6810 6425 6816
3 4885 4887 7540
3 6178 7188 7774
3 5925 5183 7409
3 156 4400 7479
3 4618 4617 7406
3 5127 5109 7551
3 5267 5273 7518
3 7155 6560 7563
3 4612 4611 5200
3 5317 5421 7524
3 5466 5464 7168
3 6585 6584 6596
3 4757 4758 4759
3 5833 4947 5997
3 4597 4594 7496
3 6595 6602 6807
3 5775 5062 7658
3 5507 5505 5508
3 4476 324 7478
3 4520 4521 4522
3 5317 5314 5318
3 6491 6490 6895
3 4647 4646 7535
3 7291 7131 7803
3 5313 5314 5317
3 7255 5537 7635
3 5895 5977 6043
3 4587 4585 4588
3 4835 5576 7554
3 148 149 4475
3 4846 4845 4847
3 4959 4961 4962
3 5204 5207 7555
3 5668 5856 5857
3 7222 7224 7225
3 4917 7038 7701
3 4952 4953 4954
3 5226 5935 7547
3 6179 5202 7555
3 4708 4706 4709
3 5206 5208 7575
3 5563 5562 5906
3 6246 5630 7537
3 6489 6488 6490
3 4572 4573 4574
3 4683 4718 4993
3 4506 4505 4507
3 4663 6177 7507
3 7422 4897 7629
3 4710 4709 4711
3 7100 6122 7136
3 149 150 7517
3 4938 4936 4939
3 4685 7110 7592
3 4993 4994 5003
3 5292 5294 7585
3 6489 6490 6491
3 6720 6719 6780
3 4746 4748 4749
3 5840 5841 5842
3 4544 4655 7400
3 5422 4574 5423
3 5726 5429 6018
3 5774 5776 7440
3 4687 4685 7592
3 6871 4991 7254
3 4750 4752 4753
3 6769 6768 6770
3 5207 5206 5210
3 4568 4569 7444
3 4740 4742 4743
3 4917 4918 7505
3 5717 5517 5718
3 6487 6486 6488
3 5202 5203 5204
3 6752 6754 6755
3 5502 5197 7558
3 4514 4513 4515
3 5507 5508 5509
3 5822 5686 6211
3 4654 4653 4657
3 5586 5585 7439
3 4609 4606 7468
3 4921 5239 7505
3 7570 6160 7617
3 7504 7503 7661
3 4986 4984 4987
3 7208 5117 7723
3 5909 5803 6482
3 6051 5750 6511
3 4992 4643 7515
3 4975 4870 7656
3 5211 5210 5429
3 6420 6855 6856
3 5195 7373 7558
3 6291 6706 6711
3 323 4476 7476
3 4619 4620 7700
3 4661 4659 7538
3 5062 5054 7584
3 4827 4969 5811
3 5331 5330 5334
3 5901 6070 7556
3 4795 4792 7532
3 6349 6348 6350
3 4399 322 7476
3 4774 4777 7367
3 4956 4958 4959
3 7528 5956 7564
3 7369 6209 7704
3 7218 7222 7501
3 4934 4936 4937
3 5776 6450 7440
3 6640 7255 7635
3 4629 4626 7582
3 6192 5240 7533
3 340 341 6934
3 5031 4883 7596
3 4897 4898 7629
3 5294 5297 7585
3 5833 6539 7572
3 6523 6249 6524
3 4536 4538 4664
3 4626 4625 7582
3 5003 4994 5004
3 6248 5865 6249
3 6758 6760 6761
3 4921 4920 4922
3 6090 5926 6426
3 6181 5315 7492
3 5934 6444 7545
3 4840 4839 4841
3 4954 4955 4956
3 6188 6045 6584
3 5453 5451 7407
3 5685 5686 5782
3 4453 166 7474
3 4705 4704 4706
3 5378 5381 7459
3 5352 5349 5353
3 6440 6151 7056
3 6165 7525 7526
3 5399 5353 5439
3 4540 5234 7445
3 5614 5963 7500
3 6731 6732 6733
3 7474 167 7481
3 315 4398 7508
3 4518 4519 4520
3 4666 5622 7538
3 5611 5614 7500
3 7466 6493 7603
3 4893 4894 7446
3 5427 5426 5528
3 6256 6211 6257
3 5716 5419 7519
3 4632 5305 7600
3 6132 5045 7107
3 5200 5201 5202
3 5152 5134 7488
3 5285 5287 7503
3 168 4403 7481
3 4569 4571 4572
3 4736 4738 4739
3 5006 5007 7608
3 5335 5334 5444
3 6468 5693 7568
3 6230 6228 6231
3 4732 4734 4735
3 5658 5436 5659
3 7491 5710 7577
3 5917 5901 7556
3 5200 4611 5201
3 7557 4824 7604
3 4612 5200 7480
3 5003 5004 5005
3 5995 5980 6251
3 4668 4663 7507
3 7492 5416 7622
3 4692 4691 4693
3 5113 5144 7454
3 6277 6278 6305
3 7345 7810 7825
3 5914 6420 7583
3 4856 4854 4857
3 6181 7492 7622
3 4450 154 7485
3 5005 5004 5006
3 6200 6197 7625
3 6731 6412 6732
3 6177 4661 7538
3 4516 4517 4518
3 5343 4759 5344
3 5428 5628 5772
3 5484 5486 5565
3 6482 5803 7557
3 6320 6571 6572
3 5695 5171 5696
3 6482 7557 7604
3 5710 5964 7577
3 5518 5519 5871
3 6043 6208 6365
3 4634 4632 7600
3 5036 4687 7592
3 5029 5028 5051
3 5100 5038 5101
3 5957 5502 7558
3 4549 5418 7465
3 5956 7504 7564
3 7674 6506 7963
3 4532 4534 5360
3 5594 5592 7506
3 4686 5319 7436
3 7424 5620 7609
3 5056 5055 5063
3 5204 5205 5206
3 4683 4993 7569
3 5060 5041 5061
3 155 7479 7485
3 6054 6526 6630
3 5690 5692 7523
3 5772 5942 6215
3 4564 4566 4567
3 5503 5504 5505
3 4743 4744 5288
3 5753 5752 5867
3 5893 6398 6399
3 6034 6035 6054
3 6182 7491 7577
3 4952 4950 4953
3 6262 5979 7472
3 6767 6766 6768
3 4972 4966 4973
3 4914 4916 4917
3 5795 5224 7547
3 4964 4962 4965
3 5503 5502 5504
3 7862 7215 7885
3 5005 5006 5008
3 5297 5299 5808
3 5381 5385 5386
3 4659 4660 4666
3 4988 4987 5000
3 5024 5023 5028
3 6018 5429 6019
3 5971 7357 7641
3 5888 6587 6875
3 5970 5971 6470
3 5001 5000 5019
3 5341 7464 7493
3 5836 5837 5838
3 5234 4542 7400
3 5269 7266 7653
3 5913 5571 7758
3 5020 5019 7553
3 6221 6220 6514
3 5306 4795 7532
3 4639 6205 6243
3 5399 5439 7412
3 5419 7502 7519
3 5570 5912 6130
3 6175 6303 7644
3 6487 6488 6489
3 310 311 4417
3 5273 6320 7518
3 4553 4645 7475
3 6566 6019 6567
3 6937 6940 6942
3 4838 4836 4839
3 4894 4897 7446
3 5033 5018 7733
3 5887 5670 7083
3 7225 7226 7227
3 4698 4699 4700
3 5017 4989 5018
3 4946 4947 4948
3 5592 5596 7506
3 4621 4618 7406
3 7238 7233 7413
3 4681 4678 5042
3 4768 4771 7716
3 5685 5513 5686
3 6071 6719 6720
3 6896 7816 7822
3 5418 4551 7475
3 4842 4841 7509
3 305 306 4424
3 4625 4622 7410
3 7031 7076 7646
3 4854 4853 7520
3 5169 5168 5561
3 5402 7150 7605
3 5875 5548 6518
3 4930 4931 4932
3 5332 5333 5336
3 4617 4614 7480
3 5343 6195 7589
3 5487 5489 5492
3 4843 4842 4844
3 6372 5883 6373
3 4653 6183 7567
3 5878 5516 6235
3 4703 4701 4704
3 4837 4836 4838
3 4848 4846 4849
3 6151 5152 7488
3 5511 5509 5584
3 308 309 4477
3 4660 4657 7567
3 5287 5610 7503
3 6385 6788 6812
3 6428 6427 6837
3 4534 4536 7531
3 4822 4824 7557
3 5409 7894 7895
3 4844 4842 4845
3 6742 6200 7625
3 6746 6745 6747
3 6830 6829 6832
3 5343 5344 5345
3 4918 4920 4921
3 5811 5914 7583
3 5471 5466 7168
3 6062 6061 6632
3 5505 5504 7561
3 6704 5917 7556
3 5772 6215 6224
3 4631 4629 5636
3 6223 5711 7781
3 5757 6418 7376
3 4942 4943 4944
3 150 4397 7517
3 4571 5619 7611
3 5021 5777 7591
3 5336 5337 5550
3 6748 6747 6751
3 6907 6908 6909
3 4978 4977 4983
3 5142 5143 5149
3 4695 4693 4960
3 4826 4827 4828
3 5345 5344 5346
3 6018 6019 6566
3 5199 7466 7603
3 4726 4727 4731
3 4658 4657 4659
3 4639 4637 6205
3 5822 6256 6853
3 5597 5586 7439
3 5876 5746 5883
3 7397 7743 7757
3 4757 4759 5343
3 4829 4828 4830
3 5504 5958 7561
3 7483 6222 7746
3 4918 4921 7505
3 4743 5288 5341
3 6136 6580 7529
3 5444 5742 7548
3 4576 4573 7611
3 5802 5261 7645
3 5833 5997 6538
3 7539 6175 7644
3 7069 6433 8097
3 4572 4571 4573
3 5333 5329 7593
3 6332 6333 8168
3 7222 7225 7501
3 4474 314 7508
3 4731 4732 7615
3 5492 5493 5562
3 5492 5563 7573
3 5838 5837 7482
3 6054 6630 6631
3 7647 6896 7822
3 5406 5973 7588
3 6035 5559 7594
3 4677 4673 4678
3 5822 6211 6256
3 4934 4935 4936
3 5347 5352 7587
3 5935 6193 7547
3 6243 6205 6448
3 4719 4720 4726
3 6049 5734 6220
3 5119 5122 7723
3 5272 5269 7653
3 6345 6346 7631
3 6219 6288 6289
3 4710 4711 4714
3 6277 5616 6278
3 6801 6262 7472
3 4514 4515 4516
3 5310 5308 7560
3 6765 6764 6766
3 4705 4708 5362
3 5049 5047 5980
3 6039 6589 6590
3 4974 4973 4977
3 5193 5199 7603
3 5308 6194 7560
3 5448 5445 7548
3 6510 6336 6643
3 5513 5511 7650
3 6580 6594 7529
3 5590 5588 7536
3 4852 4851 4853
3 5336 5550 5733
3 4637 4634 7600
3 4674 4683 7569
3 4584 4581 7595
3 4753 4754 7589
3 5653 5652 5654
3 4942 4940 4943
3 5297 5808 7585
3 5982 5408 7588
3 7696 5712 7726
3 5449 5448 7420
3 5492 5489 5493
3 7283 6296 8014
3 4739 4740 7493
3 7667 4931 7736
3 4754 4757 7589
3 5725 5724 5752
3 6281 6234 7800
3 4845 4842 7509
3 5733 5889 6036
3 5777 6913 7591
3 4528 4530 4676
3 4767 4768 7716
3 5439 5353 5536
3 5713 5396 6234
3 4806 4805 7705
3 5347 5346 5348
3 5439 5536 5738
3 7056 6151 7488
3 4694 4693 4695
3 5840 5838 5841
3 4679 4672 7647
3 6597 6634 6667
3 4726 4731 4868
3 5210 5206 7575
3 5833 6538 6539
3 6597 6353 6634
3 4850 4849 4851
3 6379 6381 6457
3 145 146 4418
3 4710 4714 4723
3 7544 5065 7627
3 5405 5406 5407
3 5656 5736 5737
3 5859 6545 6546
3 5103 7509 7643
3 5208 5428 7575
3 6489 6498 7684
3 5005 5059 7543
3 5314 5310 7560
3 5407 5408 5409
3 7653 7259 7725
3 144 145 7580
3 4714 4715 4719
3 5341 5342 5405
3 5738 5881 6041
3 6041 6353 6597
3 4512 4511 4513
3 5616 5401 7605
3 7177 5030 7685
3 6041 5881 6353
3 6524 6249 6591
3 4729 4722 4865
3 4830 4828 4831
3 5672 5673 5674
3 4933 4932 4934
3 5444 5530 5742
3 5588 5597 7536
3 6075 6082 6721
3 6346 6348 6349
3 268 269 4419
3 4708 4709 4710
3 4700 4701 4702
3 5405 5342 5406
3 6345 6053 6346
3 5172 5706 5708
3 5349 5348 5350
3 5444 5334 5530
3 4948 4947 5833
3 5002 4997 5013
3 6763 6762 6764
3 5345 5346 5347
3 6769 6771 6772
3 4834 4833 4835
3 5738 5536 5881
3 5692 5594 7506
3 4927 5374 7559
3 5515 5559 5865
3 5520 6173 7357
3 6280 6234 6281
3 4655 4547 7465
3 4824 4826 7604
3 5649 5643 5650
3 4898 4901 7629
3 5409 5410 5515
3 6112 6377 7346
3 5409 5408 5410
3 4844 4845 4846
3 266 267 4481
3 6194 5306 7532
3 4581 4580 7595
3 4838 4839 4840
3 5852 5842 5853
3 6022 5880 6059
3 6264 4992 7515
3 5576 6102 7590
3 6767 6768 6769
3 4508 4507 4509
3 4673 4668 7507
3 4946 4944 4947
3 5682 5542 5895
3 5298 5296 7762
3 5619 6203 7611
3 5854 5853 5880
3 4702 4703 4707
3 5347 5348 5349
3 5941 6972 7767
3 143 144 4480
3 4862 4830 7630
3 5407 5406 5408
3 5341 5288 5342
3 5742 5870 6045
3 6524 6591 6642
3 4926 4927 4928
3 5154 5140 5165
3 5508 5505 7561
3 4832 4831 4833
3 5261 5936 7645
3 6224 6215 6568
3 7319 7321 7322
3 6207 5376 7459
3 4760 4763 7336
3 5496 5449 7420
3 6038 7387 7586
3 6189 7554 7590
3 4705 4706 4708
3 5244 5242 7574
3 6441 6801 7621
3 4664 4538 7445
3 5415 4562 7664
3 5657 7539 7644
3 6120 6736 7760
3 5328 5329 5330
3 5910 5690 7523
3 6045 5870 6338
3 5885 5892 7633
3 6642 6591 6670
3 140 141 4423
3 5865 5559 6034
3 263 264 4426
3 4522 4524 4725
3 4730 4729 4870
3 4868 5325 5326
3 5515 5410 5559
3 6420 6856 7583
3 5742 5530 5870
3 6036 6388 6389
3 6769 6770 6771
3 5326 5327 5328
3 5744 5745 5859
3 5302 5538 5539
3 5360 4534 7531
3 4699 4697 6204
3 5202 5204 7555
3 5327 6206 7593
3 5326 5325 5327
3 7596 6483 7691
3 5636 4629 7582
3 4740 4743 7493
3 4984 4983 7497
3 5248 5244 7574
3 6103 5916 6265
3 5927 4838 7578
3 5958 6487 7561
3 4696 4695 4697
3 4763 4764 7734
3 6036 5889 6388
3 6051 6511 6578
3 5782 5686 5822
3 4853 5823 7520
3 5330 5329 5332
3 4868 4731 5325
3 5019 5356 7553
3 5596 5590 7536
3 4744 4746 7576
3 5401 5150 5402
3 5954 5193 7603
3 8009 5237 8014
3 4680 4678 4681
3 4712 4681 4713
3 5003 5005 7543
3 5354 5542 5682
3 303 304 4478
3 4836 4835 7554
3 4498 4499 4500
3 6197 6198 7625
3 6349 6350 6637
3 4588 4585 7642
3 6259 7696 7726
3 6470 6471 6802
3 4990 8159 8160
3 5068 5926 6090
3 5288 4744 7576
3 4839 4836 7554
3 5328 5327 5329
3 6146 7518 7651
3 4703 4704 4705
3 5242 6192 7574
3 5733 5550 5889
3 6752 6751 6754
3 6825 6826 6847
3 4840 4841 4842
3 7827 6897 7881
3 4659 4666 7538
3 6944 6452 6946
3 4810 4809 7719
3 4864 4863 4872
3 4929 4928 4930
3 6173 6342 7641
3 6425 5927 7578
3 6337 7416 7417
3 6732 7717 7778
3 7533 4924 7637
3 5686 5513 7650
3 7279 4588 7686
3 4956 4955 4958
3 4830 4831 4832
3 6074 5910 7523
3 6034 6054 7598
3 7503 5610 7661
3 6452 6021 7658
3 4475 149 7517
3 7530 6495 7691
3 4732 4735 7615
3 4859 4857 4863
3 5682 5895 6029
3 6755 6754 6756
3 4959 4958 4961
3 6485 5957 7671
3 5991 5990 6532
3 6760 6759 6762
3 4834 4835 4836
3 6853 6256 6854
3 6052 5899 6053
3 4997 4995 7612
3 5836 5737 5837
3 6008 6007 6009
3 4930 4932 4933
3 4564 4567 4568
3 4728 4722 4729
3 5841 5838 7482
3 4873 4872 4981
3 5023 5020 7553
3 5654 5655 5656
3 4954 4953 4955
3 5529 5528 7626
3 4750 4753 7660
3 5019 5030 5356
3 6090 6426 6846
3 4457 6906 6907
3 5625 5544 5626
3 4721 4713 4722
3 5486 7573 7683
3 6102 6861 7668
3 4757 5343 7589
3 5966 4999 6563
3 7334 7706 7707
3 4958 4955 4979
3 4702 4701 4703
3 5565 5486 7683
3 4948 5833 7572
3 5639 5061 7401
3 4983 4977 4999
3 6278 5616 7605
3 6737 8095 8098
3 4657 4653 7567
3 6817 5962 6818
3 6216 5991 6217
3 4510 4509 4511
3 4502 4503 4504
3 4623 7291 7821
3 5390 5392 5393
3 6757 6756 6758
3 4875 4870 4975
3 5356 5357 5514
3 4506 4507 4508
3 5019 5000 5030
3 4500 4501 4502
3 4832 4833 4834
3 5443 5384 7648
3 5562 5493 5970
3 7554 5576 7590
3 6206 5325 7615
3 5622 7790 7866
3 6765 6766 6767
3 7784 5289 7816
3 261 262 4483
3 5051 5441 5523
3 6211 5686 7650
3 5712 5713 6260
3 6485 7671 7729
3 5435 5434 5436
3 5633 5627 5634
3 5387 5389 6233
3 6021 5775 7658
3 5880 5853 6042
3 5970 6470 6472
3 5468 5453 7407
3 7745 5733 7776
3 4698 4697 4699
3 5848 5697 5849
3 4749 4750 7660
3 5997 4947 7607
3 7540 6483 7596
3 301 302 4432
3 5863 6051 6061
3 5359 5990 5991
3 4983 4999 5966
3 4609 7468 7623
3 5859 6546 6547
3 6205 4637 7600
3 5051 5028 5441
3 6502 5530 7628
3 8057 6552 8061
3 7369 7704 7746
3 4987 4984 7497
3 5543 5893 7566
3 6240 6231 6414
3 4976 4975 4995
3 6265 6811 7992
3 5672 5495 5673
3 300 301 7606
3 4573 4571 7611
3 5709 5670 5887
3 7480 6179 7597
3 7671 6190 7729
3 5201 4611 7623
3 4585 4584 7642
3 4512 4513 4514
3 7406 4617 7597
3 4924 4926 7637
3 5045 5046 7107
3 5408 5406 7588
3 6028 5728 6232
3 5514 5357 5744
3 5664 5665 6026
3 6763 6764 6765
3 5514 5744 5754
3 6547 6546 6548
3 4996 4975 7656
3 7500 6504 7661
3 4536 4664 7531
3 270 271 4479
3 5426 5064 7670
3 4611 4609 7623
3 7192 6206 7724
3 6359 6360 6361
3 5995 6251 6533
3 5585 5272 7653
3 6609 6236 6624
3 7590 6102 7668
3 5055 5052 7441
3 7746 6222 7781
3 4743 5341 7493
3 5713 6234 6280
3 138 139 4482
3 5359 4996 5990
3 5052 5051 7441
3 4926 4928 4929
3 4504 4505 4506
3 4700 4699 4701
3 5374 6207 7559
3 5641 5642 5643
3 6209 7623 7704
3 4577 4576 8145
3 5061 5066 7401
3 7307 5213 7770
3 7558 7373 7671
3 7711 6106 7839
3 5560 5482 7624
3 7535 5809 7652
3 4562 4564 7664
3 6043 6365 6655
3 5325 4731 7615
3 5063 5055 6484
3 6655 6365 6674
3 5878 6235 6236
3 6052 6345 6662
3 6346 6349 7631
3 5641 5635 5642
3 6758 6756 6759
3 4857 4854 7520
3 5149 5143 5150
3 5832 6279 7693
3 5061 5065 5066
3 5896 5862 5897
3 5329 5327 7593
3 7373 6190 7671
3 4568 7143 7664
3 5356 5030 5357
3 5523 5750 5863
3 5863 5750 6051
3 5008 5006 5009
3 5330 5332 7628
3 4827 5811 7610
3 6575 6232 6576
3 4746 4749 7576
3 6019 5429 7639
3 4584 7595 8146
3 5016 5013 5037
3 5523 5441 5750
3 5640 5635 5641
3 6266 5639 7401
3 6207 7459 7460
3 139 140 7616
3 6221 6514 6588
3 6333 6359 7666
3 6650 6649 6651
3 6760 6762 6763
3 259 260 4434
3 6525 4996 7656
3 5478 5480 7546
3 5863 6062 7738
3 4617 7480 7597
3 5122 5124 5125
3 5334 5330 7628
3 6183 7535 7652
3 4828 4827 7610
3 6054 6631 7598
3 4510 4511 4512
3 5302 5539 5540
3 6495 6496 7761
3 7575 5428 7665
3 5387 5096 5388
3 7453 6187 7927
3 5386 5543 5544
3 5970 6472 7599
3 4919 4916 7786
3 4516 4518 4869
3 5118 6984 7783
3 7647 4677 7689
3 5892 6071 7633
3 6443 6877 7787
3 5066 5516 5517
3 5393 5394 5396
3 5428 5772 7665
3 6249 5865 7602
3 5659 5728 5729
3 4932 4931 7667
3 4970 4815 7735
3 6632 6061 6633
3 6220 5734 7670
3 7425 7609 7675
3 6192 7533 7675
3 6221 6588 6657
3 6924 6640 7635
3 5508 7561 7684
3 6758 6759 6760
3 6482 7375 7717
3 5440 5437 5666
3 6010 6009 6330
3 5389 5388 5390
3 6333 6331 6358
3 170 171 4473
3 5610 7500 7661
3 6492 7565 7648
3 6946 6452 7658
3 5393 5396 5712
3 5511 5584 7650
3 6383 6385 7703
3 4704 4701 7655
3 4983 5966 7497
3 4895 7396 7757
3 5865 6034 7602
3 6663 6345 7631
3 5987 5304 7802
3 5402 5150 5403
3 5957 7558 7671
3 6222 6182 7771
3 4753 7589 7688
3 5050 5048 5437
3 6191 7048 7832
3 4620 4623 7700
3 5035 5044 7662
3 4838 4840 7578
3 6493 6494 7743
3 7143 6554 7695
3 6291 6080 6706
3 5626 5544 7566
3 4883 4885 7596
3 4995 4996 5359
3 6049 6220 6221
3 6427 6077 7758
3 6370 6294 6371
3 7168 5464 7169
3 5981 5887 6050
3 5897 5899 6052
3 5015 5039 5041
3 5772 6224 7665
3 5429 5210 7639
3 4928 4927 7559
3 4588 7642 7686
3 4699 6204 7655
3 5353 5349 7614
3 5008 5009 5010
3 5349 5350 7614
3 4771 5387 7716
3 5397 5545 5688
3 5482 5484 7624
3 6052 6053 6345
3 5047 5033 7733
3 4995 5359 7612
3 4777 4778 7796
3 4831 4828 7610
3 5906 5562 7599
3 4530 4532 7618
3 7615 4735 7724
3 5230 7742 7748
3 5734 5426 7670
3 6657 6588 6676
3 136 137 4431
3 6034 7598 7602
3 5210 7575 7639
3 6153 7370 7815
3 6233 5389 6259
3 6484 5055 7441
3 5909 6482 7717
3 5528 5734 5869
3 4508 4509 4510
3 6219 6217 6287
3 5878 6236 6344
3 5401 5402 7605
3 7609 6192 7675
3 299 300 7636
3 5696 7011 7813
3 5049 5980 5995
3 5480 5560 7546
3 4872 4863 4980
3 5712 5396 5713
3 6591 6249 7602
3 5032 5018 5033
3 6662 6345 6663
3 5656 5655 5736
3 6218 6217 6219
3 5561 6227 6228
3 6288 6287 6294
3 5674 5675 5676
3 6061 6051 7682
3 5633 5635 5640
3 5130 5120 7783
3 5536 5353 7614
3 5010 5014 5015
3 5737 5736 7709
3 5981 6500 6544
3 7515 7361 7702
3 4781 4782 7799
3 7634 6383 7703
3 7837 6218 7847
3 6028 6575 6577
3 4705 5362 7654
3 4695 4960 7663
3 6484 7441 7738
3 7573 6196 7683
3 6643 6336 6697
3 6231 6228 7718
3 5402 5403 5404
3 6320 6572 7651
3 4995 4975 4996
3 6305 7727 7728
3 6594 6595 7759
3 5736 5655 5882
3 5676 5677 5678
3 7307 7770 7791
3 5101 5038 7737
3 7420 5448 7676
3 7533 7637 7675
3 5539 5670 5709
3 7278 6315 8117
3 6589 6644 6672
3 5808 5299 7632
3 5618 5758 7768
3 5484 5565 7624
3 7468 5959 7704
3 5387 5388 5389
3 5869 6049 6336
3 7518 6320 7651
3 7650 5584 7714
3 7041 6191 7751
3 137 138 7620
3 7565 5443 7648
3 6026 6027 7104
3 4736 4739 7731
3 6567 6019 7763
3 4926 4929 7637
3 5625 5627 5632
3 5861 5749 5862
3 5169 5561 7640
3 7684 6498 7730
3 4944 4943 7607
3 6483 7530 7691
3 4676 4530 7618
3 6007 5868 7740
3 5448 7548 7676
3 392 393 4420
3 4950 4948 7572
3 5912 6075 7581
3 6430 5950 7768
3 6460 7010 7643
3 5528 5426 5734
3 256 257 4462
3 5731 5729 7613
3 5943 7307 7791
3 7623 7468 7704
3 4809 4806 7705
3 5659 5436 5728
3 6549 7177 7830
3 5045 5033 5046
3 390 391 4484
3 387 388 4425
3 5061 5041 5065
3 6027 6328 7104
3 5044 5068 7662
3 7589 6195 7688
3 6385 6812 7703
3 6051 6578 7682
3 6497 7614 7712
3 6071 6720 7633
3 5299 5302 7632
3 7955 6916 7978
3 6219 6287 6288
3 5051 5523 7441
3 4673 7507 7680
3 7121 6226 7721
3 6264 7515 7702
3 6514 6220 7785
3 5042 4678 7680
3 4830 4832 7630
3 5009 5006 7608
3 5138 5139 5142
3 5064 5063 7670
3 5869 5734 6049
3 6280 6281 6362
3 5039 5323 7627
3 5393 5712 7696
3 5964 6214 7756
3 5517 5516 5878
3 7853 6235 7867
3 5122 6245 7723
3 6039 5882 6354
3 6211 7650 7714
3 7717 7375 7778
3 145 4418 7580
3 4701 4699 7655
3 7648 5941 7767
3 4771 5096 5387
3 5654 5652 5655
3 6028 6232 6575
3 6344 6236 6609
3 6802 6803 6804
3 6652 6651 6668
3 5528 5869 7626
3 6377 6379 7690
3 5530 5334 7628
3 7509 6460 7643
3 6496 6881 7792
3 5718 5517 7638
3 4560 5415 7753
3 7561 6487 7684
3 7441 5523 7738
3 7361 6304 7702
3 5867 6037 6405
3 6036 6507 7776
3 7660 4753 7688
3 6381 6383 7634
3 5724 5529 7626
3 5562 5970 7599
3 5564 5476 7749
3 6943 6854 7909
3 4703 4705 7654
3 5066 5065 5516
3 5993 6910 7777
3 4707 4703 7654
3 6228 6227 6229
3 4913 4914 7701
3 5117 5119 7723
3 7548 6188 7676
3 6391 6394 7773
3 5041 5039 7627
3 5748 5680 5749
3 4480 144 7580
3 5632 5627 5633
3 6362 6281 6656
3 6732 6412 7717
3 7334 7356 7706
3 5624 5544 5625
3 4935 4932 7667
3 5386 5544 5624
3 4532 5360 7618
3 298 299 4456
3 5632 7448 7681
3 6584 6045 7649
3 4914 4917 7701
3 5404 5433 5434
3 6880 6478 7788
3 6589 6354 6644
3 5362 4708 7657
3 7639 7575 7665
3 6892 6914 7711
3 7729 4888 7764
3 5010 5009 5014
3 5822 6853 7674
3 5478 7546 7749
3 5729 5728 6028
3 6047 5732 6048
3 6896 6490 7816
3 6568 6215 7972
3 5013 4997 7612
3 7319 7322 7677
3 7426 7425 7817
3 6288 6294 6370
3 5622 4669 7790
3 4947 4944 7607
3 5624 5625 7681
3 5508 7684 7730
3 4408 7316 7677
3 5561 5168 6227
3 4885 7540 7596
3 4710 4723 7657
3 6039 6354 6589
3 7357 6173 7641
3 140 4423 7616
3 4813 4810 7719
3 4851 4849 7976
3 5650 5643 5651
3 5650 5651 5652
3 6328 6329 6573
3 4564 4568 7664
3 7397 5954 7743
3 6379 6457 7690
3 5748 5861 6241
3 5736 5882 6039
3 5015 5014 5039
3 6206 7615 7724
3 6752 6755 7795
3 6075 6721 7581
3 5893 6399 7566
3 6877 6100 7779
3 5302 5540 7632
3 5336 5733 7745
3 5354 5682 7712
3 6818 5962 7750
3 7761 6496 7792
3 7614 5350 7712
3 6487 6489 7684
3 4510 4512 4990
3 4678 4673 7680
3 5679 5677 5680
3 7901 6523 7908
3 5403 7946 7970
3 6065 6698 6699
3 5479 5491 7720
3 5049 5995 6239
3 5625 5626 5627
3 5936 5937 7812
3 4817 4970 7798
3 7299 6951 7863
3 5873 5871 6032
3 6412 5909 7717
3 5688 5894 6031
3 6225 5948 7777
3 385 386 4486
3 6414 6231 6709
3 4931 7559 7736
3 5867 5752 6037
3 5850 5849 6079
3 6518 7837 7847
3 5142 5139 5143
3 5861 5862 5896
3 4878 4679 7822
3 4953 4950 7572
3 5546 5101 5547
3 6031 6396 6397
3 5068 6090 7662
3 5585 7653 7725
3 5675 5673 5967
3 6656 6281 7850
3 6045 6338 7649
3 7792 6881 7815
3 6132 7107 7619
3 5394 5397 7669
3 4708 4710 7657
3 5065 5041 7627
3 5923 5146 7834
3 6933 6332 8167
3 5350 5354 7712
3 5000 4987 7685
3 5404 5403 5433
3 6204 4697 7663
3 5471 7168 7659
3 5633 5634 5635
3 5709 5887 5981
3 6134 6132 7619
3 6502 7745 7776
3 6080 6079 7672
3 5859 6547 7679
3 6130 5912 7581
3 5300 7204 7864
3 5171 5169 7640
3 7572 6539 7739
3 7344 6140 7810
3 4697 4695 7663
3 6500 6050 6501
3 6633 6061 7682
3 7526 5795 7699
3 5674 5673 5675
3 4735 4736 7731
3 6356 6048 6366
3 7704 5959 7746
3 6567 7763 7806
3 5495 5471 7659
3 6491 6895 7775
3 6804 6803 6805
3 5517 5878 7638
3 6190 7125 7729
3 5030 5000 7685
3 5584 5509 7730
3 6180 7437 7914
3 301 4432 7606
3 7628 5332 7745
3 5678 5679 5746
3 5434 5433 5664
3 6816 6425 7715
3 4815 4813 7735
3 4813 7719 7735
3 7439 5585 7725
3 5837 5737 7709
3 5817 6461 7809
3 6257 6211 7714
3 7656 4870 7692
3 5754 5744 7679
3 4619 7700 7732
3 6362 6656 6671
3 4979 4955 7739
3 6414 6709 7286
3 6457 6381 7634
3 7538 5622 7754
3 4764 4767 7734
3 6077 5913 7758
3 5396 5394 7669
3 5744 5859 7679
3 4645 4555 7794
3 5518 5871 5873
3 6399 6649 6650
3 7316 7319 7677
3 5981 6050 6500
3 7460 7708 7848
3 5544 5543 7566
3 5038 5037 7737
3 383 384 4433
3 5625 5632 7681
3 394 395 4485
3 6709 6231 7718
3 6368 5875 6369
3 5959 7483 7746
3 7459 5381 7708
3 5748 5749 5861
3 5509 5508 7730
3 5821 5782 7674
3 4953 7572 7739
3 4674 7569 7790
3 5389 5390 7696
3 6039 6590 7709
3 7559 6207 7736
3 4558 4560 7753
3 7140 6153 7742
3 133 134 4455
3 7691 6495 7761
3 4504 4506 5027
3 6425 7578 7715
3 5476 5478 7749
3 5381 5386 7708
3 5736 6039 7709
3 6405 6037 6605
3 4987 7497 7685
3 6476 6202 7747
3 5874 5548 5875
3 6028 6577 7613
3 7405 6916 7955
3 5878 6344 7638
3 5868 5867 7740
3 5048 5047 5049
3 5028 5023 7673
3 5023 7553 7673
3 6563 4999 8082
3 6178 7774 7823
3 5390 5393 7696
3 7396 7397 7757
3 6228 6229 7718
3 384 385 7697
3 6583 6134 7619
3 5795 7547 7699
3 6492 7648 7767
3 5676 5675 5677
3 5668 5666 5856
3 7547 6193 7699
3 6259 5389 7696
3 5954 7603 7743
3 6826 5923 7834
3 6359 6358 6360
3 7933 6041 7940
3 7603 6493 7743
3 7553 6505 7673
3 7346 6377 7690
3 5874 5875 6368
3 7578 4843 7715
3 5678 5677 5679
3 5161 5159 7741
3 7790 7163 7866
3 5712 6260 7726
3 6697 6336 7722
3 6837 6427 6852
3 5332 5336 7745
3 7756 6214 7770
3 5387 6233 7716
3 4955 4953 7739
3 6502 7628 7745
3 5037 5013 7769
3 7930 6293 7982
3 5729 6028 7613
3 5679 5680 5748
3 6140 5952 7810
3 6541 7607 7833
3 5696 5171 7640
3 6598 6044 6599
3 5046 5033 5047
3 6297 6120 7760
3 5436 5434 7687
3 5386 5624 7708
3 5296 5300 7762
3 6653 6652 6654
3 5882 5655 7678
3 7460 7459 7708
3 6659 6366 6660
3 5046 5047 5048
3 5782 5822 7674
3 4729 4865 7692
3 6650 6652 6653
3 5980 5047 7733
3 5652 5651 7678
3 4482 139 7616
3 7770 6214 7791
3 6232 5728 7687
3 6852 6427 7758
3 5031 7691 7761
3 4431 137 7620
3 7693 6279 7727
3 7423 4823 7827
3 7816 5289 7822
3 5441 5028 7673
3 5523 5863 7738
3 5655 5652 7678
3 4820 4819 7827
3 5013 7612 7769
3 6343 6032 6611
3 5018 4989 7782
3 6079 6409 7672
3 6009 6007 6581
3 6595 6807 7759
3 6581 6007 7740
3 7188 7610 7774
3 4989 4967 7782
3 5547 5548 5874
3 5950 5618 7768
3 5708 5904 5905
3 7369 7746 7781
3 6079 6081 6409
3 5867 6405 7740
3 6337 7417 7418
3 6057 6391 7773
3 4500 4502 5400
3 5985 5986 7932
3 5991 6532 7710
3 5666 5437 5667
3 6207 7460 7736
3 5548 5101 7737
3 5213 6223 7770
3 5434 5664 7687
3 6409 6081 6708
3 5883 5746 5890
3 7612 6216 7769
3 7450 7833 8007
3 6409 6708 6734
3 7577 5964 7756
3 4767 7716 7801
3 300 7606 7636
3 5986 6479 7903
3 7724 4735 7731
3 7435 5031 7761
3 5673 5495 7659
3 5138 5137 5139
3 138 4482 7620
3 6177 7538 7754
3 6549 7830 7846
3 6498 6499 7804
3 5711 7369 7781
3 4621 7406 7824
3 6832 6829 6834
3 5547 5101 5548
3 6508 7427 7851
3 5948 5993 7777
3 7741 5238 7829
3 7728 4980 8017
3 7610 5811 7774
3 5397 5688 7669
3 4782 4785 7799
3 6706 6080 7672
3 7925 6268 7935
3 6486 7764 7784
3 6530 6267 7994
3 6287 6217 7710
3 7414 6458 7842
3 6336 6049 7722
3 6530 7994 7997
3 6182 7577 7771
3 6846 6426 7811
3 5120 5118 7783
3 5961 6254 6522
3 6100 6492 7779
3 6458 6459 7842
3 6488 6486 7784
3 296 297 4488
3 4930 4933 7835
3 4870 4729 7692
3 4778 4781 7796
3 6650 6651 6652
3 5474 5564 7838
3 6499 6491 7775
3 6237 4919 7786
3 7163 6275 7866
3 5441 7673 7819
3 5697 5696 7813
3 6049 6221 7722
3 6876 6443 7787
3 6873 6874 7793
3 6079 5849 6081
3 5873 6032 6343
3 7375 4862 7778
3 5811 7583 7774
3 4575 4578 7845
3 5122 5125 6245
3 4555 4558 7794
3 6486 6485 7764
3 5125 5128 5129
3 5967 5673 7659
3 4456 299 7636
3 5733 6036 7776
3 6512 7733 7782
3 7426 7817 7835
3 6478 6477 7788
3 4558 7753 7794
3 6338 5870 7814
3 7406 6466 7824
3 6511 5750 7819
3 5995 6533 7713
3 7062 4866 7885
3 6492 7767 7779
3 7835 4933 7851
3 6302 8018 8021
3 7856 4937 7861
3 5889 7908 7936
3 7435 7761 7792
3 7514 7836 7855
3 7733 5018 7782
3 5728 5436 7687
3 6361 6677 6678
3 6217 5991 7710
3 6221 6657 7722
3 6576 6232 7820
3 4868 5813 7852
3 7673 6505 7819
3 6214 6238 7791
3 5857 5856 6325
3 6518 5548 7737
3 132 133 7698
3 7731 4739 7849
3 6753 6752 7795
3 4713 7890 7916
3 6019 7639 7763
3 7773 6394 7864
3 5789 7435 7792
3 7349 7838 7911
3 5423 4574 7845
3 4819 4817 7798
3 7763 6224 7806
3 5584 7730 7804
3 7989 5457 8020
3 7349 5472 7838
3 5752 5724 7752
3 5870 6502 7814
3 7639 7665 7763
3 5168 5161 7741
3 6239 5995 7713
3 6485 7729 7764
3 4669 4674 7790
3 6057 7773 7812
3 5789 7792 7815
3 7803 6504 7821
3 7665 6224 7763
3 6522 7877 7897
3 5304 7293 7802
3 7577 7756 7771
3 5323 5518 7780
3 6757 7882 7911
3 5172 5708 7818
3 7997 5716 8000
3 7627 5323 7780
3 5049 6239 7744
3 5905 6065 7750
3 7675 7637 7817
3 7410 6570 7843
3 6044 5857 7694
3 7680 7872 7880
3 6223 7756 7770
3 7670 5063 7785
3 5129 5137 5138
3 6854 7902 7909
3 5063 6484 7785
3 5724 7626 7752
3 7716 6233 7801
3 6325 5856 6327
3 7504 7661 7803
3 7788 6477 7807
3 7131 7504 7803
3 5145 5172 7818
3 7730 6498 7804
3 5514 5754 7841
3 6366 6048 6367
3 7626 6510 7752
3 7708 5624 7848
3 7769 6218 7837
3 6325 6327 6574
3 5937 6057 7812
3 7362 7264 8018
3 4749 7660 7836
3 5818 5817 7809
3 5748 6241 7765
3 131 132 4487
3 5129 5135 5137
3 7902 4866 7909
3 4719 4726 7852
3 385 4486 7697
3 6220 7670 7785
3 6477 6926 7807
3 6426 6820 7811
3 7144 6517 7990
3 4496 4498 5735
3 6048 5732 7797
3 6227 5168 7741
3 4502 4504 7755
3 6219 6289 7847
3 6488 7784 7816
3 7048 7662 7832
3 6461 6462 7808
3 7756 6223 7771
3 7662 6090 7832
3 5732 5547 7797
3 4934 4937 7856
3 7841 5754 7859
3 4625 7410 7843
3 7687 5664 7820
3 7370 5789 7815
3 5713 6280 7831
3 5952 6185 7810
3 5801 7998 8004
3 5146 5136 7834
3 7194 5985 7952
3 7514 7576 7836
3 5680 5677 7789
3 7191 7189 7888
3 6234 7669 7800
3 4504 5027 7755
3 6869 8036 8069
3 7544 7627 7780
3 7776 6507 7814
3 5289 4878 7822
3 7425 7675 7817
3 6037 5752 7752
3 6508 7851 7856
3 6224 6568 7806
3 6281 7800 7850
3 6677 6360 6680
3 5048 5049 7744
3 5437 5048 7744
3 6504 6503 7821
3 6499 7215 7862
3 6815 5770 8037
3 5667 5437 7744
3 6490 6488 7816
3 7774 7583 7823
3 6361 6360 6677
3 6254 5962 6817
3 7661 6504 7803
3 7947 6763 7967
3 6232 7687 7820
3 6272 6521 7873
3 6783 6417 7887
3 5932 7116 7828
3 7810 6185 7825
3 4937 7299 7861
3 7410 4621 7824
3 5746 5679 7765
3 5857 6325 7694
3 5985 7932 7952
3 6542 6283 7977
3 5961 5905 5962
3 5151 5139 7877
3 5675 5967 7789
3 4433 384 7697
3 5961 5962 6254
3 7660 7061 7836
3 5518 5873 7780
3 5631 6870 8051
3 4435 413 8184
3 5679 5748 7765
3 6502 7776 7814
3 6254 6817 6819
3 6185 6458 7825
3 7734 4767 7801
3 5450 8006 8011
3 7986 7450 8007
3 5875 6518 7870
3 5750 5441 7819
3 6624 6236 7853
3 7714 5584 7804
3 7193 7731 7849
3 7685 7497 7830
3 5890 5746 7765
3 4823 4820 7827
3 7305 5932 7828
3 7493 7464 7849
3 6227 7741 7829
3 7840 6062 7879
3 7637 4929 7817
3 6723 6725 7886
3 4873 4981 7875
3 6514 7785 7840
3 6916 7144 7978
3 7177 7685 7830
3 7849 7464 7869
3 7836 7061 7855
3 7204 7773 7864
3 5962 5905 7750
3 7583 6856 7823
3 6330 6009 7772
3 6367 6048 7797
3 6193 6125 7883
3 7456 6193 7883
3 7878 6708 7915
3 6343 7853 7867
3 6758 6761 7882
3 5677 5675 7789
3 7738 6062 7840
3 6329 6818 7939
3 6009 6581 7772
3 6326 7389 7905
3 5708 5905 5961
3 7928 6970 7973
3 7861 7299 7863
3 6260 5713 7831
3 4784 4783 7899
3 7138 4901 7907
3 4788 4787 7898
3 6229 6227 7829
3 5515 6248 7894
3 5547 5874 7797
3 6903 6901 7876
3 5664 6026 7820
3 5688 6031 7800
3 6105 6430 7892
3 7669 5688 7800
3 5400 4502 7755
3 7566 6399 7805
3 5849 5697 7813
3 4730 4875 7909
3 5770 6815 8038
3 6901 6902 7876
3 5977 7194 7964
3 7830 5966 7846
3 5472 5474 7838
3 7497 5966 7830
3 7817 4929 7835
3 6090 6846 7832
3 7894 7191 7895
3 6511 7819 7841
3 6235 7544 7867
3 7681 7452 7848
3 5708 5961 7818
3 6177 7754 7872
3 4601 4602 7912
3 7838 6886 7911
3 7426 7835 7851
3 6365 6208 7993
3 4929 4930 7835
3 7194 7952 7964
3 133 4455 7698
3 6531 6261 7930
3 7680 7507 7872
3 6544 6500 7995
3 6510 6643 7868
3 5626 7566 7805
3 7754 6509 7872
3 6505 5514 7841
3 5634 5627 7884
3 5407 5409 7895
3 7607 4943 7833
3 7576 4749 7836
3 5007 5004 7914
3 5915 7423 7881
3 6459 6836 7842
3 4994 6180 7914
3 6065 6699 7750
3 6599 6044 7694
3 7737 5037 7837
3 5151 6912 7946
3 4574 4575 7845
3 6238 6004 7917
3 7168 7169 7857
3 4901 4902 7907
3 6256 6257 7902
3 6399 6650 7805
3 7990 6517 7998
3 6650 6653 7805
3 6270 6268 7925
3 6514 7840 7879
3 6543 7942 8067
3 7978 7144 7990
3 6081 5849 7813
3 4713 4681 7890
3 6674 6365 8005
3 5966 6563 7846
3 7875 4981 7910
3 5961 6522 7818
3 7272 4905 7918
3 7582 4625 7843
3 7819 6505 7841
3 7033 6290 7962
3 7785 6484 7840
3 5624 7681 7848
3 6550 7954 8090
3 8039 4586 8105
3 6511 7841 7859
3 4510 4990 7874
3 6418 7633 7891
3 5626 7805 7884
3 4865 4722 7916
3 6508 7856 7861
3 8035 4591 8110
3 6815 8037 8062
3 5462 5498 7900
3 7782 4967 7875
3 5818 6823 8111
3 5037 7769 7837
3 4739 7493 7849
3 6484 7738 7840
3 6783 7887 7892
3 6526 6035 7926
3 7011 6240 7915
3 6194 7532 7896
3 7828 6923 7860
3 7193 7849 7869
3 7805 6653 7884
3 4905 4906 7918
3 7427 7426 7851
3 6535 5989 7921
3 6274 7873 7880
3 5583 5458 7938
3 4913 6970 7928
3 5845 5595 7942
3 5889 5550 7908
3 6576 7820 7854
3 7464 5974 7869
3 5973 7855 7865
3 6518 7737 7837
3 4487 132 7698
3 6257 7714 7862
3 4909 4910 7928
3 7430 4909 7928
3 7061 6258 7855
3 4726 4868 7852
3 7667 7736 7893
3 7882 5498 7911
3 5986 7903 7932
3 5973 7514 7855
3 7778 6925 7858
3 7855 6258 7865
3 7740 6405 7826
3 6365 7993 8005
3 6546 6545 8125
3 7800 6031 7850
3 6138 7106 7961
3 7869 5974 7888
3 6236 6235 7853
3 6581 7740 7826
3 7872 6509 7880
3 6218 6219 7847
3 6919 6515 7988
3 6518 7847 7870
3 7890 6521 7916
3 6187 7585 7922
3 5129 5138 7844
3 6062 6632 7879
3 4933 4934 7856
3 5819 5589 7954
3 7943 7646 8050
3 7290 7305 7860
3 6732 7778 7858
3 7191 7888 7895
3 6544 7974 8047
3 7820 6026 7854
3 6286 6285 7991
3 6733 6732 7858
3 6246 7537 7931
3 6031 6397 7850
3 5738 6041 7933
3 7804 6499 7862
3 6258 6244 7865
3 6470 6802 7913
3 7851 4933 7856
3 5143 5151 7946
3 7873 5042 7880
3 5705 5818 7944
3 6462 6508 7861
3 6026 7104 7854
3 6509 6274 7880
3 6037 7752 7868
3 6394 6864 7864
3 6578 6511 7859
3 7946 6912 7970
3 4691 4689 7941
3 6886 6757 7911
3 7190 7193 7869
3 7460 7848 7893
3 7780 5873 7867
3 7544 7780 7867
3 6512 7782 7875
3 7031 7646 7943
3 5036 7592 7934
3 7513 7512 7953
3 7588 5973 7865
3 6462 7861 7863
3 5137 5135 7897
3 7980 5730 8010
3 7908 6523 7936
3 7752 6510 7868
3 7857 7169 7945
3 7305 7828 7860
3 7477 8033 8058
3 4769 7114 7953
3 6245 5125 7844
3 5545 5398 7974
3 7754 5622 7866
3 7847 6289 7870
3 5460 5462 7900
3 5540 7930 7982
3 5025 7017 7968
3 4967 4873 7875
3 6966 6250 7979
3 7659 7168 7857
3 6533 6251 7959
3 5907 5906 7956
3 7714 7804 7862
3 6563 8082 8092
3 7450 7394 7999
3 6274 6272 7873
3 6919 7988 8012
3 6244 7412 7889
3 7507 6177 7872
3 5460 7900 7938
3 6897 6513 7881
3 6299 6306 8044
3 5665 5433 7970
3 7721 5967 7857
3 4935 7948 7957
3 7813 7011 7915
3 6526 7933 7940
3 6215 5942 7960
3 7190 7869 7888
3 7801 6233 7903
3 7889 7412 7906
3 5403 5150 7946
3 6125 6814 7883
3 6369 5875 7870
3 4939 4936 7957
3 7215 7062 7885
3 6081 7813 7915
3 7987 6266 8003
3 4508 4510 7874
3 6300 8059 8066
3 4865 7925 7935
3 6300 6299 8059
3 5145 7818 7897
3 6605 6037 7868
3 7189 7190 7888
3 6265 5916 7963
3 6918 7975 8008
3 4681 5042 7890
3 6588 6514 7879
3 6757 6758 7882
3 6760 6763 7947
3 6725 6735 7886
3 6417 5915 7887
3 5983 7191 7901
3 5873 6343 7867
3 6524 7923 7936
3 5540 5539 7951
3 5125 5129 7844
3 6267 7374 7985
3 7808 6462 7863
3 6479 7801 7903
3 5967 7659 7857
3 5735 8169 8176
3 6448 6205 7969
3 6513 6105 7892
3 5042 7680 7880
3 6240 6414 7878
3 387 4425 7950
3 5943 7791 7920
3 7430 7928 7973
3 5627 5626 7884
3 6528 6529 8026
3 5459 5457 7989
3 5821 7674 7963
3 7104 8192 8195
3 7865 6244 7889
3 5982 7588 7889
3 7588 7865 7889
3 7873 6521 7890
3 5974 5407 7895
3 7600 5305 7969
3 5827 6266 7987
3 5982 7889 7906
3 5409 5515 7894
3 7633 6720 7891
3 5027 8165 8166
3 7885 4866 7902
3 7896 4791 7898
3 5824 6277 7988
3 6515 6116 7988
3 4516 4869 7966
3 6257 7885 7902
3 7449 7450 7986
3 7848 7452 7893
3 6001 7366 8164
3 7532 4791 7896
3 7366 6565 8162
3 6245 7405 7955
3 6795 7262 7927
3 4849 4846 7975
3 6525 7656 7965
3 4791 4788 7898
3 6407 6702 8161
3 6541 7833 7999
3 5139 5137 7877
3 4787 4784 7899
3 7900 6761 7938
3 5135 5145 7897
3 5801 7395 7998
3 7412 6255 7906
3 4486 386 7950
3 4590 4561 8002
3 5450 5452 8006
3 4965 8099 8106
3 5420 5716 7997
3 4559 5237 8002
3 7891 6720 7904
3 4605 4607 8075
3 7069 8097 8131
3 7667 7893 7948
3 7831 6280 7993
3 5498 7882 7900
3 6720 6780 7904
3 7594 5982 7906
3 7894 6248 7901
3 7389 6001 7905
3 7366 8162 8164
3 7882 6761 7900
3 7833 7450 7999
3 7736 7460 7893
3 6512 7875 7910
3 6540 6541 8024
3 6453 6945 8019
3 7169 5463 7945
3 6268 6247 7935
3 6299 8044 8059
3 6854 6256 7902
3 7887 6513 7892
3 6251 6512 7910
3 5550 5983 7908
3 6326 7905 8154
3 7818 6522 7897
3 6233 6259 7903
3 4866 4730 7909
3 4902 4905 7907
3 6324 6108 8153
3 6516 6918 8004
3 4602 4605 7912
3 5151 7877 7949
3 6769 6772 7996
3 7721 7857 7945
3 5583 7947 7967
3 8066 6534 8070
3 6528 8026 8028
3 6540 8024 8034
3 5498 7349 7911
3 7945 5463 7977
3 8167 6332 8168
3 7923 6388 7936
3 4847 5104 8008
3 6296 6295 8009
3 6004 6326 7917
3 6472 6470 7913
3 4865 7916 7925
3 6103 6265 7992
3 7906 6255 7926
3 4425 388 7983
3 6585 6596 8119
3 5004 4994 7914
3 5983 7901 7908
3 5371 7513 8157
3 4980 7728 8027
3 6532 5990 8003
3 6522 6254 7949
3 7723 6245 7955
3 6279 6528 8027
3 6306 6910 8000
3 7881 6513 7887
3 4943 4940 8007
3 7594 7906 7926
3 6523 6524 7936
3 4722 4713 7916
3 5915 7881 7887
3 4906 4909 7918
3 7728 7727 8027
3 7929 6198 7956
3 7888 5974 7895
3 6526 7926 7933
3 6293 6442 7982
3 6708 6081 7915
3 5989 6246 7921
3 6521 6270 7925
3 7592 7032 7934
3 390 4484 8001
3 6533 7980 8010
3 7948 7451 7957
3 7934 7032 7943
3 5583 7938 7947
3 6088 6561 8108
3 6529 7399 7980
3 7585 5808 7922
3 6442 6795 7958
3 6541 7999 8024
3 6208 7831 7993
3 4935 7667 7948
3 7401 5717 8015
3 6524 6642 7923
3 5455 5468 8020
3 4910 4913 7928
3 6261 6293 7930
3 7893 7452 7948
3 6035 7594 7926
3 7697 4486 7924
3 5042 7873 7890
3 7537 5702 7931
3 6525 7965 7987
3 7931 5702 7937
3 6255 5738 7933
3 4968 7878 8121
3 5894 7995 8016
3 8015 5717 8029
3 6187 7922 7927
3 4939 7986 8007
3 6918 6917 7976
3 7791 6238 7920
3 7974 6544 7995
3 6543 6264 8022
3 6530 7997 8000
3 6041 6597 7940
3 7191 7894 7901
3 5650 5653 8034
3 4587 4591 8035
3 4863 4857 8017
3 4583 4586 8039
3 4578 4579 8040
3 6542 7989 8020
3 5458 5460 7938
3 5702 5703 7937
3 5770 5760 8037
3 6531 7930 7951
3 6388 5889 7936
3 7877 6522 7949
3 6259 7726 7932
3 8034 5653 8048
3 7903 6259 7932
3 7477 6282 8033
3 6537 7943 8050
3 4528 4676 8030
3 7283 8014 8018
3 5595 5691 7942
3 4961 8091 8094
3 7032 7031 7943
3 7121 7945 7977
3 5227 8057 8061
3 4689 5036 7941
3 5830 5978 8047
3 5981 6544 8023
3 386 387 7950
3 5998 7270 8056
3 7692 4865 7935
3 7937 5703 7944
3 6630 6526 7940
3 7399 5730 7980
3 5845 7942 8022
3 7971 5446 8011
3 5703 5705 7944
3 6536 6537 8050
3 7932 7726 7952
3 4872 4980 8028
3 6815 6520 8038
3 7922 5808 7958
3 4607 7282 8070
3 5227 5225 8054
3 6542 7977 7989
3 7452 7451 7948
3 5097 7024 8071
3 8036 6928 8069
3 7998 6517 8004
3 8085 6550 8090
3 8055 6543 8067
3 7672 6409 8032
3 7208 7955 7978
3 5691 5911 8067
3 6970 6527 7973
3 8006 6772 8011
3 6761 6760 7947
3 7208 7723 7955
3 6532 8003 8015
3 7930 5540 7951
3 8014 7362 8018
3 6283 7121 7977
3 6870 6869 8069
3 5589 5591 7954
3 8139 6569 8141
3 6553 6552 8057
3 6002 6543 8055
3 5150 5143 7946
3 7106 5819 7961
3 6795 7922 7958
3 7973 6527 7981
3 8078 6738 8079
3 5819 7954 8064
3 5653 5998 8048
3 6198 5907 7956
3 6290 6710 7962
3 4936 4935 7957
3 6294 6287 8060
3 7512 4769 7953
3 5097 8078 8079
3 7935 6247 7965
3 7121 7721 7945
3 6442 7958 7982
3 7108 5583 7967
3 5988 6534 8066
3 5539 5709 7951
3 6527 7157 7981
3 6763 6765 7967
3 5942 6292 7960
3 7916 6521 7925
3 6550 6243 8064
3 7922 6795 7927
3 7952 6260 7964
3 5717 5718 8029
3 5916 5821 7963
3 6506 5025 7968
3 6519 6712 8041
3 5808 7632 7958
3 7967 6765 7984
3 7981 7157 7985
3 7726 6260 7952
3 4514 4516 7966
3 7002 8101 8126
3 6536 8050 8055
3 6254 6819 7949
3 7451 7449 7986
3 6267 7985 7994
3 6285 6966 7991
3 8048 5998 8056
3 7058 7059 8094
3 5609 7108 7984
3 5447 5450 8011
3 7065 7066 8083
3 6322 6428 8093
3 6772 6771 7971
3 8004 6918 8008
3 6205 7600 7969
3 5398 5830 7974
3 6371 6294 8073
3 8051 6870 8069
3 6215 7960 7972
3 7264 4556 8021
3 5411 4546 8080
3 6883 6321 8122
3 7656 7692 7965
3 4541 4545 8086
3 6119 7973 7981
3 7926 6255 7933
3 6119 7430 7973
3 6304 6550 8085
3 388 389 7983
3 4846 4847 7975
3 4521 4519 8079
3 6533 7959 7980
3 6250 6729 7979
3 6563 8092 8113
3 6438 6436 8078
3 6286 7991 8102
3 6310 6562 8106
3 7108 7967 7984
3 6738 6434 8088
3 6992 6989 8151
3 5992 6119 7981
3 5433 5403 7970
3 5144 7208 7978
3 5591 5593 8090
3 7692 7935 7965
3 6525 7987 8003
3 6313 6465 8089
3 4999 4977 8077
3 4849 7975 7976
3 4762 4761 8136
3 6294 8060 8073
3 6396 8016 8107
3 8056 7270 8072
3 8023 6544 8047
3 5852 5854 8092
3 6500 6501 8016
3 5609 7984 7996
3 4537 5417 8095
3 6260 7831 7964
3 5992 7981 7985
3 4545 4539 8095
3 7958 7632 7982
3 6765 6767 7984
3 7996 6772 8006
3 7938 6761 7947
3 5305 4631 8087
3 6562 8077 8112
3 7632 5540 7982
3 6116 5824 7988
3 7374 5992 7985
3 6247 5827 7987
3 8012 6305 8025
3 5463 5459 7989
3 5940 6314 8097
3 6564 8030 8101
3 6966 7979 8087
3 6312 6311 8098
3 5417 7275 8104
3 4961 4958 8091
3 5545 7974 7995
3 6433 6086 8097
3 6315 7419 8117
3 5144 7978 7990
3 7454 5144 7990
3 4761 7133 8163
3 7343 6307 8110
3 5851 7382 8115
3 7157 5826 7994
3 8159 6990 8160
3 4484 391 8081
3 7984 6767 7996
3 4979 8072 8083
3 392 4420 8081
3 6713 6103 7992
3 4939 7957 7986
3 7676 6585 8096
3 7994 5826 7997
3 4529 4527 8103
3 6561 8035 8110
3 4965 4962 8099
3 7342 8039 8105
3 6277 6305 8012
3 389 390 8001
3 4979 7739 8072
3 6229 7164 8053
3 5826 5420 7997
3 6767 6769 7996
3 7942 6543 8022
3 7965 6247 7987
3 7395 7454 7998
3 6280 6362 7993
3 7983 389 8001
3 4973 4966 8112
3 7959 6529 7980
3 7394 7393 7999
3 6910 6530 8000
3 4561 4559 8002
3 7454 7990 7998
3 5636 7582 8102
3 8033 5468 8058
3 8035 6561 8105
3 6305 7728 8025
3 5990 6525 8003
3 6531 7951 8023
3 6517 6516 8004
3 6945 6997 8019
3 5452 5609 8006
3 6545 6549 8124
3 5104 5801 8008
3 6251 7910 7959
3 7133 5662 8158
3 7718 6229 8053
3 6295 6714 8009
3 7542 6771 8065
3 8036 6869 8045
3 7993 6362 8005
3 7951 5709 8023
3 7002 6263 8101
3 8039 7342 8100
3 5730 5731 8010
3 4940 4939 8007
3 8029 5718 8060
3 6362 6671 8005
3 7975 6918 7976
3 8144 6023 8148
3 5845 8022 8085
3 6242 6419 8013
3 5662 5663 8156
3 4420 393 8116
3 5823 6919 8012
3 6869 6845 8045
3 4607 8070 8075
3 6316 7152 8068
3 6296 8009 8014
3 394 4485 8116
3 8149 6018 8150
3 8020 5468 8033
3 7713 6533 8010
3 6532 8015 8029
3 8083 7066 8091
3 6266 7401 8015
3 6312 8104 8115
3 8104 7277 8115
3 5662 8156 8158
3 7954 6550 8064
3 7794 6928 8036
3 6845 6843 8043
3 7999 7393 8024
3 4857 7520 8017
3 5457 5455 8020
3 8003 6266 8015
3 5823 8012 8025
3 7957 7451 7986
3 6843 6842 8042
3 6845 8043 8045
3 6347 7477 8058
3 8017 7520 8025
3 414 8183 8184
3 6843 8042 8043
3 8094 7059 8099
3 6306 8000 8044
3 6842 7123 8046
3 7728 8017 8025
3 6570 6569 8139
3 6300 8066 8070
3 4526 4528 8030
3 7393 5649 8024
3 6264 7702 8022
3 7520 5823 8025
3 7985 7157 7994
3 5227 8054 8057
3 6317 6453 8130
3 5709 5981 8023
3 8024 5649 8034
3 6770 6773 8065
3 4556 7358 8031
3 4981 4872 8028
3 7977 5463 7989
3 7261 5600 8137
3 6348 6347 8074
3 6540 8034 8048
3 6301 7342 8105
3 6823 6087 8109
3 6282 6542 8033
3 4645 8036 8045
3 8026 4981 8028
3 4586 4587 8035
3 5760 5759 8037
3 5801 8004 8008
3 7710 6532 8029
3 7727 6279 8027
3 4582 4583 8039
3 4579 4582 8040
3 6823 8109 8111
3 6348 8074 8084
3 4578 8040 8041
3 8042 6842 8046
3 6520 6808 8038
3 7995 6500 8016
3 4645 7794 8036
3 5649 5650 8034
3 6347 8058 8074
3 7878 6414 8121
3 6276 6519 8100
3 6997 6994 8155
3 7979 5305 8087
3 6318 7001 8123
3 7133 8158 8163
3 4725 8129 8130
3 4725 4524 8129
3 4485 395 8127
3 6409 6734 8032
3 7431 8140 8147
3 397 4411 8128
3 7465 5418 8042
3 6253 7209 8133
3 5418 7475 8043
3 4566 4563 8132
3 5228 5227 8061
3 8042 5418 8043
3 5228 8061 8063
3 7475 4645 8045
3 5716 7519 8044
3 7123 6284 8049
3 5609 7996 8006
3 7622 7154 8140
3 5978 6531 8047
3 4655 7465 8046
3 8132 6874 8133
3 7400 4655 8049
3 6089 5228 8063
3 8043 7475 8045
3 6350 6348 8084
3 6538 6540 8048
3 4655 8046 8049
3 6813 6089 8062
3 8134 6997 8143
3 7465 8042 8046
3 8062 6089 8063
3 5600 5414 8137
3 8046 7123 8049
3 7172 6127 8141
3 6771 6770 8065
3 6284 6316 8052
3 6538 8048 8056
3 6557 6556 8051
3 7400 8049 8052
3 7646 6003 8050
3 6536 8055 8067
3 6562 6298 8082
3 8106 6562 8112
3 5225 5631 8054
3 7991 5636 8102
3 401 402 8180
3 8018 7264 8021
3 5234 7400 8052
3 6531 8023 8047
3 6309 6318 8120
3 4522 4725 8134
3 5663 7352 8152
3 8061 7490 8063
3 6539 6538 8056
3 6003 6002 8055
3 7151 6309 8118
3 7152 7151 8114
3 8099 7059 8106
3 8059 6184 8066
3 6556 6553 8057
3 8049 6284 8052
3 6552 7490 8061
3 8044 7519 8059
3 8040 6519 8041
3 6024 6023 8144
3 6558 8062 8063
3 6558 6815 8062
3 7490 6558 8063
3 7519 6184 8059
3 6557 8051 8069
3 6772 7971 8011
3 8031 7358 8076
3 5468 7407 8058
3 8052 6316 8068
3 6350 8084 8096
3 8120 6318 8123
3 5911 6536 8067
3 8101 4676 8126
3 6559 6084 8146
3 6184 5988 8066
3 5234 8052 8068
3 7910 4981 8026
3 8050 6003 8055
3 7595 6559 8146
3 8000 5716 8044
3 7445 5234 8068
3 6243 6448 8064
3 8114 7151 8118
3 6571 6319 8148
3 7001 7002 8126
3 6287 7710 8060
3 6928 6557 8069
3 7710 8029 8060
3 7899 4783 8162
3 7898 4787 8161
3 5726 6018 8149
3 4576 7611 8142
3 7282 6300 8070
3 7959 7910 8026
3 7024 7025 8071
3 4869 4518 8143
3 6087 6088 8109
3 6539 8056 8072
3 8091 7066 8094
3 8118 6309 8120
3 8058 7407 8074
3 8022 7702 8085
3 5845 8085 8090
3 8123 7001 8126
3 8060 5718 8073
3 6529 7959 8026
3 8021 4556 8031
3 7407 5496 8074
3 8040 4582 8100
3 5097 8071 8078
3 8051 6556 8054
3 8096 6585 8119
3 4440 7939 8179
3 8072 7270 8083
3 6519 8040 8100
3 5718 7638 8073
3 7358 5411 8076
3 5631 8051 8054
3 6534 6535 8075
3 7739 6539 8072
3 8071 6438 8078
3 8074 5496 8084
3 4977 4973 8077
3 6436 6738 8078
3 391 392 8081
3 4519 5097 8079
3 7348 7347 8154
3 4546 4543 8080
3 7270 7065 8083
3 6542 8020 8033
3 8068 7152 8114
3 8080 4543 8086
3 7920 6238 8157
3 5496 7420 8084
3 7513 7920 8157
3 4543 4541 8086
3 7445 8068 8114
3 4999 8077 8082
3 8098 5417 8104
3 7702 6304 8085
3 4631 5636 8087
3 6434 6433 8088
3 6298 5852 8092
3 5593 5845 8090
3 6465 6955 8089
3 6565 7899 8162
3 6428 6839 8093
3 7066 7058 8094
3 6702 7898 8161
3 4958 4979 8091
3 6312 8098 8104
3 8084 7420 8096
3 6949 6933 8166
3 4539 4537 8095
3 6086 5940 8097
3 7420 7676 8096
3 7059 6310 8106
3 6545 8124 8125
3 6311 6737 8098
3 4990 4512 8159
3 4962 4961 8099
3 8019 6997 8134
3 8070 6534 8075
3 6314 6750 8131
3 4527 5098 8103
3 7172 8141 8144
3 7275 7277 8104
3 8188 4415 8192
3 6286 8102 8139
3 5854 6022 8113
3 8030 4676 8101
3 6307 6308 8108
3 4966 4965 8112
3 4591 7343 8110
3 393 394 8116
3 6308 7455 8111
3 8109 6308 8111
3 7905 7348 8154
3 4526 8030 8129
3 7382 6312 8115
3 5663 8152 8156
3 5027 4506 8165
3 4664 7445 8114
3 4979 8083 8091
3 7419 5851 8117
3 4664 8114 8118
3 8054 6556 8057
3 6571 8148 8149
3 7531 4664 8118
3 8030 6564 8129
3 8082 6298 8092
3 7582 7843 8102
3 4411 398 8174
3 6637 6350 8119
3 6018 6566 8150
3 4725 8019 8134
3 7846 6563 8113
3 5360 7531 8120
3 6321 6700 8122
3 7531 8118 8120
3 5360 8120 8123
3 6976 6939 8172
3 7618 5360 8123
3 4508 7874 8165
3 6414 7286 8121
3 4514 7966 8159
3 4961 8094 8099
3 7966 6990 8159
3 7874 6950 8165
3 7618 8123 8126
3 6022 6059 8125
3 8077 6562 8082
3 8103 5098 8131
3 4676 7618 8126
3 6750 8103 8131
3 6549 7846 8124
3 6286 8139 8141
3 8150 6566 8152
3 8165 6950 8166
3 4500 5400 8169
3 5400 7666 8169
3 7846 8113 8124
3 6359 6361 8176
3 399 400 8177
3 4415 7118 8195
3 395 396 8127
3 5735 4498 8169
3 4965 8106 8112
3 8113 6022 8124
3 8016 6501 8107
3 6568 8136 8163
3 6988 6324 8160
3 5856 5666 8173
3 6568 7972 8136
3 6350 8096 8119
3 6088 8108 8109
3 4582 8039 8100
3 7172 8144 8148
3 8169 7666 8176
3 4586 8035 8105
3 396 397 8128
3 8127 396 8128
3 5667 7744 8171
3 4524 4526 8129
3 5667 8172 8173
3 6571 8149 8150
3 8129 6564 8130
3 6564 6317 8130
3 8172 6986 8173
3 5098 7069 8131
3 7118 7117 8193
3 6990 6988 8160
3 4563 4590 8132
3 7209 4566 8133
3 4520 4522 8134
3 8102 7843 8139
3 6777 6778 8138
3 5414 5413 8137
3 6818 7750 8179
3 5413 6181 8135
3 5413 8135 8137
3 7793 6874 8182
3 8135 6181 8140
3 6325 6574 8181
3 6181 7622 8140
3 414 415 8183
3 8108 6308 8109
3 6127 6286 8141
3 7117 4465 8194
3 4520 8134 8143
3 7154 7155 8147
3 8193 7117 8194
3 4518 4520 8143
3 6569 6024 8144
3 7611 6203 8142
3 6994 6992 8155
3 7155 7563 8145
3 4465 7009 8191
3 7843 6570 8139
3 8142 6203 8147
3 6084 6410 8146
3 6203 7431 8147
3 7155 8142 8147
3 8124 6022 8125
3 6319 7172 8148
3 4576 8142 8145
3 6023 5726 8149
3 6572 6571 8150
3 4465 8191 8194
3 7966 4869 8151
3 6573 7939 8180
3 7118 8193 8195
3 7352 6572 8152
3 8141 6569 8144
3 7347 6107 8154
3 7874 4990 8153
3 6572 8150 8152
3 6238 7917 8157
3 6566 6567 8156
3 7009 4427 8190
3 8156 6567 8158
3 6699 8177 8179
3 8148 6023 8149
3 4512 4514 8159
3 6567 7806 8158
3 8166 6933 8167
3 4783 7388 8162
3 7388 7348 8164
3 8162 7388 8164
3 7806 6568 8163
3 8158 7806 8163
3 4506 4508 8165
3 8177 4440 8179
3 403 4415 8188
3 8187 7613 8189
3 5731 7613 8187
3 8152 6566 8156
3 6950 6949 8166
3 7009 8190 8191
3 4787 7899 8161
3 8170 4435 8184
3 7755 5027 8167
3 7104 6328 8192
3 8183 6574 8184
3 7613 6577 8189
3 8189 6577 8190
3 6874 8132 8182
3 6324 8153 8160
3 7755 8167 8168
3 5400 7755 8168
3 4498 4500 8169
3 398 399 8174
3 6865 4492 8175
3 8142 7155 8145
3 8171 6976 8172
3 6939 6986 8172
3 6574 6327 8170
3 5666 5667 8173
3 7744 6239 8171
3 4460 6865 8178
3 6992 8151 8155
3 6941 6976 8185
3 413 414 8184
3 5667 8171 8172
3 8181 6574 8183
3 400 4440 8177
3 7666 6359 8176
3 8175 6599 8178
3 8151 4869 8155
3 6941 8185 8186
3 6599 7694 8178
3 7750 6699 8179
3 6865 8175 8178
3 4460 8178 8181
3 8010 5731 8186
3 8153 4990 8160
3 8178 7694 8181
3 5027 8166 8167
3 6573 8188 8192
3 7694 6325 8181
3 8186 5731 8187
3 415 4460 8183
3 8171 6239 8185
3 6976 8171 8185
3 8132 4590 8182
3 6239 7713 8185
3 8185 7713 8186
3 6940 6941 8187
3 6940 8187 8189
3 4427 6942 8190
3 6942 6940 8189
3 6942 8189 8190
3 402 403 8188
3 4460 8181 8183
3 6577 6575 8191
3 6576 8193 8194
3 6328 6573 8192
3 6575 6576 8194
3 8191 6575 8194
3 7713 8010 8186
3 6576 7854 8193
3 8190 6577 8191
3 7854 7104 8195
3 8193 7854 8195
3 6574 8170 8184
3 6941 8186 8187
3 6573 8180 8188
3 8180 402 8188
3 310 4417 8196
3 4477 309 8196
3 309 310 8196
3 6655 6675 8210
3 4430 6663 8318
3 8288 7772 8374
3 6952 8287 8373
3 6667 4445 8307
3 158 6728 8321
3 7332 7707 8197
3 7311 6548 8261
3 6675 4444 8254
3 4471 6671 8316
3 146 147 8198
3 7698 4455 8311
3 5735 6682 8205
3 6029 6692 8199
3 6692 6635 8200
3 6674 4471 8314
3 5682 6029 8199
3 6635 6353 8200
3 5881 6497 8200
3 6497 7712 8199
3 5842 5841 8201
3 6042 5853 8201
3 6060 6686 8204
3 5642 7040 8346
3 5783 6060 8204
3 5684 5685 8204
3 7482 7318 8345
3 336 6668 8322
3 4477 6689 8366
3 6728 4451 8310
3 8270 7156 8369
3 6083 4494 8205
3 4496 5735 8205
3 7707 7183 8197
3 6373 5883 8206
3 295 296 8207
3 130 131 8208
3 6694 7067 8279
3 7281 7250 8246
3 184 6667 8323
3 4405 6636 8274
3 8203 6679 8344
3 4478 6665 8312
3 5880 6042 8209
3 8268 6832 8370
3 6029 5895 8210
3 6043 6655 8210
3 327 328 8212
3 7183 5683 8211
3 6622 7039 8223
3 293 4491 8213
3 4459 292 8213
3 6806 7023 8218
3 7007 7008 8219
3 6981 6980 8220
3 6804 6805 8233
3 4412 274 8229
3 276 4442 8240
3 273 4412 8216
3 6660 6366 8214
3 5874 6368 8215
3 6384 6610 8222
3 6790 6386 8222
3 4479 271 8217
3 7046 7047 8234
3 6380 7028 8225
3 6610 6382 8225
3 7047 7045 8242
3 6342 6612 8218
3 6375 6608 8230
3 4419 269 8221
3 270 4479 8221
3 4481 267 8224
3 268 4419 8224
3 6606 6376 8230
3 266 4481 8226
3 4426 264 8228
3 6789 6790 8223
3 6623 6929 8233
3 263 4426 8232
3 4483 262 8232
3 6608 6387 8234
3 6367 7797 8215
3 6288 6370 8235
3 6626 6625 8242
3 6624 7853 8236
3 261 4483 8241
3 4434 260 8241
3 7638 6344 8239
3 259 4434 8243
3 6607 6372 8245
3 6343 6611 8236
3 4462 257 8244
3 6369 7870 8231
3 6371 8073 8239
3 7859 5754 8246
3 357 358 8247
3 8239 6344 8361
3 4418 146 8198
3 4399 7476 8306
3 134 135 8248
3 7310 7309 8209
3 7250 7248 8249
3 7040 5642 8302
3 160 161 8251
3 6681 6679 8202
3 6668 4437 8331
3 6654 6974 8347
3 7712 5682 8199
3 6353 5881 8200
3 6689 6688 8366
3 7040 6833 8346
3 186 187 8252
3 320 321 8253
3 4444 180 8254
3 6978 6330 8288
3 5853 5842 8201
3 8198 147 8290
3 4480 7580 8305
3 142 143 8255
3 5685 5783 8204
3 7089 7091 8315
3 141 142 8256
3 5890 7765 8257
3 6906 6905 8206
3 319 320 8258
3 187 188 8259
3 6687 6691 8250
3 7004 7005 8260
3 7329 7333 8260
3 6548 6546 8261
3 8125 6059 8261
3 4494 4496 8205
3 6664 4430 8340
3 161 162 8262
3 6685 4424 8289
3 6978 4439 8263
3 6680 6360 8263
3 4414 7181 8264
3 6241 6696 8257
3 6355 8268 8370
3 4397 6785 8313
3 6413 6357 8267
3 7678 5651 8268
3 7616 4423 8301
3 4466 6932 8300
3 135 136 8269
3 6363 7156 8270
3 6666 4478 8343
3 5841 7482 8345
3 6679 4461 8344
3 7850 6397 8271
3 6400 7085 8272
3 358 359 8273
3 182 4405 8274
3 4473 7417 8309
3 5883 5890 8206
3 296 4488 8207
3 131 4487 8208
3 6351 6340 8275
3 6349 6637 8276
3 326 327 8277
3 6648 6785 8317
3 4475 8270 8369
3 6637 8119 8278
3 6690 8197 8364
3 6352 6351 8280
3 4490 8202 8203
3 6507 6389 8264
3 5683 5512 8281
3 8209 7309 8363
3 6398 6400 8282
3 6397 6396 8283
3 7097 7586 8284
3 4453 7474 8295
3 6676 6588 8285
3 7879 6632 8285
3 6618 8198 8290
3 6357 6334 8286
3 4402 7091 8319
3 6582 6619 8287
3 148 4475 8290
3 6641 7004 8291
3 6389 6388 8292
3 6390 7210 8293
3 6673 6392 8293
3 6589 6672 8294
3 7035 8239 8361
3 7321 6590 8294
3 7080 7081 8295
3 317 6669 8326
3 6670 190 8327
3 6613 6401 8297
3 6670 6591 8296
3 6403 6669 8297
3 7602 7598 8296
3 6697 4464 8308
3 5684 8204 8250
3 6405 6605 8300
3 6601 6593 8301
3 5635 5634 8302
3 6059 5880 8209
3 6354 6355 8304
3 7052 6604 8305
3 6799 6616 8306
3 6597 6667 8307
3 6630 7940 8307
3 364 4421 8308
3 4464 363 8308
3 4403 169 8309
3 170 4473 8309
3 6727 6728 8310
3 6627 6628 8310
3 6600 6586 8311
3 4432 302 8312
3 303 4478 8312
3 4443 7247 8292
3 7508 4398 8291
3 6833 6832 8268
3 6621 6620 8313
3 6785 6784 8313
3 4471 178 8314
3 179 4444 8314
3 331 4449 8315
3 177 4471 8316
3 4409 176 8316
3 5895 6043 8210
3 153 4450 8317
3 7320 7482 8342
3 203 4430 8318
3 4470 202 8318
3 7091 7090 8319
3 7093 7099 8319
3 256 4462 8320
3 6696 6695 8279
3 328 4402 8212
3 4400 157 8321
3 4404 335 8322
3 4405 183 8323
3 362 4464 8324
3 298 4456 8325
3 4488 297 8325
3 4398 316 8326
3 191 4443 8327
3 165 4453 8328
3 4410 342 8329
3 6599 8175 8330
3 7079 7080 8265
3 7333 312 8372
3 6596 6584 8332
3 8107 6501 8333
3 7387 7386 8334
3 6617 7055 8335
3 6579 6952 8336
3 7772 6581 8337
3 292 293 8213
3 6366 6367 8214
3 272 273 8216
3 271 272 8217
3 7023 6342 8218
3 272 8216 8217
3 4436 7007 8219
3 4436 8219 8220
3 7797 5874 8215
3 274 275 8229
3 6980 4436 8220
3 269 270 8221
3 7039 6789 8223
3 6386 6384 8222
3 267 268 8224
3 6382 6380 8225
3 265 266 8226
3 6611 6623 8227
3 8231 6289 8235
3 264 265 8228
3 265 8226 8228
3 6376 6375 8230
3 8229 275 8240
3 6387 7046 8234
3 262 263 8232
3 6929 6804 8233
3 6289 6288 8235
3 7870 6289 8231
3 6370 6371 8237
3 6609 6624 8238
3 275 276 8240
3 7853 6343 8236
3 260 261 8241
3 7045 6626 8242
3 258 259 8243
3 258 8243 8244
3 257 258 8244
3 8073 7638 8239
3 6372 6373 8245
3 7180 7179 8338
3 8207 4488 8298
3 8250 6691 8281
3 205 7067 8340
3 4430 204 8340
3 6979 6977 8288
3 4431 7620 8287
3 5754 7679 8246
3 8197 8211 8364
3 4448 357 8247
3 7482 5837 8342
3 7709 6590 8342
3 305 4424 8343
3 4478 304 8343
3 4461 375 8344
3 4424 306 8289
3 343 6672 8329
3 6673 164 8328
3 5651 5643 8346
3 6653 6654 8347
3 5634 7884 8347
3 4456 7636 8286
3 6686 6687 8250
3 418 2 8350
3 2 130 8350
3 294 4 8351
3 4 295 8351
3 212 3 8352
3 3 254 8352
3 6890 4489 8352
3 5 378 8353
3 377 5 8353
3 312 313 8372
3 6059 8209 8363
3 277 278 8354
3 7006 4459 8357
3 280 281 8355
3 4428 6983 8358
3 7034 4428 8356
3 281 282 8359
3 278 279 8360
3 6605 7868 8266
3 8203 377 8353
3 4455 134 8248
3 7317 7315 8368
3 6889 6891 8367
3 6728 6726 8321
3 307 308 8366
3 4461 6677 8339
3 8197 7183 8211
3 4467 7035 8361
3 7248 4448 8249
3 7478 4452 8284
3 4438 6878 8283
3 7408 4404 8282
3 4451 160 8251
3 8196 4417 8349
3 7281 8246 8371
3 8204 6686 8250
3 6668 6651 8322
3 7868 6643 8266
3 7479 4400 8280
3 7075 4422 8278
3 6667 6634 8323
3 4445 186 8252
3 321 4399 8253
3 180 181 8254
3 7859 8246 8362
3 143 4480 8255
3 7331 4417 8341
3 6652 6668 8331
3 7416 7079 8265
3 6373 8206 8367
3 7049 4470 8276
3 4450 7485 8275
3 6906 8206 8365
3 4423 141 8256
3 6676 361 8324
3 4449 7461 8272
3 6879 4409 8271
3 7765 6241 8257
3 4454 319 8258
3 188 4407 8259
3 8206 5890 8365
3 8254 181 8274
3 5684 8250 8281
3 4475 7517 8270
3 7005 7329 8260
3 6546 8125 8261
3 7606 4432 8267
3 7067 4441 8279
3 162 4401 8262
3 4459 8214 8357
3 278 8227 8354
3 8237 4428 8358
3 4428 8237 8356
3 281 8238 8355
3 8227 278 8360
3 8238 281 8359
3 6360 6358 8263
3 7246 4414 8264
3 7481 4403 8265
3 4421 6968 8266
3 6973 6654 8331
3 374 4461 8339
3 6885 6413 8267
3 6355 7678 8268
3 6669 6638 8326
3 6642 6670 8327
3 136 4431 8269
3 6620 6363 8270
3 8209 6042 8368
3 8214 6367 8357
3 8227 6623 8354
3 6611 8227 8360
3 8237 6371 8356
3 8238 6624 8355
3 6370 8237 8358
3 6609 8238 8359
3 6656 7850 8271
3 7085 7087 8272
3 359 4413 8273
3 4417 311 8341
3 181 182 8274
3 6340 6646 8275
3 6695 6694 8279
3 6338 7181 8338
3 7631 6349 8276
3 4452 326 8277
3 8206 6905 8367
3 6672 6644 8329
3 6645 6673 8328
3 4491 8207 8298
3 7313 4406 8299
3 8303 6675 8348
3 8246 7679 8371
3 8119 6596 8278
3 312 7333 8341
3 6724 6352 8280
3 8246 7250 8362
3 6890 255 8320
3 306 307 8289
3 6680 373 8339
3 7332 8197 8349
3 6977 6978 8288
3 5512 5684 8281
3 6649 6398 8282
3 6396 8107 8283
3 7586 7387 8284
3 6588 7879 8285
3 6334 6900 8286
3 6688 6685 8289
3 6952 6582 8287
3 6330 7772 8288
3 4447 7321 8294
3 6657 6676 8324
3 147 148 8290
3 6639 6641 8291
3 6388 7923 8292
3 311 312 8341
3 6392 6390 8293
3 6590 6589 8294
3 7081 7135 8295
3 6692 6029 8303
3 6636 6692 8303
3 6591 7602 8296
3 6401 6403 8297
3 6654 6652 8331
3 7649 6338 8338
3 373 374 8339
3 8197 6690 8349
3 6659 6660 8298
3 4406 7281 8299
3 7826 6405 8300
3 6593 6592 8301
3 5642 5635 8302
3 6644 6354 8304
3 7054 7052 8305
3 7310 8209 8368
3 6800 6799 8306
3 7940 6597 8307
3 363 364 8308
3 169 170 8309
3 6628 6727 8310
3 8260 7333 8372
3 6586 6598 8311
3 302 303 8312
3 6784 6621 8313
3 178 179 8314
3 330 331 8315
3 176 177 8316
3 152 153 8317
3 202 203 8318
3 7090 7093 8319
3 376 8203 8344
3 255 256 8320
3 6891 6890 8320
3 157 158 8321
3 335 336 8322
3 183 184 8323
3 361 362 8324
3 297 298 8325
3 316 317 8326
3 190 191 8327
3 164 165 8328
3 342 343 8329
3 6598 6599 8330
3 4437 6973 8331
3 6584 7649 8332
3 6501 7418 8333
3 7386 6800 8334
3 7055 7054 8335
3 6592 6579 8336
3 6581 7826 8337
3 7181 7180 8338
3 6677 6680 8339
3 204 205 8340
3 8254 8274 8348
3 7333 7331 8341
3 4490 8203 8353
3 295 8207 8351
3 130 8208 8350
3 5837 7709 8342
3 7318 7317 8345
3 304 305 8343
3 6578 7859 8362
3 375 376 8344
3 7772 8337 8374
3 8336 6952 8373
3 6617 8335 8375
3 8201 5841 8345
3 5890 8257 8365
3 5643 5642 8346
3 7884 6653 8347
3 8304 6355 8370
3 4492 418 8350
3 4491 294 8351
3 4489 212 8352
3 378 4490 8353
3 6690 8196 8349
3 8261 6059 8363
3 6691 6689 8364
3 8290 4475 8369
3 4442 277 8354
3 4416 280 8355
3 7035 7034 8356
3 7008 7006 8357
3 6983 6982 8358
3 282 4467 8359
3 279 4416 8360
3 6689 6690 8364
3 7250 8249 8362
3 6344 6609 8361
3 7309 7311 8363
3 6908 6906 8365
3 7156 6618 8369
3 308 4477 8366
3 6905 6889 8367
3 7317 8201 8345
3 7315 7310 8368
3 6832 6834 8370
3 7679 6547 8371
3 4429 6979 8374
3 7620 4482 8373
3 313 4474 8372
3 8207 4491 8351
3 8208 4492 8350
3 4474 8260 8372
3 8249 6578 8362
3 6675 8254 8348
3 8211 6691 8364
3 4418 8198 8375
3 8274 6636 8348
3 8257 6908 8365
3 7311 8261 8363
3 6547 8299 8371
3 6636 8303 8348
3 8299 7281 8371
3 6618 8290 8369
3 6834 8304 8370
3 8337 4429 8374
3 4482 8336 8373
3 8335 4418 8375

CELL_TYPES 16414
5
5
5
5
5
5
5
5
5
5
5
5
5
5
5
5
5
5
5
5
5
5
5
5
5
5
5
5
5
5
5
5
5
5
5
5
5
5
5
5
5
5
5
5
5
5
5
5
5
5
5
5
5
5
5
5
5
5
5
5
5
5
5
5
5
5
5
5
5
5
5
5
5
5
5
5
5
5
5
5
5
5
5
5
5
5
5
5
5
5
5
5
5
5
5
5
5
5
5
5
5
5
5
5
5
5
5
5
5
5
5
5
5
5
5
5
5
5
5
5
5
5
5
5
5
5
5
5
5
5
5
5
5
5
5
5
5
5
5
5
5
5
5
5
5
5
5
5
5
5
5
5
5
5
5
5
5
5
5
5
5
5
5
5
5
5
5
5
5
5
5
5
5
5
5
5
5
5
5
5
5
5
5
5
5
5
5
5
5
5
5
5
5
5
5
5
5
5
5
5
5
5
5
5
5
5
5
5
5
5
5
5
5
5
5
5
5
5
5
5
5
5
5
5
5
5
5
5
5
5
5
5
5
5
5
5
5
5
5
5
5
5
5
5
5
5
5
5
5
5
5
5
5
5
5
5
5
5
5
5
5
5
5
5
5
5
5
5
5
5
5
5
5
5
5
5
5
5
5
5
5
5
5
5
5
5
5
5
5
5
5
5
5
5
5
5
5
5
5
5
5
5
5
5
5
5
5
5
5
5
5
5
5
5
5
5
5
5
5
5
5
5
5
5
5
5
5
5
5
5
5
5
5
5
5
5
5
5
5
5
5
5
5
5
5
5
5
5
5
5
5
5
5
5
5
5
5
5
5
5
5
5
5
5
5
5
5
5
5
5
5
5
5
5
5
5
5
5
5
5
5
5
5
5
5
5
5
5
5
5
5
5
5
5
5
5
5
5
5
5
5
5
5
5
5
5
5
5
5
5
5
5
5
5
5
5
5
5
5
5
5
5
5
5
5
5
5
5
5
5
5
5
5
5
5
5
5
5
5
5
5
5
5
5
5
5
5
5
5
5
5
5
5
5
5
5
5
5
5
5
5
5
5
5
5
5
5
5
5
5
5
5
5
5
5
5
5
5
5
5
5
5
5
5
5
5
5
5
5
5
5
5
5
5
5
5
5
5
5
5
5
5
5
5
5
5
5
5
5
5
5
5
5
5
5
5
5
5
5
5
5
5
5
5
5
5
5
5
5
5
5
5
5
5
5
5
5
5
5
5
5
5
5
5
5
5
5
5
5
5
5
5
5
5
5
5
5
5
5
5
5
5
5
5
5
5
5
5
5
5
5
5
5
5
5
5
5
5
5
5
5
5
5
5
5
5
5
5
5
5
5
5
5
5
5
5
5
5
5
5
5
5
5
5
5
5
5
5
5
5
5
5
5
5
5
5
5
5
5
5
5
5
5
5
5
5
5
5
5
5
5
5
5
5
5
5
5
5
5
5
5
5
5
5
5
5
5
5
5
5
5
5
5
5
5
5
5
5
5
5
5
5
5
5
5
5
5
5
5
5
5
5
5
5
5
5
5
5
5
5
5
5
5
5
5
5
5
5
5
5
5
5
5
5
5
5
5
5
5
5
5
5
5
5
5
5
5
5
5
5
5
5
5
5
5
5
5
5
5
5
5
5
5
5
5
5
5
5
5
5
5
5
5
5
5
5
5
5
5
5
5
5
5
5
5
5
5
5
5
5
5
5
5
5
5
5
5
5
5
5
5
5
5
5
5
5
5
5
5
5
5
5
5
5
5
5
5
5
5
5
5
5
5
5
5
5
5
5
5
5
5
5
5
5
5
5
5
5
5
5
5
5
5
5
5
5
5
5
5
5
5
5
5
5
5
5
5
5
5
5
5
5
5
5
5
5
5
5
5
5
5
5
5
5
5
5
5
5
5
5
5
5
5
5
5
5
5
5
5
5
5
5
5
5
5
5
5
5
5
5
5
5
5
5
5
5
5
5
5
5
5
5
5
5
5
5
5
5
5
5
5
5
5
5
5
5
5
5
5
5
5
5
5
5
5
5
5
5
5
5
5
5
5
5
5
5
5
5
5
5
5
5
5
5
5
5
5
5
5
5
5
5
5
5
5
5
5
5
5
5
5
5
5
5
5
5
5
5
5
5
5
5
5
5
5
5
5
5
5
5
5
5
5
5
5
5
5
5
5
5
5
5
5
5
5
5
5
5
5
5
5
5
5
5
5
5
5
5
5
5
5
5
5
5
5
5
5
5
5
5
5
5
5
5
5
5
5
5
5
5
5
5
5
5
5
5
5
5
5
5
5
5
5
5
5
5
5
5
5
5
5
5
5
5
5
5
5
5
5
5
5
5
5
5
5
5
5
5
5
5
5
5
5
5
5
5
5
5
5
5
5
5
5
5
5
5
5
5
5
5
5
5
5
5
5
5
5
5
5
5
5
5
5
5
5
5
5
5
5
5
5
5
5
5
5
5
5
5
5
5
5
5
5
5
5
5
5
5
5
5
5
5
5
5
5
5
5
5
5
5
5
5
5
5
5
5
5
5
5
5
5
5
5
5
5
5
5
5
5
5
5
5
5
5
5
5
5
5
5
5
5
5
5
5
5
5
5
5
5
5
5
5
5
5
5
5
5
5
5
5
5
5
5
5
5
5
5
5
5
5
5
5
5
5
5
5
5
5
5
5
5
5
5
5
5
5
5
5
5
5
5
5
5
5
5
5
5
5
5
5
5
5
5
5
5
5
5
5
5
5
5
5
5
5
5
5
5
5
5
5
5
5
5
5
5
5
5
5
5
5
5
5
5
5
5
5
5
5
5
5
5
5
5
5
5
5
5
5
5
5
5
5
5
5
5
5
5
5
5
5
5
5
5
5
5
5
5
5
5
5
5
5
5
5
5
5
5
5
5
5
5
5
5
5
5
5
5
5
5
5
5
5
5
5
5
5
5
5
5
5
5
5
5
5
5
5
5
5
5
5
5
5
5
5
5
5
5
5
5
5
5
5
5
5
5
5
5
5
5
5
5
5
5
5
5
5
5
5
5
5
5
5
5
5
5
5
5
5
5
5
5
5
5
5
5
5
5
5
5
5
5
5
5
5
5
5
5
5
5
5
5
5
5
5
5
5
5
5
5
5
5
5
5
5
5
5
5
5
5
5
5
5
5
5
5
5
5
5
5
5
5
5
5
5
5
5
5
5
5
5
5
5
5
5
5
5
5
5
5
5
5
5
5
5
5
5
5
5
5
5
5
5
5
5
5
5
5
5
5
5
5
5
5
5
5
5
5
5
5
5
5
5
5
5
5
5
5
5
5
5
5
5
5
5
5
5
5
5
5
5
5
5
5
5
5
5
5
5
5
5
5
5
5
5
5
5
5
5
5
5
5
5
5
5
5
5
5
5
5
5
5
5
5
5
5
5
5
5
5
5
5
5
5
5
5
5
5
5
5
5
5
5
5
5
5
5
5
5
5
5
5
5
5
5
5
5
5
5
5
5
5
5
5
5
5
5
5
5
5
5
5
5
5
5
5
5
5
5
5
5
5
5
5
5
5
5
5
5
5
5
5
5
5
5
5
5
5
5
5
5
5
5
5
5
5
5
5
5
5
5
5
5
5
5
5
5
5
5
5
5
5
5
5
5
5
5
5
5
5
5
5
5
5
5
5
5
5
5
5
5
5
5
5
5
5
5
5
5
5
5
5
5
5
5
5
5
5
5
5
5
5
5
5
5
5
5
5
5
5
5
5
5
5
5
5
5
5
5
5
5
5
5
5
5
5
5
5
5
5
5
5
5
5
5
5
5
5
5
5
5
5
5
5
5
5
5
5
5
5
5
5
5
5
5
5
5
5
5
5
5
5
5
5
5
5
5
5
5
5
5
5
5
5
5
5
5
5
5
5
5
5
5
5
5
5
5
5
5
5
5
5
5
5
5
5
5
5
5
5
5
5
5
5
5
5
5
5
5
5
5
5
5
5
5
5
5
5
5
5
5
5
5
5
5
5
5
5
5
5
5
5
5
5
5
5
5
5
5
5
5
5
5
5
5
5
5
5
5
5
5
5
5
5
5
5
5
5
5
5
5
5
5
5
5
5
5
5
5
5
5
5
5
5
5
5
5
5
5
5
5
5
5
5
5
5
5
5
5
5
5
5
5
5
5
5
5
5
5
5
5
5
5
5
5
5
5
5
5
5
5
5
5
5
5
5
5
5
5
5
5
5
5
5
5
5
5
5
5
5
5
5
5
5
5
5
5
5
5
5
5
5
5
5
5
5
5
5
5
5
5
5
5
5
5
5
5
5
5
5
5
5
5
5
5
5
5
5
5
5
5
5
5
5
5
5
5
5
5
5
5
5
5
5
5
5
5
5
5
5
5
5
5
5
5
5
5
5
5
5
5
5
5
5
5
5
5
5
5
5
5
5
5
5
5
5
5
5
5
5
5
5
5
5
5
5
5
5
5
5
5
5
5
5
5
5
5
5
5
5
5
5
5
5
5
5
5
5
5
5
5
5
5
5
5
5
5
5
5
5
5
5
5
5
5
5
5
5
5
5
5
5
5
5
5
5
5
5
5
5
5
5
5
5
5
5
5
5
5
5
5
5
5
5
5
5
5
5
5
5
5
5
5
5
5
5
5
5
5
5
5
5
5
5
5
5
5
5
5
5
5
5
5
5
5
5
5
5
5
5
5
5
5
5
5
5
5
5
5
5
5
5
5
5
5
5
5
5
5
5
5
5
5
5
5
5
5
5
5
5
5
5
5
5
5
5
5
5
5
5
5
5
5
5
5
5
5
5
5
5
5
5
5
5
5
5
5
5
5
5
5
5
5
5
5
5
5
5
5
5
5
5
5
5
5
5
5
5
5
5
5
5
5
5
5
5
5
5
5
5
5
5
5
5
5
5
5
5
5
5
5
5
5
5
5
5
5
5
5
5
5
5
5
5
5
5
5
5
5
5
5
5
5
5
5
5
5
5
5
5
5
5
5
5
5
5
5
5
5
5
5
5
5
5
5
5
5
5
5
5
5
5
5
5
5
5
5
5
5
5
5
5
5
5
5
5
5
5
5
5
5
5
5
5
5
5
5
5
5
5
5
5
5
5
5
5
5
5
5
5
5
5
5
5
5
5
5
5
5
5
5
5
5
5
5
5
5
5
5
5
5
5
5
5
5
5
5
5
5
5
5
5
5
5
5
5
5
5
5
5
5
5
5
5
5
5
5
5
5
5
5
5
5
5
5
5
5
5
5
5
5
5
5
5
5
5
5
5
5
5
5
5
5
5
5
5
5
5
5
5
5
5
5
5
5
5
5
5
5
5
5
5
5
5
5
5
5
5
5
5
5
5
5
5
5
5
5
5
5
5
5
5
5
5
5
5
5
5
5
5
5
5
5
5
5
5
5
5
5
5
5
5
5
5
5
5
5
5
5
5
5
5
5
5
5
5
5
5
5
5
5
5
5
5
5
5
5
5
5
5
5
5
5
5
5
5
5
5
5
5
5
5
5
5
5
5
5
5
5
5
5
5
5
5
5
5
5
5
5
5
5
5
5
5
5
5
5
5
5
5
5
5
5
5
5
5
5
5
5
5
5
5
5
5
5
5
5
5
5
5
5
5
5
5
5
5
5
5
5
5
5
5
5
5
5
5
5
5
5
5
5
5
5
5
5
5
5
5
5
5
5
5
5
5
5
5
5
5
5
5
5
5
5
5
5
5
5
5
5
5
5
5
5
5
5
5
5
5
5
5
5
5
5
5
5
5
5
5
5
5
5
5
5
5
5
5
5
5
5
5
5
5
5
5
5
5
5
5
5
5
5
5
5
5
5
5
5
5
5
5
5
5
5
5
5
5
5
5
5
5
5
5
5
5
5
5
5
5
5
5
5
5
5
5
5
5
5
5
5
5
5
5
5
5
5
5
5
5
5
5
5
5
5
5
5
5
5
5
5
5
5
5
5
5
5
5
5
5
5
5
5
5
5
5
5
5
5
5
5
5
5
5
5
5
5
5
5
5
5
5
5
5
5
5
5
5
5
5
5
5
5
5
5
5
5
5
5
5
5
5
5
5
5
5
5
5
5
5
5
5
5
5
5
5
5
5
5
5
5
5
5
5
5
5
5
5
5
5
5
5
5
5
5
5
5
5
5
5
5
5
5
5
5
5
5
5
5
5
5
5
5
5
5
5
5
5
5
5
5
5
5
5
5
5
5
5
5
5
5
5
5
5
5
5
5
5
5
5
5
5
5
5
5
5
5
5
5
5
5
5
5
5
5
5
5
5
5
5
5
5
5
5
5
5
5
5
5
5
5
5
5
5
5
5
5
5
5
5
5
5
5
5
5
5
5
5
5
5
5
5
5
5
5
5
5
5
5
5
5
5
5
5
5
5
5
5
5
5
5
5
5
5
5
5
5
5
5
5
5
5
5
5
5
5
5
5
5
5
5
5
5
5
5
5
5
5
5
5
5
5
5
5
5
5
5
5
5
5
5
5
5
5
5
5
5
5
5
5
5
5
5
5
5
5
5
5
5
5
5
5
5
5
5
5
5
5
5
5
5
5
5
5
5
5
5
5
5
5
5
5
5
5
5
5
5
5
5
5
5
5
5
5
5
5
5
5
5
5
5
5
5
5
5
5
5
5
5
5
5
5
5
5
5
5
5
5
5
5
5
5
5
5
5
5
5
5
5
5
5
5
5
5
5
5
5
5
5
5
5
5
5
5
5
5
5
5
5
5
5
5
5
5
5
5
5
5
5
5
5
5
5
5
5
5
5
5
5
5
5
5
5
5
5
5
5
5
5
5
5
5
5
5
5
5
5
5
5
5
5
5
5
5
5
5
5
5
5
5
5
5
5
5
5
5
5
5
5
5
5
5
5
5
5
5
5
5
5
5
5
5
5
5
5
5
5
5
5
5
5
5
5
5
5
5
5
5
5
5
5
5
5
5
5
5
5
5
5
5
5
5
5
5
5
5
5
5
5
5
5
5
5
5
5
5
5
5
5
5
5
5
5
5
5
5
5
5
5
5
5
5
5
5
5
5
5
5
5
5
5
5
5
5
5
5
5
5
5
5
5
5
5
5
5
5
5
5
5
5
5
5
5
5
5
5
5
5
5
5
5
5
5
5
5
5
5
5
5
5
5
5
5
5
5
5
5
5
5
5
5
5
5
5
5
5
5
5
5
5
5
5
5
5
5
5
5
5
5
5
5
5
5
5
5
5
5
5
5
5
5
5
5
5
5
5
5
5
5
5
5
5
5
5
5
5
5
5
5
5
5
5
5
5
5
5
5
5
5
5
5
5
5
5
5
5
5
5
5
5
5
5
5
5
5
5
5
5
5
5
5
5
5
5
5
5
5
5
5
5
5
5
5
5
5
5
5
5
5
5
5
5
5
5
5
5
5
5
5
5
5
5
5
5
5
5
5
5
5
5
5
5
5
5
5
5
5
5
5
5
5
5
5
5
5
5
5
5
5
5
5
5
5
5
5
5
5
5
5
5
5
5
5
5
5
5
5
5
5
5
5
5
5
5
5
5
5
5
5
5
5
5
5
5
5
5
5
5
5
5
5
5
5
5
5
5
5
5
5
5
5
5
5
5
5
5
5
5
5
5
5
5
5
5
5
5
5
5
5
5
5
5
5
5
5
5
5
5
5
5
5
5
5
5
5
5
5
5
5
5
5
5
5
5
5
5
5
5
5
5
5
5
5
5
5
5
5
5
5
5
5
5
5
5
5
5
5
5
5
5
5
5
5
5
5
5
5
5
5
5
5
5
5
5
5
5
5
5
5
5
5
5
5
5
5
5
5
5
5
5
5
5
5
5
5
5
5
5
5
5
5
5
5
5
5
5
5
5
5
5
5
5
5
5
5
5
5
5
5
5
5
5
5
5
5
5
5
5
5
5
5
5
5
5
5
5
5
5
5
5
5
5
5
5
5
5
5
5
5
5
5
5
5
5
5
5
5
5
5
5
5
5
5
5
5
5
5
5
5
5
5
5
5
5
5
5
5
5
5
5
5
5
5
5
5
5
5
5
5
5
5
5
5
5
5
5
5
5
5
5
5
5
5
5
5
5
5
5
5
5
5
5
5
5
5
5
5
5
5
5
5
5
5
5
5
5
5
5
5
5
5
5
5
5
5
5
5
5
5
5
5
5
5
5
5
5
5
5
5
5
5
5
5
5
5
5
5
5
5
5
5
5
5
5
5
5
5
5
5
5
5
5
5
5
5
5
5
5
5
5
5
5
5
5
5
5
5
5
5
5
5
5
5
5
5
5
5
5
5
5
5
5
5
5
5
5
5
5
5
5
5
5
5
5
5
5
5
5
5
5
5
5
5
5
5
5
5
5
5
5
5
5
5
5
5
5
5
5
5
5
5
5
5
5
5
5
5
5
5
5
5
5
5
5
5
5
5
5
5
5
5
5
5
5
5
5
5
5
5
5
5
5
5
5
5
5
5
5
5
5
5
5
5
5
5
5
5
5
5
5
5
5
5
5
5
5
5
5
5
5
5
5
5
5
5
5
5
5
5
5
5
5
5
5
5
5
5
5
5
5
5
5
5
5
5
5
5
5
5
5
5
5
5
5
5
5
5
5
5
5
5
5
5
5
5
5
5
5
5
5
5
5
5
5
5
5
5
5
5
5
5
5
5
5
5
5
5
5
5
5
5
5
5
5
5
5
5
5
5
5
5
5
5
5
5
5
5
5
5
5
5
5
5
5
5
5
5
5
5
5
5
5
5
5
5
5
5
5
5
5
5
5
5
5
5
5
5
5
5
5
5
5
5
5
5
5
5
5
5
5
5
5
5
5
5
5
5
5
5
5
5
5
5
5
5
5
5
5
5
5
5
5
5
5
5
5
5
5
5
5
5
5
5
5
5
5
5
5
5
5
5
5
5
5
5
5
5
5
5
5
5
5
5
5
5
5
5
5
5
5
5
5
5
5
5
5
5
5
5
5
5
5
5
5
5
5
5
5
5
5
5
5
5
5
5
5
5
5
5
5
5
5
5
5
5
5
5
5
5
5
5
5
5
5
5
5
5
5
5
5
5
5
5
5
5
5
5
5
5
5
5
5
5
5
5
5
5
5
5
5
5
5
5
5
5
5
5
5
5
5
5
5
5
5
5
5
5
5
5
5
5
5
5
5
5
5
5
5
5
5
5
5
5
5
5
5
5
5
5
5
5
5
5
5
5
5
5
5
5
5
5
5
5
5
5
5
5
5
5
5
5
5
5
5
5
5
5
5
5
5
5
5
5
5
5
5
5
5
5
5
5
5
5
5
5
5
5
5
5
5
5
5
5
5
5
5
5
5
5
5
5
5
5
5
5
5
5
5
5
5
5
5
5
5
5
5
5
5
5
5
5
5
5
5
5
5
5
5
5
5
5
5
5
5
5
5
5
5
5
5
5
5
5
5
5
5
5
5
5
5
5
5
5
5
5
5
5
5
5
5
5
5
5
5
5
5
5
5
5
5
5
5
5
5
5
5
5
5
5
5
5
5
5
5
5
5
5
5
5
5
5
5
5
5
5
5
5
5
5
5
5
5
5
5
5
5
5
5
5
5
5
5
5
5
5
5
5
5
5
5
5
5
5
5
5
5
5
5
5
5
5
5
5
5
5
5
5
5
5
5
5
5
5
5
5
5
5
5
5
5
5
5
5
5
5
5
5
5
5
5
5
5
5
5
5
5
5
5
5
5
5
5
5
5
5
5
5
5
5
5
5
5
5
5
5
5
5
5
5
5
5
5
5
5
5
5
5
5
5
5
5
5
5
5
5
5
5
5
5
5
5
5
5
5
5
5
5
5
5
5
5
5
5
5
5
5
5
5
5
5
5
5
5
5
5
5
5
5
5
5
5
5
5
5
5
5
5
5
5
5
5
5
5
5
5
5
5
5
5
5
5
5
5
5
5
5
5
5
5
5
5
5
5
5
5
5
5
5
5
5
5
5
5
5
5
5
5
5
5
5
5
5
5
5
5
5
5
5
5
5
5
5
5
5
5
5
5
5
5
5
5
5
5
5
5
5
5
5
5
5
5
5
5
5
5
5
5
5
5
5
5
5
5
5
5
5
5
5
5
5
5
5
5
5
5
5
5
5
5
5
5
5
5
5
5
5
5
5
5
5
5
5
5
5
5
5
5
5
5
5
5
5
5
5
5
5
5
5
5
5
5
5
5
5
5
5
5
5
5
5
5
5
5
5
5
5
5
5
5
5
5
5
5
5
5
5
5
5
5
5
5
5
5
5
5
5
5
5
5
5
5
5
5
5
5
5
5
5
5
5
5
5
5
5
5
5
5
5
5
5
5
5
5
5
5
5
5
5
5
5
5
5
5
5
5
5
5
5
5
5
5
5
5
5
5
5
5
5
5
5
5
5
5
5
5
5
5
5
5
5
5
5
5
5
5
5
5
5
5
5
5
5
5
5
5
5
5
5
5
5
5
5
5
5
5
5
5
5
5
5
5
5
5
5
5
5
5
5
5
5
5
5
5
5
5
5
5
5
5
5
5
5
5
5
5
5
5
5
5
5
5
5
5
5
5
5
5
5
5
5
5
5
5
5
5
5
5
5
5
5
5
5
5
5
5
5
5
5
5
5
5
5
5
5
5
5
5
5
5
5
5
5
5
5
5
5
5
5
5
5
5
5
5
5
5
5
5
5
5
5
5
5
5
5
5
5
5
5
5
5
5
5
5
5
5
5
5
5
5
5
5
5
5
5
5
5
5
5
5
5
5
5
5
5
5
5
5
5
5
5
5
5
5
5
5
5
5
5
5
5
5
5
5
5
5
5
5
5
5
5
5
5
5
5
5
5
5
5
5
5
5
5
5
5
5
5
5
5
5
5
5
5
5
5
5
5
5
5
5
5
5
5
5
5
5
5
5
5
5
5
5
5
5
5
5
5
5
5
5
5
5
5
5
5
5
5
5
5
5
5
5
5
5
5
5
5
5
5
5
5
5
5
5
5
5
5
5
5
5
5
5
5
5
5
5
5
5
5
5
5
5
5
5
5
5
5
5
5
5
5
5
5
5
5
5
5
5
5
5
5
5
5
5
5
5
5
5
5
5
5
5
5
5
5
5
5
5
5
5
5
5
5
5
5
5
5
5
5
5
5
5
5
5
5
5
5
5
5
5
5
5
5
5
5
5
5
5
5
5
5
5
5
5
5
5
5
5
5
5
5
5
5
5
5
5
5
5
5
5
5
5
5
5
5
5
5
5
5
5
5
5
5
5
5
5
5
5
5
5
5
5
5
5
5
5
5
5
5
5
5
5
5
5
5
5
5
5
5
5
5
5
5
5
5
5
5
5
5
5
5
5
5
5
5
5
5
5
5
5
5
5
5
5
5
5
5
5
5
5
5
5
5
5
5
5
5
5
5
5
5
5
5
5
5
5
5
5
5
5
5
5
5
5
5
5
5
5
5
5
5
5
5
5
5
5
5
5
5
5
5
5
5
5
5
5
5
5
5
5
5
5
5
5
5
5
5
5
5
5
5
5
5
5
5
5
5
5
5
5
5
5
5
5
5
5
5
5
5
5
5
5
5
5
5
5
5
5
5
5
5
5
5
5
5
5
5
5
5
5
5
5
5
5
5
5
5
5
5
5
5
5
5
5
5
5
5
5
5
5
5
5
5
5
5
5
5
5
5
5
5
5
5
5
5
5
5
5
5
5
5
5
5
5
5
5
5
5
5
5
5
5
5
5
5
5
5
5
5
5
5
5
5
5
5
5
5
5
5
5
5
5
5
5
5
5
5
5
5
5
5
5
5
5
5
5
5
5
5
5
5
5
5
5
5
5
5
5
5
5
5
5
5
5
5
5
5
5
5
5
5
5
5
5
5
5
5
5
5
5
5
5
5
5
5
5
5
5
5
5
5
5
5
5
5
5
5
5
5
5
5
5
5
5
5
5
5
5
5
5
5
5
5
5
5
5
5
5
5
5
5
5
5
5
5
5
5
5
5
5
5
5
5
5
5
5
5
5
5
5
5
5
5
5
5
5
5
5
5
5
5
5
5
5
5
5
5
5
5
5
5
5
5
5
5
5
5
5
5
5
5
5
5
5
5
5
5
5
5
5
5
5
5
5
5
5
5
5
5
5
5
5
5
5
5
5
5
5
5
5
5
5
5
5
5
5
5
5
5
5
5
5
5
5
5
5
5
5
5
5
5
5
5
5
5
5
5
5
5
5
5
5
5
5
5
5
5
5
5
5
5
5
5
5
5
5
5
5
5
5
5
5
5
5
5
5
5
5
5
5
5
5
5
5
5
5
5
5
5
5
5
5
5
5
5
5
5
5
5
5
5
5
5
5
5
5
5
5
5
5
5
5
5
5
5
5
5
5
5
5
5
5
5
5
5
5
5
5
5
5
5
5
5
5
5
5
5
5
5
5
5
5
5
5
5
5
5
5
5
5
5
5
5
5
5
5
5
5
5
5
5
5
5
5
5
5
5
5
5
5
5
5
5
5
5
5
5
5
5
5
5
5
5
5
5
5
5
5
5
5
5
5
5
5
5
5
5
5
5
5
5
5
5
5
5
5
5
5
5
5
5
5
5
5
5
5
5
5
5
5
5
5
5
5
5
5
5
5
5
5
5
5
5
5
5
5
5
5
5
5
5
5
5
5
5
5
5
5
5
5
5
5
5
5
5
5
5
5
5
5
5
5
5
5
5
5
5
5
5
5
5
5
5
5
5
5
5
5
5
5
5
5
5
5
5
5
5
5
5
5
5
5
5
5
5
5
5
5
5
5
5
5
5
5
5
5
5
5
5
5
5
5
5
5
5
5
5
5
5
5
5
5
5
5
5
5
5
5
5
5
5
5
5
5
5
5
5
5
5
5
5
5
5
5
5
5
5
5
5
5
5
5
5
5
5
5
5
5
5
5
5
5
5
5
5
5
5
5
5
5
5
5
5
5
5
5
5
5
5
5
5
5
5
5
5
5
5
5
5
5
5
5
5
5
5
5
5
5
5
5
5
5
5
5
5
5
5
5
5
5
5
5
5
5
5
5
5
5
5
5
5
5
5
5
5
5
5
5
5
5
5
5
5
5
5
5
5
5
5
5
5
5
5
5
5
5
5
5
5
5
5
5
5
5
5
5
5
5
5
5
5
5
5
5
5
5
5
5
5
5
5
5
5
5
5
5
5
5
5
5
5
5
5
5
5
5
5
5
5
5
5
5
5
5
5
5
5
5
5
5
5
5
5
5
5
5
5
5
5
5
5
5
5
5
5
5
5
5
5
5
5
5
5
5
5
5
5
5
5
5
5
5
5
5
5
5
5
5
5
5
5
5
5
5
5
5
5
5
5
5
5
5
5
5
5
5
5
5
5
5
5
5
5
5
5
5
5
5
5
5
5
5
5
5
5
5
5
5
5
5
5
5
5
5
5
5
5
5
5
5
5
5
5
5
5
5
5
5
5
5
5
5
5
5
5
5
5
5
5
5
5
5
5
5
5
5
5
5
5
5
5
5
5
5
5
5
5
5
5
5
5
5
5
5
5
5
5
5
5
5
5
5
5
5
5
5
5
5
5
5
5
5
5
5
5
5
5
5
5
5
5
5
5
5
5
5
5
5
5
5
5
5
5
5
5
5
5
5
5
5
5
5
5
5
5
5
5
5
5
5
5
5
5
5
5
5
5
5
5
5
5
5
5
5
5
5
5
5
5
5
5
5
5
5
5
5
5
5
5
5
5
5
5
5
5
5
5
5
5
5
5
5
5
5
5
5
5
5
5
5
5
5
5
5
5
5
5
5
5
5
5
5
5
5
5
5
5
5
5
5
5
5
5
5
5
5
5
5
5
5
5
5
5
5
5
5
5
5
5
5
5
5
5
5
5
5
5
5
5
5
5
5
5
5
5
5
5
5
5
5
5
5
5
5
5
5
5
5
5
5
5
5
5
5
5
5
5
5
5
5
5
5
5
5
5
5
5
5
5
5
5
5
5
5
5
5
5
5
5
5
5
5
5
5
5
5
5
5
5
5
5
5
5
5
5
5
5
5
5
5
5
5
5
5
5
5
5
5
5
5
5
5
5
5
5
5
5
5
5
5
5
5
5
5
5
5
5
5
5
5
5
5
5
5
5
5
5
5
5
5
5
5
5
5
5
5
5
5
5
5
5
5
5
5
5
5
5
5
5
5
5
5
5
5
5
5
5
5
5
5
5
5
5
5
5
5
5
5
5
5
5
5
5
5
5
5
5
5
5
5
5
5
5
5
5
5
5
5
5
5
5
5
5
5
5
5
5
5
5
5
5
5
5
5
5
5
5
5
5
5
5
5
5
5
5
5
5
5
5
5
5
5
5
5
5
5
5
5
5
5
5
5
5
5
5
5
5
5
5
5
5
5
5
5
5
5
5
5
5
5
5
5
5
5
5
5
5
5
5
5
5
5
5
5
5
5
5
5
5
5
5
5
5
5
5
5
5
5
5
5
5
5
5
5
5
5
5
5
5
5
5
5
5
5
5
5
5
5
5
5
5
5
5
5
5
5
5
5
5
5
5
5
5
5
5
5
5
5
5
5
5
5
5
5
5
5
5
5
5
5
5
5
5
5
5
5
5
5
5
5
5
5
5
5
5
5
5
5
5
5
5
5
5
5
5
5
5
5
5
5
5
5
5
5
5
5
5
5
5
5
5
5
5
5
5
5
5
5
5
5
5
5
5
5
5
5
5
5
5
5
5
5
5
5
5
5
5
5
5
5
5
5
5
5
5
5
5
5
5
5
5
5
5
5
5
5
5
5
5
5
5
5
5
5
5
5
5
5
5
5
5
5
5
5
5
5
5
5
5
5
5
5
5
5
5
5
5
5
5
5
5
5
5
5
5
5
5
5
5
5
5
5
5
5
5
5
5
5
5
5
5
5
5
5
5
5
5
5
5
5
5
5
5
5
5
5
5
5
5
5
5
5
5
5
5
5
5
5
5
5
5
5
5
5
5
5
5
5
5
5
5
5
5
5
5
5
5
5
5
5
5
5
5
5
5
5
5
5
5
5
5
5
5
5
5
5
5
5
5
5
5
5
5
5
5
5
5
5
5
5
5
5
5
5
5
5
5
5
5
5
5
5
5
5
5
5
5
5
5
5
5
5
5
5
5
5
5
5
5
5
5
5
5
5
5
5
5
5
5
5
5
5
5
5
5
5
5
5
5
5
5
5
5
5
5
5
5
5
5
5
5
5
5
5
5
5
5
5
5
5
5
5
5
5
5
5
5
5
5
5
5
5
5
5
5
5
5
5
5
5
5
5
5
5
5
5
5
5
5
5
5
5
5
5
5
5
5
5
5
5
5
5
5
5
5
5
5
5
5
5
5
5
5
5
5
5
5
5
5
5
5
5
5
5
5
5
5
5
5
5
5
5
5
5
5
5
5
5
5
5
5
5
5
5
5
5
5
5
5
5
5
5
5
5
5
5
5
5
5
5
5
5
5
5
5
5
5
5
5
5
5
5
5
5
5
5
5
5
5
5
5
5
5
5
5
5
5
5
5
5
5
5
5
5
5
5
5
5
5
5
5
5
5
5
5
5
5
5
5
5
5
5
5
5
5
5
5
5
5
5
5
5
5
5
5
5
5
5
5
5
5
5
5
5
5
5
5
5
5
5
5
5
5
5
5
5
5
5
5
5
5
5
5
5
5
5
5
5
5
5
5
5
5
5
5
5
5
5
5
5
5
5
5
5
5
5
5
5
5
5
5
5
5
5
5
5
5
5
5
5
5
5
5
5
5
5
5
5
5
5
5
5
5
5
5
5
5
5
5
5
5
5
5
5
5
5
5
5
5
5
5
5
5
5
5
5
5
5
5
5
5
5
5
5
5
5
5
5
5
5
5
5
5
5
5
5
5
5
5
5
5
5
5
5
5
5
5
5
5
5
5
5
5
5
5
5
5
5
5
5
5
5
5
5
5
5
5
5
5
5
5
5
5
5
5
5
5
5
5
5
5
5
5
5
5
5
5
5
5
5
5
5
5
5
5
5
5
5
5
5
5
5
5
5
5
5
5
5
5
5
5
5
5
5
5
5
5
5
5
5
5
5
5
5
5
5
5
5
5
5
5
5
5
5
5
5
5
5
5
5
5
5
5
5
5
5
5
5
5
5
5
5
5
5
5
5
5
5
5
5
5
5
5
5
5
5
5
5
5
5
5
5
5
5
5
5
5
5
5
5
5
5
5
5
5
5
5
5
5
5
5
5
5
5
5
5
5
5
5
5
5
5
5
5
5
5
5
5
5
5
5
5
5
5
5
5
5
5
5
5
5
5
5
5
5
5
5
5
5
5
5
5
5
5
5
5
5
5
5
5
5
5
5
5
5
5
5
5
5
5
5
5
5
5
5
5
5
5
5
5
5
5
5
5
5
5
5
5
5
5
5
5
5
5
5
5
5
5
5
5
5
5
5
5
5
5
5
5
5
5
5
5
5
5
5
5
5
5
5
5
5
5
5
5
5
5
5
5
5
5
5
5
5
5
5
5
5
5
5
5
5
5
5
5
5
5
5
5
5
5
5
5
5
5
5
5
5
5
5
5
5
5
5
5
5
5
5
5
5
5
5
5
5
5
5
5
5
5
5
5
5
5
5
5
5
5
5
5
5
5
5
5
5
5
5
5
5
5
5
5
5
5
5
5
5
5
5
5
5
5
5
5
5
5
5
5
5
5
5
5
5
5
5
5
5
5
5
5
5
5
5
5
5
5
5
5
5
5
5
5
5
5
5
5
5
5
5
5
5
5
5
5
5
5
5
5
5
5
5
5
5
5
5
5
5
5
5
5
5
5
5
5
5
5
5
5
5
5
5
5
5
5
5
5
5
5
5
5
5
5
5
5
5
5
5
5
5
5
5
5
5
5
5
5
5
5
5
5
5
5
5
5
5
5
5
5
5
5
5
5
5
5
5
5
5
5
5
5
5
5
5
5
5
5
5
5
5
5
5
5
5
5
5
5
5
5
5
5
5
5
5
5
5
5
5
5
5
5
5
5
5
5
5
5
5
5
5
5
5
5
5
5
5
5
5
5
5
5
5
5
5
5
5
5
5
5
5
5
5
5
5
5
5
5
5
5
5
5
5
5
5
5
5
5
5
5
5
5
5
5
5
5
5
5
5
5
5
5
5
5
5
5
5
5
5
5
5
5
5
5
5
5
5
5
5
5
5
5
5
5
5
5
5
5
5
5
5
5
5
5
5
5
5
5
5
5
5
5
5
5
5
5
5
5
5
5
5
5
5
5
5
5
5
5
5
5
5
5
5
5
5
5
5
5
5
5
5
5
5
5
5
5
5
5
5
5
5
5
5
5
5
5
5
5
5
5
5
5
5
5
5
5
5
5
5
5
5
5
5
5
5
5
5
5
5
5
5
5
5
5
5
5
5
5
5
5
5
5
5
5
5
5
5
5
5
5
5
5
5
5
5
5
5
5
5
5
5
5
5
5
5
5
5
5
5
5
5
5
5
5
5
5
5
5
5
5
5
5
5
5
5
5
5
5
5
5
5
5
5
5
5
5
5
5
5
5
5
5
5
5
5
5
5
5
5
5
5
5
5
5
5
5
5
5
5
5
5
5
5
5
5
5
5
5
5
5
5
5
5
5
5
5
5
5
5
5
5
5
5
5
5
5
5
5
5
5
5
5
5
5
5
5
5
5
5
5
5
5
5
5
5
5
5
5
5
5
5
5
5
5
5
5
5
5
5
5
5
5
5
5
5
5
5
5
5
5
5
5
5
5
5
5
5
5
5
5
5
5
5
5
5
5
5
5
5
5
5
5
5
5
5
5
5
5
5
5
5
5
5
5
5
5
5
5
5
5
5
5
5
5
5
5
5
5
5
5
5
5
5
5
5
5
5
5
5
5
5
5
5
5
5
5
5
5
5
5
5
5
5
5
5
5
5
5
5
5
5
5
5
5
5
5
5
5
5
5
5
5
5
5
5
5
5
5
5
5
5
5
5
5
5
5
5
5
5
5
5
5
5
5
5
5
5
5
5
5
5
5
5
5
5
5
5
5
5
5
5
5
5
5
5
5
5
5
5
5
5
5
5
5
5
5
5
5
5
5
5
5
5
5
5
5
5
5
5
5
5
5
5
5
5
5
5
5
5
5
5
5
5
5
5
5
5
5
5
5
5
5
5
5
5
5
5
5
5
5
5
5
5
5
5
5
5
5
5
5
5
5
5
5
5
5
5
5
5
5
5
5
5
5
5
5
5
5
5
5
5
5
5
5
5
5
5
5
5
5
5
5
5
5
5
5
5
5
5
5
5
5
5
5
5
5
5
5
5
5
5
5
5
5
5
5
5
5
5
5
5
5
5
5
5
5
5
5
5
5
5
5
5
5
5
5
5
5
5
5
5
5
5
5
5
5
5
5
5
5
5
5
5
5
5
5
5
5
5
5
5
5
5
5
5
5
5
5
5
5
5
5
5
5
5
5
5
5
5
5
5
5
5
5
5
5
5
5
5
5
5
5
5
5
5
5
5
5
5
5
5
5
5
5
5
5
5
5
5
5
5
5
5
5
5
5
5
5
5
5
5
5
5
5
5
5
5
5
5
5
5
5
5
5
5
5
5
5
5
5
5
5
5
5
5
5
5
5
5
5
5
5
5
5
5
5
5
5
5
5
5
5
5
5
5
5
5
5
5
5
5
5
5
5
5
5
5
5
5
5
5
5
5
5
5
5
5
5
5
5
5
5
5
5
5
5
5
5
5
5
5
5
5
5
5
5
5
5
5
5
5
5
5
5
5
5
5
5
5
5
5
5
5
5
5
5
5
5
5
5
5
5
5
5
5
5
5
5
5
5
5
5
5
5
5
5
5
5
5
5
5
5
5
5
5
5
5
5
5
5
5
5
5
5
5
5
5
5
5
5
5
5
5
5
5
5
5
5
5
5
5
5
5
5
5
5
5
5
5
5
5
5
5
5
5
5
5
5
5
5
5
5
5
5
5
5
5
5
5
5
5
5
5
5
5
5
5
5
5
5
5
5
5
5
5
5
5
5
5
5
5
5
5
5
5
5
5
5
5
5
5
5
5
5
5
5
5
5
5
5
5
5
5
5
5
5
5
5
5
5
5
5
5
5
5
5
5
5
5
5
5
5
5
5
5
5
5
5
5
5
5
5
5
5
5
5
5
5
5
5
5
5
5
5
5
5
5
5
5
5
5
5
5
5
5
5
5
5
5
5
5
5
5
5
5
5
5
5
5
5
5
5
5
5
5
5
5
5
5
5
5
5
5
5
5
5
5
5
5
5
5
5
5
5
5
5
5
5
5
5
5
5
5
5
5
5
5
5
5
5
5
5
5
5
5
5
5
5
5
5
5
5
5
5
5
5
5
5
5
5
5
5
5
5
5
5
5
5
5
5
5
5
5
5
5
5
5
5
5
5
5
5
5
5
5
5
5
5
5
5
5
5
5
5
5
5
5
5
5
5
5
5
5
5
5
5
5
5
5
5
5
5
5
5
5
5
5
5
5
5
5
5
5
5
5
5
5
5
5
5
5
5
5
5
5
5
5
5
5
5
5
5
5
5
5
5
5
5
5
5
5
5
5
5
5
5
5
5
5
5
5
5
5
5
5
5
5
5
5
5
5
5
5
5
5
5
5
5
5
5
5
5
5
5
5
5
5
5
5
5
5
5
5
5
5
5
5
5
5
5
5
5
5
5
5
5
5
5
5
5
5
5
5
5
5
5
5
5
5
5
5
5
5
5
5
5
5
5
5
5
5
5
5
5
5
5
5
5
5
5
5
5
5
5
5
5
5
5
5
5
5
5
5
5
5
5
5
5
5
5
5
5
5
5
5
5
5
5
5
5
5
5
5
5
5
5
5
5
5
5
5
5
5
5
5
5
5
5
5
5
5
5
5
5
5
5
5
5
5
5
5
5
5
5
5
5
5
5
5
5
5
5
5
5
5
5
5
5
5
5
5
5
5
5
5
5
5
5
5
5
5
5
5
5
5
5
5
5
5
5
5
5
5
5
5
5
5
5
5
5
5
5
5
5
5
5
5
5
5
5
5
5
5
5
5
5
5
5
5
5
5
5
5
5
5
5
5
5
5
5
5
5
5
5
5
5
5
5
5
5
5
5
5
5
5
5
5
5
5
5
5
5
5
5
5
5
5
5
5
5
5
5
5
5
5
5
5
5
5
5
5
5
5
5
5
5
5
5
5
5
5
5
5
5
5
5
5
5
5
5
5
5
5
5
5
5
5
5
5
5
5
5
5
5
5
5
5
5
5
5
5
5
5
5
5
5
5
5
5
5
5
5
5
5
5
5
5
5
5
5
5
5
5
5
5
5
5
5
5
5
5
5
5
5
5
5
5
5
5
5
5
5
5
5
5
5
5
5
5
5
5
5
5
5
5
5
5
5
5
5
5
5
5
5
5
5
5
5
5
5
5
5
5
5
5
5
5
5
5
5
5
5
5
5
5
5
5
5
5
5
5
5
5
5
5
5
5
5
5
5
5
5
5
5
5
5
5
5
5
5
5
5
5
5
5
5
5
5
5
5
5
5
5
5
5
5
5
5
5
5
5
5
5
5
5
5
5
5
5
5
5
5
5
5
5
5
5
5
5
5
5
5
5
5
5
5
5
5
5
5
5
5
5
5
5
5
5
5
5
5
5
5
5
5
5
5
5
5
5
5
5
5
5
5
5
5
5
5
5
5
5
5
5
5
5
5
5
5
5
5
5
5
5
5
5
5
5
5
5
5
5
5
5
5
5
5
5
5
5
5
5
5
5
5
5
5
5
5
5
5
5
5
5
5
5
5
5
5
5
5
5
5
5
5
5
5
5
5
5
5
5
5
5
5
5
5
5
5
5
5
5
5
5
5
5
5
5
5
5
5
5
5
5
5
5
5
5
5
5
5
5
5
5
5
5
5
5
5
5
5
5
5
5
5
5
5
5
5
5
5
5
5
5
5
5
5
5
5
5
5
5
5
5
5
5
5
5
5
5
5
5
5
5
5
5
5
5
5
5
5
5
5
5
5
5
5
5
5
5
5
5
5
5
5
5
5
5
5
5
5
5
5
5
5
5
5
5
5
5
5
5
5
5
5
5
5
5
5
5
5
5
5
5
5
5
5
5
5
5
5
5
5
5
5
5
5
5
5
5
5
5
5
5
5
5
5
5
5
5
5
5
5
5
5
5
5
5
5
5
5
5
5
5
5
5
5
5
5
5
5
5
5
5
5
5
5
5
5
5
5
5
5
5
5
5
5
5
5
5
5
5
5
5
5
5
5
5
5
5
5
5
5
5
5
5
5
5
5
5
5
5
5
5
5
5
5
5
5
5
5
5
5
5
5
5
5
5
5
5
5
5
5
5
5
5
5
5
5
5
5
5
5
5
5
5
5
5
5
5
5
5
5
5
5
5
5
5
5
5
5
5
5
5
5
5
5
5
5
5
5
5
5
5
5
5
5
5
5
5
5
5
5
5
5
5
5
5
5
5
5
5
5
5
5
5
5
5
5
5
5
5
5
5
5
5
5
5
5
5
5
5
5
5
5
5
5
5
5
5
5
5
5
5
5
5
5
5
5
5
5
5
5
5
5
5
5
5
5
5
5
5
5
5
5
5
5
5
5
5
5
5
5
5
5
5
5
5
5
5
5
5
5
5
5
5
5
5
5
5
5
5
5
5
5
5
5
5
5
5
5
5
5
5
5
5
5
5
5
5
5
5
5
5
5
5
5
5
5
5
5
5
5
5
5
5
5
5
5
5
5
5
5
5
5
5
5
5
5
5
5
5
5
5
5
5
5
5
5
5
5
5
5
5
5
5
5
5
5
5
5
5
5
5
5
5
5
5
5
5
5
5
5
5
5
5
5
5
5
5
5
5
5
5
5
5
5
5
5
5
5
5
5
5
5
5
5
5
5
5
5
5
5
5
5
5
5
5
5
5
5
5
5
5
5
5
5
5
5
5
5
5
5
5
5
5
5
5
5
5
5
5
5
5
5
5
5
5
5
5
5
5
5
5
5
5
5
5
5
5
5
5
5
5
5
5
5
5
5
5
5
5
5
5
5
5
5
5
5
5
5
5
5
5
5
5
5
5
5
5
5
5
5
5
5
5
5
5
5
5
5
5
5
5
5
5
5
5
5
5
5
5
5
5
5
5
5
5
5
5
5
5
5
5
5
5
5
5
5
5
5
5
5
5
5
5
5
5
5
5
5
5
5
5
5
5
5
5
5
5
5
5
5
5
5
5
5
5
5
5
5
5
5
5
5
5
5
5
5
5
5
5
5
5
5
5
5
5
5
5
5
5
5
5
5
5
5
5
5
5
5
5
5
5
5
5
5
5
5
5
5
5
5
5
5
5
5
5
5
5
5
5
5
5
5
5
5
5
5
5
5
5
5
5
5
5
5
5
5
5
5
5
5
5
5
5
5
5
5
5
5
5
5
5
5
5
5
5
5
5
5
5
5
5
5
5
5
5
5
5
5
5
5
5
5
5
5
5
5
5
5
5
5
5
5
5
5
5
5
5
5
5
5
5
5
5
5
5
5
5
5
5
5
5
5
5
5
5
5
5
5
5
5
5
5
5
5
5
5
5
5
5
5
5
5
5
5
5
5
5
5
5
5
5
5
5
5
5
5
5
5
5
5
5
5
5
5
5
5
5
5
5
5
5
5
5
5
5
5
5
5
5
5
5
5
5
5
5
5
5
5
5
5
5
5
5
5
5
5
5
5
5
5
5
5
5
5
5
5
5
5
5
5
5
5
5
5
5
5
5
5
5
5
5
5
5
5
5
5
5
5
5
5
5
5
5
5
5
5
5
5
5
5
5
5
5
5
5
5
5
5
5
5
5
5
5
5
5
5
5
5
5
5
5
5
5
5
5
5
5
5
5
5
5
5
5
5
5
5
5
5
5
5
5
5
5
5
5
5
5
5
5
5
5
5
5
5
5
5
5
5
5
5
5
5
5
5
5
5
5
5
5
5
5
5
5
5
5
5
5
5
5
5
5
5
5
5
5
5
5
5
5
5
5
5
5
5
5
5
5
5
5
5
5
5
5
5
5
5
5
5
5
5
5
5
5
5
5
5
5
5
5
5
5
5
5
5
5
5
5
5
5
5
5
5
5
5
5
5
5
5
5
5
5
5
5
5
5
5
5
5
5
5
5
5
5
5
5
5
5
5
5
5
5
5
5
5
5
5
5
5
5
5
5
5
5
5
5
5
5
5
5
5
5
5
5
5
5
5
5
5
5
5
5
5
5
5
5
5
5
5
5
5
5
5
5
5
5
5
5
5
5
5
5
5
5
5
5
5
5
5
5
5
5
5
5
5
5
5
5
5
5
5
5
5
5
5
5
5
5
5
5
5
5
5
5
5
5
5
5
5
5
5
5
5
5
5
5
5
5
5
5
5
5
5
5
5
5
5
5
5
5
5
5
5
5
5
5
5
5
5
5
5
5
5
5
5
5
5
5
5
5
5
5
5
5
5
5
5
5
5
5
5
5
5
5
5
5
5
5
5
5
5
5
5
5
5
5
5
5
5
5
5
5
5
5
5
5
5
5
5
5
5
5
5
5
5
5
5
5
5
5
5
5
5
5
5
5
5
5
5
5
5
5
5
5
5
5
5
5
5
5
5
5
5
5
5
5
5
5
5
5
5
5
5
5
5
5
5
5
5
5
5
5
5
5
5
5
5
5
5
5
5
5
5
5
5
5
5
5
5
5
5
5
5
5
5
5
5
5
5
5
5
5
5
5
5
5
5
5
5
5
5
5
5
5
5
5
5
5
5
5
5
5
5
5
5
5
5
5
5
5
5
5
5
5
5
5
5
5
5
5
5
5
5
5
5
5
5
5
5
5
5
5
5
5
5
5
5
5
5
5
5
5
5
5
5
5
5
5
5
5
5
5
5
5
5
5
5
5
5
5
5
5
5
5
5
5
5
5
5
5
5
5
5
5
5
5
5
5
5
5
5
5
5
5
5
5
5
5
5
5
5
5
5
5
5
5
5
5
5
5
5
5
5
5
5
5
5
5
5
5
5
5
5
5
5
5
5
5
5
5
5
5
5
5
5
5
5
5
5
5
5
5
5
5
5
5
5
5
5
5
5
5
5
5
5
5
5
5
5
5
5
5
5
5
5
5
5
5
5
5
5
5
5
5
5
5
5
5
5
5
5
5
5
5
5
5
5
5
5
5
5
5
5
5
5
5
5
5
5
5
5
5
5
5
5
5
5
5
5
5
5
5
5
5
5
5
5
5
5
5
5
5
5
5
5
5
5
5
5
5
5
5
5
5
5
5
5
5
5
5
5
5
5
5
5
5
5
5
5
5
5
5
5
5
5
5
5
5
5
5
5
5
5
5
5
5
5
5
5
5
5
5
5
5
5
5
5
5
5
5
5
5
5
5
5
5
5
5
5
5
5
5
5
5
5
5
5
5
5
5
5
5
5
5
5
5
5
5
5
5
5
5
5
5
5
5
5
5
5
5
5
5
5
5
5
5
5
5
5
5
5
5
5
5
5
5
5
5
5
5
5
5
5
5
5
5
5
5
5
5
5
5
5
5
5
5
5
5
5
5
5
5
5
5
5
5
5
5
5
5
5
5
5
5
5
5
5
5
5
5
5
5
5
5
5
5
5
5
5
5
5
5
5
5
5
5
5
5
5
5
5
5
5
5
5
5
5
5
5
5
5
5
5
5
5
5
5
5
5
5
5
5
5
5
5
5
5
5
5
5
5
5
5
5
5
5
5
5
5
5
5
5
5
5
5
5
5
5
5
5
5
5
5
5
5
5
5
5
5
5
5
5
5
5
5
5
5
5
5
5
5
5
5
5
5
5
5
5
5
5
5
5
5
5
5
5
5
5
5
5
5
5
5
5
5
5
5
5
5
5
5
5
5
5
5
5
5
5
5
5
5
5
5
5
5
5
5
5
5
5
5
5
5
5
5
5
5
5
5
5
5
5
5
5
5
5
5
5
5
5
5
5
5
5
5
5
5
5
5
5
5
5
5
5
5
5
5
5
5
5
5
5
5
5
5
5
5
5
5
5
5
5
5
5
5
5
5
5
5
5
5
5
5
5
5
5
5
5
5
5
5
5
5
5
5
5
5
5
5
5
5
5
5
5
5
5
5
5
5
5
5
5
5
5
5
5
5
5
5
5
5
5
5
5
5
5
5
5
5
5
5
5
5
5
5
5
5
5
5
5
5
5
5
5
5
5
5
5
5
5
5
5
5
5
5
5
5
5
5
5
5
5
5
5
5
5
5
5
5
5
5
5
5
5
5
5
5
5
5
5
5
5
5
5
5
5
5
5
5
5
5
5
5
5
5
5
5
5
5
5
5
5
5
5
5
5
5
5
5
5
5
5
5
5
5
5
5
5
5
5
5
5
5
5
5
5
5
5
5
5
5
5
5
5
5
5
5
5
5
5
5
5
5
5
5
5
5
5
5
5
5
5
5
5
5
5
5
5
5
5
5
5
5
5
5
5
5
5
5
5
5
5
5
5
5
5
5
5
5
5
5
5
5
5
5
5
5
5
5
5
5
5
5
5
5
5
5
5
5
5
5
5
5
5
5
5
5
5
5
5
5
5
5
5
5
5
5
5
5
5
5
5
5
5
5
5
5
5
5
5
5
5
5
5
5
5
5
5
5
5
5
5
5
5
5
5
5
5
5
5
5
5
5
5
5
5
5
5
5
5
5
5
5
5
5
5
5
5
5
5
5
5
5
5
5
5
5
5
5
5
5
5
5
5
5
5
5
5
5
5
5
5
5
5
5
5
5
5
5
5
5
5
5
5
5
5
5
5
5
5
5
5
5
5
5
5
5
5
5
5
5
5
5
5
5
5
5
5
5
5
5
5
5
5
5
5
5
5
5
5
5
5
5
5
5
5
5
5
5
5
5
5
5
5
5
5
5
5
5
5
5
5
5
5
5
5
5
5
5
5
5
5
5
5
5
5
5
5
5
5
5
5
5
5
5
5
5
5
5
5
5
5
5
5
5
5
5
5
5
5
5
5
5
5
5
5
5
5
5
5
5
5
5
5
5
5
5
5
5
5
5
5
5
5
5
5
5
5
5
5
5
5
5
5
5
5
5
5
5
5
5
5
5
5
5
5
5
5
5
5
5
5
5
5
5
5
5
5
5
5
5
5
5
5
5
5
5
5
5
5
5
5
5
5
5
5
5
5
5
5
5
5
5
5
5
5
5
5
5
5
5
5
5
5
5
5
5
5
5
5
5
5
5
5
5
5
5
5
5
5
5
5
5
5
5
5
5
5
5
5
5
5
5
5
5
5
5
5
5
5
5
5
5
5
5
5
5
5
5
5
5
5
5
5
5
5
5
5
5
5
5
5
5
5
5
5
5
5
5
5
5
5
5
5
5
5
5
5
5
5
5
5
5
5
5
5
5
5
5
5
5
5
5
5
5
5
5
5
5
5
5
5
5
5
5
5
5
5
5
5
5
5
5
5
5
5
5
5
5
5
5
5
5
5
5
5
5
5
5
5
5
5
5
5
5
5
5
5
5
5
5
5
5
5
5
5
5
5
5
5
5
5
5
5
5
5
5
5
5
5
5
5
5
5
5
5
5
5
5
5
5
5
5
5
5
5
5
5
5
5
5
5
5
5
5
5
5
5
5
5
5
5
5
5
5
5
5
5
5
5
5
5
5
5
5
5
5
5
5
5
5
5
5
5
5
5
5
5
5
5
5
5
5
5
5
5
5
5
5
5
5
5
5
5
5
5
5
5
5
5
5
5
5
5
5
5
5
5
5
5
5
5
5
5
5
5
5
5
5
5
5
5
5
5
5
5
5
5
5
5
5
5
5
5
5
5
5
5
5
5
5
5
5
5
5
5
5
5
5
5
5
5
5
5
5
5
5
5
5
5
5
5
5
5
5
5
5
5
5
5
5
5
5
5
5
5
5
5
5
5
5
5
5
5
5
5
5
5
5
5
5
5
5
5
5
5
5
5
5
5
5
5
5
5
5
5
5
5
5
5
5
5
5
5
5
5
5
5
5
5
5
5
5
5
5
5
5
5
5
5
5
5
5
5
5
5
5
5
5
5
5
5
5
5
5
5
5
5
5
5
5
5
5
5
5
5
5
5
5
5
5
5
5
5
5
5
5
5
5
5
5
5
5
5
5
5
5
5
5
5
5
5
5
5
5
5
5
5
5
5
5
5
5
5
5
5
5
5
5
5
5
5
5
5
5
5
5
5
5
5
5
5
5
5
5
5
5
5
5
5
5
5
5
5
5
5
5
5
5
5
5
5
5
5
5
5
5
5
5
5
5
5
5
5
5
5
5
5
5
5
5
5
5
5
5
5
5
5
5
5
5
5
5
5
5
5
5
5
5
5
5
5
5
5
5
5
5
5
5
5
5
5
5
5
5
5
5
5
5
5
5
5
5
5
5
5
5
5
5
5
5
5
5
5
5
5
5
5
5
5
5
5
5
5
5
5
5
5
5
5
5
5
5
5
5
5
5
5
5
5
5
5
5
5
5
5
5
5
5
5
5
5
5
5
5
5
5
5
5
5
5
5
5
5
5
5
5
5
5
5
5
5
5
5
5
5
5
5
5
5
5
5
5
5
5
5
5
5
5
5
5
5
5
5
5
5
5
5
5
5
5
5
5
5
5
5
5
5
5
5
5
5
5
5
5
5
5
5
5
5
5
5
5
5
5
5
5
5
5
5
5
5
5
5
5
5
5
5
5
5
5
5
5
5
5
5
5
5
5
5
5
5
5
5
5
5
5
5
5
5
5
5
5
5
5
5
5
5
5
5
5
5
5
5
5
5
5
5
5
5
5
5
5
5
5
5
5
5
5
5
5
5
5
5
5
5
5
5
5
5
5
5
5
5
5
5
5
5
5
5
5
5
5
5
5
5
5
5
5
5
5
5
5
5
5
5
5
5
5
5
5
5
5
5
5
5
5
5
5
5
5
5
5
5
5
5
5
5
5
5
5
5
5
5
5
5
5
5
5
5
5
5
5
5
5
5
5
5
5
5
5
5
5
5
5
5
5
5
5
5
5
5
5
5
5
5
5
5
5
5
5
5
5
5
5
5
5
5
5
5
5
5
5
5
5
5
5
5
5
5
5
5
5
5
5
5
5
5
5
5
5
5
5
5
5
5
5
5
5
5
5
5
5
5
5
5
5
5
5
5
5
5
5
5
5
5
5
5
5
5
5
5
5
5
5
5
5
5
5
5
5
5
5
5
5
5
5
5
5
5
5
5
5
5
5
5
5
5
5
5
5
5
5
5
5
5
5
5
5
5
5
5
5
5
5
5
5
5
5
5
5
5
5
5
5
5
5
5
5
5
5
5
5
5
5
5
5
5
5
5
5
5
5
5
5
5
5
5
5
5
5
5
5
5
5
5
5
5
5
5
5
5
5
5
5
5
5
5
5
5
5
5
5
5
5
5
5
5
5
5
5
5
5
5
5
5
5
5
5
5
5
5
5
5
5
5
5
5
5
5
5
5
5
5
5
5
5
5
5
5
5
5
5
5
5
5
5
5
5
5
5
5
5
5
5
5
5
5
5
5
5
5
5
5
5
5
5
5
5
5
5
5
5
5
5
5
5
5
5
5
5
5
5
5
5
5
5
5
5
5
5
5
5
5
5
5
5
5
5
5
5
5
5
5
5
5
5
5
5
5
5
5
5
5
5
5
5
5
5
5
5
5
5
5
5
5
5
5
5
5
5
5
5
5
5
5
5
5
5
5
5
5
5
5
5
5
5
5
5
5
5
5
5
5
5
5
5
5
5
5
5
5
5
5
5
5
5
5
5
5
5
5
5
5
5
5
5
5
5
5
5
5
5
5
5
5
5
5
5
5
5
5
5
5
5
5
5
5
5
5
5
5
5
5
5
5
5
5
5
5
5
5
5
5
5
5
5
5
5
5
5
5
5
5
5
5
5
5
5
5
5
5
5
5
5
5
5
5
5
5
5
5
5
5
5
5
5
5
5
5
5
5
5
5
5
5
5
5
5
5
5
5
5
5
5
5
5
5
5
5
5
5
5
5
5
5
5
5
5
5
5
5
5
5
5
5
5
5
5
5
5
5
5
5
5
5
5
5
5
5
5
5
5
5
5
5
5
5
5
5
5
5
5
5
5
5
5
5
5
5
5
5
5
5
5
5
5
5
5
5
5
5
5
5
5
5
5
5
5
5
5
5
5
5
5
5
5
5
5
5
5
5
5
5
5
5
5
5
5
5
5
5
5
5
5
5
5
5
5
5
5
5
5
5
5
5
5
5
5
5
5
5
5
5
5
5
5
5
5
5
5
5
5
5
5
5
5
5
5
5
5
5
5
5
5
5
5
5
5
5
5
5
5
5
5
5
5
5
5
5
5
5
5
5
5
5
5
5
5
5
5
5
5
5
5
5
5
5
5
5
5
5
5
5
5
5
5
5
5
5
5
5
5
5
5
5
5
5
5
5
5
5
5
5
5
5
5
5
5
5
5
5
5
5
5
5
5
5
5
5
5
5
5
5
5
5
5
5
5
5
5
5
5
5
5
5
5
5
5
5
5
5
5
5
5
5
5
5
5
5
5
5
5
5
5
5
5
5
5
5
5
5
5
5
5
5
5
5
5
5
5
5
5
5
5
5
5
5
5
5
5
5
5
5
5
5
5
5
5
5
5
5
5
5
5
5
5
5
5
5
5
5
5
5
5
5
5
5
5
5
5
5
5
5
5
5
5
5
5
5
5
5
5
5
5
5
5
5
5
5
5
5
5
5
5
5
5
5
5
5
5
5
5
5
5
5
5
5
5
5
5
5
5
5
5
5
5
5
5
5
5
5
5
5
5
5
5
5
5
5
5
5
5
5
5
5
5
5
5
5
5
5
5
5
5
5
5
5
5
5
5
5
5
5
5
5
5
5
5
5
5
5
5
5
5
5
5
5
5
5
5
5
5
5
5
5
5
5
5
5
5
5
5
5
5
5
5
5
5
5
5
5
5
5
5
5
5
5
5
5
5
5
5
5
5
5
5
5
5
5
5
5
5
5
5
5
5
5
5
5
5
5
5
5
5
5
5
5
5
5
5
5
5
5
5
5
5
5
5
5
5
5
5
5
5
5
5
5
5
5
5
5
5
5
5
5
5
5
5
5
5
5
5
5
5
5
5
5
5
5
5
5
5
5
5
5
5
5
5
5
5
5
5
5
5
5
5
5
5
5
5
5
5
5
5
5
5
5
5
5
5
5
5
5
5
5
5
5
5
5
5
5
5
5
5
5
5
5
5
5
5
5
5
5
5
5
5
5
5
5
5
5
5
5
5
5
5
5
5
5
5
5
5
5
5
5
5
5
5
5
5
5
5
5
5
5
5
5
5
5
5
5
5
5
5
5
5
5
5
5
5
5
5
5
5
5
5
5
5
5
5
5
5
5
5
5
5
5
5
5
5
5
5
5
5
5
5
5
5
5
5
5
5
5
5
5
5
5
5
5
5
5
5
5
5
5
5
5
5
5
5
5
5
5
5
5
5
5
5
5
5
5
5
5
5
5
5
5
5
5
5
5
5
5
5
5
5
5
5
5
5
5
5
5
5
5
5
5
5
5
5
5
5
5
5
5
5
5
5
5
5
5
5
5
5
5
5
5
5
5
5
5
5
5
5
5
5
5
5
5
5
5
5
5
5
5
5
5
5
5
5
5
5
5
5
5
5
5
5
5
5
5
5
5
5
5
5
5
5
5
5
5
5
5
5
5
5
5
5
5
5
5
5
5
5
5
5
5
5
5
5
5
5
5
5
5
5
5
5
5
5
5
5
5
5
5
5
5
5
5
5
5
5
5
5
5
5
5
5
5
5
5
5
5
5
5
5
5
5
5
5
5
5
5
5
5
5
5
5
5
5
5
5
5
5
5
5
5
5
5
5
5
5
5
5
5
5
5
5
5
5
5
5
5
5
5
5
5
5
5
5
5
5
5
5
5
5
5
5
5
5
5
5
5
5
5
5
5
5
5
5
5
5
5
5
5
5
5
5
5
5
5
5
5
5
5
5
5
5
5
5
5
5
5
5
5
5
5
5
5
5
5
5
5
5
5
5
5
5
5
5
5
5
5
5
5
5
5
5
5
5
5
5
5
5
5
5
5
5
5
5
5
5
5
5
5
5
5
5
5
5
5
5
5
5
5
5
5
5
5
5
5
5
5
5
5
5
5
5
5
5
5
5
5
5
5
5
5
5
5
5
5
5
5
5
5
5
5
5
5
5
5
5
5
5
5
5
5
5
5
5
5
5
5
5
5
5
5
5
5
5
5
5
5
5
5
5
5
5
5
5
5
5
5
5
5
5
5
5
5
5
5
5
5
5
5
5
5
5
5
5
5
5
5
5
5
5
5
5
5
5
5
5
5
5
5
5
5
5
5
5
5
5
5
5
5
5
5
5
5
5
5
5
5
5
5
5
5
5
5
5
5
5
5
5
5
5
5
5
5
5
5
5
5
5
5
5
5
5
5
5
5
5
5
5
5
5
5
5
5
5
5
5
5
5
5
5
5
5
5
5
5
5
5
5
5
5
5
5
5
5
5
5
5
5
5
5
5
5
5
5
5
5
5
5
5
5
5
5
5
5
5
5
5
5
5
5
5
5
5
5
5
5
5
5
5
5
5
5
5
5
5
5
5
5
5
5
5
5
5
5
5
5
5
5
5
5
5
5
5
5
5
5
5
5
5
5
5
5
5
5
5
5
5
5
5
5
5
5
5
5
5
5
5
5
5
5
5
5
5
5
5
5
5
5
5
5
5
5
5
5
5
5
5
5
5
5
5
5
5
5
5
5
5
5
5
5
5
5
5
5
5
5
5
5
5
5
5
5
5
5
5
5
5
5
5
5
5
5
5
5
5
5
5
5
5
5
5
5
5
5
5
5
5
5
5
5
5
5
5
5
5
5
5
5
5
5
5
5
5
5
5
5
5
5
5
5
5
5
5
5
5
5
5
5
5
5
5
5
5
5
5
5
5
5
5
5
5
5
5
5
5
5
5
5
5
5
5
5
5
5
5
5
5
5
5
5
5
5
5
5
5
5
5
5
5
5
5
5
5
5
5
5
5
5
5
5
5
5
5
5
5
5
5
5
5
5
5
5
5
5
5
5
5
5
5
5
5
5
5
5
5
5
5
5
5
5
5
5
5
5
5
5
5
5
5
5
5
5
5
5
5
5
5
5
5
5
5
5
5
5
5
5
5
5
5
5
5
5
5
5
5
5
5
5
5
5
5
5
5
5
5
5
5
5
5
5
5
5
5
5
5
5
5
5
5
5
5
5
5
5
5
5
5
5
5
5
5
5
5
5
5
5
5
5
5
5
5
5
5
5
5
5
5
5
5
5
5
5
5
5
5
5
5
5
5
5
5
5
5
5
5
5
5
5
5
5
5
5
5
5
5
5
5
5
5
5
5
5
5
5
5
5
5
5
5
5
5
5
5
5
5
5
5
5
5
5
5
5
5
5
5
5
5
5
5
5
5
5
5
5
5
5
5
5
5
5
5
5
5
5
5
5
5
5
5
5
5
5
5
5
5
5
5
5
5
5
5
5
5
5
5
5
5
5
5
5
5
5
5
5
5
5
5
5
5
5
5
5
5
5
5
5
5
5
5
5
5
5
5
5
5
5
5
5
5
5
5
5
5
5
5
5
5
5
5
5
5
5
5
5
5
5
5
5
5
5
5
5
5
5
5
5
5
5
5
5
5
5
5
5
5
5
5
5
5
5
5
5
5
5
5
5
5
5
5
5
5
5
5
5
5
5
5
5
5
5
5
5
5
5
5
5
5
5
5
5
5
5
5
5
5
5
5
5
5
5
5
5
5
5
5
5
5
5
5
5
5
5
5
5
5
5
5
5
5
5
5
5
5
5
5
5
5
5
5
5
5
5
5
5
5
5
5
5
5
5
5
5
5
5
5
5
5
5
5
5
5
5
5
5
5
5
5
5
5
5
5
5
5
5
5
5
5
5
5
5
5
5
5
5
5
5
5
5
5
5
5
5
5
5
5
5
5
5
5
5
5
5
5
5
5
5
5
5
5
5
5
5
5
5
5
5
5
5
5
5
5
5
5
5
5
5
5
5
5
5
5
5
5
5
5
5
5
5
5
5
5
5
5
5
5
5
5
5
5
5
5
5
5
5
5
5
5
5
5
5
5
5
5
5
5
5
5
5
5
5
5
5
5
5
5
5
5
5
5
5
5
5
5
5
5
5
5
5
5
5
5
5
5
5
5
5
5
5
5
5
5
5
5
5
5
5
5
5
5
5
5
5
5
5
5
5
5
5
5
5
5
5
5
5
5
5
5
5
5
5
5
5
5
5
5
5
5
5
5
5
5
5
5
5
5
5
5
5
5
5
5
5
5
5
5
5
5
5
5
5
5
5
5
5
5
5
5
5
5
5
5
5
5
5
5
5
5
5
5
5
5
5
5
5
5
5
5
5
5
5
5
5
5
5
5
5
5
5
5
5
5
5
5
5
5
5
5
5
5
5
5
5
5
5
5
5
5
5
5
5
5
5
5
5
5
5
5
5
5
5
5
5
5
5
5
5
5
5
5
5
5
5
5
5
5
5
5
5
5
5
5
5
5
5
5
5
5
5
5
5
5
5
5
5
5
5
5
5
5
5
5
5
5
5
5
5
5
5
5
5
5
5
5
5
5
5
5
5
5
5
5
5
5
5
5
5
5
5
5
5
5
5
5
5
5
5
5
5
5
5
5
5
5
5
5
5
5
5
5
5
5
5
5
5
5
5
5
5
5
5
5
5
5
5
5
5
5
5
5
5
5
5
5
5
5
5
5
5
5
5
5
5
5
5
5
5
5
5
5
5
5
5
5
5
5
5
5
5
5
5
5
5
5
5
5
5
5
5
5
5
5
5
5
5
5
5
5
5
5
5
5
5
5
5
5
5
5
5
5
5
5
5
5
5
5
5
5
5
5
5
5
5
5
5
5
5
5
5
5
5
5
5
5
5
5
5
5
5
5
5
5
5
5
5
5
5
5
5
5
5
5
5
5
5
5
5
5
5
5
5
5
5
5
5
5
5
5
5
5
5
5
5
5
5
5
5
5
5
5
5
5
5
5
5
5
5
5
5
5
5
5
5
5
5
5
5
5
5
5
5
5
5
5
5
5
5
5
5
5
5
5
5
5
5
5
5
5
5
5
5
5
5
5
5
5
5
5
5
5
5
5
5
5
5
5
5
5
5
5
5
5
5
5
5
5
5
5
5
5
5
5
5
5
5
5
5
5
5
5
5
5
5
5
5
5
5
5
5
5
5
5
5
5
5
5
5
5
5
5
5
5
5
5
5
5
5
5
5
5
5
5
5
5
5
5
5
5
5
5
5
5
5
5
5
5
5
5
5
5
5
5
5
5
5
5
5
5
5
5
5
5
5
5
5
5
5
5
5
5
5
5
5
5
5
5
5
5
5
5
5
5
5
5
5
5
5
5
5
5
5
5
5
5
5
5
5
5
5
5
5
5
5
5
5
5
5
5
5
5
5
5
5
5
5
5
5
5
5
5
5
5
5
5
5
5
5
5
5
5
5
5
5
5
5
5
5
5
5
5
5
5
5
5
5
5
5
5
5
5
5
5
5
5
5
5
5
5
5
5
5
5
5
5
5
5
5
5
5
5
5
5
5
5
5
5
5
5
5
5
5
5
5
5
5
5
5
5
5
5
5
5
5
5
5
5
5
5
5
5
5
5
5
5
5
5
5
5
5
5
5
5
5
5
5
5
5
5
5
5
5
5
5
5
5
5
5
5
5
5
5
5
5
5
5
5
5
5
5
5
5
5
5
5
5
5
5
5
5
5
5
5
5
5
5
5
5
5
5
5
5
5
5
5
5
5
5
5
5
5
5
5
5
5
5
5
5
5
5
5
5
5
5
5
5
5
5
5
5
5
5
5
5
5
5
5
5
5
5
5
5
5
5
5
5
5
5
5
5
5
5
5
5
5
5
5
5
5
5
5
5
5
5
5
5
5
5
5
5
5
5
5
5
5
5
5
5
5
5
5
5
5
5
5
5
5
5
5
5
5
5
5
5
5
5
5
5
5
5
5
5
5
5
5
5
5
5
5
5
5
5
5
5
5
5
5
5
5
5
5
5
5
5
5
5
5
5
5
5
5
5
5
5
5
5
5
5
5
5
5
5
5
5
5
5
5
5
5
5
5
5
5
5
5
5
5
5
5
5
5
5
5
5
5
5
5
5
5
5
5
5
5
5
5
5
5
5
5
5
5
5
5
5
5
5
5
5
5
5
5
5
5
5
5
5
5
5
5
5
5
5
5
5
5
5
5
5
5
5
5
5
5
5
5
5
5
5
5
5
5
5
5
5
5
5
5
5
5
5
5
5
5
5
5
5
5
5
5
5
5
5
5
5
5
5
5
5
5
5
5
5
5
5
5
5
5
5
5
5
5
5
5
5
5
5
5
5
5
5
5
5
5
5
5
5
5
5
5
5
5
5
5
5
5
5
5
5
5
5
5
5
5
5
5
5
5
5
5
5
5
5
5
5
5
5
5
5
5
5
5
5
5
5
5
5
5
5
5
5
5
5
5
5
5
5
5
5
5
5
5
5
5
5
5
5
5
5
5
5
5
5
5
5
5
5
5
5
5
5
5
5
5
5
5
5
5
5
5
5
5
5
5
5
5
5
5
5
5
5
5
5
5
5
5
5
5
5
5
5
5
5
5
5
5
5
5
5
5
5
5
5
5
5
5
5
5
5
5
5
5
5
5
5
5
5
5
5
5
5
5
5
5
5
5
5
5
5
5
5
5
5
5
5
5
5
5
5
5
5
5
5
5
5
5
5
5
5
5
5
5
5
5
5
5
5
5
5
5
5
5
5
5
5
5
5
5
5
5
5
5
5
5
5
5
5
5
5
5
5
5
5
5
5
5
5
5
5
5
5
5
5
5
5
5
5
5
5
5
5
5
5
5
5
5
5
5
5
5
5
5
5
5
5
5
5
5
5
5
5
5
5
5
5
5
5
5
5
5
5
5
5
5
5
5
5
5
5
5
5
5
5
5
5
5
5
5
5
5
5
5
5
5
5
5
5
5
5
5
5
5
5
5
5
5
5
5
5
5
5
5
5
5
5
5
5
5
5
5
5
5
5
5
5
5
5
5
5
5
5
5
5
5
5
5
5
5
5
5
5
5
5
5
5
5
5
5
5
5
5
5
5
5
5
5
5
5
5
5
5
5
5
5
5
5
5
5
5
5
5
5
5
5
5
5
5
5
5
5
5
5
5
5
5
5
5
5
5
5
5
5
5
5
5
5
5
5
5
5
5
5
5
5
5
5
5
5
5
5
5
5
5
5
5
5
5
5
5
5
5
5
5
5
5
5
5
5
5
5
5
5
5
5
5
5
5
5
5
5
5
5
5
5
5
5
5
5
5
5
5
5
5
5
5
5
5
5
5
5
5
5
5
5
5
5
5
5
5
5
5
5
5
5
5
5
5
5
5
5
5
5
5
5
5
5
5
5
5
5
5
5
5
5
5
5
5
5
5
5
5
5
5
5
5
5
5
5
5
5
5
5
5
5
5
5
5
5
5
5
5
5
5
5
5
5
5
5
5
5
5
5
5
5
5
5
5
5
5
5
5
5
5
5
5
5
5
5
5
5
5
5
5
5
5
5
5
5
5
5
5
5
5
5
5
5
5
5
5
5
5
5
5
5
5
5
5
5
5
5
5
5
5
5
5
5
5
5
5
5
5
5
5
5
5
5
5
5
5
5
5
5
5
5
5
5
5
5
5
5
5
5
5
5
5
5
5
5
5
5
5
5
5
5
5
5
5
5
5
5
5
5
5
5
5
5
5
5
5
5
5
5
5
5
5
5
5
5
5
5
5
5
5
5
5
5
5
5
5
5
5
5
5
5
5
5
5
5
5
5
5
5
5
5
5
5
5
5
5
5
5
5
5
5
5
5
5
5
5
5
5
5
5
5
5
5
5
5
5
5
5
5
5
5
5
5
5

CELL_DATA 16414
SCALARS CellEntityIds int 1
LOOKUP_TABLE default
1
1
1
1
1
1
1
1
1
1
1
1
1
1
1
1
1
1
1
1
1
1
1
1
1
1
1
1
1
1
1
1
1
1
1
1
1
1
1
1
1
1
1
1
1
1
1
1
1
1
1
1
1
1
1
1
1
1
1
1
1
1
1
1
1
1
1
1
1
1
1
1
1
1
1
1
1
1
1
1
1
1
1
1
1
1
1
1
1
1
1
1
1
1
1
1
1
1
1
1
1
1
1
1
1
1
1
1
1
1
1
1
1
1
1
1
1
1
1
1
1
1
1
1
1
1
1
1
1
1
1
1
1
1
1
1
1
1
1
1
1
1
1
1
1
1
1
1
1
1
1
1
1
1
1
1
1
1
1
1
1
1
1
1
1
1
1
1
1
1
1
1
1
1
1
1
1
1
1
1
1
1
1
1
1
1
1
1
1
1
1
1
1
1
1
1
1
1
1
1
1
1
1
1
1
1
1
1
1
1
1
1
1
1
1
1
1
1
1
1
1
1
1
1
1
1
1
1
1
1
1
1
1
1
1
1
1
1
1
1
1
1
1
1
1
1
1
1
1
1
1
1
1
1
1
1
1
1
1
1
1
1
1
1
1
1
1
1
1
1
1
1
1
1
1
1
1
1
1
1
1
1
1
1
1
1
1
1
1
1
1
1
1
1
1
1
1
1
1
1
1
1
1
1
1
1
1
1
1
1
1
1
1
1
1
1
1
1
1
1
1
1
1
1
1
1
1
1
1
1
1
1
1
1
1
1
1
1
1
1
1
1
1
1
1
1
1
1
1
1
1
1
1
1
1
1
1
1
1
1
1
1
1
1
1
1
1
1
1
1
1
1
1
1
1
1
1
1
1
1
1
1
1
1
1
1
1
1
1
1
1
1
1
1
1
1
1
1
1
1
1
1
1
1
1
1
1
1
1
1
1
1
1
1
1
1
1
1
1
1
1
1
1
1
1
1
1
1
1
1
1
1
1
1
1
1
1
1
1
1
1
1
1
1
1
1
1
1
1
1
1
1
1
1
1
1
1
1
1
1
1
1
1
1
1
1
1
1
1
1
1
1
1
1
1
1
1
1
1
1
1
1
1
1
1
1
1
1
1
1
1
1
1
1
1
1
1
1
1
1
1
1
1
1
1
1
1
1
1
1
1
1
1
1
1
1
1
1
1
1
1
1
1
1
1
1
1
1
1
1
1
1
1
1
1
1
1
1
1
1
1
1
1
1
1
1
1
1
1
1
1
1
1
1
1
1
1
1
1
1
1
1
1
1
1
1
1
1
1
1
1
1
1
1
1
1
1
1
1
1
1
1
1
1
1
1
1
1
1
1
1
1
1
1
1
1
1
1
1
1
1
1
1
1
1
1
1
1
1
1
1
1
1
1
1
1
1
1
1
1
1
1
1
1
1
1
1
1
1
1
1
1
1
1
1
1
1
1
1
1
1
1
1
1
1
1
1
1
1
1
1
1
1
1
1
1
1
1
1
1
1
1
1
1
1
1
1
1
1
1
1
1
1
1
1
1
1
1
1
1
1
1
1
1
1
1
1
1
1
1
1
1
1
1
1
1
1
1
1
1
1
1
1
1
1
1
1
1
1
1
1
1
1
1
1
1
1
1
1
1
1
1
1
1
1
1
1
1
1
1
1
1
1
1
1
1
1
1
1
1
1
1
1
1
1
1
1
1
1
1
1
1
1
1
1
1
1
1
1
1
1
1
1
1
1
1
1
1
1
1
1
1
1
1
1
1
1
1
1
1
1
1
1
1
1
1
1
1
1
1
1
1
1
1
1
1
1
1
1
1
1
1
1
1
1
1
1
1
1
1
1
1
1
1
1
1
1
1
1
1
1
1
1
1
1
1
1
1
1
1
1
1
1
1
1
1
1
1
1
1
1
1
1
1
1
1
1
1
1
1
1
1
1
1
1
1
1
1
1
1
1
1
1
1
1
1
1
1
1
1
1
1
1
1
1
1
1
1
1
1
1
1
1
1
1
1
1
1
1
1
1
1
1
1
1
1
1
1
1
1
1
1
1
1
1
1
1
1
1
1
1
1
1
1
1
1
1
1
1
1
1
1
1
1
1
1
1
1
1
1
1
1
1
1
1
1
1
1
1
1
1
1
1
1
1
1
1
1
1
1
1
1
1
1
1
1
1
1
1
1
1
1
1
1
1
1
1
1
1
1
1
1
1
1
1
1
1
1
1
1
1
1
1
1
1
1
1
1
1
1
1
1
1
1
1
1
1
1
1
1
1
1
1
1
1
1
1
1
1
1
1
1
1
1
1
1
1
1
1
1
1
1
1
1
1
1
1
1
1
1
1
1
1
1
1
1
1
1
1
1
1
1
1
1
1
1
1
1
1
1
1
1
1
1
1
1
1
1
1
1
1
1
1
1
1
1
1
1
1
1
1
1
1
1
1
1
1
1
1
1
1
1
1
1
1
1
1
1
1
1
1
1
1
1
1
1
1
1
1
1
1
1
1
1
1
1
1
1
1
1
1
1
1
1
1
1
1
1
1
1
1
1
1
1
1
1
1
1
1
1
1
1
1
1
1
1
1
1
1
1
1
1
1
1
1
1
1
1
1
1
1
1
1
1
1
1
1
1
1
1
1
1
1
1
1
1
1
1
1
1
1
1
1
1
1
1
1
1
1
1
1
1
1
1
1
1
1
1
1
1
1
1
1
1
1
1
1
1
1
1
1
1
1
1
1
1
1
1
1
1
1
1
1
1
1
1
1
1
1
1
1
1
1
1
1
1
1
1
1
1
1
1
1
1
1
1
1
1
1
1
1
1
1
1
1
1
1
1
1
1
1
1
1
1
1
1
1
1
1
1
1
1
1
1
1
1
1
1
1
1
1
1
1
1
1
1
1
1
1
1
1
1
1
1
1
1
1
1
1
1
1
1
1
1
1
1
1
1
1
1
1
1
1
1
1
1
1
1
1
1
1
1
1
1
1
1
1
1
1
1
1
1
1
1
1
1
1
1
1
1
1
1
1
1
1
1
1
1
1
1
1
1
1
1
1
1
1
1
1
1
1
1
1
1
1
1
1
1
1
1
1
1
1
1
1
1
1
1
1
1
1
1
1
1
1
1
1
1
1
1
1
1
1
1
1
1
1
1
1
1
1
1
1
1
1
1
1
1
1
1
1
1
1
1
1
1
1
1
1
1
1
1
1
1
1
1
1
1
1
1
1
1
1
1
1
1
1
1
1
1
1
1
1
1
1
1
1
1
1
1
1
1
1
1
1
1
1
1
1
1
1
1
1
1
1
1
1
1
1
1
1
1
1
1
1
1
1
1
1
1
1
1
1
1
1
1
1
1
1
1
1
1
1
1
1
1
1
1
1
1
1
1
1
1
1
1
1
1
1
1
1
1
1
1
1
1
1
1
1
1
1
1
1
1
1
1
1
1
1
1
1
1
1
1
1
1
1
1
1
1
1
1
1
1
1
1
1
1
1
1
1
1
1
1
1
1
1
1
1
1
1
1
1
1
1
1
1
1
1
1
1
1
1
1
1
1
1
1
1
1
1
1
1
1
1
1
1
1
1
1
1
1
1
1
1
1
1
1
1
1
1
1
1
1
1
1
1
1
1
1
1
1
1
1
1
1
1
1
1
1
1
1
1
1
1
1
1
1
1
1
1
1
1
1
1
1
1
1
1
1
1
1
1
1
1
1
1
1
1
1
1
1
1
1
1
1
1
1
1
1
1
1
1
1
1
1
1
1
1
1
1
1
1
1
1
1
1
1
1
1
1
1
1
1
1
1
1
1
1
1
1
1
1
1
1
1
1
1
1
1
1
1
1
1
1
1
1
1
1
1
1
1
1
1
1
1
1
1
1
1
1
1
1
1
1
1
1
1
1
1
1
1
1
1
1
1
1
1
1
1
1
1
1
1
1
1
1
1
1
1
1
1
1
1
1
1
1
1
1
1
1
1
1
1
1
1
1
1
1
1
1
1
1
1
1
1
1
1
1
1
1
1
1
1
1
1
1
1
1
1
1
1
1
1
1
1
1
1
1
1
1
1
1
1
1
1
1
1
1
1
1
1
1
1
1
1
1
1
1
1
1
1
1
1
1
1
1
1
1
1
1
1
1
1
1
1
1
1
1
1
1
1
1
1
1
1
1
1
1
1
1
1
1
1
1
1
1
1
1
1
1
1
1
1
1
1
1
1
1
1
1
1
1
1
1
1
1
1
1
1
1
1
1
1
1
1
1
1
1
1
1
1
1
1
1
1
1
1
1
1
1
1
1
1
1
1
1
1
1
1
1
1
1
1
1
1
1
1
1
1
1
1
1
1
1
1
1
1
1
1
1
1
1
1
1
1
1
1
1
1
1
1
1
1
1
1
1
1
1
1
1
1
1
1
1
1
1
1
1
1
1
1
1
1
1
1
1
1
1
1
1
1
1
1
1
1
1
1
1
1
1
1
1
1
1
1
1
1
1
1
1
1
1
1
1
1
1
1
1
1
1
1
1
1
1
1
1
1
1
1
1
1
1
1
1
1
1
1
1
1
1
1
1
1
1
1
1
1
1
1
1
1
1
1
1
1
1
1
1
1
1
1
1
1
1
1
1
1
1
1
1
1
1
1
1
1
1
1
1
1
1
1
1
1
1
1
1
1
1
1
1
1
1
1
1
1
1
1
1
1
1
1
1
1
1
1
1
1
1
1
1
1
1
1
1
1
1
1
1
1
1
1
1
1
1
1
1
1
1
1
1
1
1
1
1
1
1
1
1
1
1
1
1
1
1
1
1
1
1
1
1
1
1
1
1
1
1
1
1
1
1
1
1
1
1
1
1
1
1
1
1
1
1
1
1
1
1
1
1
1
1
1
1
1
1
1
1
1
1
1
1
1
1
1
1
1
1
1
1
1
1
1
1
1
1
1
1
1
1
1
1
1
1
1
1
1
1
1
1
1
1
1
1
1
1
1
1
1
1
1
1
1
1
1
1
1
1
1
1
1
1
1
1
1
1
1
1
1
1
1
1
1
1
1
1
1
1
1
1
1
1
1
1
1
1
1
1
1
1
1
1
1
1
1
1
1
1
1
1
1
1
1
1
1
1
1
1
1
1
1
1
1
1
1
1
1
1
1
1
1
1
1
1
1
1
1
1
1
1
1
1
1
1
1
1
1
1
1
1
1
1
1
1
1
1
1
1
1
1
1
1
1
1
1
1
1
1
1
1
1
1
1
1
1
1
1
1
1
1
1
1
1
1
1
1
1
1
1
1
1
1
1
1
1
1
1
1
1
1
1
1
1
1
1
1
1
1
1
1
1
1
1
1
1
1
1
1
1
1
1
1
1
1
1
1
1
1
1
1
1
1
1
1
1
1
1
1
1
1
1
1
1
1
1
1
1
1
1
1
1
1
1
1
1
1
1
1
1
1
1
1
1
1
1
1
1
1
1
1
1
1
1
1
1
1
1
1
1
1
1
1
1
1
1
1
1
1
1
1
1
1
1
1
1
1
1
1
1
1
1
1
1
1
1
1
1
1
1
1
1
1
1
1
1
1
1
1
1
1
1
1
1
1
1
1
1
1
1
1
1
1
1
1
1
1
1
1
1
1
1
1
1
1
1
1
1
1
1
1
1
1
1
1
1
1
1
1
1
1
1
1
1
1
1
1
1
1
1
1
1
1
1
1
1
1
1
1
1
1
1
1
1
1
1
1
1
1
1
1
1
1
1
1
1
1
1
1
1
1
1
1
1
1
1
1
1
1
1
1
1
1
1
1
1
1
1
1
1
1
1
1
1
1
1
1
1
1
1
1
1
1
1
1
1
1
1
1
1
1
1
1
1
1
1
1
1
1
1
1
1
1
1
1
1
1
1
1
1
1
1
1
1
1
1
1
1
1
1
1
1
1
1
1
1
1
1
1
1
1
1
1
1
1
1
1
1
1
1
1
1
1
1
1
1
1
1
1
1
1
1
1
1
1
1
1
1
1
1
1
1
1
1
1
1
1
1
1
1
1
1
1
1
1
1
1
1
1
1
1
1
1
1
1
1
1
1
1
1
1
1
1
1
1
1
1
1
1
1
1
1
1
1
1
1
1
1
1
1
1
1
1
1
1
1
1
1
1
1
1
1
1
1
1
1
1
1
1
1
1
1
1
1
1
1
1
1
1
1
1
1
1
1
1
1
1
1
1
1
1
1
1
1
1
1
1
1
1
1
1
1
1
1
1
1
1
1
1
1
1
1
1
1
1
1
1
1
1
1
1
1
1
1
1
1
1
1
1
1
1
1
1
1
1
1
1
1
1
1
1
1
1
1
1
1
1
1
1
1
1
1
1
1
1
1
1
1
1
1
1
1
1
1
1
1
1
1
1
1
1
1
1
1
1
1
1
1
1
1
1
1
1
1
1
1
1
1
1
1
1
1
1
1
1
1
1
1
1
1
1
1
1
1
1
1
1
1
1
1
1
1
1
1
1
1
1
1
1
1
1
1
1
1
1
1
1
1
1
1
1
1
1
1
1
1
1
1
1
1
1
1
1
1
1
1
1
1
1
1
1
1
1
1
1
1
1
1
1
1
1
1
1
1
1
1
1
1
1
1
1
1
1
1
1
1
1
1
1
1
1
1
1
1
1
1
1
1
1
1
1
1
1
1
1
1
1
1
1
1
1
1
1
1
1
1
1
1
1
1
1
1
1
1
1
1
1
1
1
1
1
1
1
1
1
1
1
1
1
1
1
1
1
1
1
1
1
1
1
1
1
1
1
1
1
1
1
1
1
1
1
1
1
1
1
1
1
1
1
1
1
1
1
1
1
1
1
1
1
1
1
1
1
1
1
1
1
1
1
1
1
1
1
1
1
1
1
1
1
1
1
1
1
1
1
1
1
1
1
1
1
1
1
1
1
1
1
1
1
1
1
1
1
1
1
1
1
1
1
1
1
1
1
1
1
1
1
1
1
1
1
1
1
1
1
1
1
1
1
1
1
1
1
1
1
1
1
1
1
1
1
1
1
1
1
1
1
1
1
1
1
1
1
1
1
1
1
1
1
1
1
1
1
1
1
1
1
1
1
1
1
1
1
1
1
1
1
1
1
1
1
1
1
1
1
1
1
1
1
1
1
1
1
1
1
1
1
1
1
1
1
1
1
1
1
1
1
1
1
1
1
1
1
1
1
1
1
1
1
1
1
1
1
1
1
1
1
1
1
1
1
1
1
1
1
1
1
1
1
1
1
1
1
1
1
1
1
1
1
1
1
1
1
1
1
1
1
1
1
1
1
1
1
1
1
1
1
1
1
1
1
1
1
1
1
1
1
1
1
1
1
1
1
1
1
1
1
1
1
1
1
1
1
1
1
1
1
1
1
1
1
1
1
1
1
1
1
1
1
1
1
1
1
1
1
1
1
1
1
1
1
1
1
1
1
1
1
1
1
1
1
1
1
1
1
1
1
1
1
1
1
1
1
1
1
1
1
1
1
1
1
1
1
1
1
1
1
1
1
1
1
1
1
1
1
1
1
1
1
1
1
1
1
1
1
1
1
1
1
1
1
1
1
1
1
1
1
1
1
1
1
1
1
1
1
1
1
1
1
1
1
1
1
1
1
1
1
1
1
1
1
1
1
1
1
1
1
1
1
1
1
1
1
1
1
1
1
1
1
1
1
1
1
1
1
1
1
1
1
1
1
1
1
1
1
1
1
1
1
1
1
1
1
1
1
1
1
1
1
1
1
1
1
1
1
1
1
1
1
1
1
1
1
1
1
1
1
1
1
1
1
1
1
1
1
1
1
1
1
1
1
1
1
1
1
1
1
1
1
1
1
1
1
1
1
1
1
1
1
1
1
1
1
1
1
1
1
1
1
1
1
1
1
1
1
1
1
1
1
1
1
1
1
1
1
1
1
1
1
1
1
1
1
1
1
1
1
1
1
1
1
1
1
1
1
1
1
1
1
1
1
1
1
1
1
1
1
1
1
1
1
1
1
1
1
1
1
1
1
1
1
1
1
1
1
1
1
1
1
1
1
1
1
1
1
1
1
1
1
1
1
1
1
1
1
1
1
1
1
1
1
1
1
1
1
1
1
1
1
1
1
1
1
1
1
1
1
1
1
1
1
1
1
1
1
1
1
1
1
1
1
1
1
1
1
1
1
1
1
1
1
1
1
1
1
1
1
1
1
1
1
1
1
1
1
1
1
1
1
1
1
1
1
1
1
1
1
1
1
1
1
1
1
1
1
1
1
1
1
1
1
1
1
1
1
1
1
1
1
1
1
1
1
1
1
1
1
1
1
1
1
1
1
1
1
1
1
1
1
1
1
1
1
1
1
1
1
1
1
1
1
1
1
1
1
1
1
1
1
1
1
1
1
1
1
1
1
1
1
1
1
1
1
1
1
1
1
1
1
1
1
1
1
1
1
1
1
1
1
1
1
1
1
1
1
1
1
1
1
1
1
1
1
1
1
1
1
1
1
1
1
1
1
1
1
1
1
1
1
1
1
1
1
1
1
1
1
1
1
1
1
1
1
1
1
1
1
1
1
1
1
1
1
1
1
1
1
1
1
1
1
1
1
1
1
1
1
1
1
1
1
1
1
1
1
1
1
1
1
1
1
1
1
1
1
1
1
1
1
1
1
1
1
1
1
1
1
1
1
1
1
1
1
1
1
1
1
1
1
1
1
1
1
1
1
1
1
1
1
1
1
1
1
1
1
1
1
1
1
1
1
1
1
1
1
1
1
1
1
1
1
1
1
1
1
1
1
1
1
1
1
1
1
1
1
1
1
1
1
1
1
1
1
1
1
1
1
1
1
1
1
1
1
1
1
1
1
1
1
1
1
1
1
1
1
1
1
1
1
1
1
1
1
1
1
1
1
1
1
1
1
1
1
1
1
1
1
1
1
1
1
1
1
1
1
1
1
1
1
1
1
1
1
1
1
1
1
1
1
1
1
1
1
1
1
1
1
1
1
1
1
1
1
1
1
1
1
1
1
1
1
1
1
1
1
1
1
1
1
1
1
1
1
1
1
1
1
1
1
1
1
1
1
1
1
1
1
1
1
1
1
1
1
1
1
1
1
1
1
1
1
1
1
1
1
1
1
1
1
1
1
1
1
1
1
1
1
1
1
1
1
1
1
1
1
1
1
1
1
1
1
1
1
1
1
1
1
1
1
1
1
1
1
1
1
1
1
1
1
1
1
1
1
1
1
1
1
1
1
1
1
1
1
1
1
1
1
1
1
1
1
1
1
1
1
1
1
1
1
1
1
1
1
1
1
1
1
1
1
1
1
1
1
1
1
1
1
1
1
1
1
1
1
1
1
1
1
1
1
1
1
1
1
1
1
1
1
1
1
1
1
1
1
1
1
1
1
1
1
1
1
1
1
1
1
1
1
1
1
1
1
1
1
1
1
1
1
1
1
1
1
1
1
1
1
1
1
1
1
1
1
1
1
1
1
1
1
1
1
1
1
1
1
1
1
1
1
1
1
1
1
1
1
1
1
1
1
1
1
1
1
1
1
1
1
1
1
1
1
1
1
1
1
1
1
1
1
1
1
1
1
1
1
1
1
1
1
1
1
1
1
1
1
1
1
1
1
1
1
1
1
1
1
1
1
1
1
1
1
1
1
1
1
1
1
1
1
1
1
1
1
1
1
1
1
1
1
1
1
1
1
1
1
1
1
1
1
1
1
1
1
1
1
1
1
1
1
1
1
1
1
1
1
1
1
1
1
1
1
1
1
1
1
1
1
1
1
1
1
1
1
1
1
1
1
1
1
1
1
1
1
1
1
1
1
1
1
1
1
1
1
1
1
1
1
1
1
1
1
1
1
1
1
1
1
1
1
1
1
1
1
1
1
1
1
1
1
1
1
1
1
1
1
1
1
1
1
1
1
1
1
1
1
1
1
1
1
1
1
1
1
1
1
1
1
1
1
1
1
1
1
1
1
1
1
1
1
1
1
1
1
1
1
1
1
1
1
1
1
1
1
1
1
1
1
1
1
1
1
1
1
1
1
1
1
1
1
1
1
1
1
1
1
1
1
1
1
1
1
1
1
1
1
1
1
1
1
1
1
1
1
1
1
1
1
1
1
1
1
1
1
1
1
1
1
1
1
1
1
1
1
1
1
1
1
1
1
1
1
1
1
1
1
1
1
1
1
1
1
1
1
1
1
1
1
1
1
1
1
1
1
1
1
1
1
1
1
1
1
1
1
1
1
1
1
1
1
1
1
1
1
1
1
1
1
1
1
1
1
1
1
1
1
1
1
1
1
1
1
1
1
1
1
1
1
1
1
1
1
1
1
1
1
1
1
1
1
1
1
1
1
1
1
1
1
1
1
1
1
1
1
1
1
1
1
1
1
1
1
1
1
1
1
1
1
1
1
1
1
1
1
1
1
1
1
1
1
1
1
1
1
1
1
1
1
1
1
1
1
1
1
1
1
1
1
1
1
1
1
1
1
1
1
1
1
1
1
1
1
1
1
1
1
1
1
1
1
1
1
1
1
1
1
1
1
1
1
1
1
1
1
1
1
1
1
1
1
1
1
1
1
1
1
1
1
1
1
1
1
1
1
1
1
1
1
1
1
1
1
1
1
1
1
1
1
1
1
1
1
1
1
1
1
1
1
1
1
1
1
1
1
1
1
1
1
1
1
1
1
1
1
1
1
1
1
1
1
1
1
1
1
1
1
1
1
1
1
1
1
1
1
1
1
1
1
1
1
1
1
1
1
1
1
1
1
1
1
1
1
1
1
1
1
1
1
1
1
1
1
1
1
1
1
1
1
1
1
1
1
1
1
1
1
1
1
1
1
1
1
1
1
1
1
1
1
1
1
1
1
1
1
1
1
1
1
1
1
1
1
1
1
1
1
1
1
1
1
1
1
1
1
1
1
1
1
1
1
1
1
1
1
1
1
1
1
1
1
1
1
1
1
1
1
1
1
1
1
1
1
1
1
1
1
1
1
1
1
1
1
1
1
1
1
1
1
1
1
1
1
1
1
1
1
1
1
1
1
1
1
1
1
1
1
1
1
1
1
1
1
1
1
1
1
1
1
1
1
1
1
1
1
1
1
1
1
1
1
1
1
1
1
1
1
1
1
1
1
1
1
1
1
1
1
1
1
1
1
1
1
1
1
1
1
1
1
1
1
1
1
1
1
1
1
1
1
1
1
1
1
1
1
1
1
1
1
1
1
1
1
1
1
1
1
1
1
1
1
1
1
1
1
1
1
1
1
1
1
1
1
1
1
1
1
1
1
1
1
1
1
1
1
1
1
1
1
1
1
1
1
1
1
1
1
1
1
1
1
1
1
1
1
1
1
1
1
1
1
1
1
1
1
1
1
1
1
1
1
1
1
1
1
1
1
1
1
1
1
1
1
1
1
1
1
1
1
1
1
1
1
1
1
1
1
1
1
1
1
1
1
1
1
1
1
1
1
1
1
1
1
1
1
1
1
1
1
1
1
1
1
1
1
1
1
1
1
1
1
1
1
1
1
1
1
1
1
1
1
1
1
1
1
1
1
1
1
1
1
1
1
1
1
1
1
1
1
1
1
1
1
1
1
1
1
1
1
1
1
1
1
1
1
1
1
1
1
1
1
1
1
1
1
1
1
1
1
1
1
1
1
1
1
1
1
1
1
1
1
1
1
1
1
1
1
1
1
1
1
1
1
1
1
1
1
1
1
1
1
1
1
1
1
1
1
1
1
1
1
1
1
1
1
1
1
1
1
1
1
1
1
1
1
1
1
1
1
1
1
1
1
1
1
1
1
1
1
1
1
1
1
1
1
1
1
1
1
1
1
1
1
1
1
1
1
1
1
1
1
1
1
1
1
1
1
1
1
1
1
1
1
1
1
1
1
1
1
1
1
1
1
1
1
1
1
1
1
1
1
1
1
1
1
1
1
1
1
1
1
1
1
1
1
1
1
1
1
1
1
1
1
1
1
1
1
1
1
1
1
1
1
1
1
1
1
1
1
1
1
1
1
1
1
1
1
1
1
1
1
1
1
1
1
1
1
1
1
1
1
1
1
1
1
1
1
1
1
1
1
1
1
1
1
1
1
1
1
1
1
1
1
1
1
1
1
1
1
1
1
1
1
1
1
1
1
1
1
1
1
1
1
1
1
1
1
1
1
1
1
1
1
1
1
1
1
1
1
1
1
1
1
1
1
1
1
1
1
1
1
1
1
1
1
1
1
1
1
1
1
1
1
1
1
1
1
1
1
1
1
1
1
1
1
1
1
1
1
1
1
1
1
1
1
1
1
1
1
1
1
1
1
1
1
1
1
1
1
1
1
1
1
1
1
1
1
1
1
1
1
1
1
1
1
1
1
1
1
1
1
1
1
1
1
1
1
1
1
1
1
1
1
1
1
1
1
1
1
1
1
1
1
1
1
1
1
1
1
1
1
1
1
1
1
1
1
1
1
1
1
1
1
1
1
1
1
1
1
1
1
1
1
1
1
1
1
1
1
1
1
1
1
1
1
1
1
1
1
1
1
1
1
1
1
1
1
1
1
1
1
1
1
1
1
1
1
1
1
1
1
1
1
1
1
1
1
1
1
1
1
1
1
1
1
1
1
1
1
1
1
1
1
1
1
1
1
1
1
1
1
1
1
1
1
1
1
1
1
1
1
1
1
1
1
1
1
1
1
1
1
1
1
1
1
1
1
1
1
1
1
1
1
1
1
1
1
1
1
1
1
1
1
1
1
1
1
1
1
1
1
1
1
1
1
1
1
1
1
1
1
1
1
1
1
1
1
1
1
1
1
1
1
1
1
1
1
1
1
1
1
1
1
1
1
1
1
1
1
1
1
1
1
1
1
1
1
1
1
1
1
1
1
1
1
1
1
1
1
1
1
1
1
1
1
1
1
1
1
1
1
1
1
1
1
1
1
1
1
1
1
1
1
1
1
1
1
1
1
1
1
1
1
1
1
1
1
1
1
1
1
1
1
1
1
1
1
1
1
1
1
1
1
1
1
1
1
1
1
1
1
1
1
1
1
1
1
1
1
1
1
1
1
1
1
1
1
1
1
1
1
1
1
1
1
1
1
1
1
1
1
1
1
1
1
1
1
1
1
1
1
1
1
1
1
1
1
1
1
1
1
1
1
1
1
1
1
1
1
1
1
1
1
1
1
1
1
1
1
1
1
1
1
1
1
1
1
1
1
1
1
1
1
1
1
1
1
1
1
1
1
1
1
1
1
1
1
1
1
1
1
1
1
1
1
1
1
1
1
1
1
1
1
1
1
1
1
1
1
1
1
1
1
1
1
1
1
1
1
1
1
1
1
1
1
1
1
1
1
1
1
1
1
1
1
1
1
1
1
1
1
1
1
1
1
1
1
1
1
1
1
1
1
1
1
1
1
1
1
1
1
1
1
1
1
1
1
1
1
1
1
1
1
1
1
1
1
1
1
1
1
1
1
1
1
1
1
1
1
1
1
1
1
1
1
1
1
1
1
1
1
1
1
1
1
1
1
1
1
1
1
1
1
1
1
1
1
1
1
1
1
1
1
1
1
1
1
1
1
1
1
1
1
1
1
1
1
1
1
1
1
1
1
1
1
1
1
1
1
1
1
1
1
1
1
1
1
1
1
1
1
1
1
1
1
1
1
1
1
1
1
1
1
1
1
1
1
1
1
1
1
1
1
1
1
1
1
1
1
1
1
1
1
1
1
1
1
1
1
1
1
1
1
1
1
1
1
1
1
1
1
1
1
1
1
1
1
1
1
1
1
1
1
1
1
1
1
1
1
1
1
1
1
1
1
1
1
1
1
1
1
1
1
1
1
1
1
1
1
1
1
1
1
1
1
1
1
1
1
1
1
1
1
1
1
1
1
1
1
1
1
1
1
1
1
1
1
1
1
1
1
1
1
1
1
1
1
1
1
1
1
1
1
1
1
1
1
1
1
1
1
1
1
1
1
1
1
1
1
1
1
1
1
1
1
1
1
1
1
1
1
1
1
1
1
1
1
1
1
1
1
1
1
1
1
1
1
1
1
1
1
1
1
1
1
1
1
1
1
1
1
1
1
1
1
1
1
1
1
1
1
1
1
1
1
1
1
1
1
1
1
1
1
1
1
1
1
1
1
1
1
1
1
1
1
1
1
1
1
1
1
1
1
1
1
1
1
1
1
1
1
1
1
1
1
1
1
1
1
1
1
1
1
1
1
1
1
1
1
1
1
1
1
1
1
1
1
1
1
1
1
1
1
1
1
1
1
1
1
1
1
1
1
1
1
1
1
1
1
1
1
1
1
1
1
1
1
1
1
1
1
1
1
1
1
1
1
1
1
1
1
1
1
1
1
1
1
1
1
1
1
1
1
1
1
1
1
1
1
1
1
1
1
1
1
1
1
1
1
1
1
1
1
1
1
1
1
1
1
1
1
1
1
1
1
1
1
1
1
1
1
1
1
1
1
1
1
1
1
1
1
1
1
1
1
1
1
1
1
1
1
1
1
1
1
1
1
1
1
1
1
1
1
1
1
1
1
1
1
1
1
1
1
1
1
1
1
1
1
1
1
1
1
1
1
1
1
1
1
1
1
1
1
1
1
1
1
1
1
1
1
1
1
1
1
1
1
1
1
1
1
1
1
1
1
1
1
1
1
1
1
1
1
1
1
1
1
1
1
1
1
1
1
1
1
1
1
1
1
1
1
1
1
1
1
1
1
1
1
1
1
1
1
1
1
1
1
1
1
1
1
1
1
1
1
1
1
1
1
1
1
1
1
1
1
1
1
1
1
1
1
1
1
1
1
1
1
1
1
1
1
1
1
1
1
1
1
1
1
1
1
1
1
1
1
1
1
1
1
1
1
1
1
1
1
1
1
1
1
1
1
1
1
1
1
1
1
1
1
1
1
1
1
1
1
1
1
1
1
1
1
1
1
1
1
1
1
1
1
1
1
1
1
1
1
1
1
1
1
1
1
1
1
1
1
1
1
1
1
1
1
1
1
1
1
1
1
1
1
1
1
1
1
1
1
1
1
1
1
1
1
1
1
1
1
1
1
1
1
1
1
1
1
1
1
1
1
1
1
1
1
1
1
1
1
1
1
1
1
1
1
1
1
1
1
1
1
1
1
1
1
1
1
1
1
1
1
1
1
1
1
1
1
1
1
1
1
1
1
1
1
1
1
1
1
1
1
1
1
1
1
1
1
1
1
1
1
1
1
1
1
1
1
1
1
1
1
1
1
1
1
1
1
1
1
1
1
1
1
1
1
1
1
1
1
1
1
1
1
1
1
1
1
1
1
1
1
1
1
1
1
1
1
1
1
1
1
1
1
1
1
1
1
1
1
1
1
1
1
1
1
1
1
1
1
1
1
1
1
1
1
1
1
1
1
1
1
1
1
1
1
1
1
1
1
1
1
1
1
1
1
1
1
1
1
1
1
1
1
1
1
1
1
1
1
1
1
1
1
1
1
1
1
1
1
1
1
1
1
1
1
1
1
1
1
1
1
1
1
1
1
1
1
1
1
1
1
1
1
1
1
1
1
1
1
1
1
1
1
1
1
1
1
1
1
1
1
1
1
1
1
1
1
1
1
1
1
1
1
1
1
1
1
1
1
1
1
1
1
1
1
1
1
1
1
1
1
1
1
1
1
1
1
1
1
1
1
1
1
1
1
1
1
1
1
1
1
1
1
1
1
1
1
1
1
1
1
1
1
1
1
1
1
1
1
1
1
1
1
1
1
1
1
1
1
1
1
1
1
1
1
1
1
1
1
1
1
1
1
1
1
1
1
1
1
1
1
1
1
1
1
1
1
1
1
1
1
1
1
1
1
1
1
1
1
1
1
1
1
1
1
1
1
1
1
1
1
1
1
1
1
1
1
1
1
1
1
1
1
1
1
1
1
1
1
1
1
1
1
1
1
1
1
1
1
1
1
1
1
1
1
1
1
1
1
1
1
1
1
1
1
1
1
1
1
1
1
1
1
1
1
1
1
1
1
1
1
1
1
1
1
1
1
1
1
1
1
1
1
1
1
1
1
1
1
1
1
1
1
1
1
1
1
1
1
1
1
1
1
1
1
1
1
1
1
1
1
1
1
1
1
1
1
1
1
1
1
1
1
1
1
1
1
1
1
1
1
1
1
1
1
1
1
1
1
1
1
1
1
1
1
1
1
1
1
1
1
1
1
1
1
1
1
1
1
1
1
1
1
1
1
1
1
1
1
1
1
1
1
1
1
1
1
1
1
1
1
1
1
1
1
1
1
1
1
1
1
1
1
1
1
1
1
1
1
1
1
1
1
1
1
1
1
1
1
1
1
1
1
1
1
1
1
1
1
1
1
1
1
1
1
1
1
1
1
1
1
1
1
1
1
1
1
1
1
1
1
1
1
1
1
1
1
1
1
1
1
1
1
1
1
1
1
1
1
1
1
1
1
1
1
1
1
1
1
1
1
1
1
1
1
1
1
1
1
1
1
1
1
1
1
1
1
1
1
1
1
1
1
1
1
1
1
1
1
1
1
1
1
1
1
1
1
1
1
1
1
1
1
1
1
1
1
1
1
1
1
1
1
1
1
1
1
1
1
1
1
1
1
1
1
1
1
1
1
1
1
1
1
1
1
1
1
1
1
1
1
1
1
1
1
1
1
1
1
1
1
1
1
1
1
1
1
1
1
1
1
1
1
1
1
1
1
1
1
1
1
1
1
1
1
1
1
1
1
1
1
1
1
1
1
1
1
1
1
1
1
1
1
1
1
1
1
1
1
1
1
1
1
1
1
1
1
1
1
1
1
1
1
1
1
1
1
1
1
1
1
1
1
1
1
1
1
1
1
1
1
1
1
1
1
1
1
1
1
1
1
1
1
1
1
1
1
1
1
1
1
1
1
1
1
1
1
1
1
1
1
1
1
1
1
1
1
1
1
1
1
1
1
1
1
1
1
1
1
1
1
1
1
1
1
1
1
1
1
1
1
1
1
1
1
1
1
1
1
1
1
1
1
1
1
1
1
1
1
1
1
1
1
1
1
1
1
1
1
1
1
1
1
1
1
1
1
1
1
1
1
1
1
1
1
1
1
1
1
1
1
1
1
1
1
1
1
1
1
1
1
1
1
1
1
1
1
1
1
1
1
1
1
1
1
1
1
1
1
1
1
1
1
1
1
1
1
1
1
1
1
1
1
1
1
1
1
1
1
1
1
1
1
1
1
1
1
1
1
1
1
1
1
1
1
1
1
1
1
1
1
1
1
1
1
1
1
1
1
1
1
1
1
1
1
1
1
1
1
1
1
1
1
1
1
1
1
1
1
1
1
1
1
1
1
1
1
1
1
1
1
1
1
1
1
1
1
1
1
1
1
1
1
1
1
1
1
1
1
1
1
1
1
1
1
1
1
1
1
1
1
1
1
1
1
1
1
1
1
1
1
1
1
1
1
1
1
1
1
1
1
1
1
1
1
1
1
1
1
1
1
1
1
1
1
1
1
1
1
1
1
1
1
1
1
1
1
1
1
1
1
1
1
1
1
1
1
1
1
1
1
1
1
1
1
1
1
1
1
1
1
1
1
1
1
1
1
1
1
1
1
1
1
1
1
1
1
1
1
1
1
1
1
1
1
1
1
1
1
1
1
1
1
1
1
1
1
1
1
1
1
1
1
1
1
1
1
1
1
1
1
1
1
1
1
1
1
1
1
1
1
1
1
1
1
1
1
1
1
1
1
1
1
1
1
1
1
1
1
1
1
1
1
1
1
1
1
1
1
1
1
1
1
1
1
1
1
1
1
1
1
1
1
1
1
1
1
1
1
1
1
1
1
1
1
1
1
1
1
1
1
1
1
1
1
1
1
1
1
1
1
1
1
1
1
1
1
1
1
1
1
1
1
1
1
1
1
1
1
1
1
1
1
1
1
1
1
1
1
1
1
1
1
1
1
1
1
1
1
1
1
1
1
1
1
1
1
1
1
1
1
1
1
1
1
1
1
1
1
1
1
1
1
1
1
1
1
1
1
1
1
1
1
1
1
1
1
1
1
1
1
1
1
1
1
1
1
1
1
1
1
1
1
1
1
1
1
1
1
1
1
1
1
1
1
1
1
1
1
1
1
1
1
1
1
1
1
1
1
1
1
1
1
1
1
1
1
1
1
1
1
1
1
1
1
1
1
1
1
1
1
1
1
1
1
1
1
1
1
1
1
1
1
1
1
1
1
1
1
1
1
1
1
1
1
1
1
1
1
1
1
1
1
1
1
1
1
1
1
1
1
1
1
1
1
1
1
1
1
1
1
1
1
1
1
1
1
1
1
1
1
1
1
1
1
1
1
1
1
1
1
1
1
1
1
1
1
1
1
1
1
1
1
1
1
1
1
1
1
1
1
1
1
1
1
1
1
1
1
1
1
1
1
1
1
1
1
1
1
1
1
1
1
1
1
1
1
1
1
1
1
1
1
1
1
1
1
1
1
1
1
1
1
1
1
1
1
1
1
1
1
1
1
1
1
1
1
1
1
1
1
1
1
1
1
1
1
1
1
1
1
1
1
1
1
1
1
1
1
1
1
1
1
1
1
1
2
2
2
2
2
2
2
2
2
2
2
2
2
2
2
2
2
2
2
2
2
2
2
2
2
2
2
2
2
2
2
2
2
2
2
2
2
2
2
2
2
2
2
2
2
2
2
2
2
2
2
2
2
2
2
2
2
2
2
2
2
2
2
2
2
2
2
2
2
2
2
2
2
2
2
2
2
2
2
2
2
2
2
2
2
2
2
2
2
2
2
2
2
2
2
2
2
2
2
2
2
2
2
2
2
2
2
2
2
2
2
2
2
2
2
2
2
2
2
2
2
2
2
2
2
2
2
2
2
2
2
2
2
2
2
2
2
2
2
2
2
2
2
2
2
2
2
2
2
2
2
2
2
2
2
2
2
2
2
2
2
2
2
2
2
2
2
2
2
2
2
2
2
2
2
2
2
2
2
2
2
2
2
2
2
2
2
2
2
2
2
2
2
2
2
2
2
2
2
2
2
2
2
2
2
2
2
2
2
2
2
2
2
2
2
2
2
2
2
2
2
2
2
2
2
2
2
2
2
2
2
2
2
2
2
2
2
2
2
2
2
2
2
2
2
2
2
2
2
2
2
2
2
2
2
2
2
2
2
2
2
2
2
2
2
2
2
2
2
2
2
2
2
2
2
2
2
2
2
2
2
2
2
2
2
2
2
2
2
2
2
2
2
2
2
2
2
2
2
2
2
2
2
2
2
2
2
2
2
2
2
2
2
2
2
2
2
2
2
2
2
2
2
2
2
2
2
2
2
2
2
2
2
2
2
2
2
2
2
2
2
2
2
2
2
2
2
2
2
2
2
2
2
2
2
2
2
2
2
2
2
2
2
2
2
2
2
2
2
2
2
2
2
2
2
2
2
2
2
2
2
2
2
2
2
2
2
2
2
2
2
2
2
2
2
2
2
2
2
2
2
2
2
2
2
2
2
2
2
2
2
2
2
2
2
2
2
2
2
2
2
2
2
2
2
2
2
2
2
2
2
2
2
2
2
2
2
2
2
2
2
2
2
2
2
2
2
2
2
2
2
2
2
2
2
2
2
2
2
2
2
2
2
2
2
2
2
2
2
2
2
2
2
2
2
2
2
2
2
2
2
2
2
2
2
2
2
2
2
2
2
2
2
2
2
2
2
2
2
2
2
2
2
2
2
2
2
2
2
2
2
2
2
2
2
2
2
2
2
2
2
2
2
2
2
2
2
2
2
2
2
2
2
2
2
2
2
2
2
2
2
2
2
2
2
2
2
2
2
2
2
2
2
2
2
2
2
2
2
2
2
2
2
2
2
2
2
2
2
2
2
2
2
2
2
2
2
2
2
2
2
2
2
2
2
2
2
2
2
2
2
2
2
2
2
2
2
2
2
2
2
2
2
2
2
2
2
2
2
2
2
2
2
2
2
2
2
2
2
2
2
2
2
2
2
2
2
2
2
2
2
2
2
2
2
2
2
2
2
2
2
2
2
2
2
2
2
2
2
2
2
2
2
2
2
2
2
2
2
2
2
2
2
2
2
2
2
2
2
2
2
2
2
2
2
2
2
2
2
2
2
2
2
2
2
2
2
2
2
2
2
2
2
2
2
2
2
2
2
2
2
2
2
2
2
2
2
2
2
2
2
2
2
2
2
2
2
2
2
2
2
2
2
2
2
2
2
2
2
2
2
2
2
2
2
2
2
2
2
2
2
2
2
2
2
2
2
2
2
2
2
2
2
2
2
2
2
2
2
2
2
2
2
2
2
2
2
2
2
2
2
2
2
2
2
2
2
2
2
2
2
2
2
2
2
2
2
2
2
2
2
2
2
2
2
2
2
2
2
2
2
2
2
2
2
2
2
2
2
2
2
2
2
2
2
2
2
2
2
2
2
2
2
2
2
2
2
2
2
2
2
2
2
2
2
2
2
2
2
2
2
2
2
2
2
2
2
2
2
2
2
2
2
2
2
2
2
2
2
2
2
2
2
2
2
2
2
2
2
2
2
2
2
2
2
2
2
2
2
2
2
2
2
2
2
2
2
2
2
2
2
2
2
2
2
2
2
2
2
2
2
2
2
2
2
2
2
2
2
2
2
2
2
2
2
2
2
2
2
2
2
2
2
2
2
2
2
2
2
2
2
2
2
2
2
2
2
2
2
2
2
2
2
2
2
2
2
2
2
2
2
2
2
2
2
2
2
2
2
2
2
2
2
2
2
2
2
2
2
2
2
2
2
2
2
2
2
2
2
2
2
2
2
2
2
2
2
2
2
2
2
2
2
2
2
2
2
2
2
2
2
2
2
2
2
2
2
2
2
2
2
2
2
2
2
2
2
2
2
2
2
2
2
2
2
2
2
2
2
2
2
2
2
2
2
2
2
2
2
2
2
2
2
2
2
2
2
2
2
2
2
2
2
2
2
2
2
2
2
2
2
2
2
2
2
2
2
2
2
2
2
2
2
2
2
2
2
2
2
2
2
2
2
2
2
2
2
2
2
2
2
2
2
2
2
2
2
2
2
2
2
2
2
2
2
2
2
2
2
2
2
2
2
2
2
2
2
2
2
2
2
2
2
2
2
2
2
2
2
2
2
2
2
2
2
2
2
2
2
2
2
2
2
2
2
2
2
2
2
2
2
2
2
2
2
2
2
2
2
2
2
2
2
2
2
2
2
2
2
2
2
2
2
2
2
2
2
2
2
2
2
2
2
2
2
2
2
2
2
2
2
2
2
2
2
2
2
2
2
2
2
2
2
2
2
2
2
2
2
2
2
2
2
2
2
2
2
2
2
2
2
2
2
2
2
2
2
2
2
2
2
2
2
2
2
2
2
2
2
2
2
2
2
2
2
2
2
2
2
2
2
2
2
2
2
2
2
2
2
2
2
2
2
2
2
2
2
2
2
2
2
2
2
2
2
2
2
2
2
2
2
2
2
2
2
2
2
2
2
2
2
2
2
2
2
2
2
2
2
2
2
2
2
2
2
2
2
2
2
2
2
2
2
2
2
2
2
2
2
2
2
2
2
2
2
2
2
2
2
2
2
2
2
2
2
2
2
2
2
2
2
2
2
2
2
2
2
2
2
2
2
2
2
2
2
2
2
2
2
2
2
2
2
2
2
2
2
2
2
2
2
2
2
2
2
2
2
2
2
2
2
2
2
2
2
2
2
2
2
2
2
2
2
2
2
2
2
2
2
2
2
2
2
2
2
2
2
2
2
2
2
2
2
2
2
2
2
2
2
2
2
2
2
2
2
2
2
2
2
2
2
2
2
2
2
2
2
2
2
2
2
2
2
2
2
2
2
2
2
2
2
2
2
2
2
2
2
2
2
2
2
2
2
2
2
2
2
2
2
2
2
2
2
2
2
2
2
2
2
2
2
2
2
2
2
2
2
2
2
2
2
2
2
2
2
2
2
2
2
2
2
2
2
2
2
2
2
2
2
2
2
2
2
2
2
2
2
2
2
2
2
2
2
2
2
2
2
2
2
2
2
2
2
2
2
2
2
2
2
2
2
2
2
2
2
2
2
2
2
2
2
2
2
2
2
2
2
2
2
2
2
2
2
2
2
2
2
2
2
2
2
2
2
2
2
2
2
2
2
2
2
2
2
2
2
2
2
2
2
2
2
2
2
2
2
2
2
2
2
2
2
2
2
2
2
2
2
2
2
2
2
2
2
2
2
2
2
2
2
2
2
2
2
2
2
2
2
2
2
2
2
2
2
2
2
2
2
2
2
2
2
2
2
2
2
2
2
2
2
2
2
2
2
2
2
2
2
2
2
2
2
2
2
2
2
2
2
2
2
2
2
2
2
2
2
2
2
2
2
2
2
2
2
2
2
2
2
2
2
2
2
2
2
2
2
2
2
2
2
2
2
2
2
2
2
2
2
2
2
2
2
2
2
2
2
2
2
2
2
2
2
2
2
2
2
2
2
2
2
2
2
2
2
2
2
2
2
2
2
2
2
2
2
2
2
2
2
2
2
2
2
2
2
2
2
2
2
2
2
2
2
2
2
2
2
2
2
2
2
2
2
2
2
2
2
2
2
2
2
2
2
2
2
2
2
2
2
2
2
2
2
2
2
2
2
2
2
2
2
2
2
2
2
2
2
2
2
2
2
2
2
2
2
2
2
2
2
2
2
2
2
2
2
2
2
2
2
2
2
2
2
2
2
2
2
2
2
2
2
2
2
2
2
2
2
2
2
2
2
2
2
2
2
2
2
2
2
2
2
2
2
2
2
2
2
2
2
2
2
2
2
2
2
2
2
2
2
2
2
2
2
2
2
2
2
2
2
2
2
2
2
2
2
2
2
2
2
2
2
2
2
2
2
2
2
2
2
2
2
2
2
2
2
2
2
2
2
2
2
2
2
2
2
2
2
2
2
2
2
2
2
2
2
2
2
2
2
2
2
2
2
2
2
2
2
2
2
2
2
2
2
2
2
2
2
2
2
2
2
2
2
2
2
2
2
2
2
2
2
2
2
2
2
2
2
2
2
2
2
2
2
2
2
2
2
2
2
2
2
2
2
2
2
2
2
2
2
2
2
2
2
2
2
2
2
2
2
2
2
2
2
2
2
2
2
2
2
2
2
2
2
2
2
2
2
2
2
2
2
2
2
2
2
2
2
2
2
2
2
2
2
2
2
2
2
2
2
2
2
2
2
2
2
2
2
2
2
2
2
2
2
2
2
2
2
2
2
2
2
2
2
2
2
2
2
2
2
2
2
2
2
2
2
2
2
2
2
2
2
2
2
2
2
2
2
2
2
2
2
2
2
2
2
2
2
2
2
2
2
2
2
2
2
2
2
2
2
2
2
2
2
2
2
2
2
2
2
2
2
2
2
2
2
2
2
2
2
2
2
2
2
2
2
2
2
2
2
2
2
2
2
2
2
2
2
2
2
2
2
2
2
2
2
2
2
2
2
2
2
2
2
2
2
2
2
2
2
2
2
2
2
2
2
2
2
2
2
2
2
2
2
2
2
2
2
2
2
2
2
2
2
2
2
2
2
2
2
2
2
2
2
2
2
2
2
2
2
2
2
2
2
2
2
2
2
2
2
2
2
2
2
2
2
2
2
2
2
2
2
2
2
2
2
2
2
2
2
2
2
2
2
2
2
2
2
2
2
2
2
2
2
2
2
2
2
2
2
2
2
2
2
2
2
2
2
2
2
2
2
2
2
2
2
2
2
2
2
2
2
2
2
2
2
2
2
2
2
2
2
2
2
2
2
2
2
2
2
2
2
2
2
2
2
2
2
2
2
2
2
2
2
2
2
2
2
2
2
2
2
2
2
2
2
2
2
2
2
2
2
2
2
2
2
2
2
2
2
2
2
2
2
2
2
2
2
2
2
2
2
2
2
2
2
2
2
2
2
2
2
2
2
2
2
2
2
2
2
2
2
2
2
2
2
2
2
2
2
2
2
2
2
2
2
2
2
2
2
2
2
2
2
2
2
2
2
2
2
2
2
2
2
2
2
2
2
2
2
2
2
2
2
2
2
2
2
2
2
2
2
2
2
2
2
2
2
2
2
2
2
2
2
2
2
2
2
2
2
2
2
2
2
2
2
2
2
2
2
2
2
2
2
2
2
2
2
2
2
2
2
2
2
2
2
2
2
2
2
2
2
2
2
2
2
2
2
2
2
2
2
2
2
2
2
2
2
2
2
2
2
2
2
2
2
2
2
2
2
2
2
2
2
2
2
2
2
2
2
2
2
2
2
2
2
2
2
2
2
2
2
2
2
2
2
2
2
2
2
2
2
2
2
2
2
2
2
2
2
2
2
2
2
2
2
2
2
2
2
2
2
2
2
2
2
2
2
2
2
2
2
2
2
2
2
2
2
2
2
2
2
2
2
2
2
2
2
2
2
2
2
2
2
2
2
2
2
2
2
2
2
2
2
2
2
2
2
2
2
2
2
2
2
2
2
2
2
2
2
2
2
2
2
2
2
2
2
2
2
2
2
2
2
2
2
2
2
2
2
2
2
2
2
2
2
2
2
2
2
2
2
2
2
2
2
2
2
2
2
2
2
2
2
2
2
2
2
2
2
2
2
2
2
2
2
2
2
2
2
2
2
2
2
2
2
2
2
2
2
2
2
2
2
2
2
2
2
2
2
2
2
2
2
2
2
2
2
2
2
2
2
2
2
2
2
2
2
2
2
2
2
2
2
2
2
2
2
2
2
2
2
2
2
2
2
2
2
2
2
2
2
2
2
2
2
2
2
2
2
2
2
2
2
2
2
2
2
2
2
2
2
2
2
2
2
2
2
2
2
2
2
2
2
2
2
2
2
2
2
2
2
2
2
2
2
2
2
2
2
2
2
2
2
2
2
2
2
2
2
2
2
2
2
2
2
2
2
2
2
2
2
2
2
2
2
2
2
2
2
2
2
2
2
2
2
2
2
2
2
2
2
2
2
2
2
2
2
2
2
2
2
2
2
2
2
2
2
2
2
2
2
2
2
2
2
2
2
2
2
2
2
2
2
2
2
2
2
2
2
2
2
2
2
2
2
2
2
2
2
2
2
2
2
2
2
2
2
2
2
2
2
2
2
2
2
2
2
2
2
2
2
2
2
2
2
2
2
2
2
2
2
2
2
2
2
2
2
2
2
2
2
2
2
2
2
2
2
2
2
2
2
2
2
2
2
2
2
2
2
2
2
2
2
2
2
2
2
2
2
2
2
2
2
2
2
2
2
2
2
2
2
2
2
2
2
2
2
2
2
2
2
2
2
2
2
2
2
2
2
2
2
2
2
2
2
2
2
2
2
2
2
2
2
2
2
2
2
2
2
2
2
2
2
2
2
2
2
2
2
2
2
2
2
2
2
2
2
2
2
2
2
2
2
2
2
2
2
2
2
2
2
2
2
2
2
2
2
2
2
2
2
2
2
2
2
2
2
2
2
2
2
2
2
2
2
2
2
2
2
2
2
2
2
2
2
2
2
2
2
2
2
2
2
2
2
2
2
2
2
2
2
2
2
2
2
2
2
2
2
2
2
2
2
2
2
2
2
2
2
2
2
2
2
2
2
2
2
2
2
2
2
2
2
2
2
2
2
2
2
2
2
2
2
2
2
2
2
2
2
2
2
2
2
2
2
2
2
2
2
2
2
2
2
2
2
2
2
2
2
2
2
2
2
2
2
2
2
2
2
2
2
2
2
2
2
2
2
2
2
2
2
2
2
2
2
2
2
2
2
2
2
2
2
2
2
2
2
2
2
2
2
2
2
2
2
2
2
2
2
2
2
2
2
2
2
2
2
2
2
2
2
2
2
2
2
2
2
2
2
2
2
2
2
2
2
2
2
2
2
2
2
2
2
2
2
2
2
2
2
2
2
2
2
2
2
2
2
2
2
2
2
2
2
2
2
2
2
2
2
2
2
2
2
2
2
2
2
2
2
2
2
2
2
2
2
2
2
2
2
2
2
2
2
2
2
2
2
2
2
2
2
2
2
2
2
2
2
2
2
2
2
2
2
2
2
2
2
2
2
2
2
2
2
2
2
2
2
2
2
2
2
2
2
2
2
2
2
2
2
2
2
2
2
2
2
2
2
2
2
2
2
2
2
2
2
2
2
2
2
2
2
2
2
2
2
2
2
2
2
2
2
2
2
2
2
2
2
2
2
2
2
2
2
2
2
2
2
2
2
2
2
2
2
2
2
2
2
2
2
2
2
2
2
2
2
2
2
2
2
2
2
2
2
2
2
2
2
2
2
2
2
2
2
2
2
2
2
2
2
2
2
2
2
2
2
2
2
2
2
2
2
2
2
2
2
2
2
2
2
2
2
2
2
2
2
2
2
2
2
2
2
2
2
2
2
2
2
2
2
2
2
2
2
2
2
2
2
2
2
2
2
2
2
2
2
2
2
2
2
2
2
2
2
2
2
2
2
2
2
2
2
2
2
2
2
2
2
2
2
2
2
2
2
2
2
2
2
2
2
2
2
2
2
2
2
2
2
2
2
2
2
2
2
2
2
2
2
2
2
2
2
2
2
2
2
2
2
2
2
2
2
2
2
2
2
2
2
2
2
2
2
2
2
2
2
2
2
2
2
2
2
2
2
2
2
2
2
2
2
2
2
2
2
2
2
2
2
2
2
2
2
2
2
2
2
2
2
2
2
2
2
2
2
2
2
2
2
2
2
2
2
2
2
2
2
2
2
2
2
2
2
2
2
2
2
2
2
2
2
2
2
2
2
2
2
2
2
2
2
2
2
2
2
2
2
2
2
2
2
2
2
2
2
2
2
2
2
2
2
2
2
2
2
2
2
2
2
2
2
2
2
2
2
2
2
2
2
2
2
2
2
2
2
2
2
2
2
2
2
2
2
2
2
2
2
2
2
2
2
2
2
2
2
2
2
2
2
2
2
2
2
2
2
2
2
2
2
2
2
2
2
2
2
2
2
2
2
2
2
2
2
2
2
2
2
2
2
2
2
2
2
2
2
2
2
2
2
2
2
2
2
2
2
2
2
2
2
2
2
2
2
2
2
2
2
2
2
2
2
2
2
2
2
2
2
2
2
2
2
2
2
2
2
2
2
2
2
2
2
2
2
2
2
2
2
2
2
2
2
2
2
2
2
2
2
2
2
2
2
2
2
2
2
2
2
2
2
2
2
2
2
2
2
2
2
2
2
2
2
2
2
2
2
2
2
2
2
2
2
2
2
2
2
2
2
2
2
2
2
2
2
2
2
2
2
2
2
2
2
2
2
2
2
2
2
2
2
2
2
2
2
2
2
2
2
2
2
2
2
2
2
2
2
2
2
2
2
2
2
2
2
2
2
2
2
2
2
2
2
2
2
2
2
2
2
2
2
2
2
2
2
2
2
2
2
2
2
2
2
2
2
2
2
2
2
2
2
2
2
2
2
2
2
2
2
2
2
2
2
2
2
2
2
2
2
2
2
2
2
2
2
2
2
2
2
2
2
2
2
2
2
2
2
2
2
2
2
2
2
2
2
2
2
2
2
2
2
2
2
2
2
2
2
2
2
2
2
2
2
2
2
2
2
2
2
2
2
2
2
2
2
2
2
2
2
2
2
2
2
2
2
2
2
2
2
2
2
2
2
2
2
2
2
2
2
2
2
2
2
2
2
2
2
2
2
2
2
2
2
2
2
2
2
2
2
2
2
2
2
2
2
2
2
2
2
2
2
2
2
2
2
2
2
2
2
2
2
2
2
2
2
2
2
2
2
2
2
2
2
2
2
2
2
2
2
2
2
2
2
2
2
2
2
2
2
2
2
2
2
2
2
2
2
2
2
2
2
2
2
2
2
2
2
2
2
2
2
2
2
2
2
2
2
2
2
2
2
2
2
2
2
2
2
2
2
2
2
2
2
2
2
2
2
2
2
2
2
2
2
2
2
2
2
2
2
2
2
2
2
2
2
2
2
2
2
2
2
2
2
2
2
2
2
2
2
2
2
2
2
2
2
2
2
2
2
2
2
2
2
2
2
2
2
2
2
2
2
2
2
2
2
2
2
2
2
2
2
2
2
2
2
2
2
2
2
2
2
2
2
2
2
2
2
2
2
2
2
2
2
2
2
2
2
2
2
2
2
2
2
2
2
2
2
2
2
2
2
2
2
2
2
2
2
2
2
2
2
2
2
2
2
2
2
2
2
2
2
2
2
2
2
2
2
2
2
2
2
2
2
2
2
2
2
2
2
2
2
2
2
2
2
2
2
2
2
2
2
2
2
2
2
2
2
2
2
2
2
2
2
2
2
2
2
2
2
2
2
2
2
2
2
2
2
2
2
2
2
2
2
2
2
2
2
2
2
2
2
2
2
2
2
2
2
2
2
2
2
2
2
2
2
2
2
2
2
2
2
2
2
2
2
2
2
2
2
2
2
2
2
2
2
2
2
2
2
2
2
2
2
2
2
2
2
2
2
2
2
2
2
2
2
2
2
2
2
2
2
2
2
2
2
2
2
2
2
2
2
2
2
2
2
2
2
2
2
2
2
2
2
2
2
2
2
2
2
2
2
2
2
2
2
2
2
2
2
2
2
2
2
2
2
2
2
2
2
2
2
2
2
2
2
2
2
2
2
2
2
2
2
2
2
2
2
2
2
2
2
2
2
2
2
2
2
2
2
2
2
2
2
2
2
2
2
2
2
2
2
2
2
2
2
2
2
2
2
2
2
2
2
2
2
2
2
2
2
2
2
2
2
2
2
2
2
2
2
2
2
2
2
2
2
2
2
2
2
2
2
2
2
2
2
2
2
2
2
2
2
2
2
2
2
2
2
2
2
2
2
2
2
2
2
2
2
2
2
2
2
2
2
2
2
2
2
2
2
2
2
2
2
2
2
2
2
2
2
2
2
2
2
2
2
2
2
2
2
2
2
2
2
2
2
2
2
2
2
2
2
2
2
2
2
2
2
2
2
2
2
2
2
2
2
2
2
2
2
2
2
2
2
2
2
2
2
2
2
2
2
2
2
2
2
2
2
2
2
2
2
2
2
2
2
2
2
2
2
2
2
2
2
2
2
2
2
2
2
2
2
2
2
2
2
2
2
2
2
2
2
2
2
2
2
2
2
2
2
2
2
2
2
2
2
2
2
2
2
2
2
2
2
2
2
2
2
2
2
2
2
2
2
2
2
2
2
2
2
2
2
2
2
2
2
2
2
2
2
2
2
2
2
2
2
2
2
2
2
2
2
2
2
2
2
2
2
2
2
2
2
2
2
2
2
2
2
2
2
2
2
2
2
2
2
2
2
2
2
2
2
2
2
2
2
2
2
2
2
2
2
2
2
2
2
2
2
2
2
2
2
2
2
2
2
2
2
2
2
2
2
2
2
2
2
2
2
2
2
2
2
2
2
2
2
2
2
2
2
2
2
2
2
2
2
2
2
2
2
2
2
2
2
2
2
2
2
2
2
2
2
2
2
2
2
2
2
2
2
2
2
2
2
2
2
2
2
2
2
2
2
2
2
2
2
2
2
2
2
2
2
2
2
2
2
2
2
2
2
2
2
2
2
2
2
2
2
2
2
2
2
2
2
2
2
2
2
2
2
2
2
2
2
2
2
2
2
2
2
2
2
2
2
2
2
2
2
2
2
2
2
2
2
2
2
2
2
2
2
2
2
2
2
2
2
2
2
2
2
2
2
2
2
2
2
2
2
2
2
2
2
2
2
2
2
2
2
2
2
2
2
2
2
2
2
2
2
2
2
2
2
2
2
2
2
2
2
2
2
2
2
2
2
2
2
2
2
2
2
2
2
2
2
2
2
2
2
2
2
2
2
2
2
2
2
2
2
2
2
2
2
2
2
2
2
2
2
2
2
2
2
2
2
2
2
2
2
2
2
2
2
2
2
2
2
2
2
2
2
2
2
2
2
2
2
2
2
2
2
2
2
2
2
2
2
2
2
2
2
2
2
2
2
2
2
2
2
2
2
2
2
2
2
2
2
2
2
2
2
2
2
2
2
2
2
2
2
2
2
2
2
2
2
2
2
2
2
2
2
2
2
2
2
2
2
2
2
2
2
2
2
2
2
2
2
2
2
2
2
2
2
2
2
2
2
2
2
2
2
2
2
2
2
2
2
2
2
2
2
2
2
2
2
2
2
2
2
2
2
2
2
2
2
2
2
2
2
2
2
2
2
2
2
2
2
2
2
2
2
2
2
2
2
2
2
2
2
2
2
2
2
2
2
2
2
2
2
2
2
2
2
2
2
2
2
2
2
2
2
2
2
2
2
2
2
2
2
2
2
2
2
2
2
2
2
2
2
2
2
2
2
2
2
2
2
2
2
2
2
2
2
2
2
2
2
2
2
2
2
2
2
2
2
2
2
2
2
2
2
2
2
2
2
2
2
2
2
2
2
2
2
2
2
2
2
2
2
2
2
2
2
2
2
2
2
2
2
2
2
2
2
2
2
2
2
2
2
2
2
2
2
2
2
2
2
2
2
2
2
2
2
2
2
2
2
2
2
2
2
2
2
2
2
2
2
2
2
2
2
2
2
2
2
2
2
2
2
2
2
2
2
2
2
2
2
2
2
2
2
2
2
2
2
2
2
2
2
2
2
2
2
2
2
2
2
2
2
2
2
2
2
2
2
2
2
2
2
2
2
2
2
2
2
2
2
2
2
2
2
2
2
2
2
2
2
2
2
2
2
2
2
2
2
2
2
2
2
2
2
2
2
2
2
2
2
2
2
2
2
2
2
2
2
2
2
2
2
2
2
2
2
2
2
2
2
2
2
2
2
2
2
2
2
2
2
2
2
2
2
2
2
2
2
2
2
2
2
2
2
2
2
2
2
2
2
2
2
2
2
2
2
2
2
2
2
2
2
2
2
2
2
2
2
2
2
2
2
2
2
2
2
2
2
2
2
2
2
2
2
2
2
2
2
2
2
2
2
2
2
2
2
2
2
2
2
2
2
2
2
2
2
2
2
2
2
2
2
2
2
2
2
2
2
2
2
2
2
2
2
2
2
2
2
2
2
2
2
2
2
2
2
2
2
2
2
2
2
2
2
2
2
2
2
2
2
2
2
2
2
2
2
2
2
2
2
2
2
2
2
2
2
2
2
2
2
2
2
2
2
2
2
2
2
2
2
2
2
2
2
2
2
2
2
2
2
2
2
2
2
2
2
2
2
2
2
2
2
2
2
2
2
2
2
2
2
2
2
2
2
2
2
2
2
2
2
2
2
2
2
2
2
2
2
2
2
2
2
2
2
2
2
2
2
2
2
2
2
2
2
2
2
2
2
2
2
2
2
2
2
2
2
2
2
2
2
2
2
2
2
2
2
2
2
2
2
2
2
2
2
2
2
2
2
2
2
2
2
2
2
2
2
2
2
2
2
2
2
2
2
2
2
2
2
2
2
2
2
2
2
2
2
2
2
2
2
2
2
2
2
2
2
2
2
2
2
2
2
2
2
2
2
2
2
2
2
2
2
2
2
2
2
2
2
2
2
2
2
2
2
2
2
2
2
2
2
2
2
2
2
2
2
2
2
2
2
2
2
2
2
2
2
2
2
2
2
2
2
2
2
2
2
2
2
2
2
2
2
2
2
2
2
2
2
2
2
2
2
2
2
2
2
2
2
2
2
2
2
2
2
2
2
2
2
2
2
2
2
2
2
2
2
2
2
2
2
2
2
2
2
2
2
2
2
2
2
2
2
2
2
2
2
2
2
2
2
2
2
2
2
2
2
2
2
2
2
2
2
2
2
2
2
2
2
2
2
2
2
2
2
2
2
2
2
2
2
2
2
2
2
2
2
2
2
2
2
2
2
2
2
2
2
2
2
2
2
2
2
2
2
2
2
2
2
2
2
2
2
2
2
2
2
2
2
2
2
2
2
2
2
2
2
2
2
2
2
2
2
2
2
2
2
2
2
2
2
2
2
2
2
2
2
2
2
2
2
2
2
2
2
2
2
2
2
2
2
2
2
2
2
2
2
2
2
2
2
2
2
2
2
2
2
2
2
2
2
2
2
2
2
2
2
2
2
2
2
2
2
2
2
2
2
2
2
2
2
2
2
2
2
2
2
2
2
2
2
2
2
2
2
2
2
2
2
2
2
2
2
2
2
2
2
2
2
2
2
2
2
2
2
2
2
2
2
2
2
2
2
2
2
2
2
2
2
2
2
2
2
2
2
2
2
2
2
2
2
2
2
2
2
2
2
2
2
2
2
2
2
2
2
2
2
2
2
2
2
2
2
2
2
2
2
2
2
2
2
2
2
2
2
2
2
2
2
2
2
2
2
2
2
2
2
2
2
2
2
2
2
2
2
2
2
2
2
2
2
2
2
2
2
2
2
2
2
2
2
2
2
2
2
2
2
2
2
2
2
2
2
2
2
2
2
2
2
2
2
2
2
2
2
2
2
2
2
2
2
2
2
2
2
2
2
2
2
2
2
2
2
2
2
2
2
2
2
2
2
2
2
2
2
2
2
2
2
2
2
2
2
2
2
2
2
2
2
2
2
2
2
2
2
2
2
2
2
2
2
2
2
2
2
2
2
2
2
2
2
2
2
2
2
2
2
2
2
2
2
2
2
2
2
2
2
2
2
2
2
2
2
2
2
2
2
2
2
2
2
2
2
2
2
2
2
2
2
2
2
2
2
2
2
2
2
2
2
2
2
2
2
2
2
2
2
2
2
2
2
2
2
2
2
2
2
2
2
2
2
2
2
2
2
2
2
2
2
2
2
2
2
2
2
2
2
2
2
2
2
2
2
2
2
2
2
2
2
2
2
2
2
2
2
2
2
2
2
2
2
2
2
2
2
2
2
2
2
2
2
2
2
2
2
2
2
2
2
2
2
2
2
2
2
2
2
2
2
2
2
2
2
2
2
2
2
2
2
2
2
2
2
2
2
2
2
2
2
2
2
2
2
2
2
2
2
2
2
2
2
2
2
2
2
2
2
2
2
2
2
2
2
2
2
2
2
2
2
2
2
2
2
2
2
2
2
2
2
2
2
2
2
2
2
2
2
2
2
2
2
2
2
2
2
2
2
2
2
2
2
2
2
2
2
2
2
2
2
2
2
2
2
2
2
2
2
2
2
2
2
2
2
2
2
2
2
2
2
2
2
2
2
2
2
2
2
2
2
2
2
2
2
2
2
2
2
2
2
2
2
2
2
2
2
2
2
2
2
2
2
2
2
2
2
2
2
2
2
2
2
2
2
2
2
2
2
2
2
2
2
2
2
2
2
2
2
2
2
2
2
2
2
2
2
2
2
2
2
2
2
2
2
2
2
2
2
2
2
2
2
2
2
2
2
2
2
2
2
2
2
2
2
2
2
2
2
2
2
2
2
2
2
2
2
2
2
2
2
2
2
2
2
2
2
2
2
2
2
2
2
2
2
2
2
2
2
2
2
2
2
2
2
2
2
2
2
2
2
2
2
2
2
2
2
2
2
2
2
2
2
2
2
2
2
2
2
2
2
2
2
2
2
2
2
2
2
2
2
2
2
2
2
2
2
2
2
2
2
2
2
2
2
2
2
2
2
2
2
2
2
2
2
2
2
2
2
2
2
2
2
2
2
2
2
2
2
2
2
2
2
2
2
2
2
2
2
2
2
2
2
2
2
2
2
2
2
2
2
2
2
2
2
2
2
2
2
2
2
2
2
2
2
2
2
2
2
2
2
2
2
2
2
2
2
2
2
2
2
2
2
2
2
2
2
2
2
2
2
2
2
2
2
2
2
2
2
2
2
2
2
2
2
2
2
2
2
2
2
2
2
2
2
2
2
2
2
2
2
2
2
2
2
2
2
2
2
2
2
2
2
2
2
2
2
2
2
2
2
2
2
2
2
2
2
2
2
2
2
2
2
2
2
2
2
2
2
2
2
2
2
2
2
2
2
2
2
2
2
2
2
2
2
2
2
2
2
2
2
2
2
2
2
2
2
2
2
2
2
2
2
2
2
2
2
2
2
2
2
2
2
2
2
2
2
2
2
2
2
2
2
2
2
2
2
2
2
2
2
2
2
2
2
2
2
2
2
2
2
2
2
2
2
2
2
2
2
2
2
2
2
2
2
2
2
2
2
2
2
2
2
2
2
2
2
2
2
2
2
2
2
2
2
2
2
2
2
2
2
2
2
2
2
2
2
2
2
2
2
2
2
2
2
2
2
2
2
2
2
2
2
2
2
2
2
2
2
2
2
2
2
2
2
2
2
2
2
2
2
2
2
2
2
2
2
2
2
2
2
2
2
2
2
2
2
2
2
2
2
2
2
2
2
2
2
2
2
2
2
2
2
2
2
2
2
2
2
2
2
2
2
2
2
2
2
2
2
2
2
2
2
2
2
2
2
2
2
2
2
2
2
2
2
2
2
2
2
2
2
2
2
2
2
2
2
2
2
2
2
2
2
2
2
2
2
2
2
2
2
2
2
2
2
2
2
2
2
2
2
2
2
2
2
2
2
2
2
2
2
2
2
2
2
2
2
2
2
2
2
2
2
2
2
2
2
2
2
2
2
2
2
2
2
2
2
2
2
2
2
2
2
2
2
2
2
2
2
2
2
2
2
2
2
2
2
2
2
2
2
2
2
2
2
2
2
2
2
2
2
2
2
2
2
2
2
2
2
2
2
2
2
2
2
2
2
2
2
2
2
2
2
2
2
2
2
2
2
2
2
2
2
2
2
2
2
2
2
2
2
2
2
2
2
2
2
2
2
2
2
2
2
2
2
2
2
2
2
2
2
2
2
2
2
2
2
2
2
2
2
2
2
2
2
2
2
2
2
2
2
2
2
2
2
2
2
2
2
2
2
2
2
2
2
2
2
2
2
2
2
2
2
2
2
2
2
2
2
2
2
2
2
2
2
2
2
2
2
2
2
2
2
2
2
2
2
2
2
2
2
2
2
2
2
2
2
2
2
2
2
2
2
2
2
2
2
2
2
2
2
2
2
2
2
2
2
2
2
2
2
2
2
2
2
2
2
2
2
2
2
2
2
2
2
2
2
2
2
2
2
2
2
2
2
2
2
2
2
2
2
2
2
2
2
2
2
2
2
2
2
2
2
2
2
2
2
2
2
2
2
2
2
2
2
2
2
2
2
2
2
2
2
2
2
2
2
2
2
2
2
2
2
2
2
2
2
2
2
2
2
2
2
2
2
2
2
2
2
2
2
2
2
2
2
2
2
2
2
2
2
2
2
2
2
2
2
2
2
2
2
2
2
2
2
2
2
2
2
2
2
2
2
2
2
2
2
2
2
2
2
2
2
2
2
2
2
2
2
2
2
2
2
2
2
2
2
2
2
2
2
2
2
2
2
2
2
2
2
2
2
2
2
2
2
2
2
2
2
2
2
2
2
2
2
2
2
2
2
2
2
2
2
2
2
2
2
2
2
2
2
2
2
2
2
2
2
2
2
2
2
2
2
2
2
2
2
2
2
2
2
2
2
2
2
2
2
2
2
2
2
2
2
2
2
2
2
2
2
2
2
2
2
2
2
2
2
2
2
2
2
2
2
2
2
2
2
2
2
2
2
2
2
2
2
2
2
2
2
2
2
2
2
2
2
2
2
2
2
2
2
2
2
2
2
2
2
2
2
2
2
2
2
2
2
2
2
2
2
2
2
2
2
2
2
2
2
2
2
2
2
2
2
2
2
2
2
2
2
2
2
2
2
2
2
2
2
2
2
2
2
2
2
2
2
2
2
2
2
2
2
2
2
2
2
2
2
2
2
2
2
2
2
2
2
2
2
2
2
2
2
2
2
2
2
2
2
2
2
2
2
2
2
2
2
2
2
2
2
2
2
2
2
2
2
2
2
2
2
2
2
2
2
2
2
2
2
2
2
2
2
2
2
2
2
2
2
2
2
2
2
2
2
2
2
2
2
2
2
2
2
2
2
2
2
2
2
2
2
2
2
2
2
2
2
2
2
2
2
2
2
2
2
2
2
2
2
2
2
2
2
2
2
2
2
2
2
2
2
2
2
2
2
2
2
2
2
2
2
2
2
2
2
2
2
2
2
2
2
2
2
2
2
2
2
2
2
2
2
2
2
2
2
2
2
2
2
2
2
2
2
2
2
2
2
2
2
2
2
2
2
2
2
2
2
2
2
2
2
2
2
2
2
2
2
2
2
2
2
2
2
2
2
2
2
2
2
2
2
2
2
2
2
2
2
2
2
2
2
2
2
2
2
2
2
2
2
2
2
2
2
2
2
2
2
2
2
2
2
2
2
2
2
2
2
2
2
2
2
2
2
2
2
2
2
2
2
2
2
2
2
2
2
2
2
2
2
2
2
2
2
2
2
2
2
2
2
2
2
2
2
2
2
2
2
2
2
2
2
2
2
2
2
2
2
2
2
2
2
2
2
2
2
2
2
2
2
2
2
2
2
2
2
2
2
2
2
2
2
2
2
2
2
2
2
2
2
2
2
2
2
2
2
2
2
2
2
2
2
2
2
2
2
2
2
2
2
2
2
2
2
2
2
2
2
2
2
2
2
2
2
2
2
2
2
2
2
2
2
2
2
2
2
2
2
2
2
2
2
2
2
2
2
2
2
2
2
2
2
2
2
2
2
2
2
2
2
2
2
2
2
2
2
2
2
2
2
2
2
2
2
2
2
2
2
2
2
2
2
2
2
2
2
2
2
2
2
2
2
2
2
2
2
2
2
2
2
2
2
2
2
2
2
2
2
2
2
2
2
2
2
2
2
2
2
2
2
2
2
2
2
2
2
2
2
2
2
2
2
2
2
2
2
2
2
2
2
2
2
2
2
2
2
2
2
2
2
2
2
2
2
2
2
2
2
2
2
2
2
2
2
2
2
2
2
2
2
2
2
2
2
2
2
2
2
2
2
2
2
2
2
2
2
2
2
2
2
2
2
2
2
2
2
2
2
2
2
2
2
2
2
2
2
2
2
2
2
2
2
2
2
2
2
2
2
2
2
2
2
2
2
2
2
2
2
2
2
2
2
2
2
2
2
2
2
2
2
2
2
2
2
2
2
2
2
2
2
2
2
2
2
2
2
2
2
2
2
2
2
2
2
2
2
2
2
2
2
2
2
2
2
2
2
2
2
2
2
2
2
2
2
2
2
2
2
2
2
2
2
2
2
2
