# vtk DataFile Version 2.0
academic_pulse, Created by Gmsh 4.11.1 
ASCII
DATASET UNSTRUCTURED_GRID
POINTS 2170 double
-1 -1 0
1 -1 0
1 0 0
-1 0 0
-1 1 0
1 1 0
-0.9523809523810847 -1 0
-0.9047619047621692 -1 0
-0.8571428571432539 -1 0
-0.8095238095243384 -1 0
-0.7619047619054231 -1 0
-0.7142857142865078 -1 0
-0.6666666666675923 -1 0
-0.6190476190486769 -1 0
-0.5714285714297616 -1 0
-0.5238095238108463 -1 0
-0.4761904761919311 -1 0
-0.4285714285730159 -1 0
-0.3809523809541007 -1 0
-0.3333333333351853 -1 0
-0.2857142857162701 -1 0
-0.2380952380973548 -1 0
-0.1904761904784396 -1 0
-0.1428571428595242 -1 0
-0.095238095240609 -1 0
-0.04761904762169367 -1 0
-2.756683770144264e-12 -1 0
0.04761904761640157 -1 0
0.09523809523558135 -1 0
0.1428571428547611 -1 0
0.1904761904739412 -1 0
0.2380952380931212 -1 0
0.285714285712301 -1 0
0.333333333331481 -1 0
0.3809523809506608 -1 0
0.4285714285698408 -1 0
0.4761904761890208 -1 0
0.5238095238082006 -1 0
0.5714285714273806 -1 0
0.6190476190465606 -1 0
0.6666666666657404 -1 0
0.7142857142849204 -1 0
0.7619047619041004 -1 0
0.8095238095232802 -1 0
0.8571428571424602 -1 0
0.9047619047616402 -1 0
0.95238095238082 -1 0
1 -0.9523809523807543 0
1 -0.9047619047615085 0
1 -0.857142857142461 0
1 -0.8095238095237439 0
1 -0.7619047619050268 0
1 -0.7142857142863096 0
1 -0.6666666666675924 0
1 -0.6190476190488754 0
1 -0.5714285714301581 0
1 -0.5238095238114411 0
1 -0.4761904761924596 0
1 -0.4285714285732135 0
1 -0.3809523809539676 0
1 -0.3333333333347217 0
1 -0.2857142857154756 0
1 -0.2380952380962297 0
1 -0.1904761904769837 0
1 -0.1428571428577378 0
1 -0.0952380952384918 0
1 -0.04761904761924596 0
0.9523809523810847 0 0
0.9047619047621692 0 0
0.8571428571432539 0 0
0.8095238095243384 0 0
0.7619047619054231 0 0
0.7142857142865078 0 0
0.6666666666675923 0 0
0.6190476190486769 0 0
0.5714285714297616 0 0
0.5238095238108463 0 0
0.4761904761919311 0 0
0.4285714285730159 0 0
0.3809523809541007 0 0
0.3333333333351853 0 0
0.2857142857162701 0 0
0.2380952380973548 0 0
0.1904761904784396 0 0
0.1428571428595242 0 0
0.095238095240609 0 0
0.04761904762169367 0 0
2.756683770144264e-12 0 0
-0.04761904761640157 0 0
-0.09523809523558135 0 0
-0.1428571428547611 0 0
-0.1904761904739412 0 0
-0.2380952380931212 0 0
-0.285714285712301 0 0
-0.333333333331481 0 0
-0.3809523809506608 0 0
-0.4285714285698408 0 0
-0.4761904761890208 0 0
-0.5238095238082006 0 0
-0.5714285714273806 0 0
-0.6190476190465606 0 0
-0.6666666666657404 0 0
-0.7142857142849204 0 0
-0.7619047619041004 0 0
-0.8095238095232802 0 0
-0.8571428571424602 0 0
-0.9047619047616402 0 0
-0.95238095238082 0 0
-1 -0.04761904761895241 0
-1 -0.09523809523791686 0
-1 -0.1428571428568669 0
-1 -0.1904761904757755 0
-1 -0.2380952380946841 0
-1 -0.2857142857135927 0
-1 -0.3333333333325013 0
-1 -0.3809523809514098 0
-1 -0.4285714285703183 0
-1 -0.4761904761892269 0
-1 -0.5238095238082677 0
-1 -0.5714285714274411 0
-1 -0.6190476190466143 0
-1 -0.6666666666657876 0
-1 -0.7142857142849607 0
-1 -0.7619047619041339 0
-1 -0.8095238095233072 0
-1 -0.8571428571424804 0
-1 -0.9047619047616535 0
-1 -0.9523809523808268 0
-1 0.04761904761895241 0
-1 0.09523809523791686 0
-1 0.1428571428568669 0
-1 0.1904761904757755 0
-1 0.2380952380946841 0
-1 0.2857142857135927 0
-1 0.3333333333325013 0
-1 0.3809523809514098 0
-1 0.4285714285703183 0
-1 0.4761904761892269 0
-1 0.5238095238082677 0
-1 0.5714285714274411 0
-1 0.6190476190466143 0
-1 0.6666666666657876 0
-1 0.7142857142849607 0
-1 0.7619047619041339 0
-1 0.8095238095233072 0
-1 0.8571428571424804 0
-1 0.9047619047616535 0
-1 0.9523809523808268 0
-0.9523809523810847 1 0
-0.9047619047621692 1 0
-0.8571428571432539 1 0
-0.8095238095243384 1 0
-0.7619047619054231 1 0
-0.7142857142865078 1 0
-0.6666666666675923 1 0
-0.6190476190486769 1 0
-0.5714285714297616 1 0
-0.5238095238108463 1 0
-0.4761904761919311 1 0
-0.4285714285730159 1 0
-0.3809523809541007 1 0
-0.3333333333351853 1 0
-0.2857142857162701 1 0
-0.2380952380973548 1 0
-0.1904761904784396 1 0
-0.1428571428595242 1 0
-0.095238095240609 1 0
-0.04761904762169367 1 0
-2.756683770144264e-12 1 0
0.04761904761640157 1 0
0.09523809523558135 1 0
0.1428571428547611 1 0
0.1904761904739412 1 0
0.2380952380931212 1 0
0.285714285712301 1 0
0.333333333331481 1 0
0.3809523809506608 1 0
0.4285714285698408 1 0
0.4761904761890208 1 0
0.5238095238082006 1 0
0.5714285714273806 1 0
0.6190476190465606 1 0
0.6666666666657404 1 0
0.7142857142849204 1 0
0.7619047619041004 1 0
0.8095238095232802 1 0
0.8571428571424602 1 0
0.9047619047616402 1 0
0.95238095238082 1 0
1 0.9523809523807543 0
1 0.9047619047615085 0
1 0.857142857142461 0
1 0.8095238095237439 0
1 0.7619047619050268 0
1 0.7142857142863096 0
1 0.6666666666675924 0
1 0.6190476190488754 0
1 0.5714285714301581 0
1 0.5238095238114411 0
1 0.4761904761924596 0
1 0.4285714285732135 0
1 0.3809523809539676 0
1 0.3333333333347217 0
1 0.2857142857154756 0
1 0.2380952380962297 0
1 0.1904761904769837 0
1 0.1428571428577378 0
1 0.0952380952384918 0
1 0.04761904761924596 0
-0.4550757592888582 -0.9561324050352487 0
0.4515770690082248 -0.04177558219383951 0
-0.2142857142878972 -0.9587606950579985 0
0.2115011669773429 -0.03793347698588975 0
0.01755843001742731 -0.9547416289051005 0
-0.1232720239825381 -0.04288678944625213 0
0.3498038209188585 -0.9547229626844348 0
-0.3523284261877967 -0.04292264383078366 0
0.9587606950580079 -0.5000000000018814 0
-0.9540809855116709 -0.493197278914128 0
0.546143108731706 -0.9676262669600781 0
-0.5482785228516029 -0.03636801145335433 0
0.6438405839061078 -0.04052288470800764 0
-0.6411308137002558 -0.9633214749543004 0
0.9587606950586416 -0.6904761904771817 0
-0.9681046441790304 -0.3105577126250416 0
0.958760695057739 -0.3095238095251858 0
-0.9571720208158726 -0.6972789115660678 0
0.1658171738774395 -0.9623982564200513 0
0.01755843002024415 -0.04525837109871652 0
0.6888721951776977 -0.9630243274228657 0
-0.691594726273165 -0.03235702802919042 0
0.782290400439242 -0.04282833562929009 0
-0.7824964979099908 -0.9579297429240776 0
0.9587606950583922 -0.8333333333331887 0
-0.832777914264021 -0.03543994462289787 0
-0.9597551182398902 -0.8307459693809104 0
0.9587606950577149 -0.1666666666684558 0
0.8378669548183082 -0.9539595293028352 0
-0.9576272908081735 -0.1634922662186979 0
0.2608044755545675 -0.9542266940641545 0
0.9587606950578427 -0.4047619047636785 0
-0.9605947029865298 -0.5955285087433231 0
0.4511224971092633 -0.9594872645467687 0
-0.07171127749439782 -0.9576719634232101 0
-0.45381993438783 -0.04040850829232118 0
-0.2142857142835311 -0.04123930494223068 0
-0.3143785021432663 -0.9546597555116291 0
0.3108906065332716 -0.04202990650837929 0
0.1181981262618067 -0.04049043754454072 0
0.550608273312736 -0.03799924626245803 0
-0.547619047620304 -0.9587606950579985 0
-0.9540809855085113 -0.4115646258530593 0
0.9587606950582834 -0.5952380952395087 0
0.8850821740339715 -0.04268076785530786 0
-0.8792962245138305 -0.9542630891090459 0
0.9598239855039896 -0.9267297554952105 0
-0.9320479868980956 -0.03729870278586292 0
-0.9653524874182464 -0.9280173520878195 0
0.9596775216638833 -0.07163035091842207 0
0.9587606950578167 -0.4523809523827574 0
0.9175213901160209 -0.4761904761925835 0
0.9175213901162036 -0.5238095238113964 0
0.8762820851742337 -0.5000000000021153 0
0.8762820851739962 -0.4523809523832275 0
0.8350427802322191 -0.476190476192852 0
0.835042780232071 -0.4285714285740612 0
0.7938034752902317 -0.4523809523836045 0
0.7938034752903957 -0.5000000000024296 0
0.752564170348383 -0.4761904761931512 0
0.7525641703485523 -0.523809523812012 0
0.7113248654065073 -0.5000000000027126 0
0.7113248654066774 -0.5476190476215963 0
0.6700855604646133 -0.5238095238122964 0
0.6700855604644539 -0.4761904761934 0
0.628846255522544 -0.5000000000029887 0
0.6288462555223903 -0.4523809523840876 0
0.5876069505804702 -0.4761904761936716 0
0.5876069505806352 -0.5238095238125653 0
0.5463676456385457 -0.5000000000032534 0
0.5463676456383911 -0.4523809523843437 0
0.5051283406964481 -0.4761904761939322 0
0.5051283406966347 -0.5238095238128674 0
0.4638890357545015 -0.5000000000035297 0
0.4638890357543424 -0.4523809523845923 0
0.4226497308123844 -0.4761904761941856 0
0.4226497308125505 -0.5238095238131444 0
0.3814104258704168 -0.5000000000037903 0
0.3814104258702742 -0.4523809523848248 0
0.3401711209282956 -0.4761904761944261 0
0.3401711209284326 -0.5238095238133973 0
0.2989318159863023 -0.5000000000040283 0
0.2989318159864368 -0.5476190476230167 0
0.2576925110442963 -0.5238095238136342 0
0.257692511044185 -0.4761904761946344 0
0.216453206102172 -0.5000000000042278 0
0.216453206102288 -0.5476190476232442 0
0.1752139011601486 -0.5238095238138535 0
0.1752139011600359 -0.4761904761948342 0
0.1339745962180127 -0.5000000000044604 0
0.1339745962178903 -0.4523809523854557 0
0.09273529127587284 -0.4761904761950624 0
0.09273529127599545 -0.5238095238140797 0
0.05149598633384796 -0.5000000000046838 0
0.0514959863337261 -0.4523809523856601 0
0.01025668139169472 -0.4761904761952827 0
0.01025668139182178 -0.5238095238143045 0
-0.03098262355033513 -0.5000000000049059 0
-0.03098262355020383 -0.5476190476239255 0
-0.07222192849235867 -0.5238095238145299 0
-0.07222192849249226 -0.4761904761955059 0
-0.1134612334345201 -0.5000000000051312 0
-0.1134612334346534 -0.4523809523861042 0
-0.1547005383766837 -0.4761904761957328 0
-0.154700538376534 -0.5238095238147698 0
-0.1959398433187035 -0.5000000000053684 0
-0.1959398433188427 -0.4523809523863383 0
-0.2371791482608673 -0.4761904761959688 0
-0.2371791482607266 -0.5238095238149898 0
-0.2784184532028883 -0.500000000005594 0
-0.278418453202746 -0.5476190476246012 0
-0.3196577581448963 -0.5238095238152183 0
-0.3196577581450367 -0.4761904761962164 0
-0.3608970630870458 -0.5000000000058384 0
-0.3608970630871586 -0.4523809523868837 0
-0.4021363680291741 -0.4761904761964948 0
-0.4021363680290482 -0.5238095238154656 0
-0.443375672971194 -0.5000000000060918 0
-0.4433756729712911 -0.4523809523871412 0
-0.4846149779133202 -0.4761904761967466 0
-0.4846149779131895 -0.5238095238157148 0
-0.5258542828553296 -0.5000000000063488 0
-0.5258542828554513 -0.4523809523874159 0
-0.5258542828551827 -0.5476190476253296 0
-0.5670935877973169 -0.5238095238159672 0
-0.5670935877971668 -0.5714285714349432 0
-0.5258542828550401 -0.5952380952443046 0
0.7938034752900694 -0.4047619047647878 0
-0.5670935877970156 -0.6190476190539141 0
-0.6083328927392967 -0.5476190476255862 0
-0.5258542828548998 -0.6428571428632719 0
-0.5670935877968668 -0.6666666666728791 0
-0.5258542828547556 -0.6904761904822332 0
0.7525641703488618 -0.5714285714308864 0
0.711324865406858 -0.5952380952404845 0
0.7525641703490717 -0.6190476190497863 0
0.711324865407026 -0.642857142859397 0
0.7525641703491284 -0.6666666666687157 0
0.7113248654071813 -0.690476190478346 0
0.752564170349395 -0.7142857142876904 0
-0.5670935877967227 -0.7142857142918397 0
-0.6083328927388353 -0.6904761904824805 0
-0.4846149779127868 -0.6666666666726286 0
-0.4846149779126426 -0.7142857142915884 0
-0.4433756729706734 -0.6904761904819844 0
-0.4433756729705296 -0.7380952381009436 0
-0.4021363680285629 -0.7142857142913432 0
0.6700855604650563 -0.6666666666690088 0
0.6700855604652218 -0.7142857142879893 0
0.6288462555230707 -0.6904761904786404 0
0.6288462555232432 -0.7380952380976407 0
0.5876069505811314 -0.7142857142882885 0
-0.6083328927386912 -0.7380952381014489 0
-0.6495721976808123 -0.714285714292085 0
-0.6495721976806628 -0.7619047619110614 0
-0.6908115026227959 -0.7380952381017036 0
-0.6908115026229442 -0.6904761904827124 0
-0.7320508075649422 -0.7142857142923363 0
-0.7320508075650749 -0.6666666666733441 0
-0.4021363680284175 -0.7619047619102988 0
-0.3608970630864519 -0.7380952381006992 0
-0.7320508075647947 -0.7619047619113367 0
0.01025668139194924 -0.5714285714333226 0
-0.03098262355007156 -0.5952380952429446 0
0.01025668139207685 -0.6190476190523369 0
-0.03098262354994105 -0.6428571428619575 0
0.01025668139220515 -0.6666666666713473 0
-0.03098262354981291 -0.6904761904809622 0
0.01025668139231186 -0.7142857142903201 0
0.05149598633434987 -0.6904761904807337 0
0.05149598633445546 -0.7380952380997114 0
0.09273529127650221 -0.7142857142901265 0
-0.07222192849195745 -0.6666666666715741 0
-0.07222192849182782 -0.7142857142905736 0
-0.1134612334339659 -0.6904761904811894 0
-0.1134612334338512 -0.7380952381001552 0
0.09273529127663176 -0.7619047619091524 0
0.1339745962186654 -0.7380952380995318 0
-0.1547005383759701 -0.7142857142907939 0
-0.1547005383759145 -0.7619047619097463 0
-0.07222192849180989 -0.7619047619094923 0
0.01025668139157218 -0.4285714285762607 0
-0.237179148261008 -0.4285714285769431 0
-0.4846149779125052 -0.761904761910551 0
-0.6083328927394509 -0.5000000000066094 0
-0.6495721976814299 -0.5238095238162312 0
-0.6495721976815843 -0.4761904761972545 0
-0.6908115026235597 -0.5000000000068734 0
-0.6908115026237143 -0.4523809523879022 0
-0.7320508075656843 -0.476190476197517 0
-0.7320508075658398 -0.4285714285785519 0
-0.6908115026238659 -0.40476190476893 0
-0.7320508075659988 -0.3809523809595775 0
-0.6908115026240191 -0.3571428571499506 0
-0.7320508075661638 -0.3333333333405866 0
-0.6908115026241655 -0.3095238095309529 0
-0.7320508075663291 -0.2857142857215786 0
-0.6908115026243111 -0.2619047619119346 0
-0.6495721976821385 -0.2857142857213185 0
-0.649572197682279 -0.2380952381022805 0
-0.6083328927400877 -0.26190476191168 0
-0.7320508075664902 -0.2380952381025555 0
0.3401711209285804 -0.5714285714323906 0
0.2989318159865763 -0.5952380952420182 0
0.3401711209287344 -0.6190476190513968 0
0.2989318159867192 -0.6428571428610292 0
0.3401711209288788 -0.6666666666704132 0
0.3814104258708981 -0.6428571428607744 0
0.3814104258710465 -0.6904761904798004 0
0.340171120929016 -0.7142857142894463 0
0.3814104258712001 -0.7380952380988426 0
0.3401711209291522 -0.7619047619084955 0
0.05149598633360818 -0.4047619047666358 0
0.01025668139144625 -0.3809523809572342 0
0.05149598633348924 -0.357142857147606 0
0.01025668139131998 -0.3333333333381994 0
0.05149598633336797 -0.3095238095285701 0
0.01025668139120911 -0.2857142857191364 0
-0.03098262355085735 -0.3095238095287824 0
-0.0309826235509651 -0.2619047619097059 0
-0.07222192849303098 -0.2857142857193583 0
0.05149598633327013 -0.2619047619095137 0
0.09273529127540997 -0.2857142857189482 0
0.09273529127530052 -0.2380952380999232 0
0.1339745962174413 -0.2619047619093346 0
0.1752139011599429 -0.4285714285758138 0
0.6700855604654152 -0.7619047619069861 0
0.3401711209281614 -0.4285714285754608 0
0.3814104258701373 -0.4047619047658622 0
0.3401711209280467 -0.380952380956497 0
0.3814104258700058 -0.3571428571469009 0
0.3401711209279185 -0.3333333333375356 0
0.3814104258698717 -0.3095238095279401 0
0.340171120927785 -0.2857142857185768 0
0.3814104258697369 -0.2619047619089835 0
0.4226497308118299 -0.2857142857183363 0
0.4226497308117019 -0.2380952380993977 0
0.4638890357537852 -0.2619047619087406 0
0.340171120927677 -0.2380952380995663 0
-0.07222192849316068 -0.2380952381002901 0
-0.1134612334352094 -0.2619047619099392 0
0.5876069505812525 -0.7619047619073049 0
-0.7732901125069485 -0.7380952381019636 0
-0.7732901125078052 -0.4523809523881694 0
-0.7732901125076502 -0.5000000000071299 0
-0.7732901125081427 -0.357142857150225 0
-0.7732901125085193 -0.2619047619122024 0
0.4638890357536591 -0.2142857142898141 0
0.5051283406957403 -0.2380952380991654 0
0.1339745962173237 -0.2142857142903256 0
0.3814104258713527 -0.7857142857179009 0
-0.1134612334353638 -0.2142857142908554 0
-0.1547005383774062 -0.2380952381005172 0
-0.6083328927402306 -0.2142857142926194 0
-0.5670935877980272 -0.2380952381020262 0
-0.6083328927385442 -0.7857142857204141 0
-0.7732901125086774 -0.2142857142931762 0
-0.7733813276673218 -0.7855562964285455 0
-0.0309826235510505 -0.2142857142906266 0
-0.360897063086303 -0.7857142857196537 0
0.05149598633450459 -0.7857142857186687 0
0.1339745962187904 -0.7857142857185666 0
0.4226497308115726 -0.1904761904804591 0
0.2989318159858342 -0.3095238095280947 0
0.5051283406958462 -0.2857142857181216 0
0.5463676456378116 -0.2619047619085485 0
0.5463676456376794 -0.2142857142895914 0
0.587606950579749 -0.2380952380989416 0
0.5876069505798812 -0.2857142857179418 0
0.6288462555218095 -0.2619047619083064 0
0.6288462555216742 -0.2142857142893725 0
0.670085560463734 -0.2380952380986976 0
0.6700855604636008 -0.1904761904797896 0
0.7113248654056613 -0.2142857142891303 0
0.6700855604638769 -0.2857142857175983 0
-0.5670935877978874 -0.2857142857210963 0
-0.5258542828558209 -0.2619047619114471 0
-0.5265432576113153 -0.2154790535737839 0
-0.4854187817949983 -0.2394874672634325 0
-0.4847489452271571 -0.2859463239144717 0
-0.4435319681706777 -0.2621754731370842 0
-0.4459050894015527 -0.2081456822279699 0
-0.4025839866343045 -0.2371170179618434 0
-0.4022370203300032 -0.2855963675683262 0
-0.3609884415715135 -0.26172207219565 0
-0.3609868959355692 -0.2140922293160618 0
0.4226497308130683 -0.6666666666701568 0
0.7938034752913806 -0.6428571428592207 0
-0.7325970160106033 -0.8083217139782983 0
-0.8132217336171446 -0.7595871239771319 0
-0.8143114701438035 -0.7138994413035095 0
-0.8145294174507083 -0.2380952381028307 0
0.3401711209292925 -0.8095238095275611 0
-0.3196577581443449 -0.7619047619100605 0
-0.3196577581444353 -0.7142857142911312 0
-0.237179148260602 -0.5714285714339857 0
0.175213901160275 -0.5714285714328557 0
-0.1959398433189769 -0.4047619047673081 0
-0.2371791482611163 -0.3809523809579607 0
0.1752139011608316 -0.7619047619089377 0
0.4226497308133257 -0.7619047619081264 0
-0.3196656199446392 -0.2380789178749093 0
-0.3196740405866396 -0.1904412229485349 0
0.1752139011609606 -0.809523809527976 0
0.09273529127521388 -0.1904761904809171 0
-0.8195939752097101 -0.8082102965118195 0
-0.1547005383775726 -0.1904761904814057 0
-0.4021363680282699 -0.8095238095292557 0
-0.3196577581441925 -0.809523809529008 0
-0.7320508075666459 -0.190476190483509 0
-0.814529417450866 -0.1904761904838006 0
0.422649730813499 -0.8095238095271979 0
0.1752139011594583 -0.2380952380997229 0
0.1752139011593397 -0.1904761904807337 0
0.8350427802318967 -0.3809523809552078 0
-0.4021363680286779 -0.6666666666723914 0
0.670085560464301 -0.4285714285745024 0
-0.6495721976818729 -0.380952380959345 0
0.1752139011606891 -0.7142857142899059 0
0.7938034752898873 -0.3571428571458981 0
0.1752139011595804 -0.2857142857187376 0
0.5876069505810853 -0.6666666666692895 0
-0.3609290682179626 -0.3094737082187846 0
0.8350427802317074 -0.3333333333362992 0
0.133974596218911 -0.8333333333376083 0
-0.8145294174497661 -0.4761904761977794 0
-0.8145294174496183 -0.5238095238167401 0
0.7113248654055369 -0.1666666666702034 0
0.752564170347628 -0.1904761904795588 0
0.6288462555215402 -0.166666666670435 0
0.4638890357535253 -0.1666666666708791 0
-0.1134612334354723 -0.1666666666717524 0
-0.3609147489691096 -0.1666285912545453 0
-0.3196634195327465 -0.1428449690378096 0
-0.2784184532022365 -0.785714285719415 0
-0.2784184532020853 -0.8333333333383601 0
0.6288462555222383 -0.4047619047651884 0
-0.1547005383761015 -0.6666666666718073 0
-0.1959398433181241 -0.690476190481399 0
0.8762820851743819 -0.5476190476208895 0
0.2164532061014554 -0.2142857142901245 0
0.2164532061013408 -0.1666666666711508 0
-0.3196577581447563 -0.5714285714342168 0
0.09273529127637586 -0.6666666666711173 0
-0.07222192849289377 -0.333333333338419 0
-0.7732901125075031 -0.547619047626087 0
-0.814529417449477 -0.5714285714357135 0
-0.6495721976812714 -0.5714285714352045 0
0.2164532061028536 -0.7380952380993049 0
-0.1959398433191005 -0.3571428571482744 0
0.7938034752896974 -0.3095238095269729 0
0.8350427802316613 -0.2857142857173463 0
-0.4021584776011236 -0.3333053300957683 0
0.546367645639189 -0.7380952380979499 0
0.5463676456392537 -0.7857142857169848 0
0.5876069505814389 -0.8095238095263517 0
0.5463676456394049 -0.833333333336043 0
0.5876069505816272 -0.8571428571454232 0
-0.2371791482612193 -0.3333333333389901 0
-0.278422477243536 -0.214277166331595 0
0.4226497308114419 -0.1428571428615242 0
-0.8541915641763903 -0.7353532798958979 0
-0.8554695381379199 -0.6899548186173058 0
-0.852947955233169 -0.2142857142934482 0
-0.8524778273733913 -0.1666666666744099 0
-0.8552985945327709 -0.2619047619124705 0
-0.8529479552320065 -0.5476190476263447 0
-0.1547005383776992 -0.142857142862295 0
0.1752139011592345 -0.1428571428617547 0
-0.8139809349477428 -0.1428571428647491 0
-0.3196577581440451 -0.8571428571479588 0
0.1752139011610865 -0.8571428571470207 0
0.2164532061031348 -0.8333333333373871 0
0.752564170347499 -0.142857142860607 0
0.7938034752896168 -0.1666666666699744 0
0.711324865405391 -0.1190476190512594 0
-0.8955755883756372 -0.2332842499972895 0
0.2576925110434432 -0.1904761904805319 0
0.2576925110433282 -0.1428571428615735 0
0.2989318159854228 -0.1666666666709478 0
0.6700855604641368 -0.3809523809556279 0
-0.2371791482601329 -0.8095238095287743 0
-0.2371791482599775 -0.8571428571477109 0
-0.6495721976805087 -0.8095238095300281 0
-0.6083328927383942 -0.8333333333393749 0
-0.6514988117287893 -0.860431886284483 0
-0.5670935877964336 -0.8095238095297642 0
-0.5670935877962833 -0.8571428571487171 0
-0.5258542828543298 -0.833333333339113 0
0.42264973081292 -0.6190476190511417 0
0.4638890357550803 -0.6428571428605158 0
0.4226497308120919 -0.3809523809562751 0
0.2576925110445629 -0.6190476190516465 0
-0.8145294174499187 -0.4285714285788261 0
-0.8557687223918751 -0.45238095238843 0
-0.8529479552317931 -0.40476190476947 0
0.09273529127564627 -0.3809523809570223 0
0.05149598633409908 -0.5952380952427184 0
-0.07222192849262063 -0.4285714285764796 0
-0.2784184532031677 -0.4047619047675801 0
0.6288462555236742 -0.8333333333357236 0
-0.6083328927396091 -0.4523809523876383 0
0.2989318159860946 -0.4047619047660561 0
-0.6495721976824398 -0.190476190483218 0
-0.6083328927403725 -0.1666666666735407 0
-0.6495721976825958 -0.1428571428641258 0
-0.1134612334347896 -0.4047619047670846 0
0.2989318159871174 -0.7857142857181363 0
0.2989318159872562 -0.8333333333371991 0
0.3401711209294405 -0.8571428571466395 0
-0.195939843318021 -0.8333333333381174 0
-0.8528064273756155 -0.5952380952453153 0
-0.8140357016133433 -0.6190476190546583 0
0.7525641703478267 -0.3333333333365398 0
-0.1959398433197521 -0.1666666666719531 0
0.4638890357552388 -0.6904761904795326 0
-0.3609060822042505 -0.3571298397232289 0
0.8762820851736359 -0.3571428571453465 0
0.6288462555238611 -0.8809523809548045 0
0.6700855604659237 -0.8571428571451035 0
-0.6085608957934989 -0.1190476190544425 0
-0.5693595642581821 -0.1427138673389026 0
0.1346055278714181 -0.879859575278608 0
0.09284044655225893 -0.8569607228675645 0
0.2172756641257245 -0.8795278418743689 0
0.09365359920208963 -0.9115017489892953 0
0.05149598633481239 -0.8809523809568591 0
-0.8553578485975813 -0.1198949757035445 0
-0.5255134896803147 -0.880102568708808 0
-0.4845581790499194 -0.8570012217735807 0
-0.1953849125287498 -0.8799912126356153 0
-0.1546080499110654 -0.8569826624272366 0
-0.1542986066385979 -0.9043390761011123 0
-0.1133119752770105 -0.881487826899282 0
0.2989318159873744 -0.8809523809563028 0
0.4645862027500887 -0.1202551477115754 0
0.5052445351949209 -0.1430583976379026 0
0.7945564109793608 -0.1203517419206751 0
0.8351682695132837 -0.143074496671981 0
0.8350636951120234 -0.1905124161146413 0
0.2576925110435816 -0.2380952380995661 0
0.6288462555220848 -0.3571428571462759 0
0.5876069505801724 -0.3809523809558656 0
-0.1959398433182558 -0.6428571428624128 0
-0.2371791482603123 -0.6666666666719859 0
-0.1547005383762367 -0.6190476190528116 0
0.7525641703476806 -0.2857142857175696 0
0.381410425869496 -0.166666666671104 0
0.3814104258693676 -0.1190476190521674 0
-0.2371791482602006 -0.7619047619098797 0
0.257692511044702 -0.6666666666706519 0
0.2164532061025498 -0.6428571428612605 0
0.4638890357549105 -0.5952380952415026 0
0.5051283406970499 -0.6190476190508313 0
0.7113248654061937 -0.4047619047649715 0
-0.1134209423302812 -0.8333958752082915 0
-0.0721903369483933 -0.857242521782716 0
-0.4021415561440511 -0.3809455441803743 0
-0.4433802225857734 -0.3571370504789222 0
-0.6908115026230841 -0.642857142863734 0
-0.7320508075652183 -0.6190476190543859 0
-0.1959398433192326 -0.3095238095292558 0
-0.1547005383770396 -0.3333333333386291 0
0.8763064858673317 -0.1667089299109128 0
0.8762840511765427 -0.2142891195052462 0
-0.3196645955198197 -0.3333228135499376 0
0.5051283406971434 -0.761904761907614 0
-0.2371791482613511 -0.2857142857199685 0
-0.1126745494190838 -0.120410195738698 0
-0.0720908144905987 -0.1430842389764359 0
-0.07115005196249148 -0.09580232694883618 0
-0.03078212512893931 -0.1191795070224638 0
-0.3617083388540064 -0.1204376752500343 0
-0.40022280394832 -0.1430824729930395 0
0.5455377295123803 -0.8795149240568214 0
0.5049900213428848 -0.8569032809960101 0
-0.1953849125310093 -0.1200087873739211 0
-0.2370866597970074 -0.1430173375828236 0
0.8755095990015743 -0.120472143365785 0
0.2982186486692939 -0.1202828610778221 0
0.5040741133422921 -0.9029931292166579 0
0.4646951462876091 -0.8812976625989157 0
-0.324197610483704 -0.08913463137380086 0
-0.4021692352619657 -0.09685334334674668 0
-0.4450215927654666 -0.121825050210854 0
0.2583849823406024 -0.09704045957379129 0
-0.8944656597690337 -0.2853051880940557 0
-0.8552666398216333 -0.3094556265934529 0
-0.8969252309503594 -0.3400678714902773 0
0.5042764283656336 -0.09705458759209162 0
0.5454151098722472 -0.1208213671370676 0
-0.6494649310587357 -0.09554419400910531 0
-0.6916300649443784 -0.1205473922492432 0
-0.6067988175633489 -0.07418052700154688 0
-0.8988929589629271 -0.4227405247882886 0
-0.8995652016489923 -0.4811883937315535 0
-0.9045101290176569 -0.7079886204904454 0
-0.8941261475960636 -0.7667216745528465 0
-0.8912998661852921 -0.657593747789876 0
-0.8970080273336143 -0.5714285714359693 0
-0.8992737166288185 -0.149327429123789 0
-0.02957611161299321 -0.07145003248122962 0
-0.4816105614040575 -0.9110446720878494 0
-0.4433756729701328 -0.8809523809577949 0
-0.8929849501918882 -0.09708821210987825 0
-0.2373843165676183 -0.0884827121287078 0
-0.2373975292055131 -0.9115401728375654 0
0.01025668139088065 -0.09523809524278773 0
0.0102900977946974 -0.1428791241902397 0
0.05149598633306957 -0.1190476190522321 0
-0.5695220365619839 -0.91170763283532 0
-0.8132088601360055 -0.09863368659096469 0
-0.772978605872586 -0.1196135509459567 0
-0.7746088345506419 -0.0748789854586745 0
0.6684052243478076 -0.9013443041663117 0
0.710626251105495 -0.8792836788740678 0
0.7112084296908645 -0.8330552163220101 0
0.7520759085178645 -0.8562079776689944 0
0.7524633874250739 -0.8093216434441939 0
0.7933528810036117 -0.8325334161153797 0
0.7937115790897087 -0.7855472718325253 0
0.8349523651521792 -0.809362654341281 0
0.8350123950198853 -0.7618500670618427 0
0.8364146377541456 -0.8563722687825701 0
0.8762619517931137 -0.7856783107105261 0
0.8762736654096346 -0.7380801264552883 0
0.7554813918331499 -0.9076727723057685 0
0.8350363127370006 -0.7142740798731677 0
0.876279603965045 -0.6904717328019278 0
0.9175166312593445 -0.7618962474645665 0
0.6307199610519196 -0.9253053894388179 0
0.3417002301075847 -0.9043066807906724 0
0.3814104258716901 -0.880952380956061 0
-0.07222192849167827 -0.9047619047661793 0
-0.03097735829244118 -0.8809689917291597 0
-0.03097648074967409 -0.8333527125723387 0
-0.940247170948554 -0.7469188360232024 0
-0.9360667659251155 -0.4522143551333604 0
-0.9180830963255423 -0.5294710387074508 0
-0.9170932350248858 -0.3824936520467483 0
-0.9354015744588751 -0.112815221739476 0
-0.9239005542640322 -0.1942898098462102 0
-0.9454828719431482 -0.2325965358896238 0
-0.02970789866719625 -0.9285179946362367 0
-0.1145430812719595 -0.9285511522967733 0
-0.9364237531119124 -0.7896241092756622 0
-0.9106294724551006 -0.825839427815781 0
-0.9251701085802152 -0.8688795848297525 0
-0.8818914372079989 -0.8611879613348579 0
-0.8656675810707974 -0.8047314295471344 0
-0.8987203140924102 -0.9076343285108887 0
-0.8508622427570858 -0.8982835681323975 0
-0.8297426438764739 -0.9538549382690286 0
-0.7991342314103438 -0.9126532294486507 0
-0.7526256563002025 -0.9239121050896878 0
-0.7660461974003285 -0.8793868463106191 0
-0.7203844577949781 -0.8924227619786618 0
-0.7052706864997595 -0.9300749927982106 0
-0.8094898853515518 -0.8617236706795282 0
-0.6749380699110186 -0.9001857325332261 0
-0.1598761672523986 -0.9543660675996422 0
-0.9513569178576461 -0.3526419122615325 0
-0.9592526098873256 -0.5477252009939009 0
0.3030761105226047 -0.9277398765380793 0
0.9175257845650467 -0.1904838018886081 0
0.917522450191124 -0.2380970742022943 0
0.8350412887823012 -0.6666639846535691 0
0.8762814230650197 -0.6428559529103521 0
0.8350424213065055 -0.6190469737224933 0
0.7938034154699827 -0.5952379876858418 0
0.8762819150021408 -0.5952377893606979 0
0.01025858273534209 -0.857148855481686 0
0.7938021488001598 -0.6904738044065746 0
0.95876069505782 -0.3571428571444835 0
0.9175213901156236 -0.3333333333352606 0
0.6700855604639981 -0.3333333333367118 0
0.5876069505800232 -0.333333333336965 0
0.5463676456380885 -0.3571428571465353 0
0.7112990060455875 -0.7856571091574349 0
0.9175213901158061 -0.4285714285733925 0
0.7525641703476715 -0.2380952380985535 0
0.8762825895200127 -0.2619056354610788 0
0.01025802208289615 -0.8095280391230892 0
-0.9612937511615491 -0.6440393319556913 0
-0.9175213901156736 -0.6190476190466155 0
0.7937817960576463 -0.7380559498947404 0
0.07142857142590248 -0.9587606950578339 0
0.117792461454874 -0.9591125491624377 0
-0.1959398433184132 -0.5952380952434048 0
0.2111762037852219 -0.9619171164107487 0
0.9589134994920272 -0.119081248963622 0
0.9134911061650883 -0.08804698013066072 0
-0.8523803475461325 -0.3582539163523438 0
-0.8138810078808163 -0.3335071460514941 0
0.5463676456379298 -0.3095238095275569 0
0.5051283406959054 -0.3333333333370549 0
0.5051283406960807 -0.3809523809560416 0
0.6288462555219373 -0.3095238095272925 0
0.9589379101323182 -0.8806454354394232 0
0.9177281410361512 -0.9044038016634902 0
0.922438555363271 -0.9561352442970834 0
0.880199595507533 -0.9280523579318125 0
0.9175853844492181 -0.8570320157075326 0
-0.8862562908505033 -0.04612097190752414 0
-0.03092178541300872 -0.1667301609069894 0
0.01027239048135367 -0.1904904364083083 0
0.7857142857136912 -0.9587606950577707 0
0.8051040944899701 -0.9196410864072981 0
0.7358453107707086 -0.9585724352458979 0
-0.154700538376388 -0.5714285714337946 0
-0.1134612334342344 -0.5952380952431815 0
-0.4433662064931967 -0.8333097274430449 0
0.05151405255275985 -0.8333046822793453 0
0.5462282554265916 -0.1669958338143147 0
0.5051283406968432 -0.5714285714318417 0
0.5463676456390003 -0.5952380952411627 0
0.501623944660729 -0.9531334507082034 0
0.9587606950581391 -0.5476190476207485 0
0.5874249629167916 -0.1432076287325814 0
0.5833013405070253 -0.101128928515323 0
0.6283341216138564 -0.1190577429076237 0
0.09273529127552835 -0.3333333333379883 0
0.1339745962176911 -0.3571428571474 0
0.752524134062461 -0.7618271544523172 0
0.6700618446191481 -0.8094679272639829 0
-0.500349742872314 -0.04028895658576021 0
-0.5295028415861062 -0.0796890514273605 0
-0.4761904761890285 -0.08247860988444401 0
-0.4971202166910308 -0.1218883096445692 0
-0.4682979865048578 -0.1624825137670506 0
0.7113248654063465 -0.4523809523838467 0
0.01025668139249494 -0.9047619047659704 0
-0.2784184532019455 -0.8809523809573083 0
-0.3196577581439 -0.9047619047669035 0
-0.360897063085995 -0.8809523809575579 0
-0.3593914860955896 -0.9276120347017246 0
-0.4011463772057572 -0.9033219140252327 0
-0.4030316563269867 -0.9537303630833183 0
-0.5258542828544732 -0.7857142857201556 0
0.40332898951152 -0.959204948628656 0
0.4257958076640596 -0.9135228456810855 0
0.4226497308119506 -0.3333333333372913 0
-0.07134371193622151 -0.04597848367063614 0
-0.8529040230913996 -0.5008329862629621 0
-0.6091970801548812 -0.8800953223863246 0
-0.4434452686380359 -0.3095823130890823 0
-0.4846496633459119 -0.333380789186931 0
-0.4846215170878916 -0.3809593224883284 0
-0.5258611536233848 -0.3571519233789403 0
-0.5258835367746536 -0.3095719029088403 0
-0.5670996085788675 -0.3333428599414436 0
-0.5670941470935954 -0.3809531876035894 0
-0.6083338962034622 -0.3095253972976181 0
-0.4019697918115826 -0.8568989243752494 0
-0.4029697280564675 -0.04821392618730148 0
0.1339745962175725 -0.3095238095283793 0
0.1752139011597166 -0.3333333333377855 0
0.2164532061017201 -0.3095238095281487 0
0.2164532061018685 -0.3571428571471639 0
0.1752139011598665 -0.3809523809567928 0
0.2164532061019865 -0.4047619047661839 0
0.3814104258707456 -0.5952380952417672 0
-0.3608970630869049 -0.5476190476248386 0
-0.402136368028911 -0.5714285714344502 0
-0.3608970630867665 -0.5952380952438248 0
-0.3196577581446243 -0.6190476190532004 0
-0.3608970630866624 -0.6428571428627899 0
-0.4433756729710487 -0.5476190476250822 0
-0.4433756729709236 -0.5952380952440572 0
-0.1697003114265215 -0.04275996183198162 0
0.2576925110439826 -0.3809523809566383 0
-0.4846149779130494 -0.5714285714346952 0
-0.6915582364189246 -0.8307306946494105 0
0.505127334356603 -0.1904992026765535 0
-0.6083341566632753 -0.3571448439851766 0
-0.5258542828546131 -0.7380952381011932 0
-0.6908115026234014 -0.5476190476258314 0
-0.2784184532026148 -0.5952380952435962 0
-0.2784184532024699 -0.6428571428625877 0
-0.2371791482604447 -0.6190476190529954 0
-0.2784184532023964 -0.6904761904815468 0
-0.1959398433185612 -0.5476190476243854 0
0.596943102258739 -0.03702762905378353 0
0.6288462555229994 -0.6428571428596741 0
-0.3196807719434444 -0.2856710138799874 0
0.6906400973181288 -0.0401329519432608 0
0.6690656011897805 -0.08805076315380346 0
-0.1959398433179619 -0.7380952381004053 0
0.298931815985558 -0.2142857142899681 0
0.1339745962172227 -0.1666666666713328 0
0.1339745962171242 -0.1190476190523448 0
0.1792110057200051 -0.1006766730827967 0
0.2180572600997567 -0.1216789818288325 0
-0.2611671366411767 -0.04143206194320179 0
-0.3064567080041778 -0.04185339779897141 0
0.4226497308127253 -0.5714285714321293 0
-0.03098262354977078 -0.7380952380998932 0
0.7559196984258637 -0.08887633788278185 0
-0.4433740952242163 -0.7857103514039352 0
0.6698302115999508 -0.1416609414888524 0
0.7938034653206083 -0.5476190296957035 0
0.4226497308122351 -0.4285714285752384 0
-0.7732901125079629 -0.40476190476921 0
0.05149598633397279 -0.5476190476237023 0
0.0927352912761201 -0.5714285714330887 0
0.298931815986992 -0.7380952380990791 0
0.5051283406971782 -0.6666666666697701 0
0.4255791806491976 -0.08751844474305331 0
0.3817396556757396 -0.07457315250004017 0
0.2164532061015781 -0.2619047619091178 0
0.2576925110437121 -0.2857142857186238 0
0.1339745962185264 -0.6904761904805086 0
0.1339745962183952 -0.6428571428614925 0
0.5051283406962845 -0.4285714285750074 0
0.50227456532848 -0.04793663889396307 0
0.2576925110444289 -0.5714285714326364 0
-0.5670935877965789 -0.761904761910801 0
-0.0722219284922207 -0.5714285714335532 0
-0.6083328927391365 -0.5952380952445544 0
0.2164532061024162 -0.5952380952422498 0
-0.6495721976809575 -0.6666666666731151 0
0.1339745962181367 -0.5476190476234655 0
-0.5003520621681299 -0.9586238665193088 0
-0.5946326179016095 -0.95942524678025 0
0.05149598633422529 -0.6428571428617273 0
-0.2784184532030268 -0.4523809523865865 0
0.5875533876006709 -0.1905894659825394 0
-0.7731820442467598 -0.3095527783163216 0
-0.3608693003833979 -0.8332926778764472 0
0.2164532061020727 -0.452380952385231 0
-0.03098262355072613 -0.3571428571478293 0
-0.1134612334343759 -0.5476190476241599 0
0.2600895779982548 -0.04797423893960286 0
0.1652115005309197 -0.03692596102316534 0
-0.2619047619068124 -0.9587606950579989 0
0.3814104258696343 -0.2142857142900326 0
-0.6910269929963816 -0.7850801633469731 0
-0.4846036707314401 -0.8094956135983967 0
0.09273529127576002 -0.4285714285760326 0
-0.5670935877974723 -0.4761904761970132 0
0.09273529127624783 -0.6190476190520999 0
0.0927558281923094 -0.8094886786384842 0
0.2164532061029931 -0.7857142857183441 0
0.01025929957283583 -0.2380976124213006 0
-0.8142413027402011 -0.2857367188147953 0
0.133974596217796 -0.4047619047664096 0
-0.484614977912929 -0.6190476190536652 0
-0.1134612334340966 -0.6428571428621904 0
0.1752139011604064 -0.6190476190518651 0
0.3814104258705751 -0.5476190476227697 0
-0.030982623550462 -0.4523809523858837 0
-0.1959398433196156 -0.2142857142910867 0
0.4226497308131826 -0.7142857142891166 0
-0.7320508075655314 -0.5238095238164749 0
0.6288462555227048 -0.5476190476218722 0
-0.8133864921874611 -0.3811665262785948 0
0.2989318159868627 -0.6904761904800435 0
0.9587606950584933 -0.6428571428582709 0
0.5876069505803212 -0.4285714285747667 0
0.09315242526939679 -0.1407305619687339 0
0.6700855604649113 -0.619047619050078 0
-0.1547005383768161 -0.4285714285767076 0
-0.07222192849208603 -0.6190476190525704 0
-0.4433756729707969 -0.6428571428630239 0
-0.7732537879561865 -0.6904118116514631 0
0.7369946378679153 -0.04135343683829694 0
-0.07218993646977577 -0.1905246222061583 0
-0.6495721976817439 -0.4285714285783011 0
-0.4021363680295997 -0.190476190482473 0
0.1794532373339934 -0.8989037694646216 0
-0.1510119605228736 -0.0893889271661812 0
0.8347309967372272 -0.0973511826370595 0
0.3814104258714602 -0.8333333333368924 0
0.2989318159861921 -0.4523809523850496 0
-0.5675860796673743 -0.1906512011090325 0
-0.0309826235505914 -0.404761904766858 0
-0.6083328927389845 -0.6428571428635159 0
-0.3196577581451603 -0.4285714285772503 0
0.1339745962182635 -0.5952380952424778 0
-0.4021363680287897 -0.6190476190534229 0
0.5051052874716102 -0.8094838801683721 0
-0.690811502624464 -0.2142857142929087 0
0.1752139011605442 -0.6666666666708843 0
0.835042778570886 -0.5238095208242278 0
0.8340840864961971 -0.04883281357765321 0
0.628842302882362 -0.7857049720063316 0
-0.7731467809855559 -0.1667609886559492 0
-0.6495725755798223 -0.3333339291073936 0
-0.1547005383769439 -0.3809523809576799 0
0.5880313908490187 -0.9037143652230804 0
0.2164532061026944 -0.6904761904802748 0
0.07037477523972417 -0.0408373065553322 0
0.09333613607206701 -0.08784791006814087 0
0.7113220065443434 -0.7380893905332326 0
-0.0722219284927603 -0.3809523809574578 0
0.546367645638223 -0.4047619047654266 0
-0.3608970630865498 -0.6904761904817507 0
-0.7732078265346851 -0.5952380952450407 0
0.7525641703482356 -0.4285714285743347 0
-0.319657758144523 -0.6666666666721677 0
-0.649572197681106 -0.6190476190541521 0
-0.69094792967789 -0.1669166288729181 0
0.7938069611030554 -0.2142917518948692 0
0.6700855604647721 -0.5714285714311818 0
0.8350472587388158 -0.2381029951002163 0
-0.7320370932365942 -0.5714285714354348 0
0.4638890357546942 -0.5476190476225025 0
0.2576925110448414 -0.7142857142896674 0
0.4638890357541756 -0.4047619047656519 0
0.4638890357540143 -0.3571428571466594 0
-0.6908092169017792 -0.5952380952447904 0
-0.52221572163191 -0.1641484482155555 0
-0.1134612334349253 -0.3571428571480605 0
0.4638890357538907 -0.3095238095276813 0
0.05149904087851927 -0.2142884843319086 0
0.7113248654057226 -0.2619047619080999 0
-0.7731880581139465 -0.6428464130587548 0
-0.1134612334350473 -0.3095238095290048 0
0.2576925110440855 -0.4285714285756322 0
0.2576925110449765 -0.7619047619087108 0
-0.2784184532023095 -0.7380952381004919 0
0.5463676456387413 -0.5476190476221743 0
-0.154700538377223 -0.2857142857195937 0
0.6288462555228825 -0.5952380952407532 0
0.2598614219123058 -0.9032689741104446 0
-0.1959398433193609 -0.2619047619102569 0
-0.7321341661023439 -0.1432588077421621 0
0.5876069505808416 -0.5714285714314677 0
0.752564170348033 -0.3809523809554474 0
0.340171120927548 -0.1904761904805611 0
0.2989318159856913 -0.261904761909066 0
0.2576925110451186 -0.8095238095277637 0
0.3400522597080849 -0.1430630165325686 0
0.3371160066554062 -0.0880851483279642 0
0.257692511043801 -0.333333333337604 0
-0.2371791482602433 -0.7142857142909186 0
0.05157420533870842 -0.1663187360720566 0
0.2576925110452335 -0.8571428571468054 0
-0.8144596150719504 -0.6666069756209233 0
0.2989318159859462 -0.3571428571470709 0
-0.6083331966096287 -0.4047623703486916 0
-0.567093731658542 -0.4285716406154695 0
-0.1959398433181608 -0.7857142857192565 0
0.7938048026764304 -0.2619070610092546 0
-0.8516876954636905 -0.6412481458971638 0
-0.1546784084478742 -0.8095075340536103 0
0.7113248654059833 -0.357142857146058 0
-0.5258548951480869 -0.4047626434555077 0
-0.7341151612567998 -0.09655346278908013 0
0.7113248654058479 -0.3095238095270962 0
-0.4846161698245477 -0.4285727086138928 0
-0.1134508299286001 -0.7857219967849476 0
-0.4433771584147257 -0.4047615287577551 0
-0.4021374802889303 -0.4285702264461211 0
-0.07221440902310777 -0.8095399061955924 0
0.01025690484076275 -0.7619054668417562 0
0.9175213617543504 -0.5714285204503528 0
0.5876069505810096 -0.6190476190503542 0
-0.3608996163357916 -0.404758395378726 0
-0.03098169871938947 -0.7857167401909781 0
0.8762820851738683 -0.4047619047643103 0
0.5463676456390874 -0.6428571428600279 0
0.5463676456391793 -0.690476190478969 0
-0.2371644041908099 -0.1905014649418622 0
0.5051283406972236 -0.7142857142886145 0
-0.3196608264352206 -0.3809478731909269 0
0.4638890357552259 -0.7380952380982782 0
0.8350426801407507 -0.5714283914849756 0
-0.278420104147308 -0.3571403525558755 0
0.9175213901157662 -0.380952380954412 0
0.4638851935510628 -0.7857076308243138 0
-0.2784237035560949 -0.3095144268259241 0
-0.2784049090924441 -0.1666882966493503 0
0.9175187801448131 -0.7142810336603708 0
-0.2784251448684004 -0.261891841455584 0
0.4639958517133587 -0.8333431868768005 0
-0.2371784768671789 -0.2380958724417255 0
0.4233262313702794 -0.8586622031628255 0
0.8762821692313985 -0.3095239551186389 0
-0.2784184532039253 -0.1190476190534767 0
0.9175212466758946 -0.6190473612477958 0
0.9175204073279845 -0.6666649023259831 0
0.9587616041452947 -0.2142872888732383 0
0.9167511950247971 -0.1419099618213407 0
0.9587598178171415 -0.7380936672544574 0
0.9175216648622968 -0.2857147615915527 0
0.9587608313497411 -0.2619049979711697 0
0.9587597557087211 -0.7857126048341369 0
0.9175277505740345 -0.809497640897194 0
0.8765040291497121 -0.833149211898524 0
0.8790602072660991 -0.8806285934573643 0
-0.7368648038785437 -0.04524816291774238 0
-0.6446642179116203 -0.04231492769313294 0
-0.772632992292696 -0.832372505465497 0
0.5930996517970554 -0.9577322029959092 0
-0.5712436103793317 -0.09922713946980119 0
-0.9284351247085003 -0.9514021072599478 0
0.9289882345688696 -0.03963765680959852 0
-0.9618930790770952 -0.07263343537965691 0
0.7962395071026636 -0.8788911002028652 0
0.355933907379675 -0.03967125832915441 0
-0.6200046633559184 -0.9239794613920751 0
0.4066496809400406 -0.03961091526713922 0
-0.7329183833896061 -0.9626984621876359 0
0.7137402571991502 -0.07616890543762947 0
-0.5240994852009213 -0.9236223187113353 0
-0.8477961931917 -0.07653981501597851 0
-0.9603477508204286 -0.2730653906278923 0
0.3809523809506591 -0.9234980744251763 0
0.04845088265672871 -0.07701753690179379 0
0.04852227266574458 -0.9229276765896848 0
-0.1926102585865408 -0.07719558136023212 0
-0.1922485859826313 -0.9217994448463867 0
-0.7288998730453142 -0.8520984643135476 0
-0.2818759106122542 -0.07720389294404027 0
-0.2823514009202874 -0.922134981826281 0
-0.8469539547133397 -0.8413501900326897 0
0.146734592546727 -0.07502250781339934 0
0.1469663650356244 -0.9244382422020574 0
0.7036242111148385 -0.9247279131159193 0
0.6155450083323585 -0.07520858386845466 0
0.6428571428561509 -0.9668798335084814 0
-0.4896761673889268 -0.1979486330095585 0
-0.5952380952369706 -0.03294634780128739 0
0.4692053602240712 -0.07884112684515773 0
-0.7860433892533899 -0.03372326541039435 0
0.2934293494820933 -0.07901323737171763 0
-0.9661057899733807 -0.8814743030771535 0
0.3095238095218911 -0.967468635966935 0
0.4686397445680101 -0.9218808070495077 0
-0.4368480054391585 -0.9210363470378887 0
0.8003163186155783 -0.07964808232949196 0
-0.02380952380682244 -0.03210620526824661 0
-0.02380952381222518 -0.9678937947373303 0
0.8807123771594954 -0.9678605415596471 0
-0.3579104390206306 -0.9674732532769568 0
-0.1072867059836201 -0.07924143616429269 0
0.8685795924868117 -0.07947677751329325 0
-0.3686746677687881 -0.07951244399773338 0
0.2213879542340296 -0.07997580592192793 0
0.2213879542383299 -0.9200241940829564 0
0.5413881488765516 -0.08005331281856183 0
0.5413881488766104 -0.9199466871844109 0
-0.4366078066977331 -0.07772957365814366 0
-0.6946740730535279 -0.07803163942495432 0
0.8434578973142492 -0.9040921712521911 0
-0.6876883605508899 -0.9650379124100384 0
-0.5378541202446072 -0.1181879659043844 0
-0.1174744288884318 -0.968686879979173 0
-0.4310653268352636 -0.166666666673026 0
0.9651404377347027 -0.03485956226538596 0
-0.9672288434321041 -0.9657627053933728 0
0.9651404377346865 -0.9651404377346682 0
-0.9653828921640827 -0.03461710783585544 0
-0.9245049556791158 -0.2643793909511851 0
-0.6913740524306852 -0.8685609444219287 0
-0.9717614113273904 -0.7834382294649009 0
-0.9737136979932572 -0.7380952380945478 0
-0.8820646812947772 -0.616911235882988 0
-0.9293545146879485 -0.6659130847800254 0
-0.9712300497259162 -0.4523639526615308 0
-0.9299537559134979 -0.3058184058245287 0
-0.9737136979943751 -0.1190476190473919 0
-0.9269355655529596 -0.07650723250866458 0
-0.9664711133352867 -0.2009308780813688 0
-0.9318025573999142 -0.5731710524652415 0
-0.9367567649545507 -0.9074815351531126 0
-0.8482293624065395 -0.7727354794482491 0
0.6636552655531702 -0.9378937405769696 0
-0.6420404778139794 -0.8975264053185528 0
-0.5716903904682648 -0.06364266990538446 0
-0.8085870824412984 -0.06297030337469446 0
-0.8815477962238696 -0.5246471636623814 0
-0.8834774986612309 -0.1912580358433141 0
-0.8813824481227579 -0.3812115620568316 0
0.1884109767478875 -0.06549646026976777 0
0.1876619029128044 -0.9341814936007775 0
0.5747301342629481 -0.06588191468419159 0
-0.6638107626444514 -0.9320348159729668 0
0.4521584140453566 0.04209028478331909 0
-0.4550757592889115 0.9561324050352478 -0
0.2117935118272978 0.03782622553735233 0
-0.2142857142878972 0.9587606950579985 -0
-0.02380952380682244 0.04123930494211612 -0
0.1187212703542524 0.9579258513728109 0
0.3576155344537285 0.9556940856620031 0
-0.3571428571410525 0.04123930494223055 -0
0.9587606950580079 0.5000000000018814 0
-0.9540809855116716 0.4931972789141025 -0
0.5452693905033913 0.9601172702252796 0
-0.5482590597352091 0.03541529303640302 -0
0.6425329524572126 0.04195622345241848 0
-0.6411308137002364 0.9633214749543401 -0
0.958760695058241 0.6904761904769436 0
-0.968104644179038 0.3105577126250259 -0
0.9587606950577359 0.3095238095252119 0
-0.957172020815902 0.6972789115660455 -0
-0.163162378824034 0.04698643260939714 -0
-0.02062320422278892 0.9574549451940604 -0
0.6897842282733976 0.9645922628538104 0
-0.6915947262731551 0.03235702802918752 -0
0.7828708246322954 0.04249322756512806 0
-0.7824964979099558 0.9579297429240687 -0
0.9587606950580773 0.8333333333330828 0
-0.8327779142640154 0.03543994462288616 -0
-0.9597551182398862 0.8307459693808698 -0
0.9587606950576942 0.1666666666678827 0
0.8347113268808956 0.9544202866222905 0
-0.9576272908081698 0.1634922662186886 -0
0.9587606950578427 0.4047619047636785 0
-0.9605947029865249 0.5955285087433265 -0
0.4523809523794308 0.9587606950577693 0
0.072986350092499 0.03694428111070541 0
-0.4537850360004028 0.04260427526695032 -0
0.2115011669744071 0.9620665230160058 0
-0.2619047619027111 0.04123930494223058 -0
-0.3143785021433127 0.9546597555116435 -0
0.3108906065331888 0.04202990650833136 0
-0.1232720239848703 0.9571132105564232 -0
0.5476190476203072 0.04123930494200024 0
-0.547619047620304 0.9587606950579985 -0
-0.9540809855085307 0.4115646258530347 -0
0.9587606950581531 0.5952380952395088 0
0.8850821740339407 0.04268076785529215 0
-0.8792962245137873 0.9542630891089786 -0
0.9598239855039905 0.926729755495209 0
-0.9320479868980961 0.03729870278586306 -0
-0.9653524874182186 0.9280173520878194 -0
0.9596775216638833 0.07163035091842207 0
0.9587606950578167 0.4523809523827574 0
0.9175213901160209 0.4761904761925835 0
0.9175213901161797 0.5238095238113966 0
0.8762820851742277 0.5000000000021182 0
0.8762820851739952 0.452380952383228 0
0.8350427802322304 0.4761904761928453 0
0.835042780232071 0.4285714285740612 0
0.7938034752902343 0.4523809523836089 0
0.7938034752904051 0.5000000000024236 0
0.7525641703483859 0.4761904761931495 0
0.7525641703485585 0.5238095238120132 0
0.7113248654065086 0.5000000000027109 0
0.7113248654066792 0.5476190476215927 0
0.670085560464618 0.5238095238122855 0
0.6700855604644539 0.4761904761933934 0
0.6288462555225448 0.5000000000029738 0
0.6288462555223832 0.4523809523840743 0
0.5876069505804585 0.4761904761936692 0
0.5876069505806096 0.523809523812545 0
0.5463676456385224 0.5000000000032413 0
0.5463676456383653 0.4523809523843314 0
0.5051283406964172 0.4761904761939307 0
0.5051283406965582 0.5238095238128287 0
0.4638890357544512 0.5000000000035285 0
0.4638890357543054 0.4523809523845755 0
0.4226497308123339 0.4761904761941821 0
0.4226497308124837 0.5238095238131562 0
0.3814104258703516 0.5000000000037977 0
0.381410425870504 0.5476190476227851 0
0.3401711209283639 0.5238095238134159 0
0.3401711209282198 0.4761904761944347 0
0.2989318159862308 0.5000000000040488 0
0.2989318159860884 0.4523809523850713 0
0.2576925110441003 0.4761904761946829 0
0.2576925110442427 0.5238095238136616 0
0.2164532061021073 0.5000000000042941 0
0.2164532061019707 0.4523809523853091 0
0.1752139011599759 0.4761904761949179 0
0.1752139011601068 0.5238095238139105 0
0.133974596217959 0.5000000000045237 0
0.133974596218081 0.5476190476235108 0
0.09273529127594093 0.5238095238141375 0
0.09273529127581165 0.4761904761951266 0
0.05149598633379069 0.5000000000047455 0
0.05149598633366592 0.4523809523857297 0
0.01025668139163801 0.4761904761953477 0
0.01025668139167377 0.5238095238144005 0
-0.0309826235504663 0.5000000000050119 -0
-0.03098262355052108 0.452380952385943 -0
-0.07222192849255621 0.4761904761955655 -0
-0.07222192849261042 0.5238095238146725 -0
-0.113461233434664 0.5000000000052227 -0
-0.1134612334347152 0.4523809523861689 -0
-0.1547005383767509 0.4761904761957848 -0
-0.1547005383767058 0.5238095238148297 -0
-0.19593984331879 0.5000000000054078 -0
-0.1959398433189047 0.4523809523863909 -0
-0.2371791482609288 0.4761904761960107 -0
-0.2371791482607997 0.5238095238150191 -0
-0.2784184532029427 0.5000000000056314 -0
-0.2784184532028119 0.5476190476246324 -0
-0.3196577581449525 0.5238095238152471 -0
-0.3196577581450848 0.4761904761962494 -0
-0.3608970630870932 0.5000000000058638 -0
-0.3608970630872329 0.4523809523868699 -0
-0.4021363680292391 0.4761904761964798 -0
-0.4021363680290966 0.523809523815479 -0
-0.4433756729712387 0.5000000000060991 -0
-0.4433756729713666 0.4523809523871248 -0
-0.4846149779133669 0.4761904761967429 -0
-0.4846149779132339 0.5238095238157177 -0
-0.5258542828553702 0.500000000006346 -0
-0.5258542828554877 0.4523809523874021 -0
-0.5258542828552291 0.5476190476253253 -0
-0.567093587797358 0.5238095238159587 -0
-0.5670935877972149 0.5714285714349329 -0
-0.5258542828550952 0.5952380952442984 -0
0.7938034752900734 0.4047619047647824 0
-0.5670935877970709 0.619047619053902 -0
-0.6083328927393391 0.5476190476255702 -0
-0.5258542828549597 0.642857142863265 -0
-0.567093587796929 0.6666666666728657 -0
-0.5258542828548212 0.6904761904822256 -0
0.7525641703487428 0.5714285714308875 0
0.7113248654068363 0.5952380952404733 0
0.7525641703489248 0.6190476190497903 0
0.711324865407001 0.6428571428593929 0
0.752564170349042 0.6666666666686001 0
0.7113248654071843 0.690476190478336 0
0.7525641703492233 0.7142857142869797 0
-0.5670935877967923 0.7142857142918246 -0
-0.6083328927389 0.6904761904824601 -0
-0.4846149779128506 0.6666666666726262 -0
-0.4846149779127128 0.7142857142915862 -0
-0.4433756729707435 0.69047619048199 -0
-0.4433756729706059 0.7380952381009483 -0
-0.4021363680286363 0.7142857142913519 -0
0.6700855604650406 0.666666666669003 0
0.6700855604652203 0.7142857142879899 0
0.6288462555230702 0.6904761904786429 0
0.6288462555232426 0.7380952380976447 0
0.5876069505810757 0.7142857142882925 0
-0.6083328927387623 0.738095238101427 -0
-0.6495721976808798 0.7142857142920573 -0
-0.6495721976807379 0.7619047619110328 -0
-0.6908115026228666 0.7380952381016691 -0
-0.6908115026230073 0.6904761904826786 -0
-0.7320508075650084 0.7142857142922955 -0
-0.7320508075651335 0.6666666666733044 -0
-0.4021363680284971 0.7619047619103079 -0
-0.3608970630865316 0.7380952381007158 -0
-0.7320508075648684 0.7619047619112953 -0
0.3401711209280685 0.4285714285754568 0
0.3401711209285065 0.5714285714324097 0
0.3814104258706611 0.5952380952417848 0
0.3401711209286494 0.6190476190514207 0
0.3814104258708185 0.6428571428608034 0
0.3401711209287912 0.6666666666704484 0
0.3814104258709395 0.6904761904797818 0
0.3401711209289273 0.7142857142894835 0
0.2989318159867372 0.6904761904800877 0
0.29893181598688 0.7380952380991497 0
0.2576925110446703 0.7142857142897376 0
0.3814104258710535 0.7380952380987454 0
-0.2371791482606715 0.5714285714340195 -0
-0.2371791482610582 0.4285714285769943 -0
0.09273529127568461 0.4285714285761144 0
0.05149598633354219 0.4047619047667168 0
0.09273529127555948 0.3809523809571045 0
0.05149598633341924 0.3571428571477098 0
0.09273529127543345 0.3333333333380989 0
0.05149598633329587 0.3095238095287072 0
0.09273529127530779 0.2857142857191022 0
0.1339745962174376 0.3095238095284893 0
0.133974596217313 0.2619047619095026 0
0.1752139011594335 0.2857142857188816 0
0.05149598633317255 0.2619047619097091 0
0.01025668139115717 0.2857142857193146 0
0.09273529127599922 0.5714285714331481 0
-0.4846149779125808 0.7619047619105501 -0
-0.6083328927394864 0.5000000000065954 -0
-0.6495721976814678 0.5238095238162106 -0
-0.6495721976816149 0.4761904761972356 -0
-0.6908115026235931 0.5000000000068479 -0
-0.6908115026237405 0.4523809523878777 -0
-0.7320508075657131 0.4761904761974858 -0
-0.7320508075658613 0.4285714285785217 -0
-0.6908115026238849 0.4047619047689066 -0
-0.7320508075660134 0.3809523809595484 -0
-0.6908115026240307 0.3571428571499282 -0
-0.732050807566171 0.3333333333405586 -0
-0.6908115026241699 0.3095238095309313 -0
-0.7320508075663295 0.2857142857215517 -0
-0.6908115026243086 0.2619047619119136 -0
-0.6495721976821403 0.2857142857213032 -0
-0.6495721976822741 0.2380952381022659 -0
-0.6083328927400884 0.2619047619116684 -0
-0.7320508075664838 0.2380952381025296 -0
-0.195939843319029 0.4047619047673672 -0
-0.2371791482612004 0.3809523809579662 -0
-0.1959398433191576 0.3571428571483362 -0
-0.2371791482613383 0.3333333333389309 -0
-0.1959398433192872 0.3095238095292966 -0
-0.2371791482614682 0.2857142857198878 -0
-0.2784184532035259 0.3095238095295255 -0
-0.2784184532036563 0.2619047619104711 -0
-0.3196577581457201 0.2857142857201161 -0
-0.1959398433193882 0.2619047619102773 -0
0.6700855604653122 0.7619047619066891 0
0.01025668139103475 0.2380952381003118 0
-0.3196577581458512 0.2380952381010499 -0
-0.3608970630879209 0.2619047619107008 -0
0.2576925110448176 0.7619047619088147 0
0.2164532061025992 0.7380952380994028 0
0.1752139011593015 0.2380952380998876 0
0.2164532061014189 0.2619047619092789 0
0.5876069505812451 0.7619047619073119 0
-0.7732901125070177 0.738095238101916 -0
-0.7732901125078293 0.452380952388132 -0
-0.7732901125076819 0.5000000000070919 -0
-0.7732901125081528 0.3571428571501912 -0
-0.7732901125085161 0.2619047619121704 -0
-0.360897063088054 0.2142857142916242 -0
-0.4021363680300938 0.2380952381012778 -0
0.2164532061012737 0.2142857142902712 0
0.2576925110433848 0.2380952380996628 0
0.2164532061027454 0.7857142857184845 0
0.1752139011605219 0.7619047619090709 0
0.1339745962171758 0.2142857142904754 0
-0.6083328927402207 0.21428571429261 -0
-0.6083328927386228 0.7857142857203914 -0
-0.7732901125086675 0.2142857142931428 -0
0.2989318159870364 0.7857142857182281 0
-0.7733813276673925 0.7855562964285088 -0
-0.278418453203762 0.2142857142914402 -0
-0.3608970630863891 0.7857142857196688 -0
-0.3196577581444242 0.7619047619100759 -0
-0.1547005383771136 0.3333333333387082 -0
-0.4021363680298984 0.2857142857203853 -0
0.4226497308129198 0.6666666666699939 0
0.793803475291063 0.6428571428587766 0
-0.7325970160106112 0.8083217139782858 -0
-0.8132217336172123 0.7595871239770726 -0
-0.8143114701438675 0.7138994413034544 -0
-0.8145294174507 0.2380952381027955 -0
0.2576925110435263 0.2857142857186464 0
0.2989318159855011 0.2619047619090512 0
0.2989318159853603 0.2142857142900768 0
0.3401711209274714 0.2380952380994594 0
0.3401711209273335 0.1904761904804865 0
0.3814104258694391 0.2142857142898743 0
0.3814104258695708 0.2619047619088229 0
0.422649730811535 0.2380952380992397 0
0.4226497308116671 0.2857142857181818 0
0.4638890357536252 0.2619047619085931 0
0.4638890357534964 0.2142857142896635 0
0.5051283406955768 0.2380952380990127 0
0.505128340695761 0.2857142857180397 0
0.5463676456376866 0.261904761908424 0
0.5463676456375246 0.2142857142894482 0
0.5876069505795947 0.2380952380987968 0
0.5876069505797421 0.2857142857177258 0
0.6288462555216561 0.2619047619081293 0
0.6288462555215177 0.2142857142892179 0
0.6700855604635754 0.2380952380985505 0
0.6700855604634408 0.1904761904796441 0
0.7113248654055129 0.214285714288986 0
0.6700855604637149 0.2857142857174517 0
-0.3608970630866307 0.6904761904817733 -0
0.1752139011601708 0.5714285714328718 0
-0.6083328927399612 0.3095238095307089 -0
-0.5670935877979251 0.285714285721111 -0
-0.8195939752096735 0.8082102965117375 -0
0.1752139011606685 0.8095238095281527 0
0.1339745962184526 0.7857142857187301 0
0.1339745962183105 0.7380952380996569 0
0.09273529127624371 0.76190476190932 0
0.09273529127637933 0.8095238095283781 0
0.05149598633418988 0.7857142857189674 0
0.05149598633405296 0.7380952380999181 0
0.01025668139201106 0.7619047619095562 0
0.01025668139187846 0.7142857142905172 0
-0.03098262355015936 0.7380952381001471 -0
-0.03098262355002949 0.7857142857191751 -0
-0.07222192849219136 0.7619047619097709 -0
-0.07222192849232001 0.7142857142907514 -0
-0.1134612334343291 0.7380952381003434 -0
-0.1134612334341976 0.7857142857192569 -0
-0.1134612334344733 0.6904761904813532 -0
-0.154700538376443 0.7142857142908812 -0
-0.4021363680302586 0.1904761904821934 -0
-0.4021363680283583 0.8095238095292625 -0
-0.3196577581442811 0.8095238095290297 -0
-0.7320508075666323 0.1904761904834834 -0
-0.8145294174508526 0.1904761904837619 -0
0.8350427802318974 0.3809523809552063 0
0.7938034752898904 0.3571428571458963 0
-0.03098262355098394 0.2619047619099192 -0
-0.03098262355110509 0.2142857142909132 -0
0.01025668139091404 0.1904761904813062 0
-0.07222192849245385 0.6666666666717338 -0
-0.03098262355086304 0.3095238095289241 -0
0.5876069505809164 0.6666666666692862 0
0.6700855604643063 0.4285714285744938 0
-0.4433756729723051 0.2142857142918514 -0
-0.2784184532023121 0.7857142857194305 -0
-0.2784184532024213 0.7380952381004905 -0
0.5463676456390606 0.7380952380979472 0
0.54636764563922 0.7857142857169876 0
0.5876069505814323 0.8095238095263588 0
0.8350427802317083 0.3333333333362977 0
-0.814529417449793 0.4761904761977354 -0
-0.814529417449653 0.5238095238166951 -0
0.05149598633431973 0.8333333333380291 0
0.7113248654053801 0.1666666666700495 0
0.7525641703474724 0.1904761904794116 0
0.381410425869313 0.1666666666709052 0
-0.2784184532021753 0.833333333338389 -0
0.6288462555213796 0.1666666666703079 0
0.2989318159851986 0.1666666666710508 0
-0.03064739584256318 0.1672472980954124 -0
-0.07216605720847372 0.1905729623854331 -0
-0.07199317788056628 0.1462004380144357 -0
-0.1137176828918543 0.1677663579341541 -0
0.2164532061028989 0.8333333333375826 0
0.5465762126364652 0.8329720847003437 0
0.5051631018633465 0.8094636014207137 0
-0.3606317674984181 0.167126172113049 -0
0.5878502787448723 0.8567214004037736 0
-0.443375672972475 0.1666666666727585 -0
0.6288462555222332 0.4047619047651636 0
0.3814104258697043 0.3095238095277721 0
0.4226497308118394 0.3333333333371875 0
0.2989318159859258 0.404761904766031 0
0.05149598633391322 0.6904761904808795 0
0.1752139011595644 0.333333333337861 0
0.7938034752896848 0.3095238095269682 0
0.8350427802316182 0.2857142857173484 0
0.8762820851744204 0.5476190476209128 0
-0.2784184532026806 0.5952380952436286 -0
-0.1134612334345839 0.6428571428623335 -0
-0.4433756729708606 0.6428571428630336 -0
-0.3196577581455833 0.3333333333391724 -0
-0.7732901125075435 0.5476190476260474 -0
-0.8145294174495203 0.5714285714356669 -0
-0.6495721976813164 0.5714285714351823 -0
-0.2371791482605653 0.6190476190530143 -0
0.2164532061024639 0.6904761904803245 0
-0.2371791482602014 0.8095238095287896 -0
-0.567093587797773 0.3333333333401281 -0
-0.5258542828557494 0.3095238095305284 -0
-0.4846149779145486 0.190476190482436 -0
-0.4846149779146595 0.1428571428633201 -0
0.0106477803842331 0.1435345461897284 0
-0.8541915641764541 0.7353532798958279 -0
-0.8554695381379791 0.6899548186172428 -0
-0.852947955233157 0.2142857142934063 -0
-0.8524778273733725 0.1666666666743672 -0
-0.8552985945327662 0.2619047619124286 -0
-0.8529479552320407 0.5476190476262928 -0
0.1752139011608093 0.8571428571472489 0
-0.8139809349477219 0.1428571428647116 -0
0.5041122075773586 0.8538414582249031 0
0.4634789690740994 0.8324252411839693 0
-0.3196577581441439 0.8571428571479843 -0
0.7525641703473429 0.1428571428604588 0
0.7938034752894609 0.1666666666698281 0
-0.2371791482600647 0.8571428571477506 -0
0.71132486540524 0.119047619051105 0
-0.8955755883756251 0.2332842499972407 -0
0.6700855604641465 0.3809523809556075 0
0.05156116949849754 0.1667795672262702 0
0.4226497308121915 0.4285714285752187 0
0.4638890357541646 0.4047619047656247 0
0.1339745962176967 0.4047619047665006 0
-0.6495721976805915 0.8095238095299988 -0
-0.6083328927384816 0.833333333339352 -0
-0.6514988117287726 0.8604318862845325 -0
-0.5670935877965163 0.8095238095297496 -0
-0.5670935877963756 0.8571428571487014 -0
-0.5258542828544185 0.8333333333391051 -0
0.0102566813917447 0.6666666666714846 0
-0.07222192849258144 0.6190476190527116 -0
-0.608332892739854 0.3571428571497162 -0
0.2989318159856343 0.3095238095280116 0
-0.0722219284930071 0.2857142857195293 -0
-0.07222192849288764 0.3333333333385411 -0
0.2576925110436593 0.3333333333376131 0
-0.8145294174499386 0.4285714285787826 -0
-0.8557687223918978 0.4523809523883802 -0
-0.8529479552318098 0.4047619047694219 -0
0.01025668139139959 0.3809523809573201 0
-0.2784184532032282 0.4047619047675974 -0
-0.113494663130555 0.214485124818779 -0
0.6288868102173548 0.8332630905451688 0
0.09273529127651736 0.8571428571474482 0
0.0514959863344475 0.8809523809570976 0
0.01025668139224873 0.857142857147671 0
0.2989318159864852 0.5952380952420231 0
-0.6495721976824284 0.1904761904832044 -0
-0.6083328927404106 0.1666666666735338 -0
-0.6495721976825857 0.1428571428641126 -0
-0.6083328927396425 0.4523809523876337 -0
-0.2784184532025582 0.6428571428626089 -0
-0.3196577581446919 0.6190476190532254 -0
-0.1959398433185951 0.5952380952434211 -0
-0.5258542828556109 0.3571428571495159 -0
-0.1547488515693905 0.1906927074466523 -0
-0.1550552185916808 0.1436028576532508 -0
-0.1960070088872898 0.1668270386315333 -0
-0.4846149779135961 0.3333333333399007 -0
-0.237179148260507 0.66666666667199 -0
-0.8528064273756566 0.5952380952452615 -0
-0.8140357016133929 0.6190476190546094 -0
0.7525641703478093 0.3333333333364972 0
-0.195939843318103 0.8333333333381749 -0
0.4638264848358787 0.785552902340879 0
0.4225709612130051 0.8093455636054935 0
0.4221577267384455 0.8562507396248733 0
0.3813152969251979 0.8331549394295406 0
0.8762820851736364 0.3571428571453457 0
0.6288935693333527 0.8808704310327791 0
0.6701002052159133 0.8571174916914526 0
-0.6083328927405699 0.1190476190544376 -0
-0.1954552201611543 0.120159801832592 -0
-0.2371095719966512 0.1430692353192828 -0
-0.8553578485975617 0.1198949757035045 -0
-0.5255134896803944 0.8801025687087993 -0
-0.4845581790500101 0.8570012217735787 -0
-0.1953849125288274 0.8799912126356642 -0
-0.1546080499111568 0.8569826624273383 -0
-0.441776601763349 0.1221086264034126 -0
0.7945564109792144 0.1203517419205438 0
0.8351682695131302 0.1430744966718379 0
0.8350636951118811 0.1905124161145082 0
0.6288462555220603 0.3571428571462072 0
0.5876069505801549 0.3809523809558247 0
0.05149598633377853 0.6428571428618468 0
0.01025668139160938 0.6190476190524565 0
0.09273529127595304 0.6666666666712342 0
0.7525641703476357 0.2857142857174237 0
0.3814104258698821 0.3571428571468047 0
-0.4846149779139114 0.2857142857207988 -0
-0.690811502623139 0.6428571428637015 -0
-0.7320508075652701 0.6190476190543489 -0
0.7113248654062073 0.4047619047649649 0
-0.1134612334346493 0.5952380952433005 -0
0.8763064858671989 0.1667089299107703 0
0.8762840511763926 0.2142891195051048 0
-0.4846149779135025 0.3809523809588755 -0
-0.4433756729715044 0.3571428571492517 -0
-0.1959398433182502 0.7857142857192493 -0
-0.5670935877983589 0.1904761904829041 -0
0.3805692755939394 0.8794865380714263 0
0.340015074391848 0.8568688176810957 0
0.05181209440336627 0.1202677958645787 0
0.09279883981428247 0.1430793224231658 0
0.217275664125584 0.879527841874571 0
0.2578295873821379 0.8569054339665192 0
0.2586637659540751 0.9028884203923291 0
0.8755095990014641 0.1204721433656736 0
0.1793480820584454 0.899085903744443 0
-0.479773121558865 0.08889905141828891 -0
-0.5247065136226211 0.1188409239980765 -0
-0.894465659769031 0.2853051880940086 -0
-0.8552666398216342 0.3094556265934102 -0
-0.8969252309503745 0.3400678714902359 -0
-0.649426930549899 0.09554419400909744 -0
-0.6916237315262237 0.1205473922492274 -0
-0.6065070174670864 0.07421966941112962 -0
0.5909629792003692 0.9048949475549458 0
0.631567240809643 0.925883505016537 0
-0.8988929589629492 0.4227405247882389 -0
-0.8995652016490057 0.4811883937315029 -0
-0.9045101290177117 0.7079886204903908 -0
-0.8941261475961169 0.7667216745527545 -0
-0.8912998661853286 0.657593747789837 -0
-0.8970080273336567 0.5714285714359084 -0
-0.8992737166287983 0.1493274291237466 -0
-0.1506777534919808 0.9110000783911012 -0
-0.1134612334338472 0.8809523809568778 -0
0.00689026840492019 0.09220618480914618 0
0.006670648373593693 0.9123258663102766 0
-0.03098262354981789 0.8809523809573153 -0
0.04972050484960399 0.9241308506113358 0
-0.4816105614041178 0.911044672087845 -0
-0.4433756729702303 0.8809523809577983 -0
-0.8929849501918778 0.09708821210985132 -0
-0.237397529205574 0.9115401728375915 -0
0.4234769238987197 0.9061162340844315 0
0.09412732358030301 0.09887338493452538 0
0.1342171930243911 0.1196905305945754 0
0.1401100607563554 0.07347252283180077 0
0.1796903846617021 0.1000659029435268 0
0.1760004145440657 0.143768929402313 0
0.2164532061009879 0.1190476190522784 0
-0.569522036562022 0.9117076328353122 -0
-0.8132088601359835 0.09863368659093194 -0
-0.7729786058725632 0.1196135509459267 -0
-0.7746088345506214 0.07487898545865058 -0
-0.2379283236924166 0.08839906829326678 -0
-0.278396262108361 0.1211862180826671 -0
0.3368941398951824 0.9105384823630792 0
-0.1582878027302921 0.09735718580041089 -0
-0.9402471709486055 0.7469188360231602 -0
-0.9360667659251292 0.4522143551333304 -0
-0.9180830963255431 0.5294710387074129 -0
-0.9170932350249121 0.3824936520467146 -0
-0.9354015744588675 0.112815221739463 -0
-0.9239005542640228 0.1942898098461718 -0
-0.9454828719431423 0.2325965358895923 -0
-0.9364237531119582 0.7896241092755956 -0
-0.9106294724551075 0.8258394278156588 -0
-0.9251701085801424 0.8688795848296684 -0
-0.8818914372079094 0.8611879613346809 -0
-0.8656675810708188 0.804731429547006 -0
-0.8987203140922201 0.9076343285107394 -0
-0.8508622427569454 0.8982835681322743 -0
-0.8297426438764173 0.9538549382689877 -0
-0.7991342314102236 0.9126532294486056 -0
-0.7526256563001088 0.9239121050897682 -0
-0.7660461974001662 0.8793868463106467 -0
-0.7203844577947992 0.8924227619788003 -0
-0.7052706864996694 0.9300749927983465 -0
-0.8094898853514456 0.8617236706794689 -0
-0.6749380699108782 0.9001857325334754 -0
-0.9513569178576559 0.3526419122615089 -0
-0.9592526098873144 0.5477252009938961 -0
0.9175257845649583 0.1904838018883933 0
0.917522450191014 0.2380970742021627 0
0.05149598633372937 0.5952380952428113 0
0.6700855604640141 0.3333333333366691 0
0.7525641703475525 0.2380952380984173 0
0.5876069505800017 0.3333333333368896 0
0.546367645638082 0.3571428571464895 0
-0.4846149779141831 0.2380952381016774 -0
0.9587606950578194 0.3571428571444879 0
0.9175213901156096 0.3333333333352554 0
0.9175213901158061 0.4285714285733925 0
0.4226497308120289 0.3809523809562257 0
0.4638890357539934 0.3571428571466331 0
0.298931815985771 0.3571428571469976 0
0.2576925110438017 0.3809523809566275 0
0.2165842916652936 0.1668186310946564 0
0.2577143586371133 0.1428824702655595 0
0.258507484825398 0.09683880713685186 0
0.2983581188984288 0.12055386762743 0
0.3400755047460856 0.1431081842907182 0
0.3813944898390157 0.1190894592901574 0
0.4226470748062696 0.1428641162344019 0
0.4267197555725242 0.08722633704403239 0
0.4654301239427941 0.1207769184893255 0
0.3819003183746605 0.07453740000548729 0
0.3371599269318774 0.08813118576383244 0
-0.9612937511615582 0.6440393319556883 -0
-0.9175213901156736 0.6190476190466156 -0
-0.07142857142594937 0.04123930494214753 -0
-0.04741326965089859 0.08162167496000888 -0
-0.09212696196103888 0.07804621999356279 -0
0.02544825619777518 0.04354906940557704 0
-0.1154953897413247 0.04004411655373352 -0
-0.2142857142835531 0.04123930494221817 -0
0.8762825895199305 0.2619056354610091 0
0.9589134994920179 0.1190812489635026 0
0.9134911061650353 0.08804698013059149 0
-0.07222192849262049 0.5714285714337205 -0
-0.8523803475461441 0.3582539163522991 -0
-0.8138810078808227 0.333507146051455 -0
-0.3196577581446051 0.666666666672183 -0
0.9589379101323076 0.8806454354393622 0
0.9175509259617672 0.8570916995569413 0
0.9175263127572421 0.8095152832592305 0
0.8762878282553188 0.8333233860243762 0
0.8762838627948428 0.7857112067850049 0
0.8350440336825968 0.8095216384834402 0
0.8350439463206288 0.8571408374172436 0
0.7938034752901938 0.833333333332149 0
0.7945566053279463 0.8796479214605373 0
0.8350432854111861 0.7619038869094887 0
0.8762824656412354 0.7380945791077324 0
0.8350429278406081 0.7142854586221847 0
0.8762821731873461 0.6904760380347845 0
0.7526896920213564 0.8569254472262881 0
0.7525850906274992 0.8094875745371258 0
0.7564267843256851 0.9113195598543116 0
0.8358661897177251 0.9035799243956364 0
0.9177330636768741 0.9043952753991158 0
0.9224392585976628 0.9561340262593154 0
0.7113517131908036 0.8332868316073828 0
-0.8862562908505015 0.04612097190751548 -0
0.7838925352227006 0.9578896310743118 0
0.7374156725952373 0.9591586858155801 0
0.09275674655920754 0.1905320371670303 0
0.5463676456378961 0.3095238095274906 0
-0.03098262354990267 0.8333333333381916 -0
-0.4433662064932865 0.8333097274430492 -0
0.7938034752908161 0.5952380952401413 0
0.8350427802329718 0.6190476190490095 0
-0.309523809521884 0.04029997506192477 -0
-0.3340313004623978 0.07865795615551453 -0
-0.3818598276101821 0.07799565475225248 -0
0.9175225702377783 0.7619027178747018 0
0.1752139011603899 0.7142857142899884 0
0.1752139011602524 0.6666666666709256 0
0.2164532061023353 0.6428571428612683 0
0.2576925110445315 0.6666666666706789 0
0.2576925110444543 0.6190476190516399 0
-0.4047619047602283 0.04123930494226867 -0
0.4996083904795464 0.9589867909190306 0
0.5211944548704671 0.9220361251449627 0
0.4761904761890334 0.9175213901155647 0
0.4033246462469378 0.9569029829169012 0
0.9587606950580697 0.5476190476207089 0
0.01025668139162936 0.571428571433454 0
0.3401711209279115 0.3809523809564186 0
-0.2784184532020454 0.8809523809573439 -0
-0.3196577581440073 0.9047619047669323 -0
-0.3608970630860991 0.8809523809575772 -0
-0.3593914860956706 0.9276120347017403 -0
-0.4011463772058577 0.9033219140252405 -0
-0.4030316563270346 0.9537303630833198 -0
-0.5670935877976906 0.380952380959114 -0
0.7938034752906256 0.5476190476213003 0
0.6288462555218648 0.3095238095271787 0
0.17536683431736 0.1906534823081759 0
0.3814104258700502 0.4047619047658241 0
-0.4019697918116785 0.8568989243752589 -0
-0.4999999999986189 0.04123930494222636 -0
0.1752139011598348 0.4285714285759022 0
0.2164532061018305 0.404761904766283 0
-0.5258542828545516 0.7857142857201476 -0
-0.3608970630877495 0.3095238095297716 -0
-0.3608970630876071 0.3571428571488339 -0
-0.3196577581454038 0.3809523809582192 -0
-0.8529040230914229 0.5008329862629127 -0
-0.360897063086959 0.547619047624859 -0
-0.402136368028963 0.5714285714344675 -0
-0.360897063086829 0.5952380952438419 -0
-0.4021363680288542 0.6190476190534346 -0
-0.4433756729711014 0.5476190476250876 -0
-0.6091970801549089 0.8800953223863375 -0
0.1652986912107581 0.9628100871322889 0
0.5051283406954488 0.1904761904800867 0
0.5465762126343017 0.1670279153059483 0
-0.3196577581448208 0.571428571434239 -0
-0.484614977913097 0.5714285714346977 -0
0.2577179999029374 0.1905057391185463 0
0.05151042607466947 0.2143138388307901 0
-0.6915582364188515 0.8307306946494287 -0
0.1339745962181877 0.690476190480567 0
0.1339745962180733 0.6428571428615242 0
0.09273529127591412 0.6190476190521736 0
-0.1547005383769809 0.3809523809577479 -0
-0.1547005383772098 0.2857142857197095 -0
0.4638890357538148 0.3095238095276334 0
0.5951840635057337 0.0404652836019675 0
0.5714195661403252 0.07849524968932192 0
0.5234756997016649 0.07787270309384035 0
-0.5258542828546819 0.7380952381011848 -0
0.7560771442074574 0.08780860971952263 0
0.7128355015212691 0.07589307155339658 0
0.6671121298132665 0.08772308807138632 0
-0.6908115026234426 0.5476190476258038 -0
-0.4433740952242991 0.7857103514039393 -0
0.01025668139213954 0.8095238095285981 0
0.8775072987399672 0.9281136439063753 0
0.6288462555228962 0.6428571428596492 0
0.5876069505807699 0.6190476190503134 0
0.5463676456387692 0.6428571428599271 0
0.6288462555227896 0.5952380952407328 0
0.5463676456386746 0.5952380952409788 0
0.5051283406966531 0.6190476190505657 0
0.5051283406967725 0.6666666666695529 0
0.09274127377947435 0.2381092333044349 0
0.1339745962175668 0.3571428571474843 0
0.1752139011597 0.3809523809568671 0
0.2599341475118124 0.9521285441378839 0
0.3108334995054205 0.9572079472282904 0
-0.1134612334350444 0.3095238095291339 -0
-0.1134612334349241 0.3571428571481481 -0
-0.07222192849276403 0.3809523809575499 -0
0.6695899886883201 0.1416046416656406 0
0.6279068398147725 0.1207374546853574 0
0.8350466777698149 0.2381019888324623 0
-0.649572197681898 0.3809523809593007 -0
-0.5670935877966524 0.7619047619107849 -0
0.5051283406962745 0.4285714285749903 0
-0.0722219284920558 0.8095238095286855 -0
-0.7732901125079795 0.4047619047691763 -0
-0.1547005383765271 0.6666666666718872 -0
0.4226497308127755 0.6190476190510313 0
0.5000000000013894 0.04123930494200116 0
0.2576925110439562 0.4285714285756786 0
0.7113248654063511 0.4523809523838423 0
0.3814104258702026 0.452380952384819 0
-0.4021363680293644 0.4285714285775034 -0
-0.6083328927391864 0.5952380952445372 -0
-0.03098262355028748 0.6904761904811199 -0
-0.6495721976810173 0.6666666666730889 -0
-0.5003520621681348 0.9586238665193081 -0
-0.5946326179016126 0.9594252467802554 -0
-0.3608693003834916 0.8332926778764636 -0
0.5876417117456079 0.1905363985857826 0
0.09273529127611019 0.7142857142902624 0
0.5051237090715306 0.7618678299938824 0
0.4638778386642477 0.7380621855498719 0
-0.2784184532030763 0.4523809523866276 -0
-0.7731820442467635 0.3095527783162888 -0
-0.1959398433187047 0.5476190476244178 -0
0.5876069505803023 0.4285714285747493 0
0.2601488419031346 0.04793010981310701 0
-0.2619047619068124 0.9587606950579989 -0
-0.1690298472809624 0.9582797337754785 -0
0.05149598633379389 0.5476190476237827 0
0.2164532061015529 0.3095238095282455 0
-0.6910269929964211 0.7850801633469517 -0
0.3401711209276038 0.2857142857184131 0
0.01025668139151902 0.4285714285763314 0
0.6700855604648941 0.619047619050068 0
-0.5670935877981576 0.2380952381020558 -0
-0.1547005383768598 0.4285714285767702 -0
0.4226497308126204 0.5714285714320875 0
-0.03098262355042049 0.6428571428620963 -0
-0.4846036707315243 0.8094956135983951 -0
-0.484614977912978 0.6190476190536638 -0
0.01025668139127773 0.3333333333383171 0
-0.5670935877975056 0.4761904761970013 -0
-0.7320508075655687 0.523809523816442 -0
0.4226492881439057 0.1904773527091395 0
0.1341857707460804 0.1670016693642893 0
-0.8142413027402005 0.285736718814758 -0
0.1339745962178185 0.4523809523855125 0
0.2164532061022282 0.547619047623259 0
-0.0722219284931221 0.2380952381005228 -0
-0.03098262355049764 0.59523809524311 -0
-0.8133864921874744 0.3811665262785543 -0
0.5889713604287401 0.1457731952703277 0
0.3401711209277511 0.3333333333374029 0
0.958760695058271 0.6428571428582314 0
0.9175213901165182 0.6190476190487884 0
0.2989318159863715 0.5476190476230313 0
-0.2784184532033799 0.3571428571485686 -0
0.5051283406959513 0.3333333333370588 0
-0.7732537879562482 0.690411811651417 -0
0.5463676456389204 0.6904761904789303 0
-0.2371791482615619 0.2380952381008707 -0
-0.2371791482603411 0.7619047619098718 -0
0.5463676456382289 0.4047619047654105 0
-0.4433756729709757 0.5952380952440641 -0
0.0944968678753848 0.9121624042083037 0
0.2164532061016848 0.3571428571472495 0
-0.6495721976817664 0.4285714285782712 -0
0.2989318159866081 0.6428571428610498 0
0.8347309967371113 0.09735118263697025 0
0.1339745962185977 0.8333333333378071 0
0.4638890357545732 0.5476190476224232 0
-0.03098262355074245 0.3571428571479272 -0
-0.3196135422143415 0.1905527747220935 -0
0.3401711209290597 0.7619047619085073 0
0.6697810814176683 0.9011228095413328 0
0.5051257025776003 0.7142740502115578 0
0.8350427802326543 0.5714285714304147 0
0.5044414702136604 0.145622841329761 0
-0.3196577581452307 0.4285714285772459 -0
-0.6083328927390418 0.6428571428634969 -0
0.2577153571010972 0.809484238997755 0
0.7938041248793106 0.2619058870302328 0
-0.4024286474986759 0.1458843452786517 -0
0.7113248654055966 0.2619047619079384 0
-0.4021363680287394 0.6666666666723972 -0
-0.6908115026244548 0.2142857142928879 -0
0.8341670042380002 0.04878494099702228 0
0.6288530146388678 0.7857025785845818 0
-0.03098262355062681 0.404761904766938 -0
-0.6495721976820088 0.3333333333403147 -0
0.7938072551087352 0.7857077388770819 0
-0.1134668050510371 0.2619379969980616 -0
-0.360897063086725 0.6428571428628091 -0
0.4640308889259291 0.167417188922063 0
-0.773146780985539 0.1667609886559177 -0
-0.113461233434816 0.4047619047671569 -0
-0.07189915355299269 0.9514767018849918 -0
0.7113248654073142 0.7380952380965811 0
-0.7732078265347333 0.5952380952449989 -0
0.5051283406961157 0.3809523809560345 0
-0.07222192849266654 0.4285714285765537 -0
-0.6495721976811619 0.6190476190541274 -0
0.175213901160221 0.6190476190518657 0
-0.690946874108187 0.1669166288728992 -0
0.7938077189575818 0.2142930645374767 0
0.7525641703482403 0.4285714285743337 0
-0.3196577581445121 0.7142857142911303 -0
0.8350427802324352 0.5238095238116581 0
0.2576925110443538 0.5714285714326337 0
0.1343946185796463 0.8807427315204979 0
-0.7320370932366382 0.5714285714353998 -0
0.8766648754453803 0.8806074611166147 0
-0.6908092169018279 0.5952380952447605 -0
-0.360897063087375 0.4047619047678864 -0
-0.2784184532025028 0.6904761904815532 -0
-0.7731880581140009 0.6428464130587108 -0
0.6700855604647802 0.5714285714311599 0
-0.6083328927397567 0.4047619047686847 -0
-0.2371791482604554 0.7142857142909526 -0
-0.1547109329610138 0.2381487098364798 -0
0.9175213901163645 0.5714285714302008 0
-0.7321329346043545 0.1432588077421382 -0
-0.1959453042968057 0.2143043853597595 -0
-0.317985749078916 0.1461031746720096 -0
-0.567093587797603 0.4285714285780463 -0
0.6288462555226902 0.5476190476218472 0
-0.237179656641652 0.1905413797292193 -0
-0.5258542828555589 0.4047619047684636 -0
0.752564170348037 0.3809523809554382 0
-0.1959398433185481 0.642857142862432 -0
-0.8144596150720071 0.6666069756208721 -0
0.5876069505806835 0.5714285714314395 0
0.9587617121852571 0.7857125239985756 0
-0.4846149779134523 0.4285714285778121 -0
-0.2784184532038413 0.1666666666724297 -0
0.2164532061022938 0.5952380952422565 0
-0.8516876954637347 0.6412481458971112 -0
-0.1547005383766663 0.5714285714338404 -0
0.5463676456386137 0.5476190476221172 0
0.1339745962180765 0.5952380952425156 0
-0.7341139004374285 0.0965534627890613 -0
-0.1547005383765949 0.6190476190528691 -0
-0.1134612334346527 0.5476190476242643 -0
-0.402136368029645 0.3333333333394345 -0
0.711324865405967 0.3571428571459963 0
-0.1959398433184227 0.7380952381003597 -0
0.711324865405732 0.3095238095269404 0
-0.195939843318492 0.6904761904814283 -0
-0.1547005383762959 0.7619047619098017 -0
-0.1546851236320221 0.8094971104086591 -0
-0.03098262355048195 0.5476190476240614 -0
-0.4433756729714319 0.4047619047682476 -0
-0.4433756729719955 0.2619047619109753 -0
0.5051283406966274 0.5714285714316969 0
-0.4021363680294315 0.3809523809586154 -0
0.8762820851746373 0.5952380952394944 0
-0.4433756729717584 0.3095238095301244 -0
-0.5258542828560513 0.2619047619114279 -0
-0.07222192849195186 0.8571428571476125 -0
-0.07214745238960632 0.9019218622707976 -0
0.4638890357546916 0.5952380952412911 0
0.4638890357548561 0.6428571428602258 0
-0.5256629879841941 0.1666322174971675 -0
-0.1134432495658719 0.8333021843647384 -0
0.9587607903853602 0.7380950729845053 0
0.8762820851738684 0.40476190476431 0
-0.5668704104475075 0.1428169521584805 -0
0.4638867298865593 0.6904687377083466 0
0.4226474803198137 0.7142789634024324 0
0.9175213901157637 0.3809523809544116 0
0.4226313060388878 0.7618595913445069 0
-0.5258224003775822 0.2142799727629448 -0
0.3813987444254801 0.7856898803245154 0
0.340139828437529 0.8094670430076337 0
0.9175216807711466 0.7142852108577099 0
0.2989272465477949 0.8332320333878771 0
-0.5675825003696449 0.0988718783495062 -0
0.2989318159871211 0.8809523809560305 0
0.8762821692313564 0.3095239551186144 0
0.9175214532277147 0.6666665573556934 0
0.8762821103621798 0.6428570992325124 0
0.9587616041452391 0.214287288873073 0
0.916751195024728 0.1419099618211357 0
0.7938034998925387 0.690476147866519 0
0.9175216648622359 0.2857147615915065 0
0.9587608313496547 0.2619049979711046 0
0.7938042181586369 0.7380939514112121 0
0.8350428278011177 0.6666665842772977 0
0.7525684108431372 0.7618974171539087 0
0.6701003615226111 0.8094981733416244 0
0.7113360003427794 0.785694999440552 0
0.7124391984093907 0.8805358712994575 0
-0.7368646237614834 0.04524816291773339 -0
-0.6446470479509145 0.04231696551120966 -0
-0.772632992292607 0.8323725054654784 -0
0.5942303383248169 0.9546818771321981 0
0.1658407529445656 0.03499271317464225 0
0.5472396840372775 0.1199261896045846 0
0.5441679367797679 0.8838960609282789 0
-0.9284351247084486 0.951402107259917 -0
0.9289882345688596 0.03963765680958841 0
-0.9618930790770948 0.07263343537965629 -0
-0.3593311578775303 0.1210438477957364 -0
-0.1129669433754027 0.1164206278490468 -0
0.02499644005961175 0.9596857648932406 0
0.7372467595999781 0.04029595973485284 0
-0.03255659327728076 0.1229600135790959 -0
-0.428571428569859 0.07790894647300418 -0
0.4623309052878709 0.8765926416384786 0
0.3559513038911392 0.0396721328989602 0
0.4761904761919318 0.07747300195726532 0
-0.6200046633559175 0.9239794613921256 -0
0.4068112437947328 0.03960987079141792 0
0.6177812867933121 0.07840391920163403 0
-0.2873340070824362 0.07837403397553427 -0
-0.7329183833895534 0.9626984621876798 -0
0.7047269764125905 0.9258665250075172 0
-0.5325983065694735 0.07417418538236474 -0
-0.5240994852009306 0.923622318711329 -0
-0.8477961931916844 0.07653981501595211 -0
-0.9603477508204272 0.2730653906278676 -0
0.6876637528040277 0.03958915267592251 0
0.07330485736869569 0.9598509362449883 0
-0.1929261762645052 0.07762060669756954 -0
-0.1926102585830623 0.9228044186473477 -0
-0.7288998730451848 0.8520984643135875 -0
-0.2823514009203504 0.922134981826302 -0
-0.8469539547131564 0.8413501900325454 -0
0.1471226200920709 0.92459675531263 0
0.05842195915204451 0.0755497314224924 0
0.1190476190500666 0.03330573428005483 0
0.6428571428561507 0.9668798335084947 0
-0.5952380952369707 0.03294634780127871 -0
-0.7860433814390625 0.03372326541038392 -0
0.2934815147527708 0.07902341771771267 0
0.2930514737707223 0.9207431550155226 0
-0.9661057899733267 0.8814743030771459 -0
-0.4368480054392304 0.9210363470378904 -0
0.3781989978955927 0.9211751559925259 0
0.7998635085215768 0.07932804573417707 0
0.7990420387384161 0.9209093249752581 0
-0.03779635706832242 0.9208263513234883 -0
0.88095238095205 0.9681012866151695 0
-0.3579104390206557 0.9674732532769628 -0
-0.1062915233706595 0.9204928468120382 -0
0.8685961760351102 0.07946720299710995 0
0.2213879542337488 0.0799758059219956 0
0.2213879542383886 0.9200241940830576 0
-0.6946713422111498 0.07803172783507356 -0
-0.6876883605508596 0.9650379124101051 -0
0.9651404377347027 0.03485956226538596 0
-0.9672288434320961 0.9657627053933696 -0
0.9651404377346865 0.9651404377346682 0
-0.9653828921640822 0.03461710783585582 -0
-0.9245049556791087 0.2643793909511395 -0
-0.4073461851778566 0.1071237643040813 -0
-0.6913740524304668 0.8685609444220195 -0
0.5033554908174658 0.1083343308949554 0
0.5588292180554985 0.9250627226900299 0
-0.9717614113274287 0.7834382294648919 -0
-0.9737136979932975 0.7380952380945478 -0
-0.9712300497259261 0.4523639526615226 -0
-0.8820646812948101 0.6169112358829468 -0
-0.9293545146879769 0.6659130847800132 -0
-0.9299537559135005 0.3058184058244908 -0
-0.9737136979943608 0.1190476190473919 -0
-0.926935565552962 0.07650723250866513 -0
0.5929042443219603 0.1085635725409547 0
-0.9664711133352992 0.2009308780813474 -0
0.4999999999986202 0.8918088268488936 0
-0.07142857142580357 0.1079785937702197 -0
-0.9318025573999288 0.573171052465262 -0
-0.9367567649544712 0.9074815351530582 -0
-0.8482293624065871 0.7727354794481538 -0
0.6651824651376983 0.9376531374688393 0
-0.3115491798988357 0.1092825647454028 -0
-0.5725994358379001 0.06246581067542673 -0
-0.6420404778139475 0.897526405318644 -0
0.09926746223340348 0.06145767241042167 0
-0.8085870816438953 0.06297030337466497 -0
-0.8815477962238832 0.5246471636623278 -0
-0.8834774986612148 0.1912580358432704 -0
-0.8813824481227781 0.3812115620567822 -0
-0.1282239286661155 0.07445561526332466 -0
0.1876473702907117 0.9342735226526646 0
-0.6638107626444147 0.9320348159731089 -0
0.1837645328847339 0.06526663408186355 0

CELLS 4170 16680
3 215 740 772
3 1103 998 1151
3 251 703 748
3 704 218 747
3 709 238 750
3 216 691 903
3 219 1103 1151
3 700 1101 1153
3 703 251 746
3 705 226 745
3 218 704 746
3 238 709 749
3 706 755 758
3 226 705 1168
3 735 815 816
3 253 800 1106
3 214 878 979
3 759 254 760
3 691 216 1147
3 1101 230 1153
3 215 772 1137
3 906 231 974
3 760 254 761
3 706 754 755
3 741 849 1086
3 800 253 1146
3 209 711 931
3 228 710 716
3 752 213 840
3 214 979 1145
3 250 719 932
3 584 895 908
3 634 795 796
3 247 1042 1109
3 714 245 902
3 211 715 943
3 755 757 758
3 916 210 1111
3 718 968 1001
3 758 757 1125
3 8 9 761
3 748 697 770
3 815 735 817
3 770 697 1170
3 211 22 769
3 231 906 1140
3 246 842 844
3 968 899 1001
3 895 829 908
3 711 209 1139
3 932 719 1110
3 710 228 1141
3 213 752 1142
3 849 690 1086
3 732 1108 1154
3 1042 247 1135
3 254 759 1105
3 210 916 1133
3 760 767 1125
3 757 760 1125
3 514 767 1102
3 838 837 1020
3 45 46 809
3 1108 816 1154
3 9 232 761
3 254 8 761
3 693 837 838
3 41 42 817
3 1105 759 1175
3 634 796 1127
3 22 23 769
3 849 741 1117
3 713 812 1172
3 714 902 1123
3 943 715 1124
3 246 844 1144
3 1100 1057 1153
3 693 836 837
3 17 18 846
3 735 816 1108
3 923 698 1150
3 689 825 1151
3 245 714 1120
3 715 211 1121
3 705 707 1168
3 754 745 1165
3 1165 745 1166
3 79 1109 1111
3 809 46 1161
3 917 916 1111
3 767 764 1102
3 209 17 846
3 694 941 1148
3 239 1033 1149
3 795 634 1119
3 1042 917 1109
3 243 742 753
3 1112 11 1155
3 895 584 1113
3 760 762 767
3 679 710 851
3 742 243 752
3 211 769 1121
3 838 1020 1131
3 863 692 1147
3 719 250 1114
3 490 838 1131
3 760 761 762
3 42 815 817
3 229 41 817
3 800 258 1106
3 993 980 1146
3 718 1001 1118
3 838 490 1158
3 812 256 1172
3 739 998 1103
3 751 112 1116
3 700 702 1101
3 722 1057 1100
3 239 772 1033
3 237 810 1154
3 679 851 1145
3 230 1100 1153
3 224 770 1170
3 1163 1116 1170
3 754 235 755
3 249 923 1150
3 825 219 1151
3 642 641 753
3 1116 224 1170
3 767 514 1125
3 740 215 1117
3 766 1112 1155
3 114 115 770
3 118 119 771
3 762 764 767
3 112 751 1173
3 980 993 1140
3 742 642 753
3 1109 917 1111
3 719 853 1110
3 812 713 1115
3 941 212 1148
3 798 239 1149
3 931 711 1114
3 585 750 751
3 941 694 1135
3 698 923 1133
3 906 974 1113
3 816 237 1154
3 753 641 769
3 228 716 1118
3 840 213 1119
3 747 218 771
3 251 748 770
3 979 878 1120
3 825 689 1138
3 216 863 1147
3 115 251 770
3 224 114 770
3 218 118 771
3 119 241 771
3 903 691 1123
3 842 246 1124
3 835 220 1179
3 692 863 1152
3 761 232 762
3 257 1105 1175
3 1104 835 1179
3 253 993 1146
3 755 235 756
3 851 214 1145
3 750 238 1173
3 762 232 763
3 810 237 1143
3 755 756 757
3 1129 891 1186
3 762 763 764
3 757 756 759
3 764 763 765
3 757 759 760
3 765 763 766
3 765 766 768
3 799 800 1092
3 63 236 1091
3 800 687 1092
3 236 773 1091
3 992 909 1076
3 737 1082 1090
3 342 344 778
3 782 783 1078
3 236 799 1092
3 496 775 777
3 775 496 781
3 783 626 1078
3 909 778 1076
3 217 57 259
3 344 496 778
3 469 791 821
3 260 259 788
3 217 259 260
3 342 778 909
3 780 635 821
3 263 260 788
3 791 780 821
3 897 649 1039
3 635 780 840
3 807 233 811
3 57 58 259
3 781 348 794
3 548 992 1076
3 548 779 1065
3 48 49 807
3 240 59 782
3 58 240 259
3 496 777 778
3 62 63 1091
3 447 897 1039
3 346 348 781
3 29 227 796
3 736 775 781
3 496 346 781
3 49 233 807
3 736 781 794
3 794 348 832
3 1013 1011 1052
3 784 483 806
3 259 240 788
3 802 801 964
3 785 477 803
3 801 604 964
3 477 474 803
3 56 57 217
3 718 717 1045
3 474 473 803
3 477 785 806
3 786 804 805
3 58 59 240
3 802 454 936
3 896 547 1044
3 883 861 996
3 658 896 1044
3 560 790 1013
3 727 729 832
3 1082 223 1090
3 454 802 964
3 887 653 888
3 609 833 994
3 729 794 832
3 879 869 1027
3 653 887 889
3 483 478 806
3 47 48 255
3 661 823 1015
3 787 832 1002
3 868 434 869
3 813 467 814
3 503 889 1008
3 786 803 804
3 469 379 1064
3 261 548 1065
3 26 27 213
3 217 260 261
3 56 217 826
3 688 588 1041
3 428 426 952
3 297 294 938
3 805 922 1004
3 688 1041 1042
3 787 435 833
3 435 787 1002
3 121 226 792
3 832 348 1002
3 60 225 782
3 782 225 783
3 653 652 888
3 790 673 1013
3 588 897 1038
3 649 919 1039
3 802 936 953
3 786 805 1004
3 31 239 798
3 588 1038 1041
3 478 477 806
3 729 731 794
3 889 887 1008
3 252 55 826
3 467 813 975
3 652 797 888
3 236 64 799
3 712 845 862
3 611 879 1027
3 731 736 794
3 388 896 1051
3 813 678 975
3 117 118 218
3 516 820 862
3 869 434 938
3 820 712 862
3 797 504 888
3 526 883 996
3 650 784 806
3 28 29 796
3 815 237 816
3 59 60 782
3 119 120 241
3 55 56 826
3 968 718 1045
3 936 455 953
3 43 237 815
3 785 650 806
3 823 281 1015
3 791 469 1064
3 106 256 812
3 857 859 860
3 472 919 1043
3 255 48 807
3 799 258 800
3 241 120 792
3 504 797 890
3 529 865 866
3 814 467 952
3 240 782 1078
3 803 473 804
3 388 1051 1054
3 1054 664 1060
3 919 866 1043
3 833 435 994
3 426 430 952
3 868 831 954
3 314 317 890
3 524 875 988
3 434 868 954
3 795 28 796
3 227 30 798
3 1055 622 1058
3 859 861 883
3 29 30 227
3 857 858 859
3 241 792 793
3 734 733 738
3 529 864 865
3 294 293 938
3 827 538 829
3 655 789 1024
3 65 258 799
3 787 727 832
3 729 728 730
3 434 297 938
3 485 484 858
3 538 827 935
3 731 730 733
3 827 822 935
3 818 313 890
3 870 904 958
3 65 66 258
3 729 730 731
3 875 873 988
3 727 728 729
3 43 44 237
3 467 428 952
3 731 733 734
3 609 628 833
3 313 818 940
3 667 855 856
3 858 484 859
3 433 431 864
3 727 726 728
3 667 854 855
3 918 866 919
3 488 485 858
3 808 807 811
3 472 1043 1048
3 820 516 907
3 829 538 908
3 904 285 958
3 126 127 257
3 106 107 256
3 649 918 919
3 370 497 945
3 317 504 890
3 947 299 954
3 242 36 825
3 475 822 882
3 897 447 1038
3 469 821 950
3 529 866 918
3 725 726 727
3 234 105 812
3 865 831 868
3 60 61 225
3 1005 503 1008
3 823 824 1030
3 822 475 935
3 313 314 890
3 743 752 840
3 836 835 837
3 789 655 1052
3 736 734 737
3 848 242 849
3 31 32 239
3 455 500 953
3 63 64 236
3 907 392 946
3 834 835 836
3 847 392 884
3 574 572 585
3 244 834 836
3 830 605 831
3 42 43 815
3 423 605 830
3 859 484 861
3 500 572 574
3 529 433 864
3 217 261 826
3 273 270 839
3 780 743 840
3 40 41 229
3 710 680 716
3 600 1017 1018
3 775 737 776
3 344 346 496
3 310 313 940
3 574 585 695
3 497 881 945
3 716 717 718
3 850 1018 1022
3 270 268 839
3 725 724 726
3 299 434 954
3 1029 658 1044
3 949 921 987
3 35 242 848
3 715 591 841
3 628 724 725
3 124 125 235
3 716 680 717
3 244 97 834
3 1011 789 1052
3 30 31 798
3 667 561 854
3 516 862 937
3 784 1055 1058
3 725 727 787
3 797 818 890
3 88 89 851
3 431 830 864
3 709 713 749
3 121 122 226
3 105 106 812
3 719 596 853
3 900 577 901
3 64 65 799
3 444 441 850
3 89 214 851
3 866 865 867
3 120 121 792
3 104 105 234
3 37 219 825
3 777 776 779
3 94 216 903
3 561 492 854
3 454 403 936
3 679 678 680
3 896 658 1051
3 680 678 813
3 834 220 835
3 392 847 946
3 820 907 946
3 37 38 219
3 468 516 937
3 860 883 1049
3 329 332 880
3 458 521 522
3 860 859 883
3 425 423 830
3 819 926 940
3 551 320 871
3 634 632 635
3 522 549 550
3 216 95 863
3 875 1005 1008
3 856 855 857
3 872 876 877
3 303 300 947
3 871 872 873
3 696 695 697
3 822 645 882
3 301 912 913
3 661 662 823
3 458 433 521
3 332 335 880
3 101 102 230
3 470 385 950
3 551 871 873
3 370 466 497
3 731 734 736
3 525 273 839
3 573 636 709
3 625 561 666
3 560 1013 1052
3 500 519 572
3 598 599 661
3 596 593 853
3 411 413 870
3 818 819 940
3 522 521 549
3 886 887 888
3 432 433 458
3 530 358 892
3 645 539 882
3 854 488 855
3 551 874 886
3 550 549 586
3 516 368 907
3 889 503 1029
3 464 595 925
3 214 90 878
3 872 325 876
3 430 425 431
3 774 673 790
3 663 525 839
3 262 264 992
3 531 492 561
3 550 586 587
3 531 561 625
3 589 525 663
3 301 913 930
3 385 469 950
3 899 577 900
3 98 220 834
3 649 549 918
3 358 356 892
3 635 632 821
3 823 662 824
3 413 416 870
3 736 737 775
3 416 495 598
3 372 926 971
3 679 680 710
3 401 454 911
3 847 884 925
3 35 36 242
3 717 813 814
3 830 831 864
3 591 544 841
3 870 598 904
3 432 431 433
3 704 703 746
3 549 521 918
3 484 409 861
3 319 551 886
3 98 99 220
3 538 481 908
3 593 594 853
3 441 439 850
3 457 475 882
3 416 598 870
3 886 874 887
3 392 352 884
3 367 365 668
3 661 599 662
3 300 299 947
3 320 322 871
3 475 474 476
3 875 524 1005
3 864 831 865
3 873 872 988
3 215 34 848
3 877 880 955
3 821 632 950
3 384 387 388
3 287 284 910
3 492 489 854
3 423 421 605
3 457 473 474
3 631 533 632
3 587 588 688
3 855 488 858
3 639 591 715
3 457 474 475
3 464 592 593
3 445 444 446
3 96 244 863
3 317 318 319
3 587 586 588
3 36 37 825
3 631 632 634
3 603 604 703
3 476 477 478
3 696 697 801
3 598 495 599
3 382 383 384
3 361 363 464
3 489 488 854
3 245 92 902
3 603 703 704
3 536 582 584
3 394 396 885
3 456 446 457
3 430 431 432
3 310 312 313
3 678 540 975
3 314 316 317
3 96 97 244
3 322 324 325
3 326 328 329
3 876 329 880
3 595 593 596
3 329 330 332
3 902 93 903
3 587 688 694
3 332 333 334
3 552 380 920
3 443 444 445
3 637 596 719
3 551 873 874
3 493 492 531
3 574 695 696
3 319 320 551
3 443 441 444
3 544 517 579
3 877 876 880
3 841 579 842
3 593 592 594
3 431 425 830
3 698 645 699
3 439 437 600
3 439 600 850
3 332 330 333
3 663 839 1007
3 666 561 667
3 75 249 891
3 552 920 921
3 616 420 914
3 874 873 875
3 319 318 320
3 544 579 841
3 699 822 827
3 388 387 896
3 972 524 988
3 396 397 398
3 595 847 925
3 628 725 833
3 597 596 637
3 456 457 882
3 384 383 387
3 398 399 452
3 73 74 221
3 325 326 876
3 34 35 848
3 867 869 879
3 539 456 882
3 91 245 878
3 73 221 894
3 644 539 645
3 445 446 456
3 871 325 872
3 775 776 777
3 479 538 935
3 361 464 925
3 504 319 886
3 491 489 492
3 335 334 337
3 367 668 669
3 487 485 488
3 842 843 844
3 447 443 944
3 476 478 479
3 464 593 595
3 329 328 330
3 341 340 349
3 368 354 907
3 325 324 326
3 534 602 603
3 313 312 314
3 317 316 318
3 644 645 698
3 339 337 340
3 394 395 396
3 93 94 903
3 322 325 871
3 468 368 516
3 221 74 891
3 730 728 732
3 476 474 477
3 455 465 500
3 453 452 534
3 269 342 909
3 302 305 912
3 97 98 834
3 699 645 822
3 91 92 245
3 317 319 504
3 387 547 896
3 33 34 215
3 926 819 971
3 365 362 929
3 89 90 214
3 94 95 216
3 598 661 904
3 326 329 876
3 284 283 910
3 442 441 443
3 912 606 913
3 401 403 454
3 463 409 484
3 545 525 589
3 844 845 846
3 376 381 382
3 382 381 383
3 92 93 902
3 420 418 914
3 660 928 957
3 403 405 936
3 275 273 525
3 564 609 994
3 352 341 884
3 638 637 711
3 305 307 371
3 376 374 381
3 409 407 861
3 301 302 912
3 699 827 828
3 27 28 795
3 362 350 929
3 457 446 473
3 436 287 437
3 595 596 597
3 371 307 372
3 332 334 335
3 308 310 940
3 396 395 397
3 521 433 529
3 677 540 678
3 437 287 910
3 1030 824 1036
3 481 536 908
3 534 452 602
3 587 694 901
3 440 439 441
3 339 340 341
3 261 260 262
3 354 352 392
3 382 384 389
3 335 337 339
3 504 886 888
3 371 606 912
3 391 608 934
3 375 374 376
3 95 96 863
3 657 916 917
3 341 349 884
3 480 478 483
3 650 589 784
3 590 544 591
3 286 284 287
3 471 456 539
3 476 479 935
3 569 539 644
3 464 363 592
3 442 443 447
3 528 559 622
3 421 303 947
3 398 397 399
3 861 407 996
3 305 371 912
3 369 368 468
3 842 579 843
3 426 425 430
3 438 437 439
3 543 517 544
3 640 639 641
3 884 349 925
3 90 91 878
3 597 637 638
3 373 372 374
3 569 644 916
3 388 1054 1060
3 522 550 577
3 860 1049 1050
3 386 527 920
3 603 704 852
3 380 386 920
3 305 306 307
3 345 343 969
3 844 843 845
3 603 602 604
3 371 372 373
3 717 680 813
3 387 546 547
3 295 505 928
3 267 269 909
3 360 358 530
3 382 389 905
3 657 569 916
3 354 392 907
3 600 437 910
3 355 354 368
3 502 468 517
3 517 468 937
3 531 674 893
3 531 625 674
3 547 652 653
3 424 427 939
3 424 423 425
3 628 723 724
3 349 361 925
3 660 601 928
3 386 508 527
3 586 549 649
3 440 441 442
3 282 280 283
3 619 591 639
3 405 410 455
3 376 382 905
3 885 396 962
3 307 306 308
3 283 280 922
3 353 352 354
3 307 308 926
3 334 333 338
3 919 472 1039
3 867 868 869
3 351 341 352
3 427 429 553
3 877 972 988
3 924 295 928
3 904 661 1015
3 638 711 712
3 264 265 266
3 377 376 905
3 601 412 924
3 491 492 493
3 398 452 453
3 533 470 950
3 843 579 937
3 74 75 891
3 501 420 616
3 487 488 489
3 572 519 573
3 373 374 375
3 471 539 569
3 292 293 294
3 493 531 893
3 280 279 922
3 322 323 324
3 609 627 628
3 586 649 897
3 371 373 606
3 445 456 471
3 605 947 954
3 378 380 552
3 422 421 423
3 656 569 657
3 894 221 895
3 588 586 897
3 326 327 328
3 548 262 992
3 479 481 538
3 394 393 395
3 867 865 868
3 75 76 249
3 556 394 885
3 320 321 322
3 356 345 969
3 337 334 927
3 375 376 377
3 275 525 545
3 310 311 312
3 521 529 918
3 295 294 296
3 314 315 316
3 296 294 297
3 577 550 901
3 292 290 293
3 862 843 937
3 390 303 421
3 550 587 901
3 913 949 987
3 536 584 908
3 355 368 369
3 438 439 440
3 12 13 222
3 302 304 305
3 828 827 829
3 72 73 894
3 366 365 367
3 378 552 933
3 364 370 945
3 677 678 679
3 405 455 936
3 668 365 929
3 387 383 546
3 660 957 991
3 369 468 502
3 458 522 898
3 296 298 930
3 543 544 590
3 305 304 306
3 534 603 852
3 475 476 935
3 416 417 495
3 432 458 513
3 339 341 351
3 479 478 480
3 372 307 926
3 463 484 485
3 422 424 939
3 564 566 609
3 877 955 972
3 412 291 924
3 547 546 652
3 291 292 924
3 308 309 310
3 545 589 650
3 353 354 355
3 411 870 958
3 436 437 438
3 552 921 949
3 222 13 932
3 659 601 660
3 606 373 933
3 351 352 353
3 385 379 469
3 502 517 543
3 373 375 933
3 338 394 556
3 427 553 939
3 296 297 298
3 391 507 608
3 933 552 949
3 921 957 987
3 13 14 932
3 414 412 601
3 375 378 933
3 601 924 928
3 295 296 505
3 831 605 954
3 370 451 466
3 527 508 557
3 647 687 980
3 579 517 937
3 590 591 619
3 249 76 923
3 338 393 394
3 1017 805 1018
3 375 377 378
3 595 597 847
3 926 308 940
3 334 338 927
3 299 297 434
3 76 77 923
3 682 692 693
3 298 301 930
3 14 15 250
3 606 933 949
3 522 577 898
3 845 843 862
3 292 294 295
3 584 582 906
3 399 401 911
3 505 296 930
3 471 569 656
3 614 700 701
3 338 556 927
3 632 533 950
3 913 606 949
3 333 330 948
3 580 533 631
3 857 855 858
3 956 381 971
3 898 577 899
3 510 493 893
3 452 399 911
3 298 300 301
3 605 421 947
3 670 558 671
3 696 801 802
3 582 646 906
3 880 335 955
3 638 712 820
3 213 27 795
3 320 318 321
3 914 418 965
3 374 372 971
3 330 328 331
3 619 639 640
3 594 592 881
3 413 415 416
3 349 350 361
3 15 16 931
3 623 685 686
3 298 297 299
3 466 498 514
3 662 599 915
3 14 250 932
3 383 381 956
3 326 324 327
3 443 445 944
3 652 654 797
3 314 312 315
3 725 787 833
3 288 287 436
3 461 515 960
3 541 681 682
3 338 333 393
3 513 458 898
3 599 495 624
3 1018 804 1022
3 501 616 617
3 818 654 819
3 396 398 962
3 1050 331 1056
3 378 377 379
3 512 470 533
3 274 273 275
3 398 453 962
3 419 459 509
3 335 339 955
3 892 356 969
3 81 82 941
3 646 647 980
3 16 17 209
3 19 20 246
3 21 22 211
3 77 78 210
3 80 81 247
3 82 83 212
3 622 559 655
3 414 601 659
3 361 362 363
3 511 510 568
3 395 393 610
3 272 270 273
3 515 576 623
3 292 295 924
3 20 21 943
3 298 299 300
3 419 509 961
3 353 355 524
3 479 480 481
3 786 785 803
3 378 379 380
3 393 333 948
3 308 306 309
3 440 442 472
3 494 493 510
3 282 283 284
3 665 642 742
3 364 366 370
3 652 546 654
3 743 742 752
3 269 271 342
3 922 805 1017
3 369 502 503
3 515 623 960
3 448 428 467
3 490 489 491
3 339 351 955
3 349 340 350
3 928 505 957
3 274 275 276
3 399 400 401
3 115 116 251
3 390 421 422
3 291 290 292
3 413 412 414
3 306 304 959
3 651 650 785
3 286 287 288
3 847 597 946
3 797 654 818
3 310 309 311
3 709 636 713
3 322 321 323
3 453 554 962
3 602 452 911
3 380 385 386
3 819 956 971
3 311 607 615
3 500 574 953
3 640 641 642
3 486 485 487
3 411 412 413
3 250 15 931
3 575 535 852
3 77 210 923
3 304 390 959
3 301 300 302
3 304 303 390
3 316 315 391
3 449 460 461
3 597 638 946
3 275 545 967
3 386 470 508
3 543 590 658
3 445 471 944
3 422 939 984
3 726 724 735
3 318 316 934
3 471 656 944
3 330 331 948
3 453 534 535
3 436 438 611
3 285 284 286
3 311 309 607
3 278 276 279
3 399 397 400
3 380 379 385
3 500 465 519
3 316 391 934
3 281 280 282
3 264 266 267
3 455 410 465
3 546 383 956
3 638 820 946
3 289 291 411
3 71 72 974
3 991 527 999
3 302 303 304
3 535 534 852
3 911 454 964
3 744 780 791
3 342 343 344
3 427 428 429
3 16 209 931
3 72 894 974
3 272 273 274
3 920 527 991
3 512 533 580
3 599 624 915
3 401 402 403
3 557 508 951
3 819 654 956
3 545 650 651
3 386 385 470
3 429 448 449
3 629 613 630
3 422 423 424
3 411 291 412
3 462 409 463
3 547 653 1044
3 461 960 1034
3 508 470 512
3 651 785 786
3 309 306 959
3 957 921 991
3 512 580 581
3 315 312 970
3 609 566 627
3 705 571 707
3 344 345 346
3 424 425 426
3 665 743 744
3 604 602 964
3 416 415 417
3 82 212 941
3 491 493 494
3 665 742 743
3 889 1029 1044
3 391 506 507
3 21 211 943
3 247 81 941
3 689 684 690
3 682 681 692
3 381 374 971
3 246 20 943
3 620 575 708
3 654 546 956
3 366 367 973
3 113 114 224
3 509 459 520
3 424 426 427
3 507 506 558
3 507 558 567
3 545 651 967
3 397 395 976
3 628 627 723
3 302 300 303
3 487 489 490
3 563 562 675
3 686 685 714
3 744 743 780
3 279 276 967
3 408 407 409
3 623 576 685
3 351 353 972
3 276 275 967
3 683 565 684
3 427 426 428
3 337 927 985
3 453 535 554
3 413 414 415
3 607 309 959
3 312 311 970
3 391 315 506
3 567 558 670
3 495 417 961
3 353 524 972
3 444 850 1022
3 463 485 486
3 567 670 676
3 555 535 575
3 664 642 665
3 494 510 511
3 364 362 365
3 527 557 999
3 461 460 515
3 610 393 948
3 592 363 945
3 255 807 808
3 321 318 934
3 278 279 280
3 640 642 664
3 508 512 951
3 955 351 972
3 370 366 451
3 450 360 562
3 647 672 687
3 696 802 953
3 361 350 362
3 54 55 252
3 402 400 526
3 930 913 987
3 618 740 741
3 459 420 501
3 9 10 232
3 395 610 976
3 570 499 571
3 274 276 277
3 506 315 970
3 286 289 958
3 922 279 1004
3 417 415 418
3 419 418 420
3 285 286 958
3 340 337 985
3 288 436 982
3 512 581 951
3 580 631 978
3 555 620 621
3 515 460 540
3 363 362 364
3 673 648 1013
3 804 473 1022
3 717 814 1045
3 286 288 289
3 449 461 1031
3 929 350 985
3 576 540 677
3 401 400 402
3 429 428 448
3 449 448 460
3 881 592 945
3 541 682 977
3 414 659 965
3 490 491 977
3 266 265 336
3 348 347 1002
3 624 495 961
3 618 617 643
3 887 874 1008
3 671 558 997
3 618 741 981
3 289 290 291
3 494 511 541
3 581 580 633
3 406 404 407
3 289 411 958
3 740 643 772
3 515 540 576
3 417 418 419
3 554 535 555
3 448 467 975
3 574 696 953
3 408 462 612
3 809 808 810
3 282 284 285
3 359 358 360
3 278 280 281
3 357 359 435
3 272 274 963
3 311 615 970
3 364 365 366
3 681 542 691
3 390 422 984
3 363 364 945
3 541 511 542
3 53 54 966
3 872 877 988
3 541 542 681
3 408 409 462
3 419 420 459
3 70 71 231
3 357 356 358
3 491 494 977
3 400 397 976
3 1043 879 1048
3 346 347 348
3 602 911 964
3 612 613 614
3 582 583 646
3 462 463 983
3 403 404 405
3 417 419 961
3 350 340 985
3 898 899 968
3 614 629 700
3 934 608 986
3 450 563 564
3 436 611 982
3 271 270 272
3 450 562 563
3 277 276 278
3 536 537 582
3 481 482 536
3 660 991 999
3 555 575 620
3 706 745 754
3 293 290 982
3 261 262 548
3 683 684 689
3 52 53 223
3 406 407 408
3 600 910 1017
3 369 503 1005
3 985 927 1009
3 289 288 290
3 612 462 613
3 564 565 566
3 570 705 706
3 614 613 629
3 700 629 702
3 264 263 265
3 505 930 987
3 405 406 410
3 415 414 965
3 466 451 498
3 501 617 618
3 513 898 968
3 720 578 721
3 1014 669 1019
3 885 1014 1019
3 921 920 991
3 914 965 1016
3 959 390 984
3 518 990 1010
3 573 578 636
3 403 402 404
3 347 357 1002
3 789 482 1024
3 498 451 499
3 957 505 987
3 630 613 983
3 564 563 565
3 359 360 450
3 566 565 683
3 526 400 976
3 465 410 518
3 524 355 1005
3 357 358 359
3 614 701 1010
3 990 612 1010
3 342 271 343
3 463 486 983
3 537 482 789
3 83 84 942
3 570 571 705
3 483 784 1058
3 1033 643 1046
3 267 266 268
3 418 415 965
3 498 499 570
3 494 541 977
3 720 721 722
3 869 938 1027
3 481 480 482
3 613 462 983
3 473 446 1022
3 290 288 982
3 707 571 1053
3 618 643 740
3 984 939 1003
3 576 677 979
3 540 460 975
3 633 580 978
3 685 576 979
3 405 404 406
3 939 553 1003
3 706 705 745
3 499 451 973
3 274 277 963
3 970 615 997
3 347 356 357
3 69 70 993
3 323 321 986
3 723 627 739
3 7 8 254
3 231 71 974
3 684 565 989
3 647 583 648
3 1003 553 1021
3 805 804 1018
3 460 448 975
3 607 959 984
3 267 909 992
3 506 970 997
3 659 660 999
3 607 984 1003
3 283 922 1017
3 110 111 238
3 563 675 989
3 269 268 270
3 212 83 942
3 347 345 356
3 459 501 981
3 573 519 578
3 269 270 271
3 321 934 986
3 24 25 243
3 451 366 973
3 558 506 997
3 262 263 264
3 355 369 1005
3 672 648 673
3 344 343 345
3 346 345 347
3 967 651 1004
3 615 607 1003
3 520 459 981
3 501 618 981
3 555 621 1006
3 430 432 1023
3 267 268 269
3 1031 461 1034
3 408 612 990
3 54 252 966
3 402 526 996
3 264 267 992
3 651 786 1004
3 929 985 1009
3 839 268 1007
3 636 578 720
3 285 904 1015
3 874 875 1008
3 1021 553 1026
3 914 1016 1028
3 68 69 253
3 627 566 998
3 668 929 1009
3 282 285 1015
3 518 410 990
3 528 532 559
3 566 683 998
3 885 962 1014
3 773 673 774
3 410 406 990
3 536 482 537
3 279 967 1004
3 407 404 996
3 406 408 990
3 357 435 1002
3 435 359 994
3 367 669 1025
3 565 563 989
3 450 564 994
3 429 449 1026
3 266 336 1007
3 268 266 1007
3 223 53 966
3 272 963 1012
3 856 857 1056
3 721 578 995
3 646 583 647
3 582 537 583
3 952 430 1023
3 519 465 995
3 647 648 672
3 927 556 1009
3 554 555 1006
3 669 668 1019
3 281 823 1030
3 779 548 1076
3 1012 963 1032
3 262 260 263
3 554 1006 1014
3 84 85 248
3 404 402 996
3 359 450 994
3 559 532 560
3 965 659 1016
3 668 1009 1019
3 622 655 1058
3 1024 483 1058
3 465 518 995
3 960 1072 1085
3 70 231 993
3 271 272 1012
3 447 944 1038
3 663 1007 1037
3 969 343 1012
3 532 523 626
3 814 952 1023
3 503 502 1029
3 866 867 1043
3 543 658 1029
3 739 627 998
3 537 789 1011
3 1009 556 1019
3 1006 669 1014
3 281 282 1015
3 612 614 1010
3 49 50 233
3 973 367 1025
3 672 673 773
3 633 1033 1046
3 578 519 995
3 1016 557 1028
3 556 885 1019
3 910 283 1017
3 850 600 1018
3 962 554 1014
3 615 1003 1021
3 648 583 1011
3 343 271 1012
3 472 442 1039
3 1037 622 1055
3 999 557 1016
3 571 499 1047
3 528 622 1037
3 671 1021 1026
3 278 281 1030
3 669 1006 1025
3 480 483 1024
3 446 444 1022
3 336 523 528
3 879 611 1048
3 860 1050 1056
3 85 86 1000
3 336 265 523
3 253 69 993
3 432 513 1023
3 293 982 1027
3 938 293 1027
3 440 472 1048
3 983 486 1020
3 86 87 228
3 616 914 1028
3 671 997 1021
3 611 438 1048
3 655 559 1052
3 666 667 1061
3 659 999 1016
3 255 808 809
3 84 248 942
3 648 1011 1013
3 553 429 1026
3 482 480 1024
3 969 1012 1032
3 658 590 1051
3 583 537 1011
3 617 616 1040
3 630 983 1020
3 784 589 1055
3 997 615 1021
3 528 523 532
3 982 611 1027
3 814 1023 1045
3 1026 449 1031
3 389 384 1060
3 557 951 1028
3 502 543 1029
3 948 331 1050
3 826 261 1065
3 655 1024 1058
3 670 671 1031
3 1006 621 1025
3 331 328 1059
3 973 1025 1047
3 1064 905 1068
3 277 278 1030
3 1010 701 1035
3 248 1000 1001
3 640 664 1054
3 883 526 1049
3 617 1040 1046
3 663 1037 1055
3 643 617 1046
3 653 889 1044
3 1059 327 1061
3 856 1056 1059
3 1023 513 1045
3 1007 336 1037
3 442 447 1039
3 670 1031 1034
3 772 643 1033
3 657 917 1042
3 1041 657 1042
3 327 324 1062
3 656 657 1041
3 616 1028 1040
3 676 670 1034
3 944 656 1038
3 626 1069 1078
3 1038 656 1041
3 867 879 1043
3 995 518 1035
3 1028 951 1040
3 1025 621 1047
3 892 969 1032
3 526 976 1049
3 856 1059 1061
3 671 1026 1031
3 721 995 1035
3 664 665 1063
3 951 581 1040
3 248 85 1000
3 277 1030 1036
3 773 236 1092
3 518 1010 1035
3 336 528 1037
3 1040 581 1046
3 1056 331 1059
3 1035 701 1057
3 963 277 1036
3 438 440 1048
3 571 1047 1053
3 379 377 1064
3 513 968 1045
3 581 633 1046
3 976 610 1049
3 530 1066 1070
3 610 948 1050
3 1049 610 1050
3 590 619 1051
3 721 1035 1057
3 263 788 1069
3 61 62 1095
3 86 228 1000
3 499 973 1047
3 530 892 1066
3 589 663 1055
3 857 860 1056
3 1032 963 1036
3 1051 619 1054
3 621 620 1053
3 619 640 1054
3 328 327 1059
3 559 560 1052
3 666 1061 1062
3 384 388 1060
3 1061 327 1062
3 662 915 1070
3 667 856 1061
3 1047 621 1053
3 722 721 1057
3 623 686 1072
3 562 360 1071
3 737 734 1082
3 791 1064 1068
3 1060 664 1063
3 324 323 1062
3 562 1071 1073
3 1072 568 1085
3 265 263 1069
3 389 1060 1063
3 567 676 1080
3 626 783 1087
3 1069 788 1078
3 1070 915 1071
3 675 562 1073
3 625 666 1067
3 665 744 1063
3 1080 676 1083
3 252 826 1065
3 507 567 1077
3 674 625 1074
3 674 1074 1077
3 905 389 1068
3 961 509 1075
3 675 1073 1075
3 690 684 1084
3 511 568 1081
3 568 510 1083
3 509 520 1079
3 690 1084 1086
3 568 1083 1085
3 377 905 1064
3 626 523 1069
3 1075 509 1079
3 389 1063 1068
3 1063 744 1068
3 1062 323 1067
3 1077 567 1080
3 790 1087 1094
3 666 1062 1067
3 1032 1036 1066
3 1036 824 1066
3 1066 824 1070
3 625 1067 1074
3 1079 520 1084
3 981 741 1086
3 1034 960 1085
3 779 776 1089
3 744 791 1068
3 824 662 1070
3 323 986 1067
3 360 530 1071
3 892 1032 1066
3 1071 915 1073
3 530 1070 1071
3 778 777 1076
3 523 265 1069
3 960 623 1072
3 1074 608 1077
3 915 624 1073
3 532 626 1087
3 776 737 1090
3 1072 686 1081
3 986 608 1074
3 790 560 1087
3 1073 624 1075
3 1067 986 1074
3 624 961 1075
3 608 507 1077
3 568 1072 1081
3 686 714 1088
3 777 779 1076
3 788 240 1078
3 675 1075 1079
3 893 674 1080
3 1089 776 1090
3 734 738 1082
3 989 675 1079
3 542 511 1081
3 893 1080 1083
3 1087 783 1094
3 674 1077 1080
3 1083 676 1085
3 510 893 1083
3 1084 520 1086
3 684 989 1084
3 989 1079 1084
3 1081 686 1088
3 520 981 1086
3 672 773 1092
3 811 233 1097
3 252 1065 1089
3 676 1034 1085
3 52 223 1093
3 542 1081 1088
3 1065 779 1089
3 233 50 1096
3 1093 738 1096
3 691 542 1088
3 560 532 1087
3 966 252 1089
3 233 1096 1097
3 223 1082 1093
3 1082 738 1093
3 966 1089 1090
3 62 1091 1095
3 223 966 1090
3 730 732 1098
3 687 672 1092
3 773 774 1091
3 225 61 1095
3 783 225 1094
3 811 1097 1098
3 1094 225 1095
3 810 808 1099
3 51 52 1093
3 774 790 1094
3 1098 732 1099
3 774 1094 1095
3 51 1093 1096
3 50 51 1096
3 1096 738 1097
3 738 733 1097
3 1097 733 1098
3 1091 774 1095
3 733 730 1098
3 811 1098 1099
3 808 811 1099
3 708 747 1174
3 749 1107 1171
3 102 103 1100
3 828 1129 1186
3 100 101 1101
3 942 1126 1184
3 1127 227 1185
3 751 750 1173
3 846 18 1144
3 497 466 1102
3 38 39 1103
3 629 630 1104
3 230 102 1100
3 993 231 1140
3 101 230 1101
3 746 251 1169
3 707 793 1168
3 745 226 1166
3 793 707 1167
3 235 754 1165
3 708 793 1167
3 218 746 1169
3 238 749 1171
3 1001 899 1126
3 1126 900 1184
3 978 1127 1185
3 466 514 1102
3 209 846 1139
3 6 7 1105
3 67 68 1106
3 1020 837 1156
3 851 710 1141
3 752 243 1142
3 219 38 1103
3 702 629 1104
3 758 514 1176
3 706 758 1176
3 747 771 1174
3 732 728 1108
3 726 735 1108
3 1115 720 1180
3 747 708 1181
3 704 747 1181
3 750 585 1182
3 709 750 1182
3 697 748 1183
3 748 703 1183
3 829 895 1129
3 247 941 1135
3 693 838 1158
3 79 80 1109
3 793 708 1174
3 78 79 1111
3 514 758 1125
3 1107 749 1172
3 1103 39 1130
3 763 232 1112
3 894 895 1113
3 112 113 1116
3 848 849 1117
3 232 10 1112
3 923 210 1133
3 634 635 1119
3 243 753 1157
3 100 1101 1132
3 7 254 1105
3 68 253 1106
3 714 685 1120
3 639 715 1121
3 1100 103 1134
3 1088 714 1123
3 715 841 1124
3 630 1020 1156
3 631 634 1127
3 234 1115 1180
3 756 235 1136
3 637 719 1114
3 739 1103 1130
3 769 641 1121
3 40 229 1130
3 108 109 1107
3 1001 1000 1118
3 1101 702 1132
3 487 490 1131
3 1020 486 1131
3 772 239 1137
3 220 99 1132
3 916 644 1133
3 722 1100 1134
3 104 234 1134
3 688 1042 1135
3 126 257 1136
3 235 125 1136
3 239 32 1137
3 33 215 1137
3 242 825 1138
3 712 711 1139
3 846 845 1139
3 906 646 1140
3 88 851 1141
3 228 87 1141
3 26 213 1142
3 243 25 1142
3 817 735 1128
3 237 44 1143
3 19 246 1144
3 979 677 1145
3 881 497 1122
3 687 800 1146
3 636 720 1115
3 681 691 1147
3 900 901 1148
3 633 978 1149
3 699 828 1150
3 998 683 1151
3 863 244 1152
3 701 700 1153
3 221 891 1129
3 1099 732 1154
3 11 12 1155
3 24 243 1157
3 735 724 1128
3 682 693 1158
3 490 977 1158
3 66 2 1159
3 2 67 1159
3 127 0 1160
3 0 6 1160
3 1 47 1161
3 46 1 1161
3 255 809 1161
3 801 697 1183
3 703 604 1183
3 585 572 1182
3 573 709 1182
3 708 575 1181
3 852 704 1181
3 942 248 1126
3 796 227 1127
3 570 706 1176
3 514 498 1176
3 844 846 1144
3 111 112 1173
3 117 218 1169
3 793 792 1168
3 124 235 1165
3 226 122 1166
3 251 116 1169
3 110 238 1171
3 620 708 1167
3 707 1053 1167
3 728 726 1108
3 107 3 1162
3 3 108 1162
3 741 740 1117
3 690 849 1138
3 902 903 1123
3 246 943 1124
3 80 247 1109
3 713 636 1115
3 878 245 1120
3 222 932 1110
3 210 78 1111
3 711 637 1114
3 881 1122 1164
3 10 11 1112
3 1000 228 1118
3 213 795 1119
3 766 763 1112
3 974 894 1113
3 584 906 1113
3 241 793 1174
3 250 931 1114
3 234 812 1115
3 113 224 1116
3 215 848 1117
3 497 1102 1122
3 716 718 1118
3 635 840 1119
3 768 594 1164
3 836 693 1152
3 1110 1178 1187
3 1107 109 1171
3 248 1001 1126
3 685 979 1120
3 641 639 1121
3 1102 764 1122
3 724 723 1128
3 229 817 1128
3 764 765 1122
3 691 1088 1123
3 841 842 1124
3 45 809 1143
3 895 221 1129
3 769 23 1157
3 899 900 1126
3 978 631 1127
3 594 768 1178
3 828 829 1129
3 39 40 1130
3 689 690 1138
3 693 692 1152
3 486 487 1131
3 99 100 1132
3 1128 723 1177
3 644 698 1133
3 103 104 1134
3 753 769 1157
3 694 688 1135
3 125 126 1136
3 32 33 1137
3 849 242 1138
3 845 712 1139
3 749 713 1172
3 229 1128 1177
3 646 980 1140
3 87 88 1141
3 25 26 1142
3 809 810 1143
3 44 45 1143
3 18 19 1144
3 677 679 1145
3 980 687 1146
3 1122 765 1164
3 222 1110 1187
3 692 681 1147
3 594 881 1164
3 901 694 1148
3 1033 633 1149
3 1136 257 1175
3 698 699 1150
3 683 689 1151
3 244 836 1152
3 1057 701 1153
3 585 751 1163
3 810 1099 1154
3 12 222 1155
3 837 835 1156
3 6 1105 1160
3 67 1106 1159
3 1104 630 1156
3 23 24 1157
3 1150 828 1186
3 1149 978 1185
3 900 1148 1184
3 768 766 1187
3 977 682 1158
3 256 107 1162
3 1134 234 1180
3 258 66 1159
3 257 127 1160
3 47 255 1161
3 220 1132 1179
3 853 594 1178
3 1130 229 1177
3 695 585 1163
3 835 1104 1156
3 695 1163 1170
3 765 768 1164
3 792 226 1168
3 123 124 1165
3 123 1165 1166
3 122 123 1166
3 116 117 1169
3 697 695 1170
3 1053 620 1167
3 109 110 1171
3 771 241 1174
3 238 111 1173
3 759 756 1175
3 723 739 1177
3 498 570 1176
3 720 722 1180
3 575 852 1181
3 572 573 1182
3 604 801 1183
3 891 249 1186
3 227 798 1185
3 212 942 1184
3 1105 257 1160
3 1106 258 1159
3 1178 768 1187
3 1107 256 1162
3 702 1104 1179
3 108 1107 1162
3 256 1107 1172
3 751 1116 1163
3 756 1136 1175
3 1110 853 1178
3 766 1155 1187
3 739 1130 1177
3 722 1134 1180
3 1132 702 1179
3 1148 212 1184
3 798 1149 1185
3 249 1150 1186
3 1155 222 1187
3 1679 1192 1755
3 1230 1670 1705
3 1671 1197 1704
3 1676 1217 1707
3 1665 2076 2131
3 1670 1230 1703
3 1672 1205 1702
3 1197 1671 1703
3 1217 1676 1706
3 1673 1710 1713
3 1205 1672 2146
3 1232 1762 2083
3 1227 1677 1910
3 1714 1233 1715
3 2076 1209 2131
3 1788 1782 1789
3 1715 1233 1716
3 1673 1709 1710
3 1680 1207 2087
3 1762 1232 2128
3 1660 1222 1825
3 1189 1683 1897
3 1222 1660 2090
3 1857 1210 2088
3 1194 1700 1875
3 1677 1227 2127
3 1229 1694 1898
3 1226 1751 2092
3 1224 1698 1759
3 1191 1686 1909
3 1710 1712 1713
3 1748 1188 2095
3 1192 1679 1757
3 1687 1220 1808
3 1713 1712 2110
3 150 151 1716
3 1705 1664 1724
3 1200 1859 2104
3 1207 1680 2124
3 1193 1947 2105
3 1188 1748 2093
3 1724 1664 2147
3 1210 1857 2122
3 1782 1788 2123
3 1225 1814 1816
3 1683 1189 2120
3 1898 1694 2094
3 1220 1687 1809
3 1859 1200 2096
3 1751 1226 2117
3 1875 1700 2118
3 1233 1714 2082
3 1715 1722 2110
3 176 177 1809
3 1712 1715 2110
3 1470 1722 2077
3 187 188 1785
3 1698 1224 2097
3 151 1211 1716
3 1233 150 1716
3 2082 1714 2155
3 86 87 1757
3 1947 1193 2111
3 1679 1755 2089
3 1685 1787 2149
3 1909 1686 2109
3 1225 1816 2126
3 1947 1682 2105
3 2075 2023 2131
3 1859 1858 2104
3 159 160 1818
3 1660 1629 2090
3 1783 1216 1863
3 1759 1698 2106
3 1686 1191 2107
3 1672 1674 2146
3 1709 1702 2142
3 2142 1702 2143
3 79 2092 2095
3 2088 72 2104
3 2087 169 2105
3 1785 188 2135
3 1750 1748 2095
3 1722 1719 2077
3 1189 159 1818
3 1743 1908 2129
3 1874 1657 2130
3 1751 1750 2092
3 177 1220 1809
3 1194 176 1809
3 2098 153 2132
3 1715 1717 1722
3 1858 1857 2088
3 1682 1680 2087
3 1694 1229 2101
3 1715 1716 1717
3 1762 1237 2083
3 87 1192 1757
3 1221 86 1757
3 1969 1951 2128
3 1748 1749 2093
3 1787 1235 2149
3 1669 1668 2078
3 1708 132 2103
3 1665 1667 2076
3 1697 2023 2075
3 1979 2042 2127
3 1209 2075 2131
3 1203 1724 2147
3 2137 2103 2147
3 1709 1214 1710
3 2103 1203 2147
3 2042 1979 2124
3 1722 1470 2110
3 1721 2098 2132
3 1687 1808 2091
3 134 135 1724
3 138 139 1725
3 1717 1719 1722
3 132 1708 2151
3 1951 1969 2122
3 1216 1783 2123
3 1690 1691 2169
3 2092 1750 2095
3 1858 2088 2104
3 2079 1690 2169
3 1682 2087 2105
3 1694 1838 2094
3 1787 1685 2102
3 1908 1190 2129
3 1223 1874 2130
3 1660 1825 2100
3 1897 1683 2101
3 1567 1707 1708
3 1700 1194 2121
3 1908 1743 2117
3 1657 1874 2118
3 1880 1859 2096
3 1789 1782 2099
3 1206 1701 2166
3 1704 1197 1725
3 1230 1705 1724
3 1701 1206 2106
3 1910 1677 2107
3 135 1230 1724
3 1203 134 1724
3 1197 138 1725
3 139 1219 1725
3 1814 1225 2109
3 2078 1668 2141
3 1716 1211 1717
3 1236 2082 2155
3 1232 1969 2128
3 1710 1214 1711
3 1227 1979 2127
3 1707 1217 2151
3 1699 1698 2097
3 1717 1211 1718
3 1863 1216 2125
3 1710 1711 1712
3 1717 1718 1719
3 1712 1711 1714
3 1719 1718 1720
3 1712 1714 1715
3 1720 1718 1721
3 1720 1721 1723
3 1761 1762 2065
3 205 1215 2064
3 1762 1658 2065
3 1215 1726 2064
3 1592 1620 2072
3 1734 1735 2052
3 1215 1761 2065
3 1735 1618 2052
3 1196 199 1238
3 1438 2066 2070
3 1239 1238 1736
3 1196 1238 1239
3 1284 1285 2033
3 1729 1465 1821
3 1242 1239 1736
3 1863 1784 1994
3 1633 1729 1821
3 1456 1455 1791
3 1455 1852 1940
3 199 200 1238
3 1791 1455 1940
3 2027 1612 2029
3 1964 1881 1987
3 204 205 2064
3 190 191 1767
3 1218 201 1734
3 200 1218 1238
3 1783 1863 1994
3 1288 1289 2025
3 1852 1738 1940
3 1811 1728 1911
3 1284 1811 1911
3 1376 1728 1849
3 191 1212 1767
3 1728 1376 1911
3 1849 1848 2022
3 1530 1738 1852
3 1638 1730 1966
3 1530 1737 1738
3 1737 1639 1823
3 1238 1218 1736
3 1530 1639 1737
3 1731 1459 1791
3 1756 1754 1758
3 1459 1731 1821
3 1767 1768 1784
3 1639 1812 1823
3 1459 1456 1791
3 1784 1768 1994
3 1765 1764 1933
3 1764 1588 1933
3 198 199 1196
3 1733 1640 2035
3 1746 1750 1751
3 1731 1633 1821
3 1754 89 1758
3 1742 1517 1744
3 200 201 1218
3 1765 1418 1905
3 1729 2027 2029
3 1447 1514 1745
3 1811 1284 2033
3 1985 1802 2018
3 1812 1350 1823
3 1820 1959 1990
3 1531 1740 1890
3 1620 1786 2072
3 1531 1739 1740
3 1730 1638 1964
3 1423 1445 1844
3 1763 1288 2025
3 1502 1733 2035
3 1422 1741 1822
3 1412 1422 1822
3 1418 1765 1933
3 1745 1746 1751
3 1744 1517 1745
3 1535 1881 1964
3 189 190 1234
3 87 88 1192
3 1206 91 1759
3 1196 1239 1240
3 198 1196 1810
3 1376 1849 2022
3 1767 1212 1768
3 1740 1827 1890
3 141 1205 1752
3 202 1204 1734
3 1734 1204 1735
3 1517 1447 1745
3 1873 1827 1948
3 1745 1514 1746
3 1765 1905 1928
3 1730 1964 1987
3 1739 1531 1812
3 1790 1426 1927
3 1517 1742 1844
3 1804 1803 1950
3 1231 197 1810
3 1535 1760 1881
3 1215 206 1761
3 1596 1804 1950
3 1489 1793 1824
3 137 138 1197
3 1827 1740 1948
3 1426 1412 1822
3 1684 1817 1824
3 201 202 1734
3 139 140 1219
3 185 1216 1788
3 1793 1684 1824
3 1905 1419 1928
3 197 198 1810
3 1741 1422 1844
3 1473 1847 1901
3 184 1788 1789
3 106 1235 1787
3 1826 1827 1873
3 1637 1848 1849
3 1637 1847 1848
3 1572 1826 1873
3 1234 190 1767
3 1445 1517 1844
3 1761 1237 1762
3 1219 140 1752
3 1218 1734 2052
3 1422 1423 1844
3 1959 1536 1990
3 1581 1468 1972
3 1466 1766 1975
3 1531 1350 1812
3 1426 1822 1927
3 1612 1638 2029
3 1426 1790 1871
3 90 91 1206
3 1219 1752 1753
3 207 1237 1761
3 1335 1324 1916
3 96 1222 1805
3 1481 1792 1862
3 92 1224 1759
3 90 1206 1758
3 1240 1536 2003
3 1850 1918 1978
3 207 208 1237
3 1739 1812 1935
3 1847 1637 1901
3 1794 1438 1795
3 185 186 1216
3 1851 1435 1876
3 1738 1571 1982
3 1766 1602 1975
3 1790 1845 1871
3 1796 1195 1797
3 1192 1754 1755
3 1539 1836 1946
3 1768 1212 1769
3 1861 1377 1921
3 95 96 1805
3 1777 1771 1799
3 1323 1438 1794
3 1803 1358 1950
3 1220 1806 1808
3 1800 1545 1801
3 1246 1820 1990
3 1516 1879 1880
3 1360 1358 1803
3 1812 1639 1935
3 1467 1985 2018
3 1435 1850 1877
3 1463 1512 1879
3 1882 1581 1972
3 146 147 1236
3 106 107 1235
3 1806 1807 1808
3 1208 183 1789
3 1771 1769 1799
3 1836 1834 1946
3 1411 1545 1800
3 1465 1460 1821
3 94 1195 1796
3 1220 178 1806
3 1744 1745 1751
3 1349 1439 1913
3 1793 1489 1861
3 1213 105 1787
3 202 203 1204
3 1285 1288 2033
3 184 185 1788
3 1876 1435 1877
3 1419 1442 1928
3 1516 1463 1879
3 91 92 1759
3 1778 1777 1779
3 1686 1565 1813
3 92 93 1224
3 205 206 1215
3 1556 1554 1567
3 1460 1459 1821
3 1442 1554 1556
3 1792 1481 1885
3 1881 1632 1987
3 1196 1240 1810
3 1324 1322 1916
3 1248 1321 1820
3 1321 1794 1820
3 1473 1800 1847
3 1746 1514 1747
3 1350 1268 1892
3 1323 1325 1438
3 1252 1249 1891
3 182 183 1208
3 1823 1350 1892
3 1547 1581 1819
3 1556 1567 1662
3 1760 1646 1881
3 1224 93 1796
3 1489 1824 1899
3 1776 1771 1777
3 1828 1377 1856
3 1246 1248 1820
3 1728 1635 1849
3 1806 1198 1807
3 1439 1846 1913
3 1967 1466 1975
3 144 145 1214
3 1540 1829 1830
3 1222 97 1825
3 1792 1595 1862
3 1321 1323 1794
3 1249 1247 1891
3 1793 1861 1921
3 1865 1864 1867
3 1826 1572 1929
3 1540 1404 1829
3 1676 1685 1706
3 141 142 1205
3 105 106 1787
3 183 184 1789
3 1305 1308 1837
3 206 207 1761
3 1516 1880 1934
3 1819 1581 2000
3 1835 1602 1842
3 1377 1828 1921
3 1989 1504 1997
3 140 141 1752
3 104 105 1213
3 179 1198 1806
3 175 1194 1875
3 1831 1590 1939
3 1872 1572 1873
3 1566 1858 1859
3 1476 1478 1862
3 1537 1298 1842
3 1498 1895 1920
3 1694 1577 1838
3 1801 1545 1802
3 1428 1576 1883
3 1418 1388 1905
3 1681 1595 1792
3 1688 1689 1690
3 179 180 1198
3 1877 1850 1978
3 1635 1637 1849
3 1472 1425 1473
3 1433 1489 1899
3 1545 1360 1803
3 1478 1481 1862
3 1476 1474 1477
3 1742 1741 1844
3 1602 1537 1842
3 1425 1411 1800
3 1864 1335 1916
3 1397 1399 1939
3 1547 1468 1581
3 1514 1448 1926
3 1845 1374 1871
3 1851 1876 1974
3 1837 1308 1843
3 1820 1794 1959
3 1472 1473 1474
3 1663 1662 1664
3 101 102 1209
3 1349 1431 1439
3 1680 1595 1681
3 1555 1624 1676
3 1604 1547 1819
3 1797 1195 1798
3 89 90 1758
3 1790 1569 1845
3 1311 1314 1843
3 1442 1492 1554
3 1690 1689 1691
3 1577 1574 1838
3 1640 1733 2040
3 1512 1566 1879
3 1540 1830 1831
3 1404 1409 1829
3 1747 1514 1926
3 1688 1654 1689
3 172 1223 1839
3 1569 1497 1845
3 1568 1501 1643
3 1833 1304 1834
3 1277 1275 1929
3 1802 1803 1804
3 1308 1311 1843
3 1653 1654 1688
3 88 89 1754
3 1565 1515 1813
3 1409 1436 1829
3 1627 1565 1686
3 1776 1777 1778
3 1727 1646 1760
3 1476 1477 1478
3 1340 1428 1883
3 98 1199 1825
3 1195 95 1805
3 1772 1776 1973
3 1366 1572 1872
3 1500 1337 1864
3 1275 1826 1929
3 1268 1265 1892
3 1400 1435 1851
3 1840 1457 1841
3 1566 1857 1858
3 1533 1371 1872
3 177 178 1220
3 1800 1801 1847
3 1298 1299 1842
3 1836 1967 1975
3 1454 1457 1840
3 1653 1569 1654
3 1371 1368 1872
3 1502 1549 1733
3 1301 1304 1833
3 1574 1575 1838
3 98 99 1199
3 1337 1335 1864
3 1654 1790 1927
3 1671 1670 1703
3 1304 1305 1837
3 1475 1474 1476
3 1372 1373 1412
3 1457 1456 1458
3 1746 1747 1748
3 1828 1856 1883
3 1412 1413 1422
3 1346 1344 1641
3 1506 1505 1902
3 1590 1397 1939
3 1386 1418 1886
3 1259 1258 1884
3 1370 1371 1372
3 1847 1801 1848
3 1551 1497 1569
3 1333 1377 1861
3 1366 1364 1572
3 1320 1328 1856
3 1409 1421 1436
3 1454 1455 1456
3 1454 1456 1457
3 1515 1490 1562
3 1370 1368 1371
3 1813 1562 1814
3 1551 1569 1653
3 1500 1864 1865
3 1473 1425 1800
3 1372 1371 1373
3 1262 1259 1884
3 1458 1459 1460
3 1428 1573 1574
3 1471 1425 1472
3 178 179 1806
3 1412 1373 1413
3 1587 1588 1670
3 1512 1563 1566
3 1223 173 1874
3 1576 1828 1883
3 1874 174 1875
3 1296 1297 1298
3 1340 1342 1428
3 1289 1291 1292
3 1515 1562 1813
3 1587 1670 1671
3 1602 1835 1975
3 1580 1498 1920
3 1663 1664 1764
3 96 97 1222
3 1594 1511 1595
3 1556 1662 1663
3 1301 1303 1304
3 1766 1466 1989
3 1402 1404 1540
3 1308 1309 1311
3 1379 1381 1860
3 1311 1312 1313
3 1453 1454 1840
3 1311 1309 1312
3 1453 1452 1454
3 1625 1577 1694
3 1305 1307 1308
3 1293 1295 1296
3 1633 1568 1729
3 1267 1265 1268
3 1478 1479 1480
3 1548 1547 1604
3 1474 1473 1901
3 75 1228 1853
3 1469 1468 1547
3 1574 1573 1575
3 1484 1486 1487
3 1533 1872 1873
3 1833 1834 1835
3 1405 1400 1851
3 1482 1484 1485
3 1435 1398 1850
3 1292 1291 1293
3 1853 1228 1854
3 1576 1574 1577
3 1814 1815 1816
3 1478 1477 1479
3 1570 1262 1571
3 1362 1298 1537
3 1411 1360 1545
3 1369 1368 1370
3 1482 1483 1484
3 1940 1738 1982
3 1608 1604 1647
3 1835 1834 1836
3 1879 1859 1880
3 1367 1366 1368
3 1601 1602 1766
3 1458 1460 1461
3 73 74 1200
3 1298 1297 1299
3 1381 1382 1383
3 1346 1641 1642
3 1365 1364 1366
3 1299 1301 1833
3 1578 1577 1625
3 1747 1926 1976
3 1193 171 1839
3 1383 1384 1416
3 1461 1516 1900
3 1398 1396 1850
3 1450 1452 1453
3 93 94 1796
3 1748 1747 1749
3 1314 1313 1316
3 1296 1295 1297
3 1445 1446 1447
3 1428 1574 1576
3 1737 1571 1738
3 1497 1407 1845
3 1827 1274 1890
3 1320 1319 1328
3 1802 1545 1803
3 1482 1480 1483
3 1318 1316 1319
3 1601 1537 1602
3 1746 1748 1750
3 1572 1364 1929
3 174 175 1875
3 1816 1817 1818
3 1308 1307 1309
3 1423 1444 1445
3 1422 1413 1423
3 1419 1429 1442
3 1834 1304 1837
3 1400 1398 1435
3 1693 1742 1743
3 1433 1347 1489
3 1270 1268 1350
3 1200 74 1853
3 1836 1539 1967
3 1304 1303 1305
3 97 98 1825
3 1379 1380 1381
3 172 173 1223
3 1368 1366 1872
3 1296 1298 1362
3 1509 1586 1587
3 170 171 1193
3 175 176 1194
3 1417 1416 1509
3 1507 1592 1970
3 94 95 1195
3 173 174 1874
3 1856 1328 1883
3 1450 1451 1452
3 1524 1506 1902
3 1481 1480 1482
3 1447 1448 1514
3 1691 1692 1693
3 1743 1742 1744
3 1489 1347 1861
3 1445 1444 1446
3 1484 1483 1486
3 1511 1476 1862
3 1561 1524 1614
3 1347 1333 1861
3 1458 1456 1459
3 1654 1569 1790
3 1918 1290 1978
3 1626 1625 1683
3 1386 1388 1418
3 1445 1447 1517
3 1866 1865 1868
3 1595 1511 1862
3 1544 1537 1601
3 1447 1446 1448
3 1814 1562 1815
3 1344 1341 1896
3 1487 1486 1887
3 1354 1437 1888
3 1576 1577 1578
3 1381 1380 1382
3 1518 1497 1551
3 1314 1316 1318
3 1834 1837 1946
3 1318 1319 1320
3 1341 1329 1896
3 1273 1271 1274
3 1407 1374 1845
3 1311 1313 1314
3 1240 1239 1241
3 1571 1262 1884
3 1289 1290 1291
3 1903 1902 1958
3 1479 1532 1579
3 1331 1320 1856
3 1540 1831 1939
3 1270 1350 1531
3 1509 1416 1586
3 1282 1280 1364
3 1333 1331 1377
3 1646 1632 1881
3 1483 1480 1895
3 1394 1392 1468
3 1462 1460 1465
3 171 172 1839
3 1458 1461 1900
3 1454 1452 1455
3 1816 1815 1817
3 1895 1579 1920
3 1388 1390 1905
3 1448 1449 1450
3 1299 1833 1842
3 1570 1571 1737
3 1579 1635 1636
3 1528 1568 1633
3 1428 1342 1573
3 1763 1580 1932
3 1372 1412 1426
3 1348 1347 1433
3 1590 1831 1961
3 1826 1274 1827
3 1383 1382 1384
3 1451 1530 1852
3 1192 88 1754
3 1288 1287 1289
3 1328 1340 1883
3 1579 1532 1635
3 1269 1268 1270
3 1841 1457 1900
3 1566 1859 1879
3 1693 1741 1742
3 1766 1989 1997
3 1496 1407 1497
3 1824 1815 1899
3 1815 1562 1899
3 1587 1671 1832
3 1578 1625 1626
3 1636 1635 1728
3 1528 1501 1568
3 1490 1433 1899
3 1296 1362 1906
3 1587 1586 1588
3 1377 1331 1856
3 1475 1476 1511
3 1373 1371 1533
3 1503 1490 1515
3 1468 1392 1972
3 1498 1483 1895
3 1546 1515 1565
3 1334 1333 1347
3 1373 1533 1912
3 1479 1477 1532
3 1755 1754 1756
3 1486 1538 1887
3 1580 1920 1932
3 1362 1537 1544
3 1860 1381 1925
3 1264 1266 1919
3 1285 1287 1288
3 1614 1902 1903
3 1267 1268 1269
3 1423 1443 1444
3 1390 1395 1419
3 1478 1480 1481
3 1292 1293 1906
3 1465 1729 2029
3 1293 1294 1295
3 1330 1320 1331
3 1444 1582 1914
3 1313 1312 1317
3 1424 1411 1425
3 1332 1331 1333
3 1372 1426 1871
3 1636 1728 1811
3 1370 1372 1871
3 1374 1370 1871
3 1365 1366 1367
3 1594 1595 1680
3 1592 1619 1620
3 1339 1337 1500
3 1363 1590 1904
3 1243 1244 1245
3 1282 1364 1365
3 1691 1689 1692
3 74 75 1853
3 1554 1492 1555
3 1494 1534 1612
3 1279 1277 1280
3 1613 1565 1627
3 1626 1683 1684
3 1544 1601 1609
3 1608 1647 1648
3 1548 1604 1608
3 1367 1368 1369
3 1850 1396 1918
3 1383 1416 1417
3 1399 1402 1939
3 1486 1498 1538
3 1461 1463 1516
3 1479 1579 1895
3 1301 1302 1303
3 1379 1378 1380
3 1369 1370 1374
3 1538 1580 1644
3 1450 1449 1451
3 1469 1547 1548
3 1352 1354 1888
3 75 76 1228
3 1833 1835 1842
3 1305 1306 1307
3 1693 1692 1741
3 1362 1603 1906
3 1501 1252 1891
3 1448 1446 1449
3 1543 1379 1860
3 1551 1653 1679
3 1316 1313 1894
3 1263 1262 1570
3 1444 1443 1582
3 1234 1767 1784
3 1334 1347 1348
3 1507 1526 1592
3 1299 1300 1301
3 1345 1344 1346
3 154 155 1201
3 1354 1356 1437
3 1480 1479 1895
3 1922 1539 1946
3 1448 1450 1926
3 1266 1352 1919
3 1289 1287 1290
3 1390 1419 1905
3 1423 1413 1443
3 1614 1524 1902
3 1641 1344 1896
3 1266 1265 1267
3 1434 1433 1490
3 1394 1468 1469
3 1461 1460 1462
3 2007 1310 2010
3 1582 1739 1935
3 1496 1497 1518
3 1318 1320 1330
3 1332 1333 1334
3 1457 1458 1900
3 1472 1474 1475
3 1343 1349 1913
3 1293 1296 1906
3 1201 155 1898
3 1375 1374 1407
3 1330 1331 1332
3 1254 1528 1907
3 1509 1587 1832
3 1317 1379 1543
3 1289 1292 2025
3 1452 1451 1852
3 1486 1483 1498
3 1562 1490 1899
3 1284 1283 1285
3 155 156 1898
3 1274 1271 1890
3 1855 1228 1889
3 1561 1614 1615
3 1749 1747 1976
3 1265 1263 1892
3 1644 1580 1763
3 1293 1291 1294
3 1843 1314 1922
3 1854 1228 1855
3 1570 1737 1823
3 1270 1531 1890
3 1349 1415 1431
3 1576 1578 1828
3 1631 1658 1951
3 1538 1498 1580
3 1228 76 1889
3 1774 1772 1973
3 1584 1877 1878
3 1843 1922 1946
3 1482 1485 1885
3 1817 1815 1824
3 1273 1274 1275
3 1634 1633 1731
3 1566 1563 1857
3 1481 1482 1885
3 1643 1501 1891
3 76 77 1889
3 1285 1283 1286
3 1317 1378 1379
3 1451 1529 1530
3 1563 1630 1857
3 1396 1294 1918
3 156 157 1229
3 1582 1585 1739
3 1275 1274 1826
3 1280 1277 1929
3 1279 1280 1281
3 1732 1731 1791
3 1502 1527 1549
3 1261 1259 1262
3 1599 1665 1666
3 1867 1864 1916
3 1636 1811 1932
3 1409 1420 1421
3 1278 1277 1279
3 1313 1317 1894
3 1384 1386 1886
3 1285 1286 1287
3 1421 1488 1502
3 1279 1281 1911
3 1290 1287 1983
3 1416 1384 1886
3 1626 1684 1793
3 1269 1270 1271
3 1281 1280 1282
3 1404 1408 1409
3 1500 1865 1866
3 1663 1764 1765
3 1257 1255 1258
3 1798 1195 1805
3 1495 1407 1496
3 1381 1383 1925
3 1286 1283 1915
3 1401 1400 1405
3 1635 1532 1637
3 1278 1279 1376
3 1348 1433 1434
3 1533 1873 1948
3 1312 1309 1924
3 1584 1876 1877
3 1866 1868 1869
3 1550 1660 1661
3 1369 1374 1375
3 1431 1440 1470
3 1272 1271 1273
3 1328 1329 1340
3 1451 1449 1529
3 1402 1403 1404
3 1281 1284 1911
3 1317 1543 1894
3 157 158 1897
3 1375 1407 1495
3 1281 1283 1284
3 1309 1307 1310
3 1352 1888 1919
3 1455 1452 1852
3 156 1229 1898
3 1503 1515 1546
3 1299 1297 1300
3 1362 1544 1603
3 1383 1417 1925
3 1622 1606 1701
3 1254 1252 1501
3 1294 1291 1918
3 1365 1367 1589
3 1582 1443 1585
3 1413 1373 1912
3 1254 1501 1528
3 1446 1444 1914
3 1317 1312 1378
3 1884 1258 1945
3 1291 1290 1918
3 1363 1294 1396
3 1318 1330 1922
3 1528 1633 1634
3 1530 1529 1639
3 1575 1573 1846
3 1305 1303 1306
3 1334 1348 1466
3 1546 1565 1613
3 1739 1585 1740
3 1295 1294 1363
3 1399 1398 1400
3 1461 1462 1463
3 1584 1583 1876
3 1477 1474 1901
3 81 82 1908
3 158 159 1189
3 161 162 1225
3 163 164 1191
3 1630 1631 1951
3 77 78 1188
3 80 81 1226
3 82 83 1190
3 1340 1341 1342
3 1263 1570 1892
3 1579 1636 1920
3 1434 1490 1503
3 1255 1254 1907
3 162 163 1909
3 1330 1332 1539
3 1376 1279 1911
3 1271 1270 1890
3 1499 1583 1584
3 1248 1250 1321
3 1363 1397 1590
3 1314 1318 1922
3 1532 1477 1901
3 1424 1425 1471
3 1343 1345 1349
3 1328 1319 1329
3 1689 1654 1927
3 1399 1401 1402
3 135 136 1230
3 1522 1655 1656
3 1741 1692 1822
3 1449 1446 1914
3 1780 1774 1781
3 1384 1385 1386
3 1417 1541 1925
3 1251 1249 1252
3 1375 1495 1499
3 1942 1870 1958
3 1914 1582 1935
3 1586 1416 1886
3 1364 1280 1929
3 1297 1295 1904
3 1410 1360 1411
3 1443 1413 1912
3 1499 1495 1583
3 1380 1378 1600
3 1450 1453 1926
3 1500 1866 1942
3 1378 1312 1924
3 1612 1534 1638
3 1528 1634 1907
3 1676 1624 1685
3 1229 157 1897
3 1570 1823 1892
3 77 1188 1889
3 1634 1731 1732
3 1330 1539 1922
3 1301 1300 1302
3 1397 1396 1398
3 1258 1255 1907
3 1281 1282 1283
3 1394 1469 1917
3 1359 1358 1360
3 1442 1556 1928
3 1900 1516 1934
3 1519 1521 1591
3 1496 1518 1519
3 1529 1449 1914
3 1295 1363 1904
3 1417 1509 1510
3 1442 1429 1492
3 1831 1830 1996
3 1828 1578 1921
3 1261 1262 1263
3 1369 1375 1923
3 1264 1263 1265
3 1628 1627 1677
3 1357 1355 1358
3 1384 1382 1385
3 1402 1540 1939
3 1593 1511 1594
3 1810 1240 2003
3 1353 1351 1596
3 1375 1499 1923
3 1282 1365 1915
3 1419 1395 1429
3 1243 1245 1246
3 1309 1310 1924
3 1276 1278 1467
3 1257 1258 1259
3 1841 1900 1934
3 1365 1589 1915
3 1434 1503 1504
3 1472 1475 1952
3 1363 1396 1397
3 1578 1626 1921
3 1321 1322 1323
3 158 1189 1897
3 1598 1427 1650
3 1557 1510 1832
3 1651 1617 1652
3 1616 1615 1617
3 1585 1443 1912
3 1253 1252 1254
3 1386 1387 1388
3 1519 1591 1931
3 1303 1302 1893
3 1592 1526 1619
3 1589 1367 1923
3 1637 1532 1901
3 1613 1627 1628
3 1794 1795 1959
3 1588 1586 1933
3 1345 1346 1941
3 1283 1282 1915
3 1522 1656 1963
3 1323 1324 1325
3 1510 1509 1832
3 1505 1942 1958
3 1626 1793 1921
3 1819 2000 2007
3 1367 1369 1923
3 1548 1608 1640
3 1584 1878 1954
3 1402 1401 1403
3 1596 1351 1938
3 1519 1518 1520
3 1923 1499 1954
3 82 1190 1908
3 1912 1533 1948
3 1672 1553 1674
3 1770 1769 1771
3 1886 1418 1933
3 1656 1655 1657
3 1226 81 1908
3 163 1191 1909
3 1610 1557 1675
3 1225 162 1909
3 1589 1923 1954
3 133 134 1203
3 1272 1273 1930
3 1732 1791 1940
3 1399 1400 1401
3 1253 1254 1255
3 1549 1527 1550
3 1495 1496 1931
3 1639 1529 1935
3 1316 1894 1962
3 1393 1392 1394
3 1549 2045 2054
3 1920 1636 1932
3 1382 1380 1949
3 1421 1420 1488
3 1546 1613 1649
3 1502 1488 1527
3 1409 1408 1420
3 1404 1403 1408
3 1408 1403 1432
3 1300 1297 1904
3 1417 1510 1541
3 1264 1265 1266
3 1529 1914 1935
3 1837 1843 1946
3 1266 1267 1351
3 1573 1342 1913
3 1560 1524 1561
3 1591 1521 1605
3 1273 1275 1276
3 1397 1398 1399
3 1542 1510 1557
3 1583 1495 1931
3 1866 1870 1942
3 1496 1519 1931
3 1269 1271 1272
3 1343 1341 1344
3 1772 1771 1776
3 1571 1884 1982
3 1273 1276 1930
3 1276 1277 1278
3 1692 1689 1927
3 1605 1521 1606
3 1410 1411 1424
3 1352 1353 1354
3 1349 1345 1415
3 1523 1506 1524
3 1306 1303 1893
3 1359 1360 1410
3 1631 1645 1658
3 196 197 1231
3 1340 1329 1341
3 1357 1358 1359
3 151 152 1211
3 1620 1619 1957
3 1902 1505 1958
3 1840 1841 1960
3 1552 1441 1553
3 1542 1610 1611
3 1401 1405 1943
3 1387 1385 1882
3 1319 1316 1962
3 1519 1520 1521
3 1339 1500 1942
3 1822 1692 1927
3 1256 1255 1257
3 1380 1600 1949
3 1327 1326 1980
3 1605 1606 1607
3 1354 1355 1356
3 1561 1615 1616
3 1257 1259 1260
3 1260 1259 1261
3 1414 1339 1505
3 1251 1252 1253
3 1600 1378 1924
3 1866 1869 1870
3 1801 1802 1985
3 1650 1427 1917
3 1740 1585 1948
3 1840 1960 1976
3 1386 1385 1387
3 1342 1341 1343
3 1334 1466 1967
3 1896 1329 1962
3 1336 1338 1406
3 1607 1606 1622
3 1607 1622 1623
3 1266 1351 1352
3 1846 1573 1913
3 1359 1410 1430
3 1356 1357 1361
3 1391 1389 1392
3 1261 1263 1264
3 1352 1351 1353
3 1253 1255 1256
3 1663 1765 1928
3 1726 1215 2065
3 1462 1465 1966
3 1541 1510 1542
3 1651 1652 1700
3 1276 1275 1277
3 1503 1546 1944
3 1585 1912 1948
3 1338 1337 1339
3 1393 1427 1597
3 1245 1244 1315
3 1354 1353 1355
3 1616 1651 1687
3 1539 1332 1967
3 1267 1269 1938
3 1616 1617 1651
3 1887 1538 2024
3 1926 1453 1976
3 1342 1343 1913
3 1655 1558 1659
3 1393 1394 1427
3 1522 1471 1558
3 195 196 1936
3 1623 1698 1699
3 1343 1344 1345
3 1505 1339 1942
3 1427 1394 1917
3 1471 1472 1952
3 1504 1503 1944
3 1586 1886 1933
3 1356 1355 1357
3 70 71 1210
3 1960 1749 1976
3 1860 1993 1995
3 1550 1629 1660
3 1336 1335 1337
3 1563 1564 1630
3 1276 1467 1930
3 1325 1326 1327
3 1550 1527 1629
3 1488 1420 1525
3 1385 1382 1949
3 1597 1598 1599
3 1499 1584 1954
3 1388 1389 1390
3 1623 1622 1698
3 1673 1702 1709
3 1643 1891 1988
3 1628 1677 1678
3 1599 1621 1665
3 1358 1355 1950
3 1475 1511 1593
3 1260 1261 1953
3 1329 1319 1962
3 1424 1471 1522
3 1556 1663 1928
3 1353 1596 1950
3 1463 1464 1512
3 1512 1513 1563
3 1475 1593 1952
3 1286 1915 1971
3 1414 1506 1507
3 1507 1523 1526
3 1523 1524 1560
3 1542 1557 1610
3 1552 1672 1673
3 194 195 1202
3 1522 1558 1655
3 1391 1392 1393
3 1619 1668 1669
3 1597 1427 1598
3 1351 1267 1938
3 1240 1241 1536
3 1993 1642 1995
3 1326 1336 1980
3 203 204 2068
3 1546 1649 1944
3 1904 1590 1961
3 1599 1598 1621
3 1243 1242 1244
3 1431 1415 1440
3 1405 1851 2002
3 1665 1621 1667
3 1332 1334 1967
3 1390 1391 1395
3 1907 1634 1945
3 2006 1955 2017
3 1250 1249 1251
3 1962 1894 1984
3 1695 1559 1696
3 1785 1784 1863
3 1432 1403 1943
3 1555 1559 1624
3 1388 1387 1389
3 1619 1526 1668
3 1414 1505 1506
3 1583 1931 1974
3 1634 1732 1945
3 1440 1415 1441
3 1336 1337 1338
3 1491 1968 1986
3 1338 1339 1414
3 1659 1558 1992
3 1429 1395 1491
3 1507 1506 1523
3 1286 1971 1983
3 1599 1666 1986
3 1594 1680 1682
3 1258 1907 1945
3 1321 1250 1322
3 1780 1781 1786
3 1513 1464 1730
3 1978 1290 1983
3 1552 1553 1672
3 1261 1264 1953
3 1954 1878 1971
3 1867 1916 1999
3 164 165 1910
3 1403 1401 1943
3 1968 1597 1986
3 1882 1385 1949
3 1931 1591 1974
3 1264 1919 1953
3 1440 1441 1552
3 1835 1836 1975
3 1246 1245 1247
3 1695 1696 1697
3 1453 1840 1976
3 1463 1462 1464
3 1876 1583 1974
3 1768 1769 1770
3 1408 1432 1955
3 1355 1353 1950
3 1269 1272 1938
3 1390 1389 1391
3 2008 1256 2014
3 1302 1300 1961
3 1441 1415 1941
3 1673 1672 1702
3 1804 1596 1991
3 1631 1564 1632
3 69 70 1969
3 1326 1335 1336
3 149 150 1233
3 1589 1954 1971
3 1878 1877 1978
3 1609 1601 1997
3 1971 1878 1983
3 1300 1904 1961
3 1436 2035 2039
3 1558 1471 1952
3 1915 1589 1971
3 130 131 1217
3 1361 1357 1956
3 1619 1669 1957
3 1357 1359 1956
3 1466 1348 1989
3 1593 1594 1947
3 1415 1345 1941
3 1191 164 1910
3 1555 1492 1559
3 1420 1408 1955
3 1674 1553 2019
3 85 86 1221
3 1359 1430 1956
3 1410 1424 1963
3 1248 1247 1249
3 1326 1324 1335
3 1781 1774 1973
3 1241 1242 1243
3 1248 1249 1250
3 1645 1632 1646
3 1430 1410 1963
3 1884 1945 1982
3 1323 1322 1324
3 1770 1771 1772
3 1525 1420 1955
3 1325 1324 1326
3 1246 1247 1248
3 1527 1488 1965
3 1424 1522 1963
3 196 1231 1936
3 1287 1286 1983
3 1542 1611 1981
3 1243 1246 1990
3 1387 1882 1972
3 1393 1597 1968
3 1629 1527 1965
3 1488 1525 1965
3 1945 1732 1982
3 1943 1405 2005
3 1494 1508 1534
3 68 69 1232
3 1405 2002 2005
3 1624 1559 1695
3 1896 1962 1984
3 1434 1504 1989
3 1346 1642 1998
3 1641 1896 1984
3 1512 1464 1513
3 1491 1395 1968
3 1336 1406 1980
3 1395 1391 1968
3 1860 1925 1993
3 1726 1646 1727
3 1492 1429 1977
3 1392 1389 1972
3 1775 1774 1780
3 1391 1393 1968
3 1406 1338 1970
3 1638 1534 1964
3 1202 195 1936
3 1414 1507 1970
3 1563 1513 1564
3 1630 1564 1631
3 1848 1801 1985
3 1773 1775 1783
3 1631 1632 1645
3 1504 1944 2001
3 1943 2005 2009
3 1961 1831 1996
3 1288 1763 2033
3 1429 1491 1977
3 1730 1464 1966
3 1594 1682 1947
3 1936 1231 1937
3 1241 1239 1242
3 1642 1641 1995
3 1389 1387 1972
3 1534 1535 1964
3 1732 1940 1982
3 1894 1543 1984
3 165 166 1227
3 1541 1542 1981
3 1819 2007 2010
3 1696 1559 1977
3 1247 1245 1988
3 1775 1780 1782
3 1534 1508 1535
3 1338 1414 1970
3 70 1210 1969
3 1464 1462 1966
3 1802 1804 2018
3 1508 1493 1618
3 1641 1984 1995
3 1891 1247 1988
3 1773 1772 1774
3 1541 1981 1993
3 1245 1315 1988
3 1272 1930 1991
3 1647 1604 2010
3 1302 1961 1996
3 1348 1434 1989
3 1851 1974 2002
3 1597 1599 1986
3 1867 1999 2008
3 191 192 1212
3 1513 1730 1987
3 1645 1646 1726
3 1878 1978 1983
3 1632 1564 1987
3 1984 1543 1995
3 1559 1492 1977
3 1981 1642 1993
3 1773 1774 1775
3 1941 1346 1998
3 1543 1860 1995
3 1868 1865 2014
3 1770 1772 1773
3 1241 1243 1990
3 1925 1541 1993
3 1231 1810 2003
3 1830 2026 2037
3 1642 1981 1998
3 1638 1966 2029
3 1234 1784 1785
3 1553 1441 2013
3 1974 1591 2002
3 1596 1938 1991
3 1315 1493 1494
3 1893 1302 1996
3 1916 1322 1999
3 1601 1766 1997
3 1959 1795 2038
3 166 167 1979
3 1997 1504 2001
3 1315 1244 1493
3 1232 69 1969
3 2035 1640 2039
3 1310 1307 2016
3 1938 1272 1991
3 1924 1310 2007
3 1829 1436 2026
3 1603 1544 2012
3 167 168 1207
3 1432 1943 2009
3 1322 1250 1999
3 165 1227 1910
3 1952 1593 1992
3 1536 1241 1990
3 1581 1882 2000
3 1558 1952 1992
3 1494 1612 2011
3 1867 2008 2014
3 1564 1513 1987
3 1848 1985 2022
3 2011 1612 2027
3 1494 1493 1508
3 1768 1770 1994
3 1292 1906 2020
3 1432 2009 2017
3 1253 1256 2008
3 1681 1792 2041
3 1250 1251 1999
3 1609 1997 2001
3 1593 1947 1992
3 1485 1484 2031
3 1729 1568 2027
3 1882 1949 2000
3 1643 1988 2011
3 1986 1666 2004
3 1949 1600 2000
3 1981 1611 1998
3 1955 1432 2017
3 2021 1260 2036
3 1699 2006 2017
3 1467 1278 2022
3 1591 1605 2002
3 1941 1998 2013
3 1991 1930 2018
3 1773 1783 1994
3 2010 1310 2016
3 2002 1605 2005
3 1763 1932 2033
3 1966 1465 2029
3 2000 1600 2007
3 1999 1251 2008
3 2026 1648 2037
3 1647 2010 2016
3 1257 1260 2021
3 1421 1502 2035
3 1977 1491 2004
3 1618 2048 2052
3 1799 1769 2015
3 1888 1437 2044
3 1605 1607 2005
3 1985 1467 2022
3 1644 1763 2025
3 1998 1611 2013
3 1600 1924 2007
3 1770 1773 1994
3 1649 1613 2032
3 1251 1253 2008
3 2012 1887 2024
3 2020 1603 2024
3 1804 1991 2018
3 1227 166 1979
3 1696 1977 2004
3 2005 1607 2009
3 1491 1986 2004
3 1988 1315 2011
3 192 193 2015
3 1607 1623 2009
3 1644 2020 2024
3 2004 1666 2023
3 1487 1887 2030
3 1681 2041 2042
3 1604 1819 2010
3 1525 1955 2006
3 2062 1937 2063
3 2012 1609 2030
3 1937 1231 2003
3 1608 1648 2039
3 2041 1885 2046
3 1544 1609 2012
3 1553 2013 2019
3 1643 2011 2027
3 1865 1867 2014
3 1887 2012 2030
3 1917 2040 2054
3 1307 1306 2016
3 1769 1212 2015
3 2009 1623 2017
3 1212 192 2015
3 1242 1736 2048
3 1917 1469 2040
3 2028 1649 2031
3 1315 1494 2011
3 1548 1640 2040
3 1256 1257 2021
3 1620 1957 2074
3 1696 2004 2023
3 167 1207 1979
3 1919 1888 2043
3 1538 1644 2024
3 1648 1647 2034
3 1441 1941 2013
3 1623 1699 2017
3 1487 2028 2031
3 1868 2014 2021
3 1868 2021 2036
3 1550 1661 2045
3 1906 1603 2020
3 1611 1610 2019
3 1930 1467 2018
3 1485 2031 2032
3 2044 1437 2050
3 1903 2050 2051
3 1648 2034 2037
3 1278 1376 2022
3 2031 1649 2032
3 1996 1830 2037
3 1568 1643 2027
3 1603 2012 2024
3 1869 1868 2036
3 1903 1958 2050
3 1830 1829 2026
3 1292 2020 2025
3 2028 1487 2030
3 2013 1611 2019
3 1697 1696 2023
3 2016 1306 2034
3 1598 1650 2049
3 1760 2061 2067
3 2026 1436 2039
3 2020 1644 2025
3 2045 1650 2054
3 1484 1487 2031
3 1244 1242 2048
3 1944 1649 2028
3 1647 2016 2034
3 194 1202 2047
3 1615 2053 2055
3 1613 1628 2032
3 1618 1735 2061
3 2001 1944 2028
3 2014 1256 2021
3 2048 1736 2052
3 1932 1811 2033
3 1779 1777 2057
3 2043 1888 2044
3 2003 1536 2038
3 1678 2041 2046
3 1648 2026 2039
3 1306 1893 2034
3 1885 1485 2046
3 1436 1421 2035
3 1615 1614 2053
3 2001 2028 2030
3 1356 1361 2051
3 1260 1953 2036
3 2034 1893 2037
3 1609 2001 2030
3 1869 2036 2043
3 1536 1959 2038
3 1640 1608 2039
3 1618 1493 2048
3 1469 1548 2040
3 2040 1733 2054
3 1652 1617 2056
3 2015 193 2047
3 2066 1778 2070
3 1799 2015 2047
3 1893 1996 2037
3 1617 1615 2055
3 1792 1885 2041
3 2032 1628 2046
3 1733 1549 2054
3 1652 2056 2058
3 2036 1953 2043
3 1485 2032 2046
3 2041 1678 2042
3 2051 1361 2053
3 1953 1919 2043
3 1937 2003 2038
3 2047 1202 2057
3 1963 1656 2058
3 1870 1869 2044
3 1549 1550 2045
3 1628 1678 2046
3 2058 1656 2060
3 193 194 2047
3 1617 2055 2056
3 1656 1657 2060
3 1650 2045 2049
3 2050 1437 2051
3 2045 1661 2049
3 1869 2043 2044
3 1760 1535 2061
3 1870 2044 2050
3 1621 1598 2049
3 1958 1870 2050
3 1493 1244 2048
3 1508 1618 2061
3 1936 1937 2062
3 1325 1327 2066
3 1736 1218 2052
3 1779 2062 2063
3 1437 1356 2051
3 2053 1361 2055
3 2049 1661 2059
3 1779 2057 2062
3 1614 1903 2053
3 1645 1726 2065
3 1621 2049 2059
3 2061 1735 2067
3 1650 1917 2054
3 1361 1956 2055
3 1795 1438 2070
3 1799 2047 2057
3 1903 2051 2053
3 1777 1799 2057
3 1956 1430 2056
3 2055 1956 2056
3 2056 1430 2058
3 1430 1963 2058
3 1652 2058 2060
3 1667 1621 2059
3 1700 1652 2060
3 1776 1778 2069
3 2038 1795 2063
3 204 2064 2068
3 1535 1508 2061
3 1202 1936 2062
3 2057 1202 2062
3 1658 1645 2065
3 1726 1727 2064
3 1438 1325 2066
3 1204 203 2068
3 1735 1204 2067
3 1937 2038 2063
3 2067 1204 2068
3 1727 1760 2067
3 1778 2066 2069
3 1727 2067 2068
3 1970 1592 2072
3 1786 1620 2074
3 2066 1327 2069
3 1973 1776 2069
3 1778 1779 2070
3 1406 2072 2073
3 1780 1786 2074
3 2064 1727 2068
3 1779 2063 2070
3 1327 1980 2071
3 2063 1795 2070
3 2069 1327 2071
3 1973 2069 2071
3 2071 1980 2073
3 2072 1786 2073
3 1980 1406 2073
3 1781 1973 2071
3 1406 1970 2072
3 1781 2071 2073
3 1786 1781 2073
3 1782 1780 2074
3 1675 1704 2154
3 1979 1207 2124
3 2099 1957 2157
3 1706 2084 2148
3 102 103 2075
3 100 101 2076
3 2111 1839 2167
3 1708 1707 2151
3 1818 160 2126
3 1439 1431 2077
3 180 181 2078
3 1209 102 2075
3 83 84 2079
3 1969 1210 2122
3 1788 1216 2123
3 101 1209 2076
3 1703 1230 2144
3 1674 1753 2146
3 1702 1205 2143
3 1753 1674 2145
3 1214 1709 2142
3 1675 1753 2145
3 1197 1703 2144
3 1217 1706 2148
3 2059 2100 2159
3 1659 2111 2167
3 1431 1470 2077
3 1189 1818 2120
3 1960 1841 2080
3 1523 1560 2081
3 1668 1526 2081
3 148 149 2082
3 67 68 2083
3 1198 180 2078
3 1965 1525 2085
3 1713 1470 2156
3 1673 1713 2156
3 1208 2099 2157
3 1701 1606 2086
3 1521 1520 2086
3 168 169 2087
3 1190 83 2079
3 71 72 2088
3 1551 1679 2089
3 1520 1518 2089
3 1797 1798 2085
3 1704 1725 2154
3 2102 1695 2162
3 1704 1675 2163
3 1671 1704 2163
3 1707 1567 2164
3 1676 1707 2164
3 1664 1705 2165
3 1705 1670 2165
3 1798 1805 2090
3 2079 84 2113
3 1226 1908 2117
3 1874 1875 2118
3 1560 1561 2091
3 1616 1687 2091
3 79 80 2092
3 1855 1889 2093
3 2100 1199 2159
3 1753 1675 2154
3 78 79 2095
3 1470 1713 2110
3 2084 1706 2149
3 1853 1854 2096
3 2078 181 2114
3 1796 1797 2097
3 1960 2080 2140
3 1718 1211 2098
3 2074 1957 2099
3 132 133 2103
3 1854 1855 2080
3 1841 1934 2080
3 1526 1523 2081
3 1211 152 2098
3 72 73 2104
3 100 2076 2115
3 169 170 2105
3 149 1233 2082
3 68 1232 2083
3 1698 1622 2106
3 1627 1686 2107
3 1809 1687 2121
3 2075 103 2116
3 1686 1813 2109
3 1992 1947 2111
3 1690 2079 2113
3 1213 2102 2162
3 1711 1214 2119
3 2059 1661 2100
3 1625 1694 2101
3 85 1221 2113
3 1669 2078 2114
3 182 1208 2114
3 128 129 2084
3 2076 1667 2115
3 1199 99 2115
3 1697 2075 2116
3 1525 2006 2085
3 104 1213 2116
3 1744 1751 2117
3 1700 2060 2118
3 146 1236 2119
3 1214 145 2119
3 1684 1683 2120
3 1818 1817 2120
3 1687 1651 2121
3 1857 1630 2122
3 1775 1782 2123
3 1680 1681 2124
3 1216 186 2125
3 161 1225 2126
3 1678 1677 2127
3 1846 1439 2108
3 1658 1762 2128
3 1624 1695 2102
3 1965 2085 2138
3 1691 1693 2129
3 1655 1659 2130
3 1666 1665 2131
3 2080 1855 2140
3 1606 1521 2086
3 1207 168 2087
3 153 154 2132
3 208 2 2133
3 2 67 2133
3 147 4 2134
3 4 148 2134
3 5 189 2135
3 188 5 2135
3 1234 1785 2135
3 1758 1206 2166
3 1764 1664 2165
3 1670 1588 2165
3 1567 1554 2164
3 1555 1676 2164
3 1675 1557 2163
3 1832 1671 2163
3 1193 1839 2111
3 1210 71 2088
3 1518 1551 2089
3 1552 1673 2156
3 1470 1440 2156
3 1757 1679 2112
3 1816 1818 2126
3 131 132 2151
3 137 1197 2144
3 1753 1752 2146
3 144 1214 2142
3 1205 142 2143
3 1230 136 2144
3 130 1217 2148
3 1610 1675 2145
3 1674 2019 2145
3 107 3 2136
3 3 128 2136
3 1701 2086 2166
3 1679 1653 2112
3 1805 1222 2090
3 1225 1909 2109
3 2081 1560 2152
3 1561 1616 2091
3 80 1226 2092
3 1889 1188 2093
3 1685 1624 2102
3 2085 1798 2138
3 1198 2078 2141
3 1206 1759 2106
3 1191 1910 2107
3 1797 2085 2158
3 1201 1898 2094
3 1188 78 2095
3 1200 1853 2096
3 1661 1660 2100
3 1683 1625 2101
3 1846 2108 2139
3 152 153 2098
3 1224 1796 2097
3 1721 1718 2098
3 1208 1789 2099
3 1782 2074 2099
3 1219 1753 2154
3 1825 1199 2100
3 1229 1897 2101
3 1213 1787 2102
3 133 1203 2103
3 1439 2077 2108
3 1668 2081 2141
3 1854 2080 2150
3 2080 1934 2150
3 1807 2081 2152
3 73 1200 2104
3 1723 1575 2139
3 1653 1688 2112
3 1194 1809 2121
3 2086 1756 2166
3 170 1193 2105
3 2094 2160 2168
3 2084 129 2148
3 1622 1701 2106
3 1677 1627 2107
3 2085 2006 2158
3 2077 1719 2108
3 1221 1757 2112
3 1719 1720 2108
3 1813 1814 2109
3 187 1785 2125
3 2086 1520 2153
3 1659 1992 2111
3 1575 1723 2160
3 2112 1688 2161
3 2081 1807 2141
3 84 85 2113
3 181 182 2114
3 99 100 2115
3 1520 2089 2153
3 103 104 2116
3 1743 1744 2117
3 2060 1657 2118
3 145 146 2119
3 1817 1684 2120
3 1651 1700 2121
3 1706 1685 2149
3 1221 2112 2161
3 1630 1951 2122
3 1783 1775 2123
3 1681 2042 2124
3 1785 1863 2125
3 186 187 2125
3 160 161 2126
3 2042 1678 2127
3 1951 1658 2128
3 2108 1720 2139
3 1201 2094 2168
3 1575 1846 2139
3 1693 1743 2129
3 1657 1655 2130
3 2119 1236 2155
3 2023 1666 2131
3 1567 1708 2137
3 1560 2091 2152
3 1756 2086 2153
3 2097 1797 2158
3 154 1201 2132
3 148 2082 2134
3 67 2083 2133
3 2096 1854 2150
3 1691 2129 2169
3 2130 1659 2167
3 1723 1721 2168
3 1235 107 2136
3 2089 1755 2153
3 2116 1213 2162
3 1237 208 2133
3 1236 147 2134
3 189 1234 2135
3 1855 2093 2140
3 1199 2115 2159
3 1629 1965 2138
3 1838 1575 2160
3 2114 1208 2157
3 1662 1567 2137
3 2113 1221 2161
3 1798 2090 2138
3 1662 2137 2147
3 1720 1723 2139
3 1749 1960 2140
3 1807 1198 2141
3 1752 1205 2146
3 143 144 2142
3 143 2142 2143
3 142 143 2143
3 136 137 2144
3 1664 1662 2147
3 2019 1610 2145
3 129 130 2148
3 1725 1219 2154
3 1688 1690 2161
3 1934 1880 2150
3 1217 131 2151
3 1808 1807 2152
3 1755 1756 2153
3 1714 1711 2155
3 1957 1669 2157
3 1440 1552 2156
3 2006 1699 2158
3 1667 2059 2159
3 1695 1697 2162
3 1557 1832 2163
3 1554 1555 2164
3 1588 1764 2165
3 1756 1758 2166
3 1839 1223 2167
3 2082 1236 2134
3 2083 1237 2133
3 2160 1723 2168
3 2084 1235 2136
3 2091 1808 2152
3 128 2084 2136
3 1190 2079 2169
3 1699 2097 2158
3 2090 1629 2138
3 1235 2084 2149
3 1708 2103 2137
3 1880 2096 2150
3 2093 1749 2140
3 1711 2119 2155
3 2094 1838 2160
3 1721 2132 2168
3 1690 2113 2161
3 1669 2114 2157
3 1697 2116 2162
3 2115 1667 2159
3 1223 2130 2167
3 2129 1190 2169
3 2132 1201 2168

CELL_TYPES 4170
5
5
5
5
5
5
5
5
5
5
5
5
5
5
5
5
5
5
5
5
5
5
5
5
5
5
5
5
5
5
5
5
5
5
5
5
5
5
5
5
5
5
5
5
5
5
5
5
5
5
5
5
5
5
5
5
5
5
5
5
5
5
5
5
5
5
5
5
5
5
5
5
5
5
5
5
5
5
5
5
5
5
5
5
5
5
5
5
5
5
5
5
5
5
5
5
5
5
5
5
5
5
5
5
5
5
5
5
5
5
5
5
5
5
5
5
5
5
5
5
5
5
5
5
5
5
5
5
5
5
5
5
5
5
5
5
5
5
5
5
5
5
5
5
5
5
5
5
5
5
5
5
5
5
5
5
5
5
5
5
5
5
5
5
5
5
5
5
5
5
5
5
5
5
5
5
5
5
5
5
5
5
5
5
5
5
5
5
5
5
5
5
5
5
5
5
5
5
5
5
5
5
5
5
5
5
5
5
5
5
5
5
5
5
5
5
5
5
5
5
5
5
5
5
5
5
5
5
5
5
5
5
5
5
5
5
5
5
5
5
5
5
5
5
5
5
5
5
5
5
5
5
5
5
5
5
5
5
5
5
5
5
5
5
5
5
5
5
5
5
5
5
5
5
5
5
5
5
5
5
5
5
5
5
5
5
5
5
5
5
5
5
5
5
5
5
5
5
5
5
5
5
5
5
5
5
5
5
5
5
5
5
5
5
5
5
5
5
5
5
5
5
5
5
5
5
5
5
5
5
5
5
5
5
5
5
5
5
5
5
5
5
5
5
5
5
5
5
5
5
5
5
5
5
5
5
5
5
5
5
5
5
5
5
5
5
5
5
5
5
5
5
5
5
5
5
5
5
5
5
5
5
5
5
5
5
5
5
5
5
5
5
5
5
5
5
5
5
5
5
5
5
5
5
5
5
5
5
5
5
5
5
5
5
5
5
5
5
5
5
5
5
5
5
5
5
5
5
5
5
5
5
5
5
5
5
5
5
5
5
5
5
5
5
5
5
5
5
5
5
5
5
5
5
5
5
5
5
5
5
5
5
5
5
5
5
5
5
5
5
5
5
5
5
5
5
5
5
5
5
5
5
5
5
5
5
5
5
5
5
5
5
5
5
5
5
5
5
5
5
5
5
5
5
5
5
5
5
5
5
5
5
5
5
5
5
5
5
5
5
5
5
5
5
5
5
5
5
5
5
5
5
5
5
5
5
5
5
5
5
5
5
5
5
5
5
5
5
5
5
5
5
5
5
5
5
5
5
5
5
5
5
5
5
5
5
5
5
5
5
5
5
5
5
5
5
5
5
5
5
5
5
5
5
5
5
5
5
5
5
5
5
5
5
5
5
5
5
5
5
5
5
5
5
5
5
5
5
5
5
5
5
5
5
5
5
5
5
5
5
5
5
5
5
5
5
5
5
5
5
5
5
5
5
5
5
5
5
5
5
5
5
5
5
5
5
5
5
5
5
5
5
5
5
5
5
5
5
5
5
5
5
5
5
5
5
5
5
5
5
5
5
5
5
5
5
5
5
5
5
5
5
5
5
5
5
5
5
5
5
5
5
5
5
5
5
5
5
5
5
5
5
5
5
5
5
5
5
5
5
5
5
5
5
5
5
5
5
5
5
5
5
5
5
5
5
5
5
5
5
5
5
5
5
5
5
5
5
5
5
5
5
5
5
5
5
5
5
5
5
5
5
5
5
5
5
5
5
5
5
5
5
5
5
5
5
5
5
5
5
5
5
5
5
5
5
5
5
5
5
5
5
5
5
5
5
5
5
5
5
5
5
5
5
5
5
5
5
5
5
5
5
5
5
5
5
5
5
5
5
5
5
5
5
5
5
5
5
5
5
5
5
5
5
5
5
5
5
5
5
5
5
5
5
5
5
5
5
5
5
5
5
5
5
5
5
5
5
5
5
5
5
5
5
5
5
5
5
5
5
5
5
5
5
5
5
5
5
5
5
5
5
5
5
5
5
5
5
5
5
5
5
5
5
5
5
5
5
5
5
5
5
5
5
5
5
5
5
5
5
5
5
5
5
5
5
5
5
5
5
5
5
5
5
5
5
5
5
5
5
5
5
5
5
5
5
5
5
5
5
5
5
5
5
5
5
5
5
5
5
5
5
5
5
5
5
5
5
5
5
5
5
5
5
5
5
5
5
5
5
5
5
5
5
5
5
5
5
5
5
5
5
5
5
5
5
5
5
5
5
5
5
5
5
5
5
5
5
5
5
5
5
5
5
5
5
5
5
5
5
5
5
5
5
5
5
5
5
5
5
5
5
5
5
5
5
5
5
5
5
5
5
5
5
5
5
5
5
5
5
5
5
5
5
5
5
5
5
5
5
5
5
5
5
5
5
5
5
5
5
5
5
5
5
5
5
5
5
5
5
5
5
5
5
5
5
5
5
5
5
5
5
5
5
5
5
5
5
5
5
5
5
5
5
5
5
5
5
5
5
5
5
5
5
5
5
5
5
5
5
5
5
5
5
5
5
5
5
5
5
5
5
5
5
5
5
5
5
5
5
5
5
5
5
5
5
5
5
5
5
5
5
5
5
5
5
5
5
5
5
5
5
5
5
5
5
5
5
5
5
5
5
5
5
5
5
5
5
5
5
5
5
5
5
5
5
5
5
5
5
5
5
5
5
5
5
5
5
5
5
5
5
5
5
5
5
5
5
5
5
5
5
5
5
5
5
5
5
5
5
5
5
5
5
5
5
5
5
5
5
5
5
5
5
5
5
5
5
5
5
5
5
5
5
5
5
5
5
5
5
5
5
5
5
5
5
5
5
5
5
5
5
5
5
5
5
5
5
5
5
5
5
5
5
5
5
5
5
5
5
5
5
5
5
5
5
5
5
5
5
5
5
5
5
5
5
5
5
5
5
5
5
5
5
5
5
5
5
5
5
5
5
5
5
5
5
5
5
5
5
5
5
5
5
5
5
5
5
5
5
5
5
5
5
5
5
5
5
5
5
5
5
5
5
5
5
5
5
5
5
5
5
5
5
5
5
5
5
5
5
5
5
5
5
5
5
5
5
5
5
5
5
5
5
5
5
5
5
5
5
5
5
5
5
5
5
5
5
5
5
5
5
5
5
5
5
5
5
5
5
5
5
5
5
5
5
5
5
5
5
5
5
5
5
5
5
5
5
5
5
5
5
5
5
5
5
5
5
5
5
5
5
5
5
5
5
5
5
5
5
5
5
5
5
5
5
5
5
5
5
5
5
5
5
5
5
5
5
5
5
5
5
5
5
5
5
5
5
5
5
5
5
5
5
5
5
5
5
5
5
5
5
5
5
5
5
5
5
5
5
5
5
5
5
5
5
5
5
5
5
5
5
5
5
5
5
5
5
5
5
5
5
5
5
5
5
5
5
5
5
5
5
5
5
5
5
5
5
5
5
5
5
5
5
5
5
5
5
5
5
5
5
5
5
5
5
5
5
5
5
5
5
5
5
5
5
5
5
5
5
5
5
5
5
5
5
5
5
5
5
5
5
5
5
5
5
5
5
5
5
5
5
5
5
5
5
5
5
5
5
5
5
5
5
5
5
5
5
5
5
5
5
5
5
5
5
5
5
5
5
5
5
5
5
5
5
5
5
5
5
5
5
5
5
5
5
5
5
5
5
5
5
5
5
5
5
5
5
5
5
5
5
5
5
5
5
5
5
5
5
5
5
5
5
5
5
5
5
5
5
5
5
5
5
5
5
5
5
5
5
5
5
5
5
5
5
5
5
5
5
5
5
5
5
5
5
5
5
5
5
5
5
5
5
5
5
5
5
5
5
5
5
5
5
5
5
5
5
5
5
5
5
5
5
5
5
5
5
5
5
5
5
5
5
5
5
5
5
5
5
5
5
5
5
5
5
5
5
5
5
5
5
5
5
5
5
5
5
5
5
5
5
5
5
5
5
5
5
5
5
5
5
5
5
5
5
5
5
5
5
5
5
5
5
5
5
5
5
5
5
5
5
5
5
5
5
5
5
5
5
5
5
5
5
5
5
5
5
5
5
5
5
5
5
5
5
5
5
5
5
5
5
5
5
5
5
5
5
5
5
5
5
5
5
5
5
5
5
5
5
5
5
5
5
5
5
5
5
5
5
5
5
5
5
5
5
5
5
5
5
5
5
5
5
5
5
5
5
5
5
5
5
5
5
5
5
5
5
5
5
5
5
5
5
5
5
5
5
5
5
5
5
5
5
5
5
5
5
5
5
5
5
5
5
5
5
5
5
5
5
5
5
5
5
5
5
5
5
5
5
5
5
5
5
5
5
5
5
5
5
5
5
5
5
5
5
5
5
5
5
5
5
5
5
5
5
5
5
5
5
5
5
5
5
5
5
5
5
5
5
5
5
5
5
5
5
5
5
5
5
5
5
5
5
5
5
5
5
5
5
5
5
5
5
5
5
5
5
5
5
5
5
5
5
5
5
5
5
5
5
5
5
5
5
5
5
5
5
5
5
5
5
5
5
5
5
5
5
5
5
5
5
5
5
5
5
5
5
5
5
5
5
5
5
5
5
5
5
5
5
5
5
5
5
5
5
5
5
5
5
5
5
5
5
5
5
5
5
5
5
5
5
5
5
5
5
5
5
5
5
5
5
5
5
5
5
5
5
5
5
5
5
5
5
5
5
5
5
5
5
5
5
5
5
5
5
5
5
5
5
5
5
5
5
5
5
5
5
5
5
5
5
5
5
5
5
5
5
5
5
5
5
5
5
5
5
5
5
5
5
5
5
5
5
5
5
5
5
5
5
5
5
5
5
5
5
5
5
5
5
5
5
5
5
5
5
5
5
5
5
5
5
5
5
5
5
5
5
5
5
5
5
5
5
5
5
5
5
5
5
5
5
5
5
5
5
5
5
5
5
5
5
5
5
5
5
5
5
5
5
5
5
5
5
5
5
5
5
5
5
5
5
5
5
5
5
5
5
5
5
5
5
5
5
5
5
5
5
5
5
5
5
5
5
5
5
5
5
5
5
5
5
5
5
5
5
5
5
5
5
5
5
5
5
5
5
5
5
5
5
5
5
5
5
5
5
5
5
5
5
5
5
5
5
5
5
5
5
5
5
5
5
5
5
5
5
5
5
5
5
5
5
5
5
5
5
5
5
5
5
5
5
5
5
5
5
5
5
5
5
5
5
5
5
5
5
5
5
5
5
5
5
5
5
5
5
5
5
5
5
5
5
5
5
5
5
5
5
5
5
5
5
5
5
5
5
5
5
5
5
5
5
5
5
5
5
5
5
5
5
5
5
5
5
5
5
5
5
5
5
5
5
5
5
5
5
5
5
5
5
5
5
5
5
5
5
5
5
5
5
5
5
5
5
5
5
5
5
5
5
5
5
5
5
5
5
5
5
5
5
5
5
5
5
5
5
5
5
5
5
5
5
5
5
5
5
5
5
5
5
5
5
5
5
5
5
5
5
5
5
5
5
5
5
5
5
5
5
5
5
5
5
5
5
5
5
5
5
5
5
5
5
5
5
5
5
5
5
5
5
5
5
5
5
5
5
5
5
5
5
5
5
5
5
5
5
5
5
5
5
5
5
5
5
5
5
5
5
5
5
5
5
5
5
5
5
5
5
5
5
5
5
5
5
5
5
5
5
5
5
5
5
5
5
5
5
5
5
5
5
5
5
5
5
5
5
5
5
5
5
5
5
5
5
5
5
5
5
5
5
5
5
5
5
5
5
5
5
5
5
5
5
5
5
5
5
5
5
5
5
5
5
5
5
5
5
5
5
5
5
5
5
5
5
5
5
5
5
5
5
5
5
5
5
5
5
5
5
5
5
5
5
5
5
5
5
5
5
5
5
5
5
5
5
5
5
5
5
5
5
5
5
5
5
5
5
5
5
5
5
5
5
5
5
5
5
5
5
5
5
5
5
5
5
5
5
5
5
5
5
5
5
5
5
5
5
5
5
5
5
5
5
5
5
5
5
5
5
5
5
5
5
5
5
5
5
5
5
5
5
5
5
5
5
5
5
5
5
5
5
5
5
5
5
5
5
5
5
5
5
5
5
5
5
5
5
5
5
5
5
5
5
5
5
5
5
5
5
5
5
5
5
5
5
5
5
5
5
5
5
5
5
5
5
5
5
5
5
5
5
5
5
5
5
5
5
5
5
5
5
5
5
5
5
5
5
5
5
5
5
5
5
5
5
5
5
5
5
5
5
5
5
5
5
5
5
5
5
5
5
5
5
5
5
5
5
5
5
5
5
5
5
5
5
5
5
5
5
5
5
5
5
5
5
5
5
5
5
5
5
5
5
5
5
5
5
5
5
5
5
5
5
5
5
5
5
5
5
5
5
5
5
5
5
5
5
5
5
5
5
5
5
5
5
5
5
5
5
5
5
5
5
5
5
5
5
5
5
5
5
5
5
5
5
5
5
5
5
5
5
5
5
5
5
5
5
5
5
5
5
5
5
5
5
5
5
5
5
5
5
5
5
5
5
5
5
5
5
5
5
5
5
5
5
5
5
5
5
5
5
5
5
5
5
5
5
5
5
5
5
5
5
5
5
5
5
5
5
5
5
5
5
5
5
5
5
5
5
5
5
5
5
5
5
5
5
5
5
5
5
5
5
5
5
5
5
5
5
5
5
5
5
5
5
5
5
5
5
5
5
5
5
5
5
5
5
5
5
5
5
5
5
5
5
5
5
5
5
5
5
5
5
5
5
5
5
5
5
5
5
5
5
5
5
5
5
5
5
5
5
5
5
5
5
5
5
5
5
5
5
5
5
5
5
5
5
5
5
5
5
5
5
5
5
5
5
5
5
5
5
5
5
5
5
5
5
5
5
5
5
5
5
5
5
5
5
5
5
5
5
5
5
5
5
5
5
5
5
5
5
5
5
5
5
5
5
5
5
5
5
5
5
5
5
5
5
5
5
5
5
5
5
5
5
5
5
5
5
5
5
5
5
5
5
5
5
5
5
5
5
5
5
5
5
5
5
5
5
5
5
5
5
5
5
5
5
5
5
5
5
5
5
5
5
5
5
5
5
5
5
5
5
5
5
5
5
5
5
5
5
5
5
5
5
5
5
5
5
5
5
5
5
5
5
5
5
5
5
5
5
5
5
5
5
5
5
5
5
5
5
5
5
5
5
5
5
5
5
5
5
5
5
5
5
5
5
5
5
5
5
5
5
5
5
5
5
5
5
5
5
5
5
5
5
5
5
5
5
5
5
5
5
5
5
5
5
5
5
5
5
5
5
5
5
5
5
5
5
5
5
5
5
5
5
5
5
5
5
5
5
5
5
5
5
5
5
5
5
5
5
5
5
5
5
5
5
5
5
5
5
5
5
5
5
5
5
5
5
5
5
5
5
5
5
5
5
5
5
5
5
5
5
5
5
5
5
5
5
5
5
5
5
5
5
5
5
5
5
5
5
5
5
5
5
5
5
5
5
5
5
5
5
5
5
5
5
5
5
5
5
5
5
5
5
5
5
5
5
5
5
5
5
5
5
5
5
5
5
5
5
5
5
5
5
5
5
5
5
5
5
5
5
5
5
5
5
5
5
5
5
5
5
5
5
5
5
5
5
5
5
5
5
5
5
5
5
5
5
5
5
5
5
5
5
5
5
5
5
5
5
5
5
5
5
5
5
5
5
5
5
5
5
5
5
5
5
5
5
5
5
5
5
5
5
5
5
5
5
5
5
5
5
5
5
5
5
5
5
5
5
5
5
5
5
5
5
5
5
5
5
5
5
5
5
5
5
5
5
5
5
5
5
5
5
5
5
5
5
5
5
5
5
5
5
5
5
5
5
5
5
5
5
5
5
5
5
5
5
5
5
5
5
5
5
5
5
5
5
5
5
5
5
5
5
5
5
5
5
5
5
5
5
5
5
5
5
5
5
5
5
5
5
5
5
5
5
5
5
5
5
5
5
5
5
5
5
5
5
5
5
5
5
5
5
5
5
5
5
5
5
5
5
5
5
5
5
5
5
5
5
5
5
5
5
5
5
5
5
5
5
5
5
5
5
5
5
5
5
5
5
5
5
5
5
5
5
5
5
5
5
5
5
5
5
5
5
5
5
5
5
5
5
5
5
5
5
5
5
5
5
5
5
5
5
5
5
5
5
5
5
5
5
5
5
5
5
5
5
5
5
5
5
5
5
5
5
5
5
5
5
5
5
5
5
5
5
5
5
5
5
5
5
5
5
5
5
5
5
5
5
5
5
5
5
5
5
5
5
5
5
5
5
5
5
5
5
5
5
5
5
5
5
5
5
5
5
5
5
5
5
5
5
5
5
5
5
5
5
5
5
5
5
5
5
5
5
5
5
5
5
5
5
5
5
5
5
5
5
5
5
5
5
5
5
5
5
5
5
5
5
5
5
5
5
5
5
5
5
5
5
5
5
5
5
5
5
5
5
5
5
5
5
5
5
5
5
5
5
5
5
5
5
5
5
5
5
5
5
5
5
5
5
5
5
5
5
5
5
5
5
5
5
5
5
5
5
5
5
5
5
5
5
5
5
5
5
5
5
5
5
5
5
5
5
5
5
5
5
5
5
5
5
5
5
5
5
5
5
5
5
5
5
5
5
5
5
5
5
5
5
5
5
5
5
5
5
5
5
5
5
5
5
5
5
5
5
5
5
5
5
5
5
5
5
5
5
5
5
5
5
5
5
5
5
5
5
5
5
5
5
5
5
5
5
5
5
5
5
5
5
5
5
5
5
5
5
5
5
5
5
5
5
5
5
5
5
5
5
5
5
5
5
5
5
5
5
5
5
5
5
5
5
5
5
5
5
5
5
5
5
5
5
5
5
5
5
5
5
5
5
5
5
5
5
5
5
5
5
5
5
5
5
5
5
5
5
5
5
5
5
5
5
5
5
5
5
5
5
5
5
5
5
5
5
5
5
5
5
5
5
5
5
5
5
5
5
5
5
5
5
5
5
5
5
5
5
5
5
5
5
5
5
5
5
5
5
5
5
5
5
5
5
5
5
5
5
5
5
5
5
5
5
5
5
5
5
5
5
5
5
5
5
5
5
5
5
5
5
5
5
5
5
5
5
5
5
5
5
5
5
5
5
5
5
5
5
5
5
5
5
5
5
5
5
5
5
5
5
5
5
5
5
5
5
5
5
5
5
5
5
5
5
5
5
5
5
5
5
5
5
5
5
5
5
5
5
5
5
5
5
5
5
5
5
5
5
5
5
5
5
5
5
5
5
5
5
5
5
5
5
5
5
5
5
5
5
5
5
5
5
5
5
5
5
5
5
5
5
5
5
5
5
5
5
5
5
5
5
5
5
5
5
5
5
5
5
5
5
5
5
5
5
5
5
5
5
5
5
5
5
5
5
5
5
5
5
5
5
5
5
5
5
5
5
5
5
5
5
5
5
5
5
5
5
5
5
5
5
5
5
5
5
5
5
5
5
5
5
5
5

CELL_DATA 4170
SCALARS CellEntityIds int 1
LOOKUP_TABLE default
1
1
1
1
1
1
1
1
1
1
1
1
1
1
1
1
1
1
1
1
1
1
1
1
1
1
1
1
1
1
1
1
1
1
1
1
1
1
1
1
1
1
1
1
1
1
1
1
1
1
1
1
1
1
1
1
1
1
1
1
1
1
1
1
1
1
1
1
1
1
1
1
1
1
1
1
1
1
1
1
1
1
1
1
1
1
1
1
1
1
1
1
1
1
1
1
1
1
1
1
1
1
1
1
1
1
1
1
1
1
1
1
1
1
1
1
1
1
1
1
1
1
1
1
1
1
1
1
1
1
1
1
1
1
1
1
1
1
1
1
1
1
1
1
1
1
1
1
1
1
1
1
1
1
1
1
1
1
1
1
1
1
1
1
1
1
1
1
1
1
1
1
1
1
1
1
1
1
1
1
1
1
1
1
1
1
1
1
1
1
1
1
1
1
1
1
1
1
1
1
1
1
1
1
1
1
1
1
1
1
1
1
1
1
1
1
1
1
1
1
1
1
1
1
1
1
1
1
1
1
1
1
1
1
1
1
1
1
1
1
1
1
1
1
1
1
1
1
1
1
1
1
1
1
1
1
1
1
1
1
1
1
1
1
1
1
1
1
1
1
1
1
1
1
1
1
1
1
1
1
1
1
1
1
1
1
1
1
1
1
1
1
1
1
1
1
1
1
1
1
1
1
1
1
1
1
1
1
1
1
1
1
1
1
1
1
1
1
1
1
1
1
1
1
1
1
1
1
1
1
1
1
1
1
1
1
1
1
1
1
1
1
1
1
1
1
1
1
1
1
1
1
1
1
1
1
1
1
1
1
1
1
1
1
1
1
1
1
1
1
1
1
1
1
1
1
1
1
1
1
1
1
1
1
1
1
1
1
1
1
1
1
1
1
1
1
1
1
1
1
1
1
1
1
1
1
1
1
1
1
1
1
1
1
1
1
1
1
1
1
1
1
1
1
1
1
1
1
1
1
1
1
1
1
1
1
1
1
1
1
1
1
1
1
1
1
1
1
1
1
1
1
1
1
1
1
1
1
1
1
1
1
1
1
1
1
1
1
1
1
1
1
1
1
1
1
1
1
1
1
1
1
1
1
1
1
1
1
1
1
1
1
1
1
1
1
1
1
1
1
1
1
1
1
1
1
1
1
1
1
1
1
1
1
1
1
1
1
1
1
1
1
1
1
1
1
1
1
1
1
1
1
1
1
1
1
1
1
1
1
1
1
1
1
1
1
1
1
1
1
1
1
1
1
1
1
1
1
1
1
1
1
1
1
1
1
1
1
1
1
1
1
1
1
1
1
1
1
1
1
1
1
1
1
1
1
1
1
1
1
1
1
1
1
1
1
1
1
1
1
1
1
1
1
1
1
1
1
1
1
1
1
1
1
1
1
1
1
1
1
1
1
1
1
1
1
1
1
1
1
1
1
1
1
1
1
1
1
1
1
1
1
1
1
1
1
1
1
1
1
1
1
1
1
1
1
1
1
1
1
1
1
1
1
1
1
1
1
1
1
1
1
1
1
1
1
1
1
1
1
1
1
1
1
1
1
1
1
1
1
1
1
1
1
1
1
1
1
1
1
1
1
1
1
1
1
1
1
1
1
1
1
1
1
1
1
1
1
1
1
1
1
1
1
1
1
1
1
1
1
1
1
1
1
1
1
1
1
1
1
1
1
1
1
1
1
1
1
1
1
1
1
1
1
1
1
1
1
1
1
1
1
1
1
1
1
1
1
1
1
1
1
1
1
1
1
1
1
1
1
1
1
1
1
1
1
1
1
1
1
1
1
1
1
1
1
1
1
1
1
1
1
1
1
1
1
1
1
1
1
1
1
1
1
1
1
1
1
1
1
1
1
1
1
1
1
1
1
1
1
1
1
1
1
1
1
1
1
1
1
1
1
1
1
1
1
1
1
1
1
1
1
1
1
1
1
1
1
1
1
1
1
1
1
1
1
1
1
1
1
1
1
1
1
1
1
1
1
1
1
1
1
1
1
1
1
1
1
1
1
1
1
1
1
1
1
1
1
1
1
1
1
1
1
1
1
1
1
1
1
1
1
1
1
1
1
1
1
1
1
1
1
1
1
1
1
1
1
1
1
1
1
1
1
1
1
1
1
1
1
1
1
1
1
1
1
1
1
1
1
1
1
1
1
1
1
1
1
1
1
1
1
1
1
1
1
1
1
1
1
1
1
1
1
1
1
1
1
1
1
1
1
1
1
1
1
1
1
1
1
1
1
1
1
1
1
1
1
1
1
1
1
1
1
1
1
1
1
1
1
1
1
1
1
1
1
1
1
1
1
1
1
1
1
1
1
1
1
1
1
1
1
1
1
1
1
1
1
1
1
1
1
1
1
1
1
1
1
1
1
1
1
1
1
1
1
1
1
1
1
1
1
1
1
1
1
1
1
1
1
1
1
1
1
1
1
1
1
1
1
1
1
1
1
1
1
1
1
1
1
1
1
1
1
1
1
1
1
1
1
1
1
1
1
1
1
1
1
1
1
1
1
1
1
1
1
1
1
1
1
1
1
1
1
1
1
1
1
1
1
1
1
1
1
1
1
1
1
1
1
1
1
1
1
1
1
1
1
1
1
1
1
1
1
1
1
1
1
1
1
1
1
1
1
1
1
1
1
1
1
1
1
1
1
1
1
1
1
1
1
1
1
1
1
1
1
1
1
1
1
1
1
1
1
1
1
1
1
1
1
1
1
1
1
1
1
1
1
1
1
1
1
1
1
1
1
1
1
1
1
1
1
1
1
1
1
1
1
1
1
1
1
1
1
1
1
1
1
1
1
1
1
1
1
1
1
1
1
1
1
1
1
1
1
1
1
1
1
1
1
1
1
1
1
1
1
1
1
1
1
1
1
1
1
1
1
1
1
1
1
1
1
1
1
1
1
1
1
1
1
1
1
1
1
1
1
1
1
1
1
1
1
1
1
1
1
1
1
1
1
1
1
1
1
1
1
1
1
1
1
1
1
1
1
1
1
1
1
1
1
1
1
1
1
1
1
1
1
1
1
1
1
1
1
1
1
1
1
1
1
1
1
1
1
1
1
1
1
1
1
1
1
1
1
1
1
1
1
1
1
1
1
1
1
1
1
1
1
1
1
1
1
1
1
1
1
1
1
1
1
1
1
1
1
1
1
1
1
1
1
1
1
1
1
1
1
1
1
1
1
1
1
1
1
1
1
1
1
1
1
1
1
1
1
1
1
1
1
1
1
1
1
1
1
1
1
1
1
1
1
1
1
1
1
1
1
1
1
1
1
1
1
1
1
1
1
1
1
1
1
1
1
1
1
1
1
1
1
1
1
1
1
1
1
1
1
1
1
1
1
1
1
1
1
1
1
1
1
1
1
1
1
1
1
1
1
1
1
1
1
1
1
1
1
1
1
1
1
1
1
1
1
1
1
1
1
1
1
1
1
1
1
1
1
1
1
1
1
1
1
1
1
1
1
1
1
1
1
1
1
1
1
1
1
1
1
1
1
1
1
1
1
1
1
1
1
1
1
1
1
1
1
1
1
1
1
1
1
1
1
1
1
1
1
1
1
1
1
1
1
1
1
1
1
1
1
1
1
1
1
1
1
1
1
1
1
1
1
1
1
1
1
1
1
1
1
1
1
1
1
1
1
1
1
1
1
1
1
1
1
1
1
1
1
1
1
1
1
1
1
1
1
1
1
1
1
1
1
1
1
1
1
1
1
1
1
1
1
1
1
1
1
1
1
1
1
1
1
1
1
1
1
1
1
1
1
1
1
1
1
1
1
1
1
1
1
1
1
1
1
1
1
1
1
1
1
1
1
1
1
1
1
1
1
1
1
1
1
1
1
1
1
1
1
1
1
1
1
1
1
1
1
1
1
1
1
1
1
1
1
1
1
1
1
1
1
1
1
1
1
1
1
1
1
1
1
1
1
1
1
1
1
1
1
1
1
1
1
1
1
1
1
1
1
1
1
1
1
1
1
1
1
1
1
1
1
1
1
1
1
1
1
1
1
1
1
1
1
1
1
1
1
1
1
1
1
1
1
1
1
1
1
1
1
1
1
1
1
1
1
1
1
1
1
1
1
1
1
1
1
1
1
1
1
1
1
1
1
1
1
1
1
1
1
1
1
1
1
1
1
1
1
1
1
1
1
1
1
1
1
1
1
1
1
1
1
1
1
1
1
1
1
1
1
1
1
1
1
1
1
1
1
1
1
1
1
1
1
1
1
1
1
1
1
1
1
1
1
1
1
1
1
1
1
1
1
1
1
1
1
1
1
1
1
1
1
1
1
1
1
1
1
1
1
1
1
1
1
1
1
1
1
1
1
1
1
1
1
1
1
1
1
1
1
1
1
1
1
1
1
1
1
1
1
1
1
1
1
1
1
1
1
1
1
1
1
1
1
1
1
1
1
1
1
1
1
1
1
1
1
1
1
1
1
1
1
1
1
1
1
1
1
1
1
1
1
1
1
1
1
1
1
1
1
1
1
1
1
1
1
1
1
1
1
1
1
1
1
1
1
1
1
1
1
1
1
1
1
1
1
1
1
1
1
1
1
1
1
1
1
1
1
1
1
1
1
1
1
1
1
1
1
1
1
1
1
1
1
1
1
1
1
1
1
1
1
1
1
1
1
1
1
1
1
1
1
1
1
1
1
1
1
1
1
1
1
1
1
1
1
1
1
1
1
1
1
1
1
1
1
1
1
2
2
2
2
2
2
2
2
2
2
2
2
2
2
2
2
2
2
2
2
2
2
2
2
2
2
2
2
2
2
2
2
2
2
2
2
2
2
2
2
2
2
2
2
2
2
2
2
2
2
2
2
2
2
2
2
2
2
2
2
2
2
2
2
2
2
2
2
2
2
2
2
2
2
2
2
2
2
2
2
2
2
2
2
2
2
2
2
2
2
2
2
2
2
2
2
2
2
2
2
2
2
2
2
2
2
2
2
2
2
2
2
2
2
2
2
2
2
2
2
2
2
2
2
2
2
2
2
2
2
2
2
2
2
2
2
2
2
2
2
2
2
2
2
2
2
2
2
2
2
2
2
2
2
2
2
2
2
2
2
2
2
2
2
2
2
2
2
2
2
2
2
2
2
2
2
2
2
2
2
2
2
2
2
2
2
2
2
2
2
2
2
2
2
2
2
2
2
2
2
2
2
2
2
2
2
2
2
2
2
2
2
2
2
2
2
2
2
2
2
2
2
2
2
2
2
2
2
2
2
2
2
2
2
2
2
2
2
2
2
2
2
2
2
2
2
2
2
2
2
2
2
2
2
2
2
2
2
2
2
2
2
2
2
2
2
2
2
2
2
2
2
2
2
2
2
2
2
2
2
2
2
2
2
2
2
2
2
2
2
2
2
2
2
2
2
2
2
2
2
2
2
2
2
2
2
2
2
2
2
2
2
2
2
2
2
2
2
2
2
2
2
2
2
2
2
2
2
2
2
2
2
2
2
2
2
2
2
2
2
2
2
2
2
2
2
2
2
2
2
2
2
2
2
2
2
2
2
2
2
2
2
2
2
2
2
2
2
2
2
2
2
2
2
2
2
2
2
2
2
2
2
2
2
2
2
2
2
2
2
2
2
2
2
2
2
2
2
2
2
2
2
2
2
2
2
2
2
2
2
2
2
2
2
2
2
2
2
2
2
2
2
2
2
2
2
2
2
2
2
2
2
2
2
2
2
2
2
2
2
2
2
2
2
2
2
2
2
2
2
2
2
2
2
2
2
2
2
2
2
2
2
2
2
2
2
2
2
2
2
2
2
2
2
2
2
2
2
2
2
2
2
2
2
2
2
2
2
2
2
2
2
2
2
2
2
2
2
2
2
2
2
2
2
2
2
2
2
2
2
2
2
2
2
2
2
2
2
2
2
2
2
2
2
2
2
2
2
2
2
2
2
2
2
2
2
2
2
2
2
2
2
2
2
2
2
2
2
2
2
2
2
2
2
2
2
2
2
2
2
2
2
2
2
2
2
2
2
2
2
2
2
2
2
2
2
2
2
2
2
2
2
2
2
2
2
2
2
2
2
2
2
2
2
2
2
2
2
2
2
2
2
2
2
2
2
2
2
2
2
2
2
2
2
2
2
2
2
2
2
2
2
2
2
2
2
2
2
2
2
2
2
2
2
2
2
2
2
2
2
2
2
2
2
2
2
2
2
2
2
2
2
2
2
2
2
2
2
2
2
2
2
2
2
2
2
2
2
2
2
2
2
2
2
2
2
2
2
2
2
2
2
2
2
2
2
2
2
2
2
2
2
2
2
2
2
2
2
2
2
2
2
2
2
2
2
2
2
2
2
2
2
2
2
2
2
2
2
2
2
2
2
2
2
2
2
2
2
2
2
2
2
2
2
2
2
2
2
2
2
2
2
2
2
2
2
2
2
2
2
2
2
2
2
2
2
2
2
2
2
2
2
2
2
2
2
2
2
2
2
2
2
2
2
2
2
2
2
2
2
2
2
2
2
2
2
2
2
2
2
2
2
2
2
2
2
2
2
2
2
2
2
2
2
2
2
2
2
2
2
2
2
2
2
2
2
2
2
2
2
2
2
2
2
2
2
2
2
2
2
2
2
2
2
2
2
2
2
2
2
2
2
2
2
2
2
2
2
2
2
2
2
2
2
2
2
2
2
2
2
2
2
2
2
2
2
2
2
2
2
2
2
2
2
2
2
2
2
2
2
2
2
2
2
2
2
2
2
2
2
2
2
2
2
2
2
2
2
2
2
2
2
2
2
2
2
2
2
2
2
2
2
2
2
2
2
2
2
2
2
2
2
2
2
2
2
2
2
2
2
2
2
2
2
2
2
2
2
2
2
2
2
2
2
2
2
2
2
2
2
2
2
2
2
2
2
2
2
2
2
2
2
2
2
2
2
2
2
2
2
2
2
2
2
2
2
2
2
2
2
2
2
2
2
2
2
2
2
2
2
2
2
2
2
2
2
2
2
2
2
2
2
2
2
2
2
2
2
2
2
2
2
2
2
2
2
2
2
2
2
2
2
2
2
2
2
2
2
2
2
2
2
2
2
2
2
2
2
2
2
2
2
2
2
2
2
2
2
2
2
2
2
2
2
2
2
2
2
2
2
2
2
2
2
2
2
2
2
2
2
2
2
2
2
2
2
2
2
2
2
2
2
2
2
2
2
2
2
2
2
2
2
2
2
2
2
2
2
2
2
2
2
2
2
2
2
2
2
2
2
2
2
2
2
2
2
2
2
2
2
2
2
2
2
2
2
2
2
2
2
2
2
2
2
2
2
2
2
2
2
2
2
2
2
2
2
2
2
2
2
2
2
2
2
2
2
2
2
2
2
2
2
2
2
2
2
2
2
2
2
2
2
2
2
2
2
2
2
2
2
2
2
2
2
2
2
2
2
2
2
2
2
2
2
2
2
2
2
2
2
2
2
2
2
2
2
2
2
2
2
2
2
2
2
2
2
2
2
2
2
2
2
2
2
2
2
2
2
2
2
2
2
2
2
2
2
2
2
2
2
2
2
2
2
2
2
2
2
2
2
2
2
2
2
2
2
2
2
2
2
2
2
2
2
2
2
2
2
2
2
2
2
2
2
2
2
2
2
2
2
2
2
2
2
2
2
2
2
2
2
2
2
2
2
2
2
2
2
2
2
2
2
2
2
2
2
2
2
2
2
2
2
2
2
2
2
2
2
2
2
2
2
2
2
2
2
2
2
2
2
2
2
2
2
2
2
2
2
2
2
2
2
2
2
2
2
2
2
2
2
2
2
2
2
2
2
2
2
2
2
2
2
2
2
2
2
2
2
2
2
2
2
2
2
2
2
2
2
2
2
2
2
2
2
2
2
2
2
2
2
2
2
2
2
2
2
2
2
2
2
2
2
2
2
2
2
2
2
2
2
2
2
2
2
2
2
2
2
2
2
2
2
2
2
2
2
2
2
2
2
2
2
2
2
2
2
2
2
2
2
2
2
2
2
2
2
2
2
2
2
2
2
2
2
2
2
2
2
2
2
2
2
2
2
2
2
2
2
2
2
2
2
2
2
2
2
2
2
2
2
2
2
2
2
2
2
2
2
2
2
2
2
2
2
2
2
2
2
2
2
2
2
2
2
2
2
2
2
2
2
2
2
2
2
2
2
2
2
2
2
2
2
2
2
2
2
2
2
2
2
2
2
2
2
2
2
2
2
2
2
2
2
2
2
2
2
2
2
2
2
2
2
2
2
2
2
2
2
2
2
2
2
2
2
2
2
2
2
2
2
2
2
2
2
2
2
2
2
2
2
2
2
2
2
2
2
2
2
2
2
2
2
2
2
2
2
2
2
2
2
2
2
2
2
2
2
2
2
2
2
2
2
2
2
2
2
2
2
2
2
2
2
2
2
2
2
2
2
2
2
2
2
2
2
2
2
2
2
2
2
2
2
2
2
2
2
2
2
2
2
2
2
2
2
2
2
2
2
2
2
2
2
2
2
2
2
2
2
2
2
2
2
2
2
2
2
2
2
2
2
2
2
2
2
2
2
2
2
2
2
2
2
2
2
2
2
2
2
2
2
2
2
2
2
2
2
2
2
2
2
2
2
2
2
2
2
2
2
2
2
2
2
2
2
2
2
2
2
2
2
2
2
2
2
2
2
2
2
2
2
2
2
2
2
2
2
2
2
2
2
2
2
2
2
2
2
2
2
2
2
2
2
2
2
2
2
2
2
2
2
2
2
2
2
2
2
2
2
2
2
2
2
2
2
2
2
2
2
2
2
2
2
2
2
2
2
2
2
2
2
2
2
2
2
2
2
2
2
2
2
2
2
2
2
2
2
2
2
2
2
2
2
2
2
2
2
2
2
2
2
2
2
2
2
2
2
2
2
2
2
2
2
2
2
2
2
2
2
2
2
2
2
2
2
2
2
2
2
2
2
2
2
2
2
2
2
2
2
2
2
2
2
2
2
2
2
2
2
2
2
2
2
2
2
2
2
2
2
2
2
2
2
2
2
2
2
2
2
2
2
2
2
2
2
2
2
2
2
2
2
2
2
2
2
2
2
2
2
2
2
2
2
2
2
2
2
2
2
2
2
2
2
2
2
2
2
2
2
2
2
2
2
2
2
2
2
2
2
2
2
2
2
2
2
2
2
2
2
2
2
2
2
2
2
2
2
2
2
2
2
2
2
2
2
2
2
2
2
2
2
2
2
2
2
2
2
2
2
2
2
2
2
2
2
2
2
2
2
2
2
2
2
2
2
2
2
2
2
2
2
2
2
2
2
2
2
2
2
2
2
2
2
2
2
2
2
2
2
2
2
2
2
2
2
2
2
2
2
2
2
2
2
2
2
2
2
2
2
2
2
2
2
2
2
2
2
2
2
2
2
2
2
2
2
2
2
2
2
2
2
2
2
2
2
2
2
2
2
2
2
2
2
2
2
2
2
2
2
