9352 18300 4
-2300.0 1100.0
-1200.0 1100.0
-1050.0 1000.0
-850.0 750.0
-600.0 880.0
-450.0 840.0
-150.0 1000.0
150.0 1000.0
250.0 1100.0
350.0 1200.0
500.0 1250.0
650.0 1200.0
750.0 1100.0
850.0 1000.0
2200.0 1000.0
2200.0 0.0
-2300.0 0.0
-2300.0 1500.0
2200.0 1500.0
-2270.27027027027 1100.0
-2240.54054054054 1100.0
-2210.810810810811 1100.0
-2181.081081081081 1100.0
-2151.351351351351 1100.0
-2121.621621621622 1100.0
-2091.891891891892 1100.0
-2062.162162162162 1100.0
-2032.432432432433 1100.0
-2002.702702702703 1100.0
-1972.972972972973 1100.0
-1943.243243243244 1100.0
-1913.513513513514 1100.0
-1883.783783783784 1100.0
-1854.054054054055 1100.0
-1824.324324324325 1100.0
-1794.594594594595 1100.0
-1764.864864864865 1100.0
-1735.135135135135 1100.0
-1705.405405405406 1100.0
-1675.675675675676 1100.0
-1645.945945945946 1100.0
-1616.216216216216 1100.0
-1586.486486486486 1100.0
-1556.756756756756 1100.0
-1527.027027027027 1100.0
-1497.297297297297 1100.0
-1467.567567567567 1100.0
-1437.837837837837 1100.0
-1408.108108108107 1100.0
-1378.378378378377 1100.0
-1348.648648648647 1100.0
-1318.918918918918 1100.0
-1289.189189189188 1100.0
-1259.459459459459 1100.0
-1229.72972972973 1100.0
-1175.0 1083.333333333333
-1150.0 1066.666666666667
-1125.0 1050.0
-1100.0 1033.333333333333
-1075.0 1016.666666666667
-1031.818181818188 977.2727272727348
-1013.636363636376 954.5454545454695
-995.4545454545633 931.8181818182042
-977.2727272727511 909.0909090909389
-959.0909090909388 886.3636363636735
-940.9090909090615 863.6363636363269
-922.7272727272492 840.9090909090615
-904.545454545437 818.1818181817962
-886.3636363636247 795.4545454545307
-868.1818181818123 772.7272727272654
-825.0000000000106 762.9999999999945
-800.000000000021 775.9999999999891
-775.0000000000316 788.9999999999836
-750.0000000000421 801.9999999999781
-725.0000000000352 814.9999999999817
-699.9999999999583 828.0000000000217
-674.9999999999688 841.0000000000161
-649.9999999999794 854.0000000000107
-624.9999999999898 867.0000000000053
-575.0 873.3333333333334
-550.0 866.6666666666666
-525.0 860.0
-499.9999999999999 853.3333333333333
-474.9999999999998 846.6666666666666
-424.9999999999727 853.3333333333479
-399.9999999999453 866.6666666666958
-374.999999999918 880.0000000000437
-349.9999999998907 893.3333333333916
-324.9999999998635 906.6666666667395
-300.0000000001559 919.9999999999168
-275.0000000001373 933.3333333332602
-250.00000000011 946.666666666608
-225.0000000000826 959.999999999956
-200.0000000000551 973.3333333333039
-175.0000000000275 986.666666666652
-1020.0 1000.0
-989.9999999999999 1000.0
-959.9999999999998 1000.0
-929.9999999999998 1000.0
-899.9999999999998 1000.0
-869.9999999999997 1000.0
-839.9999999999997 1000.0
-809.9999999999997 1000.0
-779.9999999999995 1000.0
-749.9999999999994 1000.0
-719.9999999999992 1000.0
-689.9999999999991 1000.0
-659.999999999999 1000.0
-629.9999999999989 1000.0
-599.9999999999986 1000.0
-569.9999999999986 1000.0
-539.9999999999986 1000.0
-509.9999999999989 1000.0
-479.9999999999989 1000.0
-449.9999999999991 1000.0
-419.9999999999991 1000.0
-389.9999999999991 1000.0
-359.9999999999992 1000.0
-329.9999999999993 1000.0
-299.9999999999993 1000.0
-269.9999999999995 1000.0
-239.9999999999995 1000.0
-209.9999999999997 1000.0
-179.9999999999998 1000.0
-119.9999999999656 1000.0
-90.00000000003664 1000.0
-60.00000000010775 1000.0
-30.00000000017887 1000.0
-3.498143996694125e-10 1000.0
29.99999999971556 1000.0
59.9999999997865 1000.0
89.99999999985744 1000.0
119.9999999999287 1000.0
169.9999999998967 1019.999999999897
189.9999999997934 1039.999999999793
209.9999999996902 1059.99999999969
229.9999999998189 1079.999999999819
269.9999999999334 1119.999999999933
289.99999999995 1139.99999999995
309.9999999999666 1159.999999999967
329.9999999999832 1179.999999999983
374.9999999995737 1208.333333333191
399.9999999991473 1216.666666666383
424.999999998731 1224.999999999577
449.9999999991473 1233.333333333049
474.9999999995737 1241.666666666525
524.9999999996503 1241.666666666783
549.9999999997202 1233.333333333427
574.9999999997901 1225.00000000007
599.9999999998602 1216.666666666713
624.9999999999301 1208.333333333357
670.0 1180.0
689.9999999999999 1160.0
709.9999999999999 1140.0
729.9999999999999 1120.0
770.0 1080.0
789.9999999999999 1060.0
809.9999999999999 1040.0
829.9999999999999 1020.0
880.0 1000.0
910.0 1000.0
940.0 1000.0
970.0 1000.0
1000.0 1000.0
1030.0 1000.0
1060.0 1000.0
1090.0 1000.0
1120.0 1000.0
1150.0 1000.0
1180.0 1000.0
1210.0 1000.0
1240.0 1000.0
1270.0 1000.0
1300.0 1000.0
1330.0 1000.0
1360.0 1000.0
1390.0 1000.0
1420.0 1000.0
1450.0 1000.0
1480.0 1000.0
1510.0 1000.0
1540.0 1000.0
1570.0 1000.0
1600.0 1000.0
1630.0 1000.0
1660.0 1000.0
1690.0 1000.0
1720.0 1000.0
1750.0 1000.0
1780.0 1000.0
1810.0 1000.0
1840.0 1000.0
1870.0 1000.0
1900.0 1000.0
1930.0 1000.0
1960.0 1000.0
1990.0 1000.0
2020.0 1000.0
2050.0 1000.0
2080.0 1000.0
2110.0 1000.0
2140.0 1000.0
2170.0 1000.0
2200.0 970.5882352941196
2200.0 941.1764705882392
2200.0 911.7647058823588
2200.0 882.3529411764785
2200.0 852.9411764705981
2200.0 823.5294117647177
2200.0 794.1176470588373
2200.0 764.7058823529568
2200.0 735.2941176470764
2200.0 705.8823529411961
2200.0 676.4705882353156
2200.0 647.0588235294354
2200.0 617.6470588235549
2200.0 588.2352941176745
2200.0 558.8235294117941
2200.0 529.4117647059136
2200.0 500.0000000000222
2200.0 470.5882352940862
2200.0 441.1764705882059
2200.0 411.7647058823254
2200.0 382.3529411764451
2200.0 352.9411764705646
2200.0 323.5294117646841
2200.0 294.117647058804
2200.0 264.7058823529235
2200.0 235.2941176470431
2200.0 205.8823529411627
2200.0 176.4705882352823
2200.0 147.0588235294019
2200.0 117.6470588235215
2200.0 88.23529411764116
2200.0 58.82352941176077
2200.0 29.4117647058805
2170.000000000124 0.0
2140.000000000249 0.0
2110.000000000373 0.0
2080.000000000497 0.0
2050.000000000622 0.0
2020.000000000746 0.0
1990.00000000087 0.0
1960.000000000995 0.0
1930.000000001119 0.0
1900.000000001243 0.0
1870.000000001368 0.0
1840.000000001492 0.0
1810.000000001616 0.0
1780.000000001741 0.0
1750.000000001865 0.0
1720.000000001989 0.0
1690.000000002113 0.0
1660.000000002238 0.0
1630.000000002362 0.0
1600.000000002487 0.0
1570.000000002611 0.0
1540.000000002735 0.0
1510.000000002859 0.0
1480.000000002984 0.0
1450.000000003108 0.0
1420.000000003232 0.0
1390.000000003356 0.0
1360.000000003481 0.0
1330.000000003605 0.0
1300.000000003729 0.0
1270.000000003854 0.0
1240.000000003978 0.0
1210.000000004103 0.0
1180.000000004227 0.0
1150.000000004351 0.0
1120.000000004476 0.0
1090.0000000046 0.0
1060.000000004724 0.0
1030.000000004849 0.0
1000.000000004973 0.0
970.0000000050975 0.0
940.0000000052219 0.0
910.0000000053465 0.0
880.0000000054706 0.0
850.000000005595 0.0
820.0000000057196 0.0
790.0000000058437 0.0
760.0000000059681 0.0
730.0000000060927 0.0
700.0000000062169 0.0
670.0000000063412 0.0
640.0000000064658 0.0
610.00000000659 0.0
580.0000000067143 0.0
550.000000006839 0.0
520.0000000069631 0.0
490.0000000070875 0.0
460.0000000072121 0.0
430.0000000073364 0.0
400.0000000074606 0.0
370.0000000075852 0.0
340.0000000077096 0.0
310.0000000078342 0.0
280.0000000079583 0.0
250.0000000080827 0.0
220.0000000082068 0.0
190.0000000083314 0.0
160.0000000084551 0.0
130.0000000085793 0.0
100.0000000087039 0.0
70.00000000882801 0.0
40.00000000895216 0.0
10.0000000090763 0.0
-19.99999999081274 0.0
-49.99999999076408 0.0
-79.99999999086685 0.0
-109.9999999910328 0.0
-139.9999999912116 0.0
-169.9999999913907 0.0
-199.999999991569 0.0
-229.9999999917482 0.0
-259.9999999919273 0.0
-289.999999992106 0.0
-319.9999999922848 0.0
-349.9999999924635 0.0
-379.9999999926426 0.0
-409.9999999928214 0.0
-439.9999999930001 0.0
-469.9999999931792 0.0
-499.9999999933575 0.0
-529.9999999935367 0.0
-559.9999999937154 0.0
-589.9999999938946 0.0
-619.9999999940733 0.0
-649.999999994252 0.0
-679.9999999944312 0.0
-709.9999999946094 0.0
-739.9999999947886 0.0
-769.9999999949673 0.0
-799.999999995146 0.0
-829.9999999953252 0.0
-859.9999999955039 0.0
-889.9999999956831 0.0
-919.9999999958613 0.0
-949.9999999960405 0.0
-979.9999999962197 0.0
-1009.999999996398 0.0
-1039.999999996577 0.0
-1069.999999996756 0.0
-1099.999999996935 0.0
-1129.999999997113 0.0
-1159.999999997292 0.0
-1189.999999997471 0.0
-1219.99999999765 0.0
-1249.999999997829 0.0
-1279.999999998007 0.0
-1309.999999998186 0.0
-1339.999999998365 0.0
-1369.999999998544 0.0
-1399.999999998723 0.0
-1429.999999998902 0.0
-1459.999999999081 0.0
-1489.999999999259 0.0
-1519.999999999438 0.0
-1549.999999999618 0.0
-1579.999999999796 0.0
-1609.999999999975 0.0
-1640.000000000154 0.0
-1670.000000000333 0.0
-1700.000000000511 0.0
-1730.00000000069 0.0
-1760.000000000869 0.0
-1790.000000001047 0.0
-1820.000000001226 0.0
-1850.000000001406 0.0
-1880.000000001576 0.0
-1910.000000001603 0.0
-1940.000000001495 0.0
-1970.000000001371 0.0
-2000.000000001246 0.0
-2030.00000000112 0.0
-2060.000000000996 0.0
-2090.000000000871 0.0
-2120.000000000747 0.0
-2150.000000000622 0.0
-2180.000000000497 0.0
-2210.000000000373 0.0
-2240.000000000249 0.0
-2270.000000000125 0.0
-2300.0 29.72972972970519
-2300.0 59.45945945940247
-2300.0 89.18918918910943
-2300.0 118.9189189188252
-2300.0 148.6486486485121
-2300.0 178.378378378151
-2300.0 208.1081081077899
-2300.0 237.8378378374289
-2300.0 267.5675675670678
-2300.0 297.2972972967066
-2300.0 327.0270270263456
-2300.0 356.7567567559845
-2300.0 386.4864864856235
-2300.0 416.2162162152623
-2300.0 445.9459459449013
-2300.0 475.6756756745402
-2300.0 505.4054054041791
-2300.0 535.135135133941
-2300.0 564.8648648637337
-2300.0 594.5945945935264
-2300.0 624.324324323319
-2300.0 654.0540540531118
-2300.0 683.7837837829045
-2300.0 713.513513512697
-2300.0 743.2432432424897
-2300.0 772.9729729722825
-2300.0 802.702702702075
-2300.0 832.4324324318678
-2300.0 862.1621621616605
-2300.0 891.8918918914532
-2300.0 921.6216216212458
-2300.0 951.3513513510385
-2300.0 981.0810810808308
-2300.0 1010.810810810623
-2300.0 1040.540540540416
-2300.0 1070.270270270208
-2300.0 1128.571428571429
-2300.0 1157.142857142857
-2300.0 1185.714285714286
-2300.0 1214.285714285714
-2300.0 1242.857142857143
-2300.0 1271.428571428572
-2300.0 1300.0
-2300.0 1328.571428571429
-2300.0 1357.142857142858
-2300.0 1385.714285714286
-2300.0 1414.285714285715
-2300.0 1442.857142857143
-2300.0 1471.428571428572
-2270.000000000124 1500.0
-2240.000000000249 1500.0
-2210.000000000373 1500.0
-2180.000000000497 1500.0
-2150.000000000622 1500.0
-2120.000000000746 1500.0
-2090.00000000087 1500.0
-2060.000000000995 1500.0
-2030.000000001119 1500.0
-2000.000000001243 1500.0
-1970.000000001368 1500.0
-1940.000000001492 1500.0
-1910.000000001616 1500.0
-1880.000000001741 1500.0
-1850.000000001865 1500.0
-1820.000000001989 1500.0
-1790.000000002113 1500.0
-1760.000000002238 1500.0
-1730.000000002362 1500.0
-1700.000000002487 1500.0
-1670.000000002611 1500.0
-1640.000000002735 1500.0
-1610.000000002859 1500.0
-1580.000000002984 1500.0
-1550.000000003108 1500.0
-1520.000000003232 1500.0
-1490.000000003356 1500.0
-1460.000000003481 1500.0
-1430.000000003605 1500.0
-1400.000000003729 1500.0
-1370.000000003854 1500.0
-1340.000000003978 1500.0
-1310.000000004103 1500.0
-1280.000000004227 1500.0
-1250.000000004351 1500.0
-1220.000000004476 1500.0
-1190.0000000046 1500.0
-1160.000000004724 1500.0
-1130.000000004849 1500.0
-1100.000000004973 1500.0
-1070.000000005097 1500.0
-1040.000000005222 1500.0
-1010.000000005346 1500.0
-980.0000000054706 1500.0
-950.000000005595 1500.0
-920.0000000057196 1500.0
-890.0000000058437 1500.0
-860.0000000059681 1500.0
-830.0000000060927 1500.0
-800.0000000062169 1500.0
-770.0000000063412 1500.0
-740.0000000064658 1500.0
-710.00000000659 1500.0
-680.0000000067143 1500.0
-650.000000006839 1500.0
-620.0000000069631 1500.0
-590.0000000070875 1500.0
-560.0000000072121 1500.0
-530.0000000073364 1500.0
-500.0000000074606 1500.0
-470.0000000075852 1500.0
-440.0000000077096 1500.0
-410.0000000078342 1500.0
-380.0000000079583 1500.0
-350.0000000080827 1500.0
-320.0000000082068 1500.0
-290.0000000083314 1500.0
-260.0000000084551 1500.0
-230.0000000085793 1500.0
-200.0000000087039 1500.0
-170.000000008828 1500.0
-140.0000000089522 1500.0
-110.0000000090763 1500.0
-80.00000000918726 1500.0
-50.00000000923592 1500.0
-20.00000000913315 1500.0
9.999999991032837 1500.0
39.99999999121155 1500.0
69.99999999139072 1500.0
99.99999999156898 1500.0
129.9999999917482 1500.0
159.9999999919273 1500.0
189.999999992106 1500.0
219.9999999922848 1500.0
249.9999999924635 1500.0
279.9999999926426 1500.0
309.9999999928214 1500.0
339.9999999930001 1500.0
369.9999999931792 1500.0
399.9999999933575 1500.0
429.9999999935367 1500.0
459.9999999937154 1500.0
489.9999999938946 1500.0
519.9999999940733 1500.0
549.999999994252 1500.0
579.9999999944312 1500.0
609.9999999946094 1500.0
639.9999999947886 1500.0
669.9999999949673 1500.0
699.999999995146 1500.0
729.9999999953252 1500.0
759.9999999955039 1500.0
789.9999999956831 1500.0
819.9999999958613 1500.0
849.9999999960405 1500.0
879.9999999962197 1500.0
909.999999996398 1500.0
939.9999999965771 1500.0
969.9999999967558 1500.0
999.9999999969345 1500.0
1029.999999997113 1500.0
1059.999999997292 1500.0
1089.999999997471 1500.0
1119.99999999765 1500.0
1149.999999997829 1500.0
1179.999999998007 1500.0
1209.999999998186 1500.0
1239.999999998365 1500.0
1269.999999998544 1500.0
1299.999999998723 1500.0
1329.999999998902 1500.0
1359.999999999081 1500.0
1389.999999999259 1500.0
1419.999999999438 1500.0
1449.999999999618 1500.0
1479.999999999796 1500.0
1509.999999999975 1500.0
1540.000000000154 1500.0
1570.000000000333 1500.0
1600.000000000511 1500.0
1630.00000000069 1500.0
1660.000000000869 1500.0
1690.000000001047 1500.0
1720.000000001226 1500.0
1750.000000001406 1500.0
1780.000000001576 1500.0
1810.000000001603 1500.0
1840.000000001495 1500.0
1870.000000001371 1500.0
1900.000000001246 1500.0
1930.00000000112 1500.0
1960.000000000996 1500.0
1990.000000000871 1500.0
2020.000000000747 1500.0
2050.000000000622 1500.0
2080.000000000497 1500.0
2110.000000000373 1500.0
2140.000000000249 1500.0
2170.000000000125 1500.0
2200.0 1470.588235294167
2200.0 1441.176470588334
2200.0 1411.764705882502
2200.0 1382.352941176669
2200.0 1352.941176470836
2200.0 1323.529411765003
2200.0 1294.11764705917
2200.0 1264.705882353338
2200.0 1235.294117647239
2200.0 1205.882352941406
2200.0 1176.470588235573
2200.0 1147.05882352974
2200.0 1117.647058823908
2200.0 1088.235294118075
2200.0 1058.823529412243
2200.0 1029.41176470641
503.783007076907 22.85975225981912
-1393.396711742606 1075.664369161007
-1751.198978328192 1076.081332111523
-1571.622124981806 1074.252490675482
-967.802050024844 862.065422155881
-1475.973913288544 24.27519740162482
-1654.354135435667 27.14727889882059
-2274.78738348431 546.2056045963277
324.9248757637866 26.0035885970534
684.7064169442069 25.98419448698982
-247.3482308722899 920.042213850625
143.802123540935 21.10166832484499
1671.696513173602 22.07698844380156
1495.136325526549 24.77360979473849
1319.342100724328 25.02223426685872
1133.28743101554 29.57743078001859
957.2441319284271 28.17542607168869
-1294.101285108589 24.87344951994675
-35.06823372485916 26.02467731085299
2174.070755088634 516.3745208804028
1585.454207489778 974.2816425771099
1407.402096605439 970.8393420355673
1224.99741127526 974.0184517693187
1044.996860194806 974.0210616327871
45.79760383095255 974.3028699229949
199.531288091666 1015.769492804375
-401.3592574864471 839.2401924153563
802.9993518063926 1013.929144820056
-1835.731672410087 25.555131506437
-215.6099373039118 23.41585388170283
-878.3274514242678 745.8912740556085
-546.0726859955735 25.33126971166137
1735.071875928735 973.9810244477226
890.4240237776846 976.2485239978429
-729.3406967498219 786.4526576173798
-1144.934086649969 25.9837611178759
-365.0652802410264 26.39234352107801
-2273.334870315368 698.0791564543119
-691.7078660473549 28.4879138477085
-994.9999999963087 25.98076211368754
-860.6726523370426 723.6356462119844
-888.5664849263726 719.3548719193193
-2275.074374933562 399.7135161265358
-1898.648678041715 1074.253231738697
1826.887492411656 24.84697900563064
-871.0129091160858 697.2060057590553
-898.9290343259829 692.8879094666289
-881.259562110804 670.6980915687774
-909.30382745888 666.365958679287
-891.5901116155284 644.128902870699
-919.7682647180575 639.809827348148
2176.356056631687 367.6470588235047
2177.052895319796 659.439481035011
-468.3673052595051 821.5620899496739
-902.020794795131 617.5329238072621
-930.2173326517302 613.182048673818
296.856674734913 1111.91813316976
-912.3148918111817 590.9690053941342
-940.7225224739033 587.1923425033308
-884.1284940284305 595.2108147919574
-1126.431605395266 1022.020068265109
-894.4896991057894 568.5898275371096
-866.240723989804 572.855570150373
-1985.000000001308 25.98076211342486
703.1334978899131 1113.437809682171
-876.5461073071198 546.2783573067634
-849.1425852795818 549.8762666026505
1884.682297911974 969.7028533575905
804.0957282689226 25.45532644701643
-2274.253298806354 817.5675675669713
-858.7852390979266 523.8087148803708
-831.3781444453831 527.3989303962259
-958.3868824653474 609.5806326733232
-969.2265502852185 582.9564478872314
-987.1597588119645 604.6955489848486
-997.7893590657507 578.6004140694564
-1015.941533946451 601.5835745552735
-1026.240016805384 573.5156964354466
-1044.8577999584 598.9714617332932
-1055.082889096983 570.268194645776
-1073.292048687183 593.4395232172684
-1083.641401019452 564.9955507742267
-1101.709947892038 587.7524700461303
-1112.384139414799 560.4143149418404
-1130.299419849632 583.7052551001229
-1141.191936431832 556.0713786724848
-1159.464960911858 578.7981828125602
-1170.136010410802 551.5877383634503
-1188.454598920255 574.7178521632715
-1199.104855847666 547.2155227442687
-1217.449254305426 570.4017086319776
-1228.10942206767 542.817921438016
-1246.484383719839 566.0623716937758
-1257.1563241356 538.4079795230581
-1275.558522600969 561.6859084901773
-1286.245239829191 533.9869558782451
-1304.697582577463 557.460583004717
-1315.378441386301 529.5854694889235
-1333.855210413377 553.0933978326651
-1344.545850971878 525.1640746501715
-1362.907618269991 548.2065273975091
-1373.721097297695 520.6503148558371
-1392.00446535514 543.9390438944929
-1402.923081319625 516.2233969248667
-1421.285840904433 539.5761965023977
-1432.32646930694 512.7730782306438
-1450.67779619207 535.0881450264972
-1461.560289228787 507.8696424755435
-1479.973355840581 530.504860585088
-1490.948908821392 503.9673136456442
-1509.301713999738 526.1395223888079
-1519.971400304546 498.7324794333786
-1538.594453666713 521.6610480230256
-1549.404382754189 495.1903968961044
-1567.942835353091 517.3657177194418
-1578.92065275667 490.7887066637697
-1597.316060060346 512.9465119958398
-1608.145920465179 485.3091010331554
-1626.649471275636 508.3355996854703
-1615.818155739034 535.947738242155
-1645.168521333388 531.4749373336658
-1655.998618002171 503.8217966547633
-1674.528998693637 527.0164385909923
-1685.361683783387 499.3582783725787
-1703.897501043794 522.568091972686
-1714.734941741641 494.9059481587577
-1733.275216295381 518.1213860560869
-1744.114054856271 490.4526472339798
-1762.656871901933 513.6745756543188
-1773.501248221371 486.0020603446414
-1751.805492603617 541.347691220975
-1634.334307866457 559.1063718396746
-1439.389750915365 563.3154789268308
-1067.133297727573 543.3409070658868
-1781.195823772857 536.898095154503
-1770.344355482429 564.5720028147945
-840.8564232782032 501.4507052802923
-812.6429012048094 505.647146005489
-1182.664432347155 524.7315979006366
-1293.786637683446 585.5840229010552
-2273.924972435354 283.0752513586019
-1799.728694615425 560.1268263455858
-1788.875623050563 587.8148792210717
-2016.164811994 1075.315752128
-1299.066495184765 506.971771506284
-822.8534715255242 479.0726943584833
-794.5203468571221 483.368475798025
1949.744199109482 27.45660768554206
-1416.49008490473 491.1678078693394
-1818.266867697835 583.3544551607929
-1807.394472431605 611.0645679195873
-874.9999999955934 25.98076211368773
-804.9601683389362 456.5690698751932
-776.506056051291 460.9187208969517
-1836.805893371128 606.5759036940323
-1847.622237703182 578.8919864147811
-1590.116838085569 464.0625391102083
-1754.949579759974 462.7707180744584
-1784.351594135677 458.3178992601954
-1825.948454170991 634.2688431860963
-833.8269463828934 452.8166477651039
-1177.37733066359 602.82820791885
-75.4010362497923 974.026392712521
-1855.349617230392 629.7969067205103
-815.4832075270575 429.7700334435668
-843.9712894039295 425.3208985999815
2171.03350922305 250.2363549636333
-1765.788369309449 435.0766052605327
-1795.106536055496 430.5806977234413
444.5230409257538 1208.097543885897
-1844.512288883577 657.4691540728493
-1815.080525007822 661.9695948566464
-1873.901472010745 653.0197359830248
-766.0736303198739 487.7014092018935
-748.1439590601788 465.6789362897744
-737.6577658536628 492.0913179962435
-719.782659458677 470.1381525927043
-709.3030632771851 496.4221255742996
-691.4005768896069 474.1379799015679
-701.499131602049 447.6603790423608
-673.4461321872903 452.0828040097612
-663.0918520078234 478.4753774697365
-645.2290838638551 456.4268428499381
-634.8785576196643 482.8002132873378
-617.0810454403742 460.8248936521257
-606.7651703608713 487.123854251836
-588.9871597205408 465.0210660273385
-578.7464863538398 491.4271491325954
-560.9881018683924 469.3660324145629
-550.7744271866902 495.7578377359769
-532.9924709116362 473.7106540218533
-543.2248250110734 447.2561681749525
-515.1685662254774 451.6205252983944
-504.9568808419415 478.1319828181117
-487.0674764977699 456.0048020866703
-476.8221619028132 482.5569856874772
-458.9468509627006 460.6616920063418
-448.6398235029308 487.0888512737651
-430.7351210132628 465.1269615597178
-420.3953950388832 491.5731059692664
-402.4228235050257 469.2999070435672
-392.1069046504197 495.9968037489289
-374.1655195972621 474.1512383731053
-363.7806556991382 500.5311714100581
-345.7966329177662 478.6555526316297
-335.3704289620042 504.9639123133232
-317.281789553247 482.6398609202131
-306.8921563004692 509.3931689052779
-288.7891923057986 487.2124366502232
-278.3457166030922 513.8545824267168
-260.2028328223874 491.6738469709547
-249.7690170333256 518.4930341293947
-231.5144084688074 495.9683379902177
-221.0376328033394 522.8924367181866
-202.8186106896619 500.7590423820661
-192.3038850195885 527.6166255435007
-174.0142425770811 505.3272310702189
-163.4526606792928 532.2806727253518
-145.1294119930435 509.8869099669721
-134.5461499392956 536.878988490169
-116.1504540049799 514.1864239122955
-105.5647279226988 541.4143498793705
-87.16218175891566 518.9353450146729
-76.54128041793852 546.0174301461653
-58.12617520391757 523.5335421413616
-47.49073024506021 550.5913267499227
-29.04169111119754 527.8576368800944
-18.44430183993373 555.1041357246372
-0.05395695205969512 532.6280816488116
10.55831509046892 559.6734163901492
28.93131946452186 537.2088363485174
39.53213502933177 564.2172501979265
57.92726567340118 541.5407443749924
68.48367788318672 568.7126506253034
86.82103986362344 546.2631130854896
97.39305119958873 573.2635623570562
115.7185460074114 550.7947425824935
126.2803983885786 577.7891630172791
144.5877085617368 555.3380003853176
155.1399948321439 582.3114899711251
173.4370491764221 559.8441706102914
183.9675825895731 586.8265660362405
202.257223662258 564.3751327396976
212.7921046732834 591.3457587296206
231.0642874002542 568.8706899004837
241.5876786598602 595.8560500951887
259.8479976601582 573.3926528141897
270.3444127551784 600.3653738031696
288.6188893682599 577.8746708190301
299.1040423560764 604.8702346561311
317.3726999022335 582.3897204338294
327.8885312255403 609.1906692795288
346.12274025171 586.853839136261
356.631705058002 613.6585838206785
374.8532077433141 591.3561602738782
385.320667467335 618.3441117339295
403.5676727853077 595.8757942175127
414.0390013266382 622.872277116001
432.2744195140158 600.3940726719551
392.6417541093497 568.969607054731
442.7417940078363 627.3774638103299
460.9874586181257 604.7992123260009
277.2783518193366 550.9104942525497
471.4254874948145 631.8743344343676
489.6733149574529 609.291968317887
161.7937783639721 532.9506089382894
500.0991737012816 636.373902644795
518.3494736304114 613.7997347314921
507.9195284202882 586.6896914005396
536.6233955712975 591.2117810762194
526.1847319053245 564.0726183234807
554.9283034450516 568.5908353983775
544.4731640764053 541.4164384702041
573.2536097983977 545.9443777801998
583.7089414207709 573.1540548425156
602.0718694482384 550.4784428630937
481.879722731624 658.943671552176
562.7885416656154 518.7315561138814
612.533271718831 577.7350766768932
630.9339668640046 555.0236030710557
16.80825446485392 510.3742597400214
641.4379370210809 582.3665738939804
659.8756131558546 559.5787868532144
670.3855074116744 586.9496109530403
688.8563139961964 564.1356374796233
678.3122616313931 536.7268047673316
707.3512641315609 541.2881742276794
696.7754199032166 513.8269234866531
725.8609492388005 518.4007687753067
736.4373264259214 545.8938198473857
754.9747850805633 522.9764651392122
765.5586481248376 550.5121990163949
784.1196817992645 527.5591633056123
794.7285615778095 555.1306583167379
813.3183993352335 532.1368593412024
823.9489923231441 559.7602139694034
842.5624680217277 536.7266508502421
853.2017142142012 564.3916616637032
871.8463697390177 541.349055241969
861.1885803605006 513.6648614883235
890.500042073418 518.2847183272904
901.1556241000201 545.9845760848425
919.8313514831427 522.9002445535784
930.4956602240559 550.627794965419
949.1867145886488 527.5200625851284
959.8653958880707 555.2727434079447
978.5737637962516 532.1442691637843
989.2538668225945 559.9181549486987
1007.97792446627 536.7714053220228
997.279080515063 509.0153206751522
1026.626861198319 514.133582444614
1037.37641107641 541.5219368498609
1056.097935655447 518.5486629771264
1066.824365772147 546.1607038610422
1085.5095395389 523.4813488588385
1096.288773340067 550.8386732005448
1115.05943609172 527.6465679851793
1125.765178382382 555.4265135559041
1144.558002849353 532.1969836738498
1155.265732470953 560.0643458451001
1174.069178212539 536.8231070900658
1184.79137107422 564.7081392157546
1203.58340304426 541.4736406667314
1192.852949847444 513.579896272502
1222.377818307939 518.2342554047284
1233.109037840467 546.1334329047025
1251.909747759985 522.8877723574835
1262.643460680274 550.7966347221551
1281.449988150002 527.5428184678865
1292.188014727406 555.4596448896245
1310.998763965239 532.1975246837692
1321.741423981019 560.1236274733764
1340.556119059594 536.8546211271049
1351.300490344977 564.7881075929787
1370.120290639321 541.5175136346478
1359.373024589391 513.5807395334718
1388.816186903541 518.2916851555163
1399.667276116159 546.18872794551
1418.261627796219 523.6083579476491
1429.215413684818 550.9664636024189
1447.937498056829 528.3520740873519
1458.805277938431 555.6634905310513
1477.632411546941 532.3967412200091
1488.398911759489 560.2269671836906
1507.221692614083 536.9472609218448
1517.966181828432 564.849881486189
1536.777009921617 541.5805792634318
1526.051358453364 513.6592826277476
1555.583451836806 518.3311030372972
1566.311299707206 546.228201212202
1585.108116691326 522.9955601817437
1595.831894636923 550.8829020737189
1614.615847004297 527.6584323992652
1625.332080082644 555.5348184324915
1644.108613946771 532.3177317710824
1654.821825562103 560.1819535965666
1673.58896851646 536.9820875670385
1684.295759829359 564.8292945901803
1703.134440298996 541.7094722414498
1692.368737370301 513.8149033716717
1713.902195393363 569.5864261772175
1544.858706548096 490.4215725038193
1721.90071013368 518.5421510613828
-157.3564319306791 483.0660914825642
1378.123641276318 490.3329591184257
1711.131061970916 490.6550541212939
715.2788906520734 490.925260543264
1016.508839475565 487.2744052900328
1211.644016117804 490.3392640179754
1740.6510363166 495.3742613865984
-326.9627012628362 457.2414731578472
1729.880559229146 467.4935089621977
367.0653323109128 640.9643003396503
-465.8308188511085 430.3299631272588
1759.393120504989 472.2088883675171
-653.0660067021599 429.9728754997627
1748.625449100188 444.3344745187689
2176.193443919589 779.4427143923581
1778.045529544775 448.9813175891954
1788.711081770183 476.7636186832517
834.4706028735775 587.1935875232531
-65.8974680297899 573.0667228091193
252.0698722192528 622.9679171289375
1165.976360492215 587.9445633365208
-1776.618906124809 407.3607393279215
-1805.904204623763 402.8435273715207
1332.481266606654 588.0570114366008
-825.908357131743 402.7309725739958
-855.2165330942282 398.932752316871
1767.344561462377 421.1593558265645
-1863.059745630591 680.6909261784688
-1892.446986283977 676.2448399130296
1499.1530680095 588.1184312275587
1695.026062752369 592.6877910220559
1724.544753533604 597.3667859125196
1796.762783895625 425.8085875141701
50.15513739749758 591.1677384125677
-210.0261925245234 550.6596850872495
1786.07895209464 398.0020113038842
1756.664271028167 393.3270602284455
1815.49593594986 402.6398139476774
-1881.60382787773 703.9168636372638
-1910.991304590221 699.471205334603
-1921.834916485099 671.7982224349475
580.4443839946915 1197.921255392673
970.5815483895045 582.7514077681026
879.8356185531464 490.5984489529752
-1787.446573173346 379.633436546978
-1816.856450039541 375.1514674494589
-836.5393694544694 375.7934819590755
-865.7799061118517 372.274521683886
1705.726877485369 620.5234456227568
1735.202226952741 625.1708417628416
-2104.212589632299 25.60790734856785
-1940.379066169864 695.0257306002537
-1929.535119691192 722.6992994277986
-1951.223280878401 667.352085215825
-568.5038347260936 517.7934345391695
1804.810996019086 374.8487559346067
1834.224982224478 379.4848500285077
-1798.310876785462 351.897062456475
-1827.784610718866 347.4343421268817
-1846.311782212859 370.5556940917151
-1857.251192902256 342.9515186881857
-1875.822732078529 366.090891436522
-1886.728853979617 338.5043568081581
-1905.320706778101 361.7811570747368
-1916.204058424165 334.0730227630454
-1934.792518444542 357.3544422687157
-1945.672189244511 329.6088832202133
-847.097343462772 348.7835713016122
-875.9897832614683 345.0500334837847
-381.8349969669998 522.756981289372
651.9386142517843 609.7416051714607
-1958.923667738308 718.253859350621
-1948.079174754005 745.9283127970695
1716.426607390334 648.3649764985171
1745.909820766356 653.0128566030609
1823.543383540957 351.7019819677294
1852.946221580459 356.3523576513329
1863.621923386894 384.1184908302646
2005.915890603409 975.0085346704592
-1274.324324324323 1075.009770189123
-1964.263367829972 352.9003276437545
-1975.140909974552 325.1523869897242
1882.328473242343 361.001725058582
1892.992127479791 388.7585009988859
1871.666993009853 333.2329598855222
-1977.468583306569 741.4825022537362
-1966.624000114031 769.1575165558069
134.694633442799 974.8554646208983
-1809.197912745443 324.1471993702828
-1779.711732234152 328.6168447605351
-857.6039242265842 321.6298584194824
-886.4313919451129 317.2219789915655
-2274.253194668684 936.4866690874951
165.7035498599275 609.1962458982072
-70.34100640104536 496.690674066311
-296.5670164713741 536.4331338553993
-454.5579150980067 25.63416983777862
-651.2416697507814 825.8493649054112
-784.5441542465625 24.86187473012662
-124.9999999911222 25.98076211368242
55.00000000889008 25.98076211342564
234.9703202618971 25.98374617508459
414.3535757805031 25.61704123902727
592.4454861622593 26.59851301347646
-1382.961152971399 27.87234794601262
-1565.982012224285 22.96734266439841
-1743.227453065412 24.14974253764873
-1937.234098468291 773.6031855471043
-1503.949023367517 477.1564599315683
1134.995667402381 974.0178134439152
1315.671187119017 973.850093434905
1494.998095292135 974.0190651912621
1226.213249711914 26.36153150804217
1041.561231495488 27.26368563340498
1401.394006753467 25.28513957945409
1584.526002635668 27.3509421033438
-2106.586294170044 1074.351724159002
-1482.529907314016 1074.86056788659
-1659.81626812645 1074.854971588041
-2274.269599752707 198.9571539202569
-828.73961788647 325.908641200256
2037.625688871894 25.4280638445669
-1023.655952965134 928.2958825940799
-327.2415063733472 875.2047447808171
1727.136611909033 676.2210508989886
1756.62150015628 680.8634104824753
1775.387470674755 657.6592257566259
1786.099816256527 685.4987572856083
1804.851503543982 662.3069866885088
1815.564333035962 690.1332602996494
1834.300444833112 666.9504613113678
1845.00343840369 694.7503351447889
1863.718118068778 671.5840435260865
1874.42189454379 699.3725709740552
-241.9779618795822 468.8451786151418
-1091.548183217436 617.8864582248611
-1927.048974915918 306.3600245222013
-904.7599481292 340.6679433052322
-915.3227282759628 312.9756840661844
-933.5970704293081 335.9471261282638
-944.2405273514834 308.5374201678155
-962.5391039837293 331.5132889400653
-973.2161596083179 304.1591250711884
-991.4692528204625 326.7122061581811
-1002.219587798597 299.6785010689129
1893.122521787799 676.2299144341574
1903.813355295928 703.9967589689094
-1020.496850998406 322.2490165375623
-1031.289937230765 295.3494118868871
-1049.604400031484 318.0244179110827
-1060.395122488174 290.9650704037439
-1078.740487246297 313.6769471483151
-1089.543928038875 286.5874327876016
-1107.905796821693 309.2862084006812
-1118.723704922466 282.1628854899978
-1137.105920062243 304.8819061312803
-1147.94236439887 277.7653953126577
-1166.330336851526 300.4867015544059
-1177.142135725082 273.0751025478185
-1195.58570847326 296.0299206638929
-1206.456200654286 268.8566500937469
-1224.884012226541 291.6227175698822
-1235.777838947766 264.5065373726367
-1254.210040436928 287.21313186275
-1993.729199652178 348.4407625945333
-2004.605830076714 320.6941131316163
-1982.862337779444 376.1868373617874
1901.048239921202 337.8842496536516
1890.384644747267 310.1207731254084
-1996.013792000959 764.7114511291765
-2006.858497048575 737.0361983854136
-1955.779270478136 796.8329654833925
-1926.388341322003 801.2785366482331
-1265.063390322772 259.7629625477844
-1283.561007848192 282.7382221208502
-839.3045185418193 298.69605923506
-810.60091743839 303.1701392602215
-1790.595281735827 300.8510629882902
-1761.104843575917 305.3211110441482
1697.645723304199 671.5705844815028
1708.36263530418 699.4432887937969
1678.857705201361 694.7900667937665
-1294.465156145239 255.5690518921726
-1312.941288038913 278.3367315962935
-1323.860416025199 251.1974139645655
-1342.333054436797 273.9234854552739
1826.327291144942 717.9380423391178
-2012.339901936976 371.7005653993693
-2001.450523732489 399.4657325609058
-955.4945619506532 281.6528618880212
-1353.209551477762 246.4120856002493
-1371.732720686933 269.4307632188342
1689.584608701693 722.6836725641028
1660.061147076669 718.0158792221742
1919.759090405073 314.7623312623343
1909.557704140215 287.3794540389048
1881.133814221792 283.0053307346694
1922.512733558469 680.8841559509367
1911.830030512574 653.1245170693204
1933.192239212388 708.6344855374228
-1944.934261449749 824.5090513402997
-1915.542485937644 828.9546633713647
-1382.675963939534 242.2411004215006
-1401.174249924489 265.0124512099175
-2025.404089173928 760.2655598117285
-2036.24891141655 732.5897710414262
-1412.127766059393 237.8576306831355
-1430.637003185208 260.5837136075992
-2030.926670788348 394.9788167356281
-2020.040113610497 422.7311296489142
-821.0726961629614 275.8811233969048
-792.3219952212122 280.3691754707139
-1441.527919022528 233.0377562733426
-1460.093467186646 256.072867985061
-1072.488418952445 264.1717706464711
-1771.984442921549 277.5440445611877
-1742.490158136355 282.0185178584617
2176.739295176361 162.2536585542063
1941.192720427686 657.7770682614832
1930.529199439909 630.0502597514942
533.9714347252751 514.2060271084632
552.252562483912 491.5061613377198
523.3012286170944 487.0003790421287
541.7224463218578 464.2310553618538
512.732245443684 459.7171275375113
531.1535709338773 436.9259208959749
502.3006184522292 432.3400325675361
520.6471496103447 409.5573671962721
491.7505198528954 404.9747131140485
510.2237180136436 382.1124065928748
481.1650496088496 377.5677229254254
499.6616865769982 354.6622771457514
470.5905774486561 350.0991822958409
528.7496224068543 359.2330941683406
518.168355725258 331.7397930571769
547.2978069306815 336.3238603248935
536.6995914908653 308.7844873274742
565.8598940072419 313.3831092546918
452.0934333217209 373.0212236832112
441.5057595792641 345.5406642898388
423.0225099189165 368.4576224875265
412.4145455638562 340.9808657479516
393.9340321664134 363.908269449029
383.3126874375398 336.4264735570608
401.8157420723013 313.4744236977822
372.6751526119182 308.9122566527624
354.1604729697009 331.8872165387987
343.5030398465518 304.4490331620196
324.987251805653 327.3545865350191
314.3309216332835 299.9091473595899
295.8112652628589 322.8151798454677
285.1464348020114 295.3793824146966
266.6225851442783 318.274455789584
255.9776932192956 290.6939772585727
237.4246669154843 313.7069039899794
226.7479078761877 286.2541624699793
208.2047799424436 309.1745068146205
197.5172378967943 281.7385948873048
178.9705762211213 304.6329566252436
168.3108313860609 277.0033818626811
149.7337316022188 300.0500527591366
139.0336823757747 272.5968986765376
120.4706975121264 295.5140555798686
109.7654395585419 268.0845636164972
91.20434843507053 290.9659823478665
80.51762270959335 263.4125857420946
61.93739212041869 286.387842374418
51.22970554094712 258.9455381475564
32.66180632247357 281.8373921250417
21.95097333791248 254.4086284588675
3.390149339310156 277.2791029395158
-7.304126830533293 249.7212926229064
-25.87471737735457 272.6942829128394
555.2565680042464 285.8004242351247
584.4687408606089 290.406337690408
-36.59241244356873 245.2654143839096
-55.14436287210002 268.1388817792961
-65.86125060925042 240.7353631284177
-84.40315099269642 263.5766374459582
391.2011343580634 285.9291281143685
-95.09656807747777 236.0445986151956
-113.6528024228303 258.9655239659755
510.5086093059056 663.4680874635438
492.3067481389178 685.9760808631113
520.9099808528815 690.5048254400754
502.7325810143635 712.9903797845967
531.2750912986147 717.4878550722366
513.1669706084566 739.9470722972948
541.6256339164595 744.4520364843534
523.5691455427493 766.8641032885854
551.9845121233086 771.3332937297487
533.9194391463698 793.6769121659968
505.5778917283442 789.2319040339066
515.8985099181398 815.9805583386634
487.7490233196809 811.6455945231206
498.3187934219509 838.7202206561738
469.9254470591937 834.0317335419951
480.4207743868533 861.0425256571699
527.6792401325621 844.3817097885908
451.9550178304291 856.1893492129961
462.122162754664 882.5752880368049
433.7958338030844 878.290432354656
444.0142675116075 904.8121565443813
472.2581616172154 909.1395696181753
454.480613585206 931.2375098349038
482.5296089630469 935.6222791613923
464.7716796941951 957.6989119064021
492.7304643617539 962.0563350089519
423.6972322631756 851.7052771550257
405.5782029605667 874.0001817661787
395.5088501045041 847.3002262148476
377.495408543264 869.6346118426577
367.3449168116405 842.8845046618441
303.1415220679612 272.4391836636287
-124.3522410678293 231.5986594953664
-142.88416396991 254.3968870753612
1670.793352253719 745.9304810901372
1641.252235724956 741.2593710371711
-2049.51546191438 418.2606857577945
-2038.621205831764 445.9977105482093
1938.706262134027 292.0212150053308
1949.245625595304 320.1748454181823
1914.5008970514 731.7485404514913
1943.868662390199 736.3717571477952
-2060.44137475188 390.502844708416
-153.5787618420433 227.0712908034082
-172.0893492934457 249.8639444092397
-182.7635143391429 222.3886287679596
-201.2858114639296 245.2621222715119
-211.9637979982797 217.9535963439297
-230.4613787260621 240.7265370889213
475.0294704013979 984.1279363048969
502.9331631376879 988.4989645265341
-1471.046288865201 228.8834184911771
-1489.570936509935 251.6487689970503
1959.847200546638 634.6765231249457
1949.20206401389 606.981346434012
1928.832335130865 264.2213257235519
573.8415952781147 262.7879377277065
603.0781143653695 267.39476374841
613.7025384028159 295.0283949868144
632.3263525847727 272.0095784646301
-1500.537934081477 224.4979728212488
349.4918899954678 865.0524518735999
339.1817687642821 838.4483890439637
-727.2340528312199 518.7016672743208
-2068.087096716758 441.5364050689004
-2057.190423918919 469.2610182656716
215.2303580328879 258.7178728176344
-839.9517727477009 576.8088325215891
-1934.088787864452 852.1857141532754
-1904.697063140397 856.6314870496097
-241.1039776831172 213.2314303758058
-259.2295573848445 235.9992641238512
359.3413372591575 892.0659418871497
520.6584970787696 966.4588111899262
-1886.150457519398 833.4001973584658
-1875.304652305604 861.0771391613704
-1856.75791181665 837.8461050287771
-1845.912387981431 865.5230354622964
-1827.365930068963 842.2923314172436
-1816.520626286211 869.9682619238765
-1797.975392832504 846.7385419775986
-1787.13040595005 874.4130255154804
-1768.586239317633 851.1851644315947
-1757.741691212901 878.8577600228299
-1739.199487806878 855.6319991693241
-1527.442012588729 549.2726469730922
-1963.480552032614 847.7396965183311
1105.060118088952 501.0708422159076
1077.502390181225 573.990266387491
-467.7035459690933 512.9321696392299
-1004.577464216308 631.0762855238148
-887.1119364246106 519.488968642196
642.9525820663922 299.6565286206491
661.5865165562404 276.6276426591025
672.2162286024995 304.2873670525104
690.8575639169653 281.248197287169
701.4914990036337 308.9162425228528
720.1552228666858 285.8698522965713
709.5104655563348 258.1730683931704
738.829630109191 262.8013392502039
749.4726122131376 290.5160853106941
768.1646074460417 267.4375171503114
778.8071871162903 295.1756825736057
797.5157473703399 272.0809570561742
-802.7928783532806 253.028863287043
-773.7423567297237 257.5280364090657
-1518.613945087254 247.5582002959109
-1529.832099723524 219.921249839024
-1728.356186015108 883.3010593854264
-1709.817067769215 860.0756533410878
-1720.658522692645 832.4106553993804
-1691.279697150489 836.8569533214524
-1680.435533237972 864.5203217762463
-1661.906301374477 841.2997615203279
-1672.744504129641 813.6443381083168
-1643.376200296197 818.088562922184
-1632.539994583957 845.7388161824297
-1614.01269592654 822.5324838567132
-1603.177586884916 850.1785720110204
-1584.654698549589 826.9780568035007
-1573.805633466996 854.6334626420222
-1555.301183312618 831.4255264910693
-1544.473714538004 859.0526453307502
-1525.963842690928 835.8601306561187
-1536.786626656732 808.2400037431574
-1507.45808009921 812.6817731787515
-1496.641393600348 840.2921079295738
-1478.139821870562 817.1212708330364
-1467.326325005909 844.7206080690265
-1448.833192611062 821.5624665455721
-1438.022406207263 849.1517502524249
-1419.533632674957 825.9989833952334
-1408.724506769035 853.58941495654
-1390.245232123612 830.4358579490182
-1379.435418099995 858.0184780290642
-1360.961907685043 834.872062130282
-1350.157540670125 862.4438222553636
-1331.681630563789 839.3050581125082
-1401.049750758184 802.8629530304366
-1320.876642523502 866.8727914056311
-1302.413580200439 843.7299935781735
-1518.274071921636 785.066976733232
-1313.214778059114 816.1854138352802
-1283.959595300099 820.6114042994599
-1654.211279630629 790.4355610795993
-1273.136869577139 848.1394304777892
-1254.720292970202 825.0207258292319
-1218.977941290632 242.2316202751616
-2054.794806428163 755.8198175794921
-2065.639883975292 728.1432920251438
808.1705896597653 299.8484978219744
826.8866583173173 276.7287064831048
837.542830088449 304.4963303431076
856.2770264950454 281.3760426148959
845.6065885091537 253.5884208226219
875.0174177904876 258.246544100415
885.6876868990469 286.0456586071876
904.4428670681732 262.907810053395
915.1157810777764 290.7232885026248
933.8812036511059 267.5770216641778
864.2929383115643 230.4526355991356
321.2460501301658 860.7056242454465
310.9643806484911 834.0376719640982
-1753.366816531727 254.230784442696
-1782.874746597973 249.7558861529657
2175.569428370468 867.3620464724421
944.5597332116796 295.4027370510078
963.3345897095999 272.2453122641757
974.0208213625615 300.0976838965775
992.8038644973424 276.9060093898558
1003.493437643789 304.7864212232076
1022.283470484168 281.5784678326127
982.0463356375091 249.0509071443485
621.6605082074124 244.3640600345522
1032.975222935669 309.4593419692054
1051.773778540155 286.2494636308208
1062.46597758274 314.1340054671994
1081.273923610004 290.926580672061
1070.57378934059 263.0303982870835
1100.087506272523 267.7091036894521
1110.786607059494 295.6143449077022
1129.608853502058 272.3919602769014
1140.312264165796 300.3040924228839
1159.136139554057 277.0788822386589
1169.843761872314 305.0001060187027
1188.670383475794 281.7622765542739
1199.382108439281 309.6932788522221
1218.217595304961 286.4539538066608
1228.928780020553 314.3881246474193
1247.770500646043 291.1432928340284
1237.052827245102 263.1978590189318
1266.613974919667 267.8940727345997
1277.329160553878 295.8401631606421
1296.177129349369 272.5883901593443
1148.419713064947 249.1590736135446
1957.583724945951 269.3291371552733
1306.893502441863 300.5393911961382
1325.74554511655 277.2854196424373
1336.463770515233 305.2391319178962
1355.317879711209 281.9771482516732
1366.036608278699 309.9370245304875
1384.892525545425 286.675297029299
1344.602476299105 254.0328011133335
1395.611230097704 314.6345165348595
1414.466769805441 291.3724545111843
728.174486838362 235.0784167290102
-1265.514825857745 797.521112721962
-1236.307196186609 801.9361399983056
-1225.518781433698 829.405925810236
-1207.126263375109 806.3515443875486
447.1237356970693 979.7115467137178
131.2710725232604 323.0455703293364
1255.901756284537 239.9486162445031
530.7889908526075 992.8059696366003
548.5575121203302 970.8508220936244
513.1429840971002 1014.831740105096
-270.187444381713 208.6454755925576
-287.6061084205255 231.7297592581
1978.497246238283 611.6007965531929
1967.860852491114 583.9260749670906
127.2226680377493 245.0223113964796
1925.193126620212 759.4897385705666
1954.560695516591 764.0991933046771
-542.3255459687325 842.187220383697
1973.220805490922 740.9915045678796
1983.904143121191 768.6995234973821
248.1538743820848 341.2295520678027
1947.20066304084 240.7964831676696
1651.988816341778 769.181610150181
1622.441082042396 764.5222918842038
1681.53560363835 773.842950964454
-981.2589174988352 354.2866991888939
-802.625997091104 745.856941252848
1425.184714555462 319.3312446285629
1444.040196353626 296.0701213780155
1433.321904340271 268.1087130456951
1462.896548608534 272.808590750722
1473.615532927238 300.7705860241947
1492.469923151392 277.5097539596907
1503.18574010127 305.469434176044
1522.037950614401 282.2126237701586
1532.75035884515 310.1619892243182
1551.602720026443 286.9114810979406
1540.892091163177 258.9646835496565
1570.449548188138 263.6665867871706
1452.179318511977 244.843608362749
1562.041834440643 313.7474728881182
-299.1749454477545 204.113888715378
-316.9584040443867 227.362400870637
-328.3104389369999 199.5991591555463
-346.920263472178 222.4858221716631
-1097.130367621201 336.6900560356112
-334.768447564771 250.4920877302047
-365.1107532969522 245.4469740981577
-375.9289564080705 217.9927279600643
-394.4233182770006 240.8268922322901
-404.9705762415264 213.4769953590553
-423.507829757047 236.2703162267982
-433.954176592542 208.9796525575421
-452.3881982234327 231.7885840869968
-462.9473867903053 204.5297726236801
-481.3493607384831 227.3198982076975
-915.9663396961538 717.5981601519671
680.8807981057716 614.3291732267654
-1214.050620286032 319.1365088171706
1975.890391638173 245.4306966017287
-1952.63513447758 875.4168662864336
-1982.027196701906 870.9705610145089
293.025578365874 856.309761480151
282.7158572433154 829.6200186419816
544.6056586091929 258.1904343619104
-248.2149807240078 263.7762003784765
-491.9318506683292 200.0180115330607
-510.3254407801354 222.8214412681729
-520.9208944184007 195.4560314322119
-539.338637521575 218.3160388431874
-549.9388561683097 190.9284312369545
-569.047562371516 213.2397490930501
-557.866157540598 241.0645539012758
-1331.456237757649 301.4919617378156
-2027.760374635888 473.7150869690172
-2046.327111566195 496.971007662082
1559.742482624892 235.7194534874737
1589.304976341944 240.4199928063198
-161.4411473520398 277.3761706325631
-1731.616282807704 309.794652660349
-73.73285609248272 291.1320965308282
14.08383497148462 304.8598948572547
-784.4349678389882 230.1465660824602
-813.4564839087835 225.6905703987218
-2075.748364140741 492.5217788309884
-2064.781060462505 520.2462315131244
-1894.574221166039 389.3644582129789
-1427.186193063045 876.7667117587952
39.26898939776501 231.3235949276515
-580.2172999095342 185.8548306051723
1700.432552492264 462.7884748273331
-1419.739619185534 288.2231473876543
-1508.089420846553 274.92397330071
-1592.3007954444 877.8651249644187
-1307.215832606407 228.9820649099493
-2084.186266062456 751.3737544272329
-2095.031613491567 723.6965596748083
-1805.674418216372 897.6439624272824
-1764.24616820544 226.4279690110234
-1793.771532772732 221.9529321396953
-1734.733253477891 230.9104141690726
-1196.345364381597 833.788962266623
-1177.973179069009 810.7544058976968
-1537.381855744733 270.5732695923001
540.8598366321147 1019.095810354657
523.3038258495379 1040.950546966072
-383.7973118372251 268.1660984925113
662.4286845294406 637.087846366759
691.340251927297 641.6962667441076
672.9192979338018 664.4312435722732
701.817188483748 669.0365865616376
683.4139287674427 691.7204633195348
712.3066770347154 696.3641742567595
693.9011185359633 719.0512548783822
722.7963090203422 723.7001266545949
704.3856245593001 746.4380426332524
733.3203051710256 751.0599736640341
714.9064968593291 773.7940804368947
743.8062068273867 778.3817660399701
725.3677661154189 801.1457589994825
762.3065198726647 755.4411869249234
772.8194612634035 783.0120280969742
791.4027231510886 760.0001687715347
801.9435760975917 787.780103098902
820.5818482112426 764.8455973757445
831.142161098254 792.5187364441629
849.8203147445116 769.4477098864132
860.405688683352 797.2341823520578
879.1253918303229 774.1007697051455
889.7105973306057 801.9686947210267
908.4777168238584 778.8699849384494
919.0676792588754 806.7089284649128
937.862721404597 783.5709457775209
812.2706980441205 815.3277024193488
948.4766944017956 811.4243922603777
967.2817611974281 788.2817200331693
1965.341281619994 217.6742366821886
1937.23929121034 213.1056131298836
559.8000854835145 441.3031341792661
-175.3880646138889 960.0573751421641
1662.725737507315 797.1017567699573
1692.281141593637 801.7595232380883
264.7782187025837 851.9038588516561
254.4208315841461 825.1933908566535
1965.259542810738 791.8167091721499
1994.588931076843 796.397812245057
-587.544168622129 235.9893628144686
-576.2877618360995 263.8321914176732
-1339.356911298485 890.0239498092759
1997.140824159679 588.5468088307815
1986.505033615027 560.8798208359572
818.8175706897648 327.606709199548
2002.553112270169 745.5981473013627
-48.72742659243379 217.6192932581043
272.4078864028157 802.876074922538
244.0578520567981 798.4341534054323
226.0497422090307 820.7986386919498
215.6389367777421 793.9685332744733
197.5608593634941 816.4380989707107
187.1189060069881 789.487722812957
169.1453252482521 810.7797563488743
158.4775408006626 785.0069981649835
140.5874169085835 805.2341548131088
129.8268146069181 780.302335752608
111.5965249107186 801.8775670633146
100.8423977780348 775.8372419313803
82.5270208397804 798.3098711269245
71.87629662149813 771.360295765296
53.53103359068967 793.98326076482
42.89047820841297 766.8841971954577
24.5011399151716 789.7406651950165
13.90201443488376 762.4322975957492
-4.487033371266976 785.2753455358516
-15.06674053096552 757.9616271123982
-33.25138189177466 780.706749667166
-43.95834820016825 753.4827200203949
-62.34299237180819 776.2726576438821
-72.84876236515662 749.0364879257058
-91.37498986136632 771.5492652434082
-101.707671730345 744.6930167270123
-120.2489371870863 768.0296132635076
-130.470718745778 740.5090488770334
-149.2531820070122 764.7364485859738
-159.1649329034772 736.1906406278525
-177.6112703813788 759.6629824765765
-187.7126691406572 731.6264818749434
-205.8051092552457 754.0915544402866
-216.1576309413487 726.9246751435508
-1247.082413054303 774.4610559683168
385.4795282367203 820.6276814223451
1957.226384844588 556.2533872217853
1975.877951199756 533.2157518299042
1994.607943027074 222.3202627571675
2005.278533482031 251.1022389903463
-2016.805356628125 501.44002963874
1317.711003300459 327.8575692440758
1611.704422298923 736.5921985383233
1592.887446576887 759.861534203856
-763.3390605024831 285.8428887191731
955.2217434072436 323.263020388682
-1395.59517728643 215.7069463103312
897.8550277993111 750.9772067919422
-234.2162521241222 749.4019862489299
-244.6040443193287 722.5298943039767
977.916560366682 816.1511712929079
996.7299590821287 793.0065492083869
986.0847554956168 765.1315919209833
1015.303835918598 769.944440626774
1026.158440899644 797.7494543810886
1044.683232312244 775.017695996266
1055.359912617405 804.2055372306909
1074.364584340513 779.9829205348856
1084.849966130632 809.2656401888761
1103.966378901448 784.4541339603486
1114.474833113702 813.4522343128151
1133.530342117146 789.0427268793327
1144.034891487997 818.0719452580012
1163.083772042766 793.7251295596822
1578.592507299396 212.4707336717026
1608.151116504494 217.1743460782678
1618.86305259244 245.1170863439238
1637.701411442809 221.8785028940305
1093.167293324753 756.7327900828137
-110.4600958166396 796.4080382489998
-2094.28569189044 515.7836409975189
-470.9792745609626 254.7380651211229
-2195.462964550665 29.16232105112413
1648.40397216651 249.8114000270391
1667.238310609782 226.5849385090762
-1971.18168102402 898.6482066930743
-2000.574166310265 894.2019340001051
2007.775562744818 616.2045440533263
-1759.475833614006 592.2832448705286
-2076.483246590932 700.4651938048687
-2105.878082544731 696.01800934612
-755.3228173519681 234.6449666755159
-766.1046279049125 207.2200383802785
404.5349258573135 391.3598648059831
550.8990014353076 1045.262307995887
1173.767329095888 821.6771307908884
1192.684850394765 798.1606601061317
1181.988366767067 770.2516593338943
1211.555359414984 774.9323952671594
1222.248551727331 802.8887492776659
1241.124919621417 779.648221549379
1251.818136553629 807.6182991064462
1270.698956413204 784.3731754252052
1281.39269133829 812.3504851349107
1300.274915857062 789.1007906402872
1230.431821605023 751.6802898124893
1310.9701217265 817.080423231184
1329.853292278697 793.8296271395366
1340.548989963291 821.8100867885141
1359.431259902935 798.5577378112494
1348.739524752634 770.5805354864009
1378.314292459934 775.308903093172
1389.006655270168 803.2844653399233
1407.885991122461 780.034588200698
1418.582378320823 808.0097513668733
1397.193534254585 752.063035121349
-136.6537592423207 203.928377199123
-169.5165013909833 709.0326319824379
-1526.705097314068 298.1640688479873
-1555.733510175523 294.0476311282428
1150.990265627042 328.2063030502032
-1745.61286679173 203.0903061021513
-1716.081960928427 207.5747605173025
-22.54647253081784 806.3666788257011
1983.954258361179 194.5607107764003
-262.625643628749 744.9174901897209
-273.0000766089742 718.1363341425222
-309.9282406377419 176.5843014992817
-2113.578229627158 746.9275434588933
-2102.732732227364 774.6049963508059
2005.151531048117 537.8425589991734
1994.524017120697 510.186271441898
-2196.219516568837 1073.583714203681
1673.465668534576 825.0277796430306
-1484.099610712174 202.4131626611938
1823.635573170737 639.1715815729963
1627.002664773372 193.9350987960269
1426.763162694304 756.7867533744925
1703.028585258978 829.6836828580975
1582.150854597194 731.9335747390561
-1167.215863164801 838.1646763927964
-1148.851309320998 815.1420438925298
-1159.610133244719 787.7729087299846
-1130.554835200502 792.1330633585858
-1185.578529878341 861.2311873937352
682.8814014464449 331.7041218470583
1416.069642716993 728.8185681127013
1004.753687649724 742.0334898335075
275.0962595688162 878.5844911058481
-415.7589177412423 186.0705211172676
-25.67233636168167 730.6786976569601
90.36823221734139 749.1198437638458
696.6022307618598 796.4996806497728
706.9804856866938 823.6620736452121
2013.301636807496 199.2074414674811
1677.762743795871 253.9734368553447
1696.732800180398 231.2031074684895
1513.908619174973 333.4169055778499
533.330468834437 1066.92243199174
505.9134244387874 1062.682946546802
1946.595388130811 528.5796646966129
-605.8381920848152 259.0786063608671
-223.0133797224823 190.7013407962329
-737.0194546979319 211.6465986550354
-747.7459506907287 184.2119568707609
560.7614192928447 1071.22169242338
578.4831536271059 1049.612472466144
474.5782169964749 708.7934024731936
1975.948830054234 819.5427382826415
2005.299934816915 824.1310109463652
-595.2578824113812 286.8701867384858
-1141.278890756987 764.8309889608042
-1112.272346061819 769.220612568632
678.0480865219506 818.830603440534
688.7559114707902 846.1379906188711
262.0899331653369 776.0796228245671
-290.5796971594906 740.317967166592
-301.2729964472895 713.6890016703181
-283.365937823692 691.3864751593657
-311.6635505004784 686.9993108275023
-329.5802153066095 709.2569205605424
-339.8747666792462 682.6982913082234
-357.6151917168662 704.4161228426124
-367.971714220116 678.1605162544897
-385.4590545226695 699.8675337384565
-395.7827107988667 673.9124249254077
-413.1356142310962 695.8524953231471
-423.1945911218369 670.0713803587503
-440.5877321406368 691.6725862378735
-450.6861423565215 665.6329649008826
-467.8764641530285 686.5911310778242
-478.1415503763845 661.2345890505641
-495.2783024553212 682.2018147674994
-505.5044129476946 657.1047192808177
-522.7476091224388 678.0871363255294
-532.9283597357256 652.8522485644133
-550.2733309597272 673.8817643741984
-560.4777067605703 648.5687638172805
-577.9123248295805 669.8938294428484
-588.1103556027081 644.3095626890415
-605.5958330351177 665.7065070563254
-615.8056414488325 640.0183566632161
-633.3989428557591 661.9129456408596
-565.1199040213277 699.09122868811
176.9179031229418 762.6865531656359
-1808.820040375702 819.0659087744307
515.8710499487061 1088.469246416427
488.6396790073532 1084.252365870784
2023.780161749705 514.8064666587481
2013.160689390678 487.1726946594503
93.33522033034833 826.751730813996
-1726.969824070642 179.7424128968765
-1697.419969486913 184.2250780675572
-195.3286130239811 780.734387668842
-502.5679257033395 172.6994718090886
-643.571620538773 635.7815886234073
-661.1793043513728 657.7134920247021
-1989.728517706027 921.8798870388928
-2019.121291678635 917.4334897135598
-1960.335610641596 926.326104990328
1606.55423878405 578.7610776547277
-2087.327561989293 672.7846304798762
-2116.725499689614 668.3371647097903
-565.6225224741535 291.2139464655058
-1686.528086008048 212.0541716431733
-1667.876452481579 188.7119409808415
2094.085426896973 972.2145319230135
-853.5599114466554 674.7434593158746
717.2644857053624 850.7039483461923
699.0666128886055 873.0675497391018
670.6573517593722 868.5311230591515
680.910630734238 895.3345731995046
727.506864422747 877.6176705154744
1657.375752919442 276.4496851902059
483.880426975201 455.15912284807
-1813.657167917156 453.5532432959727
1549.028867775301 207.7660648023509
-1747.207255456281 411.8286303320494
959.090186557256 839.2963079265097
809.9953106112166 736.9895293791059
-873.2113948393802 421.5604771538631
-980.9930963529014 557.9281677988515
-1101.562400788125 796.4716411718786
-1083.322191091743 773.5872415792345
1043.666686817385 337.3408795636063
-1156.45974135349 865.5575887416995
-1174.772903780656 888.683630887298
-2132.125133702278 770.1588526812317
-2121.27925131518 797.8355215410542
2042.389603116866 491.7895114272835
2031.784936929533 464.1710137519164
1406.330363382588 342.5919948928801
-626.3506818417992 281.6153990615125
2002.645047429043 171.4478845155948
1095.037945743259 839.79500217451
176.0745313084881 841.034193111561
-1545.262384654987 321.4729768028604
-1574.714334838995 317.0255871485247
-1515.884095089126 325.8679459198843
1706.468587722758 258.2387856877434
1726.10477826472 235.8151786322935
1715.556968109245 208.0420356918021
1745.066303106846 212.7490093235107
1734.404569720789 184.8664491922916
1763.921648459577 189.5712321906614
1753.242798646702 161.669272261797
1782.756770501914 166.3742207025725
1723.714634818974 156.9629442017125
-584.6778318705775 314.1426171458432
-555.3252260910054 318.3896611983992
2032.00795154951 176.106549780253
-718.554596950216 188.6734475903872
2053.011655150548 519.412219323495
-651.0023213806322 683.9257493265042
-678.6282557768029 678.5850286096621
-688.9710736384833 653.2529577226095
1684.214596048237 852.9607004764449
1654.641602385939 848.3010432923132
2061.006908139868 468.7581549388618
2050.404121238342 441.1626914385838
1262.508666978939 835.5963366216001
-1708.308065569658 156.386118825154
-1737.874687893507 151.9033261617545
-433.7613925641274 643.1373939512082
2021.182958841274 436.5521857934752
2039.802943097981 413.5602488771361
1563.329264553149 755.1990271927349
1552.590749771401 727.2657931298355
1574.070329359018 783.1341481548872
-514.1436441387667 629.7790041136608
1721.8358215808 806.417332639268
1732.58295522816 834.3346478762951
730.7793792503162 673.3901482134742
652.5851303804844 890.7899965268265
662.7843936234516 917.5529781992203
-350.3284928429485 655.6848122789356
686.1772133465206 486.3566152454013
-729.2767448076781 161.1805419856148
-758.506986854142 156.7170568876582
704.6871209968479 463.4247770056193
-700.1013804572194 165.6694035432807
-2274.437326952045 104.5401609494567
-1094.017070801204 746.378299530749
-1065.139686844132 750.7350762236152
1755.573583467453 239.6158592166435
-1145.575024759476 893.0856694149994
1742.562677796715 133.7358334782082
588.3727738024243 1075.664604004818
606.1555320402049 1054.000692765838
-293.7576562981533 664.6592601182216
-1978.882733261839 949.5581925690107
-1949.489310601155 954.0044273764553
1986.639111245041 847.2980761579726
1957.240677602138 842.6939542186501
2016.028277055557 851.9000349572849
2034.64211021266 828.70629170888
2045.390295778725 856.4729030615373
562.2926017483244 798.149556972444
-699.0034920671956 523.0126073877885
-14.0334773994609 974.0941958534955
580.3920386527636 775.8117079408195
-251.3135912389388 771.3770857178112
107.9940224758888 600.1829710247629
-625.1373996116538 510.4452701531322
691.0497284192579 922.0983530403483
672.9794622484819 944.222140914002
310.272810367598 631.8063294855734
2042.645142663948 203.8380217239555
-1175.484964349379 1051.931514823224
-7.802794166356269 582.1358951639146
870.9090227224498 825.1433114032767
-608.495184070925 28.04268291895438
-124.0156430433406 564.2088497944944
72.63875372700666 313.8440324293198
-513.1149189162136 706.8669507116226
32.34056190685037 739.9617167767983
1826.200258312617 430.3991254066796
1751.49447531094 523.3846763105122
189.7420565146468 332.1497064134898
549.4330232852965 695.1684584566202
-1459.641051037995 793.9658561951243
306.5056726272518 350.306957286696
1467.315909073824 505.5310055853383
-934.960260475411 25.97582593877975
1603.898910288561 499.7798038670057
1751.387705249542 811.0733032860562
1762.130654730312 838.9845310954514
1780.928018997712 815.7281960324545
1791.669747494479 843.6317624640552
-1054.978850127113 25.97021298979745
-1204.972462805437 25.97796972452451
2095.000000000438 25.98076211342525
-800.1125271774545 330.5044879900635
-1155.499639187985 327.9426900069934
-276.2936276635724 25.49178949184015
-1595.48448943368 799.3403580668121
-1272.71013428851 310.3046652505133
-1039.064507481639 345.6019721573811
1947.336728238077 969.9213576333024
1823.885122590378 974.5626575652708
1440.003407154999 578.8104654506989
1885.12691115856 25.63080651638479
624.3142133815518 322.6664181319424
-1276.274125915505 770.0360015259735
-1257.852360568229 746.9869757341093
-1287.02194434322 742.5621640413863
-1268.618655092944 719.5186392061968
-1297.786493625034 715.0923444984642
-1239.468845366373 723.9347293106999
-1250.219283116373 696.4974192462965
-1221.105481758562 700.8983819680744
741.4214830640484 29.68952681085701
864.9538460682105 25.73407431969336
-2044.60419671613 26.13908631666931
1289.851245933718 761.6380110323181
-83.46694838020068 722.1158998893146
-1926.746004776496 24.41202524005046
-1332.62007627842 1074.923317139516
-1990.627027109811 427.2013833390906
1210.09227344638 337.6195489768864
-2105.162512325751 488.0766200985772
-2123.768910096755 511.3037312820236
-2134.610274686042 483.6151236106237
-1310.053497833991 894.4482914853115
-1328.552336485956 917.6194440234286
-1299.222905775155 922.0455215607418
-1317.730584468633 945.22878901268
-1347.062151101442 940.7921931750506
-1288.400130451394 949.6646548338202
-1852.20291778104 708.3754826549771
337.5997344906316 1153.977597322404
256.5734293269639 1073.566377978834
762.8564955380366 1054.343847821864
955.064507245551 974.0611487010015
-2274.253293587963 995.9459722253661
-2276.279090829954 877.0270068105207
-2275.050663679817 758.808337595582
-2274.253298806354 639.1891891882151
-1839.189189189189 1074.253298806408
-757.1175769479332 439.2210654902688
1567.885518826144 184.5097126606377
1538.309778153704 179.8036664382606
1557.175890076374 156.5408205326455
1527.59082707232 151.8332129982071
-1884.724526016211 625.3427963204884
-2273.638563191264 491.2648305972047
-1864.457202369188 888.7540222516465
-1746.897463818347 906.5289964535531
-1717.511277770396 910.9719161859834
-1736.052591561204 934.2006648878762
-1706.665346709425 938.6446119936211
-2043.949807392046 783.4954238584604
1348.612700593622 485.6481548253918
1386.502268273121 724.0935631686206
-1683.57884436379 785.9895582907949
-1665.045004875061 762.778618997614
-1694.411342938825 758.3351553203354
-1675.878194972546 735.1233047856939
-1705.245060498026 730.6808034069225
-1686.711744441982 707.4703482532904
-1657.347440162822 711.9136958342207
-1668.179457461974 684.2636035789602
-1638.712222967972 688.8034837614701
-2142.970571798377 742.4812022646089
-2029.966870397804 889.7552342452942
-2048.514367844679 912.9869145949777
-2037.668687469144 940.6654094043898
-2067.061912852812 936.2190056595333
-2077.907670927706 908.5401567235708
-2096.455386331467 931.7723256777653
-2107.301176518448 904.0933358780159
-2125.849050526912 927.3256324047575
-2136.694917838528 899.6464297504876
-2274.328738606934 339.2846040320467
-1352.374557847616 575.7554956505561
1273.375458929941 578.7124488965513
1270.707034511765 499.6279893965661
1983.828291230777 482.6067405282327
1399.702076872251 831.2628684935685
1429.285033055974 835.9901905756474
36.23186458677591 818.9632166770485
1089.38290339422 239.8007487697713
896.3364690264375 313.8474160159941
850.5197655223125 485.9796910276205
869.1671176530697 462.8916075289371
839.7587935549216 458.7283946681316
760.1202905688313 318.2768887845725
-1986.013506843878 297.4004999641337
-2015.490540629879 292.9430265427322
-1996.89028772737 269.6424284124354
-2026.376042308646 265.1835278037995
-2007.768018893721 241.872772800314
-2037.262796994314 237.4178188492241
-2055.864737925246 260.7269205878853
-2066.755453367557 232.9664826074813
-2085.352710135894 256.2714219185164
-2096.24140638742 228.5131166321904
-2018.671768772122 214.0913112480706
-1989.141924742744 218.5571416614193
-2000.053917408106 190.7502550721358
-1970.498452083566 195.2255743566756
-2114.829660778764 251.8134749265358
-2125.717009014594 224.0586743140467
-2107.124796796438 200.751432238268
-2136.643946345258 196.3078494025468
-2118.018445111364 172.9841562249874
-2147.549226828951 168.5378212600421
-1981.394154139047 167.4111327286111
-1951.849862218799 171.8799045269417
-2155.287502799227 219.5898214324906
-2103.950125723356 279.5675472989344
-2133.451222134432 275.0694451214674
-2122.553039037441 302.843943926523
2175.80489459273 573.7433204628361
2176.62148559678 721.8140468114901
-226.5867531327051 700.105637249454
-1485.818404094342 867.8933423081049
2175.167616612528 309.873406613853
-933.3187591768918 813.7995381129891
-1357.469008195498 498.0701560473245
1919.891628391236 602.3476798303421
923.2007446358981 239.7288458709508
-1868.122066085592 315.2551368108349
-1666.846555899374 477.3504671204446
898.4973182236434 467.5060067632263
1036.845637260241 825.6458315505214
1810.460609139604 820.3848497406972
1821.199014397108 848.2779299964087
-1940.952502558132 199.703993982476
-1922.302674495673 176.3561308037738
-2011.05061399208 162.9458672296697
786.8541466181488 244.367819721848
2175.964047245989 102.5597865388395
103.9236032109712 523.9785468294491
911.5073572707184 573.2742879735671
-1240.752916686541 515.8846906726229
563.2091236504252 235.1438496323452
533.9128931955853 230.541737425795
552.5599194742884 207.4646420752347
523.2244291140362 202.8569790020011
541.8988763366357 179.7493783858181
512.5455296735144 175.1379823315829
493.8713586868001 198.2595604309297
483.1842991032382 170.5384121768977
531.2256495783977 151.9988211461262
560.6100337723514 156.6255330161188
-1124.752185917249 533.594873000093
219.5621744676111 541.9364416808825
334.9638850020665 559.8912419886269
-1130.974438919034 255.3844017093144
-2112.870565680431 539.0269528292717
-2142.26666547788 534.564414366887
1154.063115368944 846.8164505369167
450.271918661119 577.9461629062109
1571.411864317242 704.0013969029279
460.0181473451173 322.6280012987305
-1014.128876069163 272.8636863245482
1973.248366450004 166.7893613002357
328.992021400156 811.7629090467298
-412.7342130099667 442.512084225046
-850.1814697394636 271.6680843496017
-560.7199833233985 163.3829457791343
-590.8051472494516 158.72570736199
-2152.043235471403 298.3530332773323
-2141.139050870373 326.1244860305494
464.5805975419537 193.64050356565
453.8239485269169 165.9409576307372
435.2232725814637 189.0388457445767
424.4425913882815 161.3325190836864
405.7766386426268 184.4616473898838
395.041153065437 156.8717894141774
-349.6873449339993 729.8878078538751
395.456639865431 1191.076205230124
-1911.457249675268 204.2006187891984
1542.084038416872 699.2448423533136
-1892.832978988724 180.8367207369631
-1903.649941183141 153.0024631620296
-1874.126067127931 157.4611106844596
532.3100504015838 1214.461672658156
376.3782086875349 179.8895160251903
365.6492370858769 152.2940134843679
347.0004647049819 175.3037628146759
336.149834722076 148.3782902502767
317.586659033298 170.8203100102006
305.6722016596189 144.3129000813441
-598.7027727451812 439.3967551829217
-1534.463503624234 349.1369669902252
-1505.04595158228 353.5754027423491
675.5771702019118 458.8692923981645
287.986223215212 166.3232017437899
276.1817473480187 138.9723455143238
258.5351635970296 161.6228645061554
247.7757095544892 133.9635292166625
229.294499868038 156.9495744977153
218.45885278887 129.8354246409156
-706.4374260386572 674.1189346861352
-716.8289364914262 648.8904503999278
199.8996603162855 152.4052956715587
1321.664529501937 845.0593630976856
1544.503501329892 778.470547799563
1555.080680173568 806.2768392747204
-2150.672298228852 793.3905278211907
498.6155820063132 1109.875184274247
471.4671480965926 1105.698688465747
461.4396480095556 1080.067560435025
444.1706639214671 1101.597963056357
434.170283090326 1075.877016650508
2173.802329357288 425.5632607127512
-1586.14588306759 285.4835270569724
-1603.896285251015 312.2291829133325
1405.115156904602 700.9508118809243
887.8206181460375 439.7802091706299
917.1742207413306 444.3883283737158
1991.98794846828 143.6423970350577
1962.542738054385 138.9801101279957
701.1219400328835 948.779058607318
682.0753396265404 970.605193926338
1367.308102383109 462.4202693097173
1337.851861735706 457.7170505946256
1376.01122061373 696.3402274082241
1644.999941154129 974.8636691015628
-404.8923988344939 721.3540118010825
-2056.215966801057 963.8978390562208
-1962.785513383217 144.0585421972894
2064.007235612349 833.3256292810657
1794.120739651855 347.0462724466364
1793.439806443517 194.2842383004186
1812.266565285825 171.0789562854932
-1593.319941180414 340.2017279887031
-1622.356160501676 336.059259337089
-2155.242948835557 922.8789070550018
-2144.396993500418 950.5582575794025
-525.4057980378349 425.0783335377337
-1072.650125762326 800.7983500298993
472.4292028687805 142.791609025644
-2128.910602298303 145.2026976588725
-2158.425600979422 140.7472794540233
-1957.690921456656 1076.320338288423
-457.1520289402834 711.5255006598718
1713.008535288706 129.0298319985218
-1163.965787908105 916.2069571115939
-2166.088813159771 895.1995377331486
-739.9969854237503 133.6277094591785
-769.2518124122876 129.1600844294464
1801.591961729455 143.1770401734865
1831.095903421433 147.8872493385654
-1058.051201504352 974.9726969699395
-1885.001826477153 129.6263438247153
-1855.416749477349 134.1165661496901
2061.39801208441 180.8018535058772
2050.72134438585 153.0401336256737
-726.2000156772875 239.6262500377687
652.9812784306993 965.089989249876
-1725.206222955883 961.873787011406
-1754.590891840518 957.4330779870078
-1695.818437685293 966.3181690293909
-1075.870695183979 723.4002007261196
-1046.98327582588 727.9197610504078
-1104.913843516752 718.6998042259337
-1036.332274967556 755.0013138165399
-734.4053232180346 670.3355375032335
-744.7536957450538 644.6504290729457
189.0704752059264 125.1623511093188
170.4557374255405 147.7833446749564
1410.397248566224 859.248163333766
1439.987953576021 863.9769971337178
2071.984375255704 208.7115671279132
525.6545396952263 1114.149294818319
549.9305695609285 128.8422252136561
579.3510864685502 133.4791454374008
1773.349431437779 867.0652847295029
-571.3438568884609 135.8887905513871
-601.1955479627707 130.8991702055882
2069.016407635821 418.1767013822086
2058.421797228463 390.5792832936486
-1633.723595555984 308.0473412492423
661.2954770252326 1153.324618607778
2074.731787432575 861.0551636951222
-672.7966458115546 706.6935587691978
2010.573295479016 408.9262685649846
-570.8628866813104 620.7047831950191
159.720938854442 119.975688238414
141.0143682318332 143.0733402180851
130.2859808886635 115.2475515758571
111.5650366507702 138.4242646729956
-625.9435515757784 613.9046118456391
1765.227989845351 30.19665247543147
654.2900298179845 686.9164466897556
538.4292117674811 944.4790799675271
-1719.205259826655 128.5354605794008
-1689.642171607911 133.0263380551704
-1748.783315695981 124.0526274052782
1546.456404375399 128.5949859503374
1576.023768911528 133.3634365213901
1516.868902793347 123.859229570107
1497.997221060153 147.1301956813705
1487.27395560275 119.1478337650459
1468.410299954085 142.4232817752457
-698.6903861059053 622.3856589014904
-1697.543085729568 679.8166664389664
-1679.018305591642 656.6027361550279
-1316.228608990588 738.1151739150523
-1326.965720375465 710.6682245343612
1839.951853797827 824.9261680603507
1850.650036574061 852.8576116978475
-1723.779920192923 753.8883093605004
-1677.276322668829 943.0888575526068
-1666.430341119594 970.7603752331103
-2098.17483892387 645.1024814867919
-2068.775735059577 649.5502225576107
-2127.573061763389 640.654277658861
-2146.123554930235 663.8902881119376
-2156.971609071384 636.2071150181946
1560.714396723712 676.057688233387
733.8092172098455 468.0008529977067
723.2087220966995 440.4607116503029
1668.138750548277 666.8957737274532
1434.624960522326 705.9804822794052
594.1917897676436 600.5425131960782
775.8550205065877 577.7231072181914
353.4129761289167 126.7489769258244
-617.992410550071 230.833623237464
413.1307448117856 133.6890055355177
-2173.094160933628 946.6679903308449
642.3345398431806 864.0389004880202
624.3035988160875 886.2661015540779
1356.569509177137 435.0722845324811
1387.069578603468 441.04010085677
1327.456853299815 429.7442065266653
-1018.231266595058 732.2711072137096
2056.099427396386 884.1998156803339
-1336.239518281609 968.4124540287045
-1365.532209231717 963.9545824011651
-2162.828951900884 973.8839018414611
-2170.628050339707 321.6506191338885
-2159.71983184698 349.3969920554458
1394.519461726199 673.2677369499685
-2175.521905821182 659.443349405503
1457.675462324976 114.4395946413184
1438.824776222565 137.7146398193756
1967.948494171005 870.4846190472218
-1235.598004722905 594.1739960030493
906.4890283312261 416.6509718959569
935.8686862532679 421.2636917256355
877.211425635033 412.2151592977246
-1308.534999848342 687.61165320278
-1337.7327645497 683.1820209495557
-1356.169524902562 706.2329400408336
-1366.955685207075 678.828366501595
-1385.396877394691 701.8351642738907
-1396.188496810934 674.4027366218936
-1414.640675870162 697.4134607276169
-1425.336501740229 669.9317618916003
-1443.885053504071 692.9782312167198
-1454.592926682779 665.5363448901973
-1473.157793605096 688.5500223557609
-1483.960138201575 661.0241019504375
-1502.462660733194 684.101966649913
-1513.363761917356 656.3018944682595
-1531.786294359594 679.6129523109033
-1542.827907456221 651.5162792814997
1981.320001589934 115.7986197074858
-1523.608287484702 376.82293939143
-1494.198298821689 381.2750684601995
-1611.880334854693 363.5473115412213
-1640.903845189715 359.4406809615741
416.8105780457508 1097.488566049035
406.675054835631 1071.668051281484
-573.5180394693581 340.9820572445164
-604.2459064752958 336.3519607972562
-2186.370103483174 631.7604712694776
1841.766799893679 175.7865570449661
1860.592893558236 152.6028777906491
1848.026672460798 124.3683317239218
675.480852080249 741.8601645486751
-1734.615982213919 726.2324236061838
1767.343252659975 708.7171650322243
-1867.604291145649 810.1694318036949
580.9690863000089 495.9687736611099
475.2192776190294 221.3879967203229
-1269.885119192732 926.4696077592674
-1259.104084421446 954.0626076062736
1951.848577037279 111.1283039697632
2085.467738424063 888.7806973969124
-2181.64518897085 293.8228864643621
-1657.00994858478 216.5354985110488
-1638.345681451754 193.1995711036322
1525.684307158676 801.4851217438177
1536.160618338015 828.6358496022481
-2177.097339378955 164.065779388062
2179.888248320131 926.4499797486125
2093.384464786376 837.9548403637472
2082.604822544027 810.2150381625491
100.8296869218204 110.6045548712889
82.11299083742873 133.8140967839547
711.0614490173385 975.3616047375841
729.1957182749103 953.3451295380332
689.9510373246732 996.0684680673007
2080.103194681256 157.7396947159484
2069.417552066664 129.9710689017276
-1968.036789148201 977.2368909164787
-1938.643088535297 981.6832816815763
1665.393221609489 876.2446259790198
1635.81404903562 871.5815132751607
-2139.800931928262 117.4063902437776
-2110.29509135767 121.8776551061498
-2169.332391096958 112.9484483513801
-1057.862605588537 700.7150349720323
-1277.577929368507 977.315446267817
-1248.315470022414 981.6391099491467
-762.2415136347196 665.3766443429762
1831.921786086132 876.159838633804
1861.38650964037 880.7542317852652
1523.02890565805 722.5973526474552
-805.0776515934988 532.0172501408466
-1406.497282355793 647.2275396115415
266.5779184094234 111.9645369172258
-641.9711712900927 710.4252149598565
-658.3763214171815 732.0049147250947
-631.3434511615737 736.4676314824796
-1494.69216251985 633.1652643775224
477.5545960432282 785.0561608580192
-2079.623337837279 621.8662252122572
-2050.223145642873 626.3140736238189
424.4924596133056 649.9588485948572
-1475.647501194805 358.0375619898333
-1464.808130051886 385.7269885386247
-1446.202466276142 362.4756827246069
-1435.417277335603 390.1649143457402
-1416.796719398563 366.9500368222551
-1406.037630454566 394.6083683493461
-1387.507248296875 371.4289135741755
-1376.697594934037 399.0518006314096
-1358.188515363287 375.8803451450476
-1347.378202762292 403.4810608397453
-1328.877870210618 380.332018431689
-1318.075328737558 407.9104351905892
-1299.591735308323 384.7838586194794
-1288.793307322007 412.3574778191378
-1270.326512421093 389.2318924853677
-1259.539497161039 416.7886352544163
-1241.099135170672 393.6818600147656
-1230.329985134782 421.1894068257432
-1211.903398262929 398.1208184602295
-1201.149177995157 425.5928724776143
-1182.74213837706 402.5563225842276
-1171.994666425225 429.9764711269188
-1153.611714934618 406.9822113776211
-1142.88255459991 434.365654923275
-1124.531808170611 411.4083777528019
-1113.807926995503 438.781902528221
-1095.48532152608 415.829228502841
-1084.777915791846 443.1745399420225
-1066.494354905257 420.2508099269091
-1055.814969041553 447.5235944225993
-1037.552348330855 424.6561674053692
-1026.895446840653 451.8757903398858
-1008.657818787362 429.0586010707565
-998.0153900391558 456.2075070679982
-979.8192145184854 433.4482033476621
-969.1974031844229 460.5424880695622
1991.88042603426 717.9125625401092
2021.182027922246 722.5244969891229
1754.158817328522 602.1386065888114
2026.398302725752 593.170210935653
2037.03024832673 620.7948629127387
2055.632086164313 597.7982549254326
2066.253401581705 625.3874347284758
375.4707648239332 386.8215177003451
386.0613938511199 414.2584724124025
357.0293535282696 409.7143152096529
367.5914540322573 437.114018740856
338.5988086133312 432.5808660262882
349.1752318092807 459.9485957782401
320.2010649247779 455.438694597749
378.1306772697209 464.4812411087855
425.7746510602736 927.1265396398738
508.5162763763949 1135.382936780111
-2093.109064961086 307.3065192784806
-1090.838074821305 823.7094196029193
-1061.925100334716 828.0252320194815
-1627.954169958346 716.4298956359966
975.4156949442943 737.2762707341167
993.9645254305676 714.2285347402362
964.7482949285209 709.4413057441071
983.4870081441793 686.5962200947904
1012.929997596069 692.5815960466321
954.1371903111815 681.6390519529897
1435.900959831622 347.2882915263637
-1693.019032602163 550.2396246440763
-1647.88996070568 947.5327065115531
-1637.044200951823 975.2023177112161
-1618.50557916719 951.9770488084788
-1607.474954060074 978.4115619862973
-1589.093632609106 956.2157371275138
-1578.158092475021 983.2730715936018
-1559.721789813725 960.6956491654468
-1548.63256307367 986.7158097030098
-1530.321051067487 964.9816201853591
-1604.984030524552 563.5478974439949
-1623.492157805103 586.7333035725487
1073.155735133166 342.0181229940925
1054.356583425596 365.2179419806142
1083.84255010171 369.8995340608828
1065.043407264005 393.0926863630837
1094.529882135716 397.77774855819
1035.592600233854 388.3976224423324
-2133.5314179535 978.2532854410991
1239.637150072409 342.3218309902862
1220.799860785451 365.5529879268457
1250.344140431213 370.2561279709359
1231.610774158585 393.4556268683323
1202.137050138135 388.1161808910178
-2017.700271245695 709.3600671433941
-1920.095569580332 958.450570873982
-1909.290157041714 987.6214722837467
-1890.70847158542 963.1454451824033
-1879.904096336283 992.3578403562469
-1861.316904504075 967.6815357874292
1182.118933572006 485.6851410405146
-2088.753363774132 880.8612186785186
1422.599735234905 240.1436171217437
-1753.153051741915 749.444668642653
1694.971248458613 880.9034442993717
1184.346133301263 849.774526393741
1164.788598423954 873.8454262602282
1195.027606138884 877.6176513705532
-1810.552578376913 532.4608979457372
1195.512400581589 592.5993350244231
1176.716049959511 615.8327108558501
1206.245621177882 620.4967091520786
1187.441674959681 643.7343211564495
1157.909936387766 639.0720676139505
1216.958400566811 648.440105677505
1168.636094644998 666.9732991164922
1139.112964196143 662.3099094717784
1226.330573542374 235.2503506274547
1245.176172050106 211.9922098511938
1215.604795198586 207.299404345484
1234.455051834415 184.0321335315492
1204.889200696534 179.3554685680096
1264.040347089859 188.7280382204192
1253.310778472722 160.7575165470052
1282.899900673872 165.453325178197
1272.169528828989 137.4766743189442
1301.763217769313 142.1732808746436
1242.575881694493 132.7823720208498
1261.43874008633 109.4950272553859
1312.4920210028 170.1519032187129
1331.34787268606 146.8807841007377
1342.071885105058 174.8571043559475
999.9242654023111 587.6580772532008
1059.858930015768 235.1234635043245
1078.671923434346 211.8858123423999
1049.111407868145 207.2128405242655
1067.954453178733 183.9608289083548
1038.381415808628 179.2870445922892
1057.235381572739 156.0243523410141
1027.6759792783 151.3439558064125
1086.798279021734 160.7083979301401
1076.081077150141 132.7605675418883
1105.62652759453 137.4565823287762
1008.811011280237 174.6182702779551
998.1159950775593 146.6676741747935
1016.952447338204 123.3969613803296
987.3820285661384 118.7200150015357
968.5419873645974 141.9946025071263
957.812588750168 114.0499146636624
938.983605101742 137.3177343654847
928.2511473821971 109.3801188961201
909.5313413005631 132.7224212432279
-1812.399921611913 245.2860055390182
-923.5444214934012 364.0728232858473
1812.861897127013 323.8855290508596
1895.799070491304 754.880825235482
309.6130789957293 428.0788831715594
291.2105775855399 450.9088640549299
280.6198128424482 423.5557714001422
262.1996720417397 446.3931293109807
-1080.174896898487 851.1331625594129
-1630.284090422451 385.797243426118
-540.5638362741056 522.1299241808488
698.8343747973923 230.4519942599261
717.5145647461234 207.3325294758904
688.1426311936284 202.7047225540821
706.8395901075182 179.560138749578
736.2446230712792 184.2053113603644
725.6177233150838 156.4434037151387
755.0159314402196 161.0584033612392
696.4050207885136 151.8973966585658
744.4235742839635 133.3092564923933
773.792224585111 137.8774769170014
784.4675989366128 165.7182895241986
803.258853670704 142.524332248624
1116.367413338607 165.4019943916983
590.0223972145197 161.2693753994294
557.795283215112 363.8070397181637
-936.9621855870464 664.3721979811836
-339.1111973789014 172.0452582189526
-320.6337694747207 148.9949715286467
-349.8611092825844 144.437296201027
-331.4734310299936 122.517276730734
-301.9991852432545 126.1266997587347
-360.7924748714511 118.1580027795322
-787.7677647165981 152.2796123268307
-798.5499161334528 124.7474067819767
-817.0482557395801 147.8570412320537
-827.8565103050048 120.2963151359403
-846.3762964975183 143.41821344201
-858.0518746000481 114.7809769810642
-875.8665699933138 138.8000429696434
-889.5331269917783 108.5939064025747
-905.0718320749257 134.5275149935963
-894.2774872099362 162.1191679001782
-923.5695477219647 157.7235545233975
-935.4756718003057 129.6956710559371
-953.0915474633176 153.2417177357641
-963.9344811374397 125.6836768384078
-982.3539074759428 148.8805453159733
-993.2044397409314 121.2271315933896
-1011.706456208243 144.4737051490419
-912.7341020632325 185.3069733694103
-971.4370496327946 176.5334300765418
-1022.584774184099 116.788053952502
-1041.123045311957 140.0486779414739
-1051.124366394002 110.9551108134982
-1070.413910869338 135.3915631771895
-1030.241239777991 167.7342169091925
-1079.205569193144 106.2125121313555
-1099.668265185354 131.2334489939264
-1089.08151603943 158.8941672036896
-1118.49380940427 154.4959169876963
-1129.451098464438 127.1356028869761
-1147.997723510314 150.1425537390833
-1158.924295799801 122.425571184303
-1177.481058027173 145.7042691459181
-1188.406817971148 117.9474440283123
-1206.955726930696 141.3004181551225
-1217.902737016731 113.506190437178
-1236.467243285897 136.8736475994664
-1247.414228614704 109.0770882144898
-1266.015887789669 132.4322010788967
504.6579598633342 509.8298431034523
246.8581152415273 874.1984107499063
257.1714684688853 900.8486660956405
228.9388068060462 896.469478651446
240.3574611077186 922.6719848476679
267.6222789738093 927.3937213754913
211.3156598380488 921.7504683391599
1135.126164791609 142.1310895072835
1906.502136360274 782.6301206888023
1428.073966367235 109.7316014755449
251.6081373255479 419.0556555090943
233.188844691366 441.8818660745283
222.587848103736 414.5323822259583
204.1582615362431 437.3713278283162
752.373069001772 445.0286016181621
741.7119894411757 417.7388827581887
1528.717122716555 592.6695749085562
1531.458504550498 671.3949976640689
596.2102257420783 1027.804451422002
193.5483537938503 410.0299167941718
175.1122392205888 432.859260832366
164.4960936185053 405.5022507400104
146.0611285225346 428.3578908539009
-772.7130901665838 640.2332567806408
-755.0072766220386 618.42869984031
-1767.440687815944 147.4234914541838
-1778.365853412007 119.574730996398
770.943885363 422.2054692467902
-545.6502899667933 344.7069195107015
-526.7350364246165 322.7315609749406
-516.0431546305268 352.6019746096151
-497.9732252624508 327.7786819984554
135.4249289183534 400.9963819823186
116.9997049525434 423.8763412246647
106.3406151783122 396.4699770906394
87.88275102848132 419.2800404783349
608.7850650807763 138.1222764057271
2084.835531026642 602.4155823107689
-1519.478967254581 992.5986589258628
-1500.984182603479 969.6388394818437
-486.078277497602 354.3063753783852
-469.250659684322 331.8667731666587
-458.6900236414195 358.8243410439564
-440.7873713157108 336.3156506819424
77.23043576008995 391.9422022037504
58.76727836764098 414.7718288786129
48.11230959254517 387.4089791771052
29.63762423032978 410.2383138251504
-724.4280224318376 697.6986282692076
18.98614445918063 382.8868886625236
0.5087443818934805 405.7038489078034
-10.12459797648668 378.2712700199427
-28.59839977810252 401.1581912942965
-39.25200632650645 373.8103539861846
-57.72374195399505 396.6286003815263
-68.36674812219395 369.3015296448797
-86.83392765761666 392.0927423353388
-97.45407156811105 364.6855621087204
-115.9106343569259 387.5327423460722
-126.5440782338982 360.2398452820987
-144.9789457111954 382.9937407200128
-155.5987695970931 355.7333833070727
-173.996572083006 378.4879184329309
-184.6110472737922 351.1389081791374
-201.9860076710428 373.5389040435151
-213.4339346373387 346.6425546096187
-230.7366915272352 368.3905114876055
-242.3178838687574 342.0374455741024
-260.6325482166245 364.1264074824082
-271.4451819467175 337.5713452415474
-290.1310712866335 361.545932781372
-300.3681623278076 333.2921054946492
-319.0882411809042 357.3864729980519
-750.7352729914338 106.0048518346816
-721.4189642977786 110.5051767338666
566.2910717675147 949.3017625230578
557.5166605254933 923.6836147247009
-430.3179337065037 363.3176326577907
-410.9227485198969 340.3131415281303
-400.3213126684747 367.2554570871196
-1007.614284926557 759.2861300072884
357.7232960002548 203.0128943792304
-1700.529891015901 105.1613375702636
-1670.969176743025 109.6654985114044
1094.821171067933 109.4864291968997
712.572801518146 412.9645239667434
269.4464052676797 189.2961080540459
616.177754129744 1080.197333561122
597.6739789356428 1101.623000338988
633.9229017928783 1058.400269778404
1320.599172006612 118.9109340079073
-1714.360866156422 989.548977357644
-1850.461074814246 995.0221508857043
1231.83690844392 104.800426111413
181.2448912937079 175.5203913462333
1537.163642981541 101.9261654779025
1149.579903764211 690.0052689584018
250.8945930429704 949.1520332169347
277.9277708680742 953.9245575709107
260.1565135174466 976.0597869048424
288.0273694580005 980.4522953913047
305.7634107421501 958.385382190063
315.965390620668 984.8150106002562
333.6955729385421 962.8023382833561
343.9426934478661 988.864041953942
327.8039564023747 1010.906443899532
92.84069684318035 161.6133113950009
63.40170443978711 157.0071727272478
52.6671425863026 129.2165566443944
33.96324622077417 152.4100202340518
23.22779964476382 124.6233373316536
4.520765412806476 147.8150349431071
-6.383929403569532 121.0997210771319
-24.95138013378268 143.3978502295544
-37.16621084893477 117.2185966142784
-54.61798981241878 138.9510020871003
-66.7014468527546 111.6854757897578
-84.10861277741377 134.2236242490562
-94.90357350590608 106.6681796185857
-113.3416983230476 129.5396534108805
-124.1041801858582 101.9911037819971
-142.7130086362685 124.9123091613962
-153.4507558003511 97.1114125661599
-172.1215108472648 120.2630307680927
-1659.444328141682 382.5532906029757
1362.044735106324 592.7237877893109
1342.981369438114 615.8015686813538
2087.623495204811 395.2104385421211
2077.032381750391 367.6067715676272
2047.83192175884 362.9726725423076
2066.451150680833 339.9904545591453
2037.231816269484 335.3496370358247
2055.865263821582 312.3640250311562
2085.079693899699 317.007346310312
-1134.749197163435 920.7180038050797
-1490.153668895111 997.3141786759719
-1471.637057058528 974.1583831783372
-1460.846839516892 1001.781652252594
-1712.998614184013 286.4960226781685
69.40376347234239 442.3052066500987
-17.96764052659651 428.6197219643557
-190.8933795035547 399.2092073289391
898.9019624749459 104.9702092114699
-105.3015081749848 414.9694889082415
-277.7501104165652 388.6376216086551
-1276.995106190413 104.9822655554629
-1295.568845473862 128.0643242481081
-1306.5481843932 100.6143030952838
-1325.11361887599 123.6623058242502
1120.271764656208 685.509007880586
1109.589383372021 657.6464154685244
1783.471992496543 319.2117868239688
-581.9834074570165 108.3089618228247
-552.5848099215522 112.8946909290052
-613.0330955557286 102.3604922978807
-1166.550438511172 173.4056820094925
1075.731287525477 420.9695804037743
1105.216543978956 425.6560384222451
-1255.067444920902 160.2207551904727
792.5503433185957 114.6487117356197
-1354.751602396696 991.6033947956856
-2189.225786991064 344.9070609527763
-2178.338187458606 372.6240862249632
-2148.859997127033 377.1105203596408
-2167.427575290076 400.3709803002689
389.2617052055256 1093.366489477596
-720.1257181905489 550.1201025301286
-690.1424993352169 549.6646473562623
454.3683290496655 1127.127538668721
-2152.076347056333 1001.488922038279
-2179.888317030432 995.6025360724415
1345.94685823065 406.4963526159947
2095.451821476349 629.9862643630036
2076.877180040588 652.961974429954
1421.093707431743 887.2412088386587
1450.689007404056 891.970293251792
1391.500799067716 882.5105532371424
-1016.201406585666 479.0273169317622
1731.875382850507 105.7835128935543
-1866.392766584867 106.2787467019698
1802.188787313732 296.0524514893974
-1895.928086355116 101.7705863928437
-1336.056291307692 95.8533173167748
-1354.657103167621 119.1884472578532
-1343.713734103537 146.9804121256176
-1373.265804193012 142.5584756723393
-1384.21267248163 114.7507788492841
-1402.823929196447 138.1410250272043
-1413.775383002573 110.3261583421751
-1432.388152623393 133.7228686549738
-1443.390259082576 106.1915016802172
-1461.97264512475 129.3550094270637
-1472.980029346683 101.825416615566
-1491.55956502869 124.955210311933
-1502.526950830107 97.12094335666802
-1522.132829283721 121.9062576299632
1176.791475802061 900.5939494126586
1147.678520789065 897.5383439635356
-1153.177661507578 943.7809245336535
1702.305762383487 101.0731619536385
1683.442473420224 124.3297463294393
1672.729600864314 96.36246635193493
10.70824513477784 100.0061293279933
2098.208622695009 422.7895837415767
-689.389460880647 193.1548545740061
179.5080624254773 98.14050773227942
598.0902838285123 110.3008671842275
627.557941118004 114.9551093731698
-839.3192011804231 91.13338268494948
613.6452025667543 859.1238612008415
-1051.141954669302 855.3517771695048
-557.1508908261623 543.7120353985504
-531.4140419990315 547.4042917903208
-328.9432767013892 328.7766343829604
-314.9332648897073 101.5267860629242
-283.8019827273382 104.0053974580637
535.365808542499 1139.667086402722
-1453.95109418478 413.383647159283
-951.0348812017916 437.813945974711
2099.133029746577 134.974299420625
-2150.698848148565 89.59233230549286
-1231.836752882774 673.4986907891629
-1202.757489679251 677.9175683089776
379.041675091858 1067.618144934693
395.5210174270902 1045.951881602894
-1627.461205494034 221.0135620523025
-1608.813763798119 197.6826572548368
-1619.692160034979 169.8667665876353
-1590.419346549568 171.9105751109322
-1601.037773135383 146.5210404118741
2074.4999292413 289.3850165912302
-1069.23920314346 878.7949555934637
1446.950344578353 86.44592220012193
-1601.108837369431 391.222508769016
-1348.675288295242 655.605676420343
-622.1843591565873 152.827020348749
1006.219495103486 95.43938320596153
-1623.445371097293 1003.491930393589
2087.045418242526 105.7247951552877
2058.741181486084 102.2144994664915
361.6320186386072 967.1156250068075
-1033.045015049627 832.2778030614313
-1594.151734422244 591.1784664771193
-565.0128798594956 367.6485041231754
-883.4854665923913 189.7288700487734
-901.9410702636507 212.8361275458253
745.7541648859121 855.2809336556554
755.8970669818348 882.1967581344785
-1192.031422293594 705.2727257722332
-1173.705761044209 682.3206379980041
1829.110891497665 796.9007851825755
2031.839693803458 750.1860160336986
2050.466133187675 727.1289084376641
2018.441710941709 643.8672295517132
-1612.658653187199 614.3644078514135
-2137.951076976343 404.8536833483735
415.0847614273092 418.8019125091118
-1482.468864013306 946.5258729069159
-1453.120940158378 950.9775719521332
920.1768370887577 160.5738461995044
890.7061579895903 155.9538883418281
-1708.375986319984 652.1605922610437
-1689.849677501371 628.9450516586109
-1763.990688343476 721.7838841402523
-1782.529696077931 744.9973643370691
-1541.190400536846 937.5762219686038
1770.188617586907 787.828229242131
1124.022042769217 402.4592339398765
451.0833087901989 1054.250557116447
1590.23228786683 680.7364982147237
-1870.757718875069 731.5912473587177
-1992.872375657306 843.2929720607029
709.6646463772722 618.823590539782
-2139.826824262755 821.0646837939524
-2169.219724194897 816.6203845992128
-2180.065800130291 788.9434689026974
-1831.915301404805 971.8457009583827
-1821.013423237693 999.120939756463
-1561.111931177106 675.1315041709562
-1550.274942783651 702.8091316841706
1519.455594872145 203.065741784021
-2196.898144917517 395.8866364270129
-2185.99321800118 423.6277138650987
1584.821334800603 811.0069703916205
1441.458347995301 216.8833160030355
-2088.568971960624 177.4577839122474
-1203.882673884747 884.342859277674
-1374.616647437952 729.2683988331835
1411.883231079125 212.1824504672722
-2061.071133710993 598.6284478647148
-2031.670200222835 603.0774734541808
-2020.830292496287 630.7682655560113
-2002.274392263493 607.5317211432643
-2013.117365438523 579.840809105707
-1983.715471787948 584.2906315667047
-1376.259010069341 936.3299029651062
-1930.059813942719 227.5275573248682
-1900.549651038782 232.0136609189111
1090.799075748669 680.8780143139792
1080.089335246005 652.9936123947742
330.808344694193 482.7859090642328
-1433.09777263772 720.4898707083229
1360.900746039434 151.5924403930051
1579.493320063347 652.8141368464902
946.5448530758291 449.0025869503815
965.2661649473262 425.8807845814795
1653.865418818606 119.6274684601673
1643.14429210772 91.65279562896585
272.8013596433933 473.7580755772397
-1491.65786652931 711.645008589636
214.7711111934186 464.7532834915823
156.7106158353751 455.7739787540831
-1844.578143141591 161.9759102008915
-2138.420825031125 612.9701921719735
-1384.004424864175 987.16598587521
657.1001462610701 481.7939530033053
646.4871543687225 454.3266081349711
813.8169951704637 170.4067047045646
1938.57819872141 865.8445204921532
1949.314937341003 893.6663745066753
1978.690449694943 898.2909555248198
416.9510363423967 212.2270091005809
-272.7032355678564 130.7706507151985
-254.617536162501 107.8730683594834
2103.704453731133 294.0314357749272
-940.4567412167587 464.8927370680273
1448.163577379749 812.733142601929
-1182.39444505964 939.4013129960795
-1171.625232658405 967.0253744273055
163.730010056854 974.2568006194919
148.8011696681652 950.1952264204025
120.131083406457 949.7310189174717
134.3883810517523 925.244842789902
105.8861862085942 924.7067893053305
120.5799125434008 899.732500575236
91.45607938039885 899.5369078900839
731.888004615092 390.6704892289575
619.3208303392394 165.9323206847846
-989.577598312281 736.5962629541491
-1000.163481366858 709.6646290794313
822.0582140422217 119.3126554598928
-2122.5306197041 1004.82047526862
-978.1142077573683 98.05720138834708
400.2443737903628 1118.92339825537
-2198.613662929017 812.1757861863686
-443.5180927192899 813.8043039173108
-461.7142792693986 795.9891408888906
-487.118809368875 803.1336920439238
-436.756513172341 787.9338063002941
-480.5311683825224 777.4436840118964
-506.0302564445616 784.7192997465305
926.3663560256368 393.901843697339
1469.583004326211 868.7035682576605
1480.346472981887 896.3212585734544
-2204.919810897075 654.996691860058
-2194.066657724634 682.6787506949931
1206.140767104294 904.1139335593525
-1533.595349110087 96.22209034423354
1676.146135226952 904.1948893321073
-182.3754715356281 92.86452270966261
1179.013418677357 694.3729622179485
972.8870278895365 659.3526264541589
943.3037248700422 654.0031586050096
924.7223128416272 676.9136223056051
914.1364227506185 649.0662425641182
895.3876716183833 672.154542630666
884.5741757275173 645.0201068031566
865.9876899681362 667.8426952630786
1417.049701427455 370.5467782046678
1446.622105441827 375.2418606431932
-1107.66489818276 182.1817837694189
739.2933495683715 979.957459911887
757.3110070741639 957.9243924795975
2106.058967979687 657.5579504423556
-1667.255825452128 352.3230152131812
153.8089312679567 901.2037521072082
270.2706633071768 1002.567630451258
-1074.032333810084 470.4479384284471
1933.069098568914 134.3293421123008
1922.362678956088 106.4604720566617
1706.000764870436 907.1443340192642
-1132.143036486509 461.7386979005909
-1259.261734381428 81.0588550310908
-1190.37023122457 453.0190730405243
-1248.714431394186 444.3082624886314
2114.27639694456 321.6350578465645
1260.575020382428 397.7848153873065
1240.840122616777 420.6706274608624
-1138.189888409959 100.1601206676538
-1307.2695970672 435.4846867844286
-1365.882218715537 426.6632356724673
2066.814071097998 911.9502107404445
-75.25877266379909 82.14999534404502
-958.5637082196369 487.5756154558805
-1512.752820817375 404.5095161753217
1134.710292626811 430.346385125335
-1928.15074918862 1009.892000394495
1870.758580866793 180.6784769845123
1852.355122249257 203.6902279882464
2111.94823669838 814.8729190696931
2101.083547142805 786.846800955588
2109.464926676822 162.7050433663296
-648.3149566653464 758.0509218696217
-620.7562339736742 762.2065204659697
361.5786135731797 1089.252560504386
-1597.940643748078 225.4922740253799
-1424.325469436373 81.66797230088366
1721.172055253459 77.81590156687209
1842.658240158185 904.0603937069401
1872.125865399348 908.6479264016633
-1759.698807344198 96.18666153540903
-1789.224647863672 91.7539979401271
-2209.459819287816 784.4968557217595
1970.633470400106 87.92647447096323
-1875.82150838627 77.87414900862318
-731.9593500442083 81.46459713815935
-702.5421701322517 85.76373552921343
1464.029966960583 920.3399292609438
-1123.911846783325 948.159803936706
2114.010803731413 607.0236128165908
2103.414489217225 579.4661287581857
-978.9611021741439 763.5608910229956
-2215.768309669453 627.3140107734644
-2197.218098981171 604.0771392391272
1750.752556941394 82.53302648472484
-1033.440375216212 89.06522892675424
-1266.749208635868 1004.9842648494
-1237.10295395474 1007.255717951007
643.9567096858899 1084.670314606282
661.7528175479111 1062.839315123733
-782.1303407512145 614.1534117252404
-765.1952492402235 591.9428170111703
-797.7038971199615 635.6377960702777
917.5535072075261 81.48148605072218
-1542.322445860198 1016.890503368879
-2226.617028777722 599.6310397970038
-2208.06684439842 576.3927785696097
-1647.258859526218 407.6494438198201
-1678.536487225902 405.5968900224296
1192.01371576876 925.6754329209358
616.1156210040464 86.48741869592153
646.2248283668388 91.66039805860383
587.0221903834963 81.70911047619788
2096.206227968213 916.5141745683187
136.1008668426208 874.8396251431882
-2215.411919292785 419.180306818427
-2204.546511930675 446.8866495316802
590.7548869007607 802.7905551123813
609.2921503738856 780.3263839872062
598.5819662020162 753.3822158447124
2116.790089000508 399.8452880448658
-310.8141436406419 305.9115919955656
119.5636352468736 87.38149635764243
90.0695471234023 82.75623337980507
-161.3887740255142 148.0108491058344
-1646.148940181953 244.3432988328564
812.0190028147077 92.41053637555274
782.2289299870029 81.54184912034407
2155.464641185773 22.83072291623184
-2233.958918921075 442.4403733724357
-2223.101140176499 470.1362301899228
-2255.427530984333 24.92585309534289
-2180.246090607893 85.13842673134485
-2198.871259213626 108.4910119017806
-2209.788419740742 80.69030956710732
-2274.917091618565 1054.255539052976
-225.2815270222309 319.1065419330948
-73.15469869191928 161.8861608114777
619.873526777845 807.8141196107414
2114.798545308262 893.3252020561445
2026.628417051515 307.7154054040698
651.7020006299417 1036.481973853553
2093.129756989925 266.4183438819463
15.26617966150699 175.5886205275023
1250.704896015727 81.50710568695183
-138.1410752748596 332.7505537507211
-422.3863126110103 313.6550694138053
-1867.972726807765 1019.964104585554
-1197.482039983005 91.8834482545685
-675.3242826926589 754.2843743974305
-50.71980448635183 346.3754354380383
-2137.282339950742 1026.608476266339
-1213.427174554026 650.2316671824898
-1242.5457808519 646.0632843599113
518.26811742896 1160.738128896239
-1510.169848345156 148.3052394773649
-1421.435421612957 161.531656882413
-508.2579140847944 300.2782704171665
-604.209971045962 740.6795559437335
-593.5766688163726 767.0916377217592
-610.6027445071874 787.9981077337916
-583.2466276807377 792.0542144424622
-566.1970823517316 770.6818628998153
-600.2423615231894 813.0846875874594
2008.087922309936 330.6811870278628
634.751856442138 63.14189144818113
323.5157615542608 936.3701440342891
-961.6296243126935 410.6975207290038
-932.8470097518476 415.0793469730651
1402.198241245995 910.5099229414559
1372.596049658473 905.7762552784394
-1019.182973111871 401.3950178869187
-746.2799145759744 541.3806577687232
1689.651209837618 931.7409979088707
351.328613873096 1063.399394103896
-1368.948150015951 348.2227839401166
-1077.159956349193 392.9226195997392
371.8729832369023 993.1491682377346
389.866108210056 971.3723036991869
-1170.387601920394 760.3117381446733
-1372.383886936189 1014.46789966324
-1162.982672989146 709.6381239568057
-1144.710774165725 686.7152051946775
-1155.400456890366 659.4333938133917
-1126.451837066563 663.8239743791796
-1105.544879133091 925.1492499259722
491.5360180477775 1156.546166585514
-1135.231887570007 384.0060178975267
876.6455152042117 695.2436984799043
847.3305783868515 690.6638789591075
836.5469425684175 663.2300721180912
818.0666798864418 685.8804334217463
807.3273900145966 658.2825624392777
1869.261369357647 829.2050368346182
2087.508434794442 680.5221179992509
2116.672569523786 685.1143242846125
-1193.471500072067 375.0768976775493
633.5282876074443 632.5043261952777
-2193.690830218373 474.5834758824087
-2212.080496730275 497.8561351128039
-1456.971233605667 334.7470888786789
573.3559013954986 825.8663124994845
-2119.414288525718 381.5720790208434
-1251.860006507702 366.1376992107337
-1078.260223489096 186.5852198715594
2053.270493860807 232.4064363835438
-1994.561305712552 556.602620557309
-1965.167550527293 561.1050491829038
-1954.31500776443 588.7474043238651
-1935.760547745959 565.5145616435539
-1946.715886664281 537.9123013357121
-1917.220064715488 542.2869604612897
-1928.172197419546 514.6306384258961
-1898.664325636105 519.0427995750176
-1909.585036233924 491.280213397667
-1939.299670122922 486.8923639769862
-1880.065369110247 495.623447707284
-1891.199084366325 467.5905270164242
-996.996861928345 786.2621118987311
-931.2773602542458 208.4669451899597
-1310.374942956794 357.1915015094347
-1542.153943338416 400.0616501023285
1874.299480796353 411.8657894322334
1903.582022828511 416.4365268811112
1884.891035136457 439.5330465570055
1922.32158470026 393.3908145569499
1932.786302832053 421.4024577152139
1951.71931651217 398.4501426892645
1970.540443649432 662.4506586539884
-2034.140457647501 316.2120643848286
-1793.367994622355 717.3356918271537
-1774.826660957929 694.1183164221869
-1811.92125740175 740.5428770764028
1609.032495630892 657.4802709275689
515.3147861946668 253.6141955903836
1098.871873767278 629.7727246847886
1069.376964689958 625.1275132531956
379.4124417855397 945.104095116642
1308.310106962559 453.0465560561201
821.217226534796 481.4354191234417
-1635.680465078944 767.2261924726502
-1658.734880057443 919.8645672979086
-1547.606247554927 780.6192599161292
-835.540443222491 171.0142815096966
1515.318750938491 485.7465158296833
1534.134773790513 462.5027641152649
1505.458862954607 458.1113913268642
1523.904107621102 434.4971381547268
1553.031802813171 439.2391924440759
1542.222445306234 411.9582519096421
1571.774635417766 416.1090075567195
1513.648652632553 408.2462212629947
1561.455997086511 389.2739287640105
1590.60662512879 392.8818088024688
1601.288006798594 420.7118286798782
1620.089748941086 397.4892756434483
1609.379980792113 369.5738322739642
1638.886871417817 374.2358728290051
1649.591289362236 402.1380184482356
1668.386975830948 378.8988304587286
1628.177457747552 346.336168800708
1679.08871756519 406.805553438531
1660.287961106071 430.0673660363468
-1998.325044001753 478.1718959511024
1697.86341151505 383.5745623692948
1687.172323775712 355.6989197842701
1716.641801020878 360.4544227708926
1705.946946909115 332.5181351395743
-1771.697984786121 772.6473236541691
-2091.887420917217 802.2792640479576
-1932.665386682253 644.1231984242341
-2190.911676149346 761.2643292223033
-1997.430157954986 972.790429331164
-1986.58441250594 1000.469407899146
-1907.844338046293 778.0478895799018
1313.618050890129 611.2958368123784
1324.11091752 639.0347495692442
1294.78477848693 634.5545362175454
1305.518393607347 662.4899230308271
-2015.977750843387 996.0227273181623
1356.93576797147 719.3678710834407
-1901.549765074998 935.259513338604
-1842.762627483609 944.1760704493946
-1652.818555305731 582.3292373983733
-2116.029503081602 460.3795855513402
1212.974836348463 128.0893720541803
1202.233937993969 100.1069324377436
1514.928316090645 773.7564644054092
1186.043532877426 202.622395773807
-586.2071489943911 539.816322862686
-2187.768171129539 839.8520108568472
-2217.161816773974 835.4083229700045
-1813.366434068963 948.5567040542492
774.2592177066981 859.9114127333195
785.1382530674769 887.8869232917377
848.192441361686 332.266502904592
829.4720971975144 355.3660487156872
800.1197154545811 350.7172200725693
810.3079499223934 378.2992970860827
1276.006960288469 657.8443993363188
1286.742420679782 685.7930670823617
1257.195362054782 681.1249632777374
1279.610146534937 374.7251280785021
-2206.317303444056 863.0850659893061
1280.314122188902 86.20601490496786
1719.144116735833 727.3562710355535
-807.7813183455709 380.1180114107361
1035.797115806707 100.1212160992353
-1820.086844583773 296.3919866226174
-1463.951492079881 923.3495445583271
-1493.29691188662 918.9092975524809
1108.209016648746 216.5748239184826
2058.335034985392 676.0273268880916
-1967.39772348618 274.1207348656406
-692.074016350604 114.7608277555289
-673.3474797840934 91.56347545541088
1224.787881198155 881.9210541991866
1235.611270954063 909.2389351623403
1254.381290398517 886.6480623084099
1265.371206529046 912.9423487216451
1676.244058144609 615.8652043851722
1927.933653001134 551.6222590778156
1917.292166376886 523.9337871219951
1898.616589345936 547.0004109231552
1887.906978644959 519.1012649463795
1869.265510128599 542.3507837766641
1858.539329839655 514.2751182711348
1839.915384534746 537.565367874718
1850.590599288549 565.4380263973459
1821.214334721122 560.7846601035918
1906.655819641327 496.2121150727778
1810.551603433098 532.9398895340482
1323.209753014427 198.1248052657412
-1906.370637591596 569.9638324373228
1235.772727273741 625.1854330328011
1283.999931956728 891.2064756305239
-2090.56087653443 594.2480563877424
1813.348852416901 899.336198696279
664.9637473905403 431.3910080209528
635.8558348019716 426.8402576376629
654.3147279056793 404.0929629928842
625.214099544856 399.3762928398775
1991.647956592914 432.0334536523133
-391.0841984244323 318.2840195385095
-1682.348203280082 81.96378741970366
-1650.00259568171 82.48607861378854
988.5539362193783 844.0372258754611
969.716266424458 867.1992849886092
997.3273571398349 871.4250328921838
940.2342152118891 862.4558448571684
950.8625225140518 890.3659860549391
921.3680382072805 885.6233801857801
931.6244937318227 914.6666834418899
902.3994004886791 908.8945698083853
961.5053024460326 918.2889344541313
891.9238246675969 880.8791766110891
873.0610616032205 903.9018744126333
862.6172800035497 876.1772105186802
843.9747452879349 899.1539067031646
854.2909084280661 926.6039496715684
825.5016591589745 921.8486219920986
-1296.048591057855 1000.116784981972
1352.777637589482 202.8253388841791
1479.158052045709 170.3929507198422
667.2769100289945 790.6022638809544
520.5072111110705 124.2176923016208
547.0505912943921 618.3333923019597
2098.135157544678 708.0744002521599
-1869.232581098146 523.4874725039268
539.3465673469329 100.2249022808406
509.7951333502592 96.24883033234646
-737.2008152024962 596.3071986941613
-265.4216277246924 669.0434487547803
-275.8174200456224 642.2460581530881
-247.3928371790039 646.6470196139428
-257.8079110614341 619.8262990249117
-229.34335693295 624.4252382773942
-286.2527681250334 615.436278236211
-268.2459704373843 592.9987546421276
581.8743282943547 212.0876646296914
420.3803769087186 290.5128785708539
-379.1339635801088 140.141700753385
-389.9491937833846 112.5303017589605
-371.8638872427304 90.46766293556321
-400.4880823323161 83.54131620472302
-419.2532409495251 107.6199101265016
507.5333548719739 304.2116865713363
773.5107502362144 500.0159240924694
-1850.679583288976 500.0978313758492
497.2752766853463 559.7001901902883
290.4555786087574 780.5239415512765
280.1387843623224 753.700638809459
308.5625262506721 758.1410286101552
297.9103870384643 731.0398163619683
326.6364379460813 735.7072554253213
269.4569973252119 726.7941093284693
315.9482668496533 708.5553450961484
344.7013946661871 713.4247909828987
355.1436241743894 740.2347694675683
373.2313813994256 717.9837754623724
383.6193400292806 744.7310644800336
401.7398611390052 722.3249909199582
412.0696930490039 749.1893518339142
1664.617197309795 147.5744187304143
2000.092550451473 92.6176690185703
1989.435343812277 64.72390987667846
-296.7008555476029 588.7599451587661
-314.641782959342 611.0602134884515
-325.0619911496555 584.4758803347481
-342.9637575004061 606.6957365880799
-353.3007582370336 580.1243691267583
-371.0908821255074 602.3163967684609
-381.4162827573233 575.859303859253
-399.130971041793 597.9578572618949
-409.4223260615698 571.5769403836346
-427.1311267526759 593.6399373845957
-437.3724364312517 567.2981335530366
-455.0149467994459 589.3406203074494
-465.2804909586614 563.0257360699227
-486.6607458911251 587.9048239547546
1635.032056383238 142.8830479098185
1200.816839946944 463.0298478141819
500.8017773375861 913.7179664824431
2037.614045755829 906.2727968721159
2045.304634393945 931.2311436557844
-1823.272795904425 217.5030587490198
-651.330151797319 608.3444923020191
-634.6308406895374 587.3637506617517
-609.1259643069762 592.3823591135587
901.4268243945705 183.855841216715
930.8715959947078 188.4673526054907
620.3988427788995 527.7387005783086
1791.831445450284 556.1839814958894
-897.3823759507923 290.3232825136461
-563.3877238647972 86.76015138667624
-534.065246326346 91.35644969729746
-523.3004124023814 117.7314428843411
-504.5777284234905 94.449697480226
-494.3050339744237 122.267524131284
834.9530511831646 225.8441965479393
-872.7552310462322 217.2511339913628
576.492823574769 975.292190082502
594.2696112697641 953.5422864458517
604.3377516812429 979.6958801099275
1427.888046734386 398.4527274407355
269.8704609592807 396.2101287574104
-1841.86182753855 240.8963519992013
-243.6168523499583 135.292957287177
365.4889145118523 767.069160809086
1802.514201998001 583.8892267197739
-2178.736573472356 580.9211887907636
-1434.649335083972 927.755364012417
-1711.527158158626 77.31073773263154
1509.900069031879 615.9268115104805
1480.338762731382 611.3654373744234
833.2381536354961 871.0153962144999
1927.909417337358 838.0410641553937
-218.8950724777234 651.1142631523687
-200.7769886447684 628.8524244526503
-1401.773195441609 1009.229459637528
1491.059138788482 639.2215904745659
1461.521055608341 634.6581184742745
-429.8006918902159 80.03024234475642
211.7236824094577 387.2019589680747
788.8847971822493 681.0867290141985
778.3545305905318 653.4859002231628
-1528.925417745147 757.5104424177927
-1558.230614764473 753.0643386249749
-164.197452290017 69.34387636476981
853.5428777837724 202.6965671859105
-1240.584411409126 930.8630274579954
-1251.434273448442 903.2429197726057
-1847.62584438055 82.8667009693085
-1804.628708169276 194.171634120637
-190.3530444023374 655.5311178453633
-172.1529689489825 633.3210527118395
-184.9927012165349 605.8778607116377
-1499.581665555617 761.9747949399651
595.9904472830787 881.68372508148
1417.310196798654 81.93303383926153
1398.460056013884 105.0301936915667
1387.692884729822 77.25968452321165
-1531.151287949157 426.7180253452738
153.5150027121777 378.1837317140849
-1341.418973050474 1023.840003063218
-2189.61754957291 553.2421712050748
617.4867161467718 449.8601248200282
-161.6651446257934 659.991515437481
-143.4199482766076 637.6185263498884
-132.8740939593995 664.5273387935206
-114.6533115078595 642.204468656436
76.88054681351315 924.9124902604742
62.09963052048717 899.4300388192404
-552.6682515757003 421.5943570061956
95.24196254741545 369.1450806576153
-1513.900470833648 69.87438029827577
840.8661262833095 96.08630728074343
36.79977237002084 359.9987491781507
-546.9155665344579 569.7783486518521
-499.5029377999588 757.6828657073324
-104.204330154947 669.0286981537304
-85.84676444838398 646.7080912151298
1294.757899470856 919.0092582872688
1313.546945702228 896.1292793963156
1323.847823351103 923.629674077304
626.4284788358473 1180.855296810769
-75.49257187178596 673.4128285261494
-56.99838419159008 651.1702945838559
-2218.843047837674 548.7457989081583
-46.61695128503156 677.8621898178004
-28.09929633753655 655.6436611188423
390.2592951047524 695.2648669451461
644.347746458066 376.920218923011
615.2162910969095 372.0381150948533
702.8596106695505 385.859652989591
712.1085356163063 336.5847396501314
1130.617550123572 712.6069522672807
-17.7087241632505 682.3396437712337
0.8220151885484599 660.1326242895202
11.22801661328652 686.8264368219411
29.75336373482695 664.6236669696251
-920.1593370985984 235.8212477063344
-949.5523059577727 231.5254346723079
201.8077808587351 893.3877766273323
333.9917880727885 686.6341007219067
304.0631255839155 681.5413816365939
796.9727628193274 630.5177655365889
1472.27234433758 662.5941493560465
40.30028965444311 691.2702725014353
58.70344683208687 669.1190516918738
69.36482243681142 695.9133962371301
87.64726477455721 673.6389600650527
98.32263650271246 700.3240570236659
116.5466663125502 678.1416607617556
127.1762854578602 704.9702986250151
145.3891448892677 682.6556121989959
155.9736210587404 709.4357499450292
174.1734555450192 687.1578556006667
184.7397808948414 713.9438905109374
202.4545305314652 691.577747578443
189.9624996825578 664.3455606116831
213.3383534820395 718.3410993767344
229.7944913599028 695.7891393905917
596.4506255923263 395.0406872516028
1498.968337839679 873.4509537141853
1509.998621243195 900.551592210548
1487.941350995565 845.846927569803
74.15899177974215 184.5711009566019
103.5404718892284 189.3474689078576
-761.2473484361849 78.30792804441016
1387.481789593568 365.851972158976
418.8487990644256 699.6062705774823
932.6631237624786 626.6498316442965
863.8369525465299 592.0646827782881
1267.930771844587 709.0736395776062
1050.850902205972 648.2389793431618
-1541.907393511622 146.9461679050231
1456.849404614864 402.7735016842079
1438.483250881756 426.4482869387804
400.5366276844982 997.580803183985
1372.558143138114 620.1242917768749
767.5807555488725 626.4567811541424
-2219.926452534298 756.6685080709605
2122.621552460847 842.4978940133389
234.7966379691663 971.5402881239596
2117.709333867076 111.7524142099504
2105.540981352851 82.42322055132858
-348.4164783987895 350.4720593445683
-341.3539940763033 379.8459880687552
1528.493560488376 878.3268367285176
1539.579131181605 905.2491969608836
1558.29683430127 882.9905545144948
1569.338167477509 909.1448562909569
1553.006324475649 928.269298358119
-971.7885927503495 714.0581188769858
-982.3641377094232 687.1791709346353
-1010.576372932376 682.8888604625884
858.5679594019435 359.3600286084509
132.8881629265103 655.4305265348827
1269.412858136048 58.27316771726368
75.1066416453829 646.4380432994509
-1022.591005745146 859.791845532674
17.22545143491137 637.4498573269402
47.38374794154483 924.9803184573269
32.56767753654734 899.3731393196321
17.78652437791431 924.8343940291946
2.999425967797944 899.343093745082
17.80130374784313 873.7652559159459
-11.7128524141888 873.7395911458302
-26.50900575110949 899.2667666174889
-41.21509966562286 873.6722838289476
-55.97651405112327 898.784203526773
-70.64610857507965 873.6095695769649
-85.35627436344615 898.6753060772397
-99.93613612984709 873.6328271998955
-114.5681374374463 898.5421493747764
-129.0823827486809 873.6201440181987
-143.6467471459547 898.6995150443541
-158.0520688163874 873.5948961148147
-172.6135893624743 898.6293917098928
-186.9347487985912 873.5542333849027
-172.3932949982302 847.5459155074669
-201.2155798624939 848.3579485127334
-129.6044313007767 923.2432545199564
-85.33154093537723 848.3352296931454
-215.7143932416997 873.4916732440925
-229.9741610033311 848.8634006794291
-42.12258559029543 923.6596086299023
-40.68309701034678 628.4698863748193
-98.5581908149567 619.4520692420497
-1096.732364219606 209.4199546381767
-1126.114245136762 204.9706092039298
888.4724803043121 77.3926020736928
1881.341553606445 208.021294937188
-1618.801461670364 457.8639804012338
-1067.375198642869 213.7960929904811
1270.495229971487 942.8380499266793
-411.9201640617283 53.56974713799639
1297.953013166874 712.8878587389064
2122.319464892356 271.0619245696467
2111.750968527464 243.4618373222475
835.3543148057498 948.7494122057354
-340.302542177574 301.381025959849
-662.7921298287592 119.4681732842308
1238.368879733503 704.4083894384781
1773.270150038401 292.2918093732257
-555.8562245672349 798.6638895506012
1086.504915324635 448.3048595936766
1057.039754006621 444.0334940480673
-476.5431117063084 384.1358734103836
527.9203967451801 73.10248327352637
502.027975271058 1180.821455946927
-189.8573811968817 144.1116961060902
-267.4189902399311 75.96826056609756
-516.7988385927817 69.98716942445674
-486.8506854021949 72.38611964989629
1676.377620866862 328.4410685366074
1863.104690411547 231.5213671205447
1833.651342320352 226.8275910290013
-1362.234345293657 169.7806680773031
-1332.775042805659 174.6608693162936
-235.8477791735435 84.30912707531874
-419.6577860448292 389.899894791284
-391.361779726275 394.0798424910613
-2225.803270358167 391.3249125502198
-2161.876618144142 63.56217267201879
-742.8644030798108 53.09035396226564
-670.939467839873 170.1711228607646
-660.2771528758439 197.6449678596759
-678.6949684188727 220.6140469805616
-1137.181708639483 635.9457330886266
-2224.836289815347 677.421582409939
2140.5560796866 819.6979930983739
1655.08756586967 926.1558560743755
545.0199631984368 1164.976616831228
562.1111897467896 1143.930665266543
1961.548162588771 920.9363613658811
1931.842792408713 918.7814011912943
679.4961702643175 1041.507519715701
-472.6986712363086 611.3109263624434
807.1582746492275 944.3767095749354
-388.7819376444189 624.7617152736543
1230.384087456415 467.4269785413925
-243.6339125955443 872.8884858836908
-258.4650810237163 848.8479114374771
-274.5753578839809 875.6644549732501
-287.1288592589178 848.5784044465349
-269.2797893248508 819.4870802311088
-300.7629089700059 823.1174327532309
906.8867330672567 53.20407363481883
1997.500558110169 303.0066376153126
-1906.727807661734 74.62634595682704
-1925.492498423695 97.40862464263786
-1935.648809061198 71.133242670911
-1954.985232016591 93.1168945358982
780.4626232653328 373.5151267494875
-665.4710714246229 779.2047628909315
-1583.255306178354 618.9117524042224
-1601.642121545321 642.2890328043667
-1564.801125396168 595.6380626995556
1793.75217633536 269.2614170603273
1823.028510818102 273.5725304082308
1989.04814397108 924.4224152909372
2154.095489501763 976.1298704000792
-930.0123242063411 491.8024038772865
-911.9272936854574 469.137110566408
-947.4135605391899 514.3056512722575
-976.2166914865095 509.9332321513039
-132.3641418500501 973.6683464664014
689.5320262699231 1066.657992902519
707.7024523006827 1047.223332970011
627.5421993802007 757.7304187957739
616.6552552125863 730.8805270005232
108.002947561884 59.8197300573505
830.1854474872817 71.3309487117897
-671.3964450880146 527.0113867224698
-2006.590830357673 1024.000368935256
-2034.526576117976 1019.255720443419
857.9190301632746 718.3352973522622
2061.115431063511 754.7713160017473
76.89524564450635 874.635860808127
-2024.089063994064 552.2944301305578
-1987.374536374864 505.8951666641011
-1318.468537801422 73.18857470002888
-1347.18007755698 68.08772507580771
-2182.837162009765 502.2771837662049
2010.52493883711 694.7829051237113
-2145.582423846479 455.8586624727274
1853.528649159859 931.240982609016
-2108.536516733352 409.2969439112949
-1579.743511721228 698.116291006405
2124.687181075826 921.4122633836078
-1719.218951784031 624.4836868323347
-1737.745770667865 647.7088276891741
-1700.673166834935 601.2204922689392
346.4152172165014 382.2986485433452
2045.017635349021 570.1321650713828
1940.923973233675 370.4167634345583
1970.494079725262 375.914181570263
1708.548463868469 411.519251562795
2042.501073163432 777.83494137365
457.5230105749945 1006.147460628301
-335.4915057993569 557.7584437299305
747.3435760321803 931.2413351034696
1619.779690866581 685.4089604744922
-1631.038103315633 637.7939488839329
-1599.96286227378 928.7234885962845
946.0006650190089 732.5567615661259
1898.339261151669 183.3026652490256
-512.6328006778559 526.4745901481389
1039.899073316158 620.4726014306897
1465.485625100675 351.9842044812048
1153.148075928109 406.2069748633034
1102.648640746837 346.7041737426041
-1109.177897061378 846.8843765914254
-2104.124487216393 982.5042353864873
-2093.198420962981 1009.629732260198
-2147.538135274242 871.968507774412
-2201.695001591492 733.5625911980878
-2229.367923829657 728.4439225199185
-1962.052765594395 639.6717025867
-1980.606324906019 662.9052388118216
1391.571721043009 597.3000163301245
1402.387120690796 624.9605110155704
1393.032686749337 235.4603162880107
-287.0877705365216 799.1679198210757
-315.4839711850668 800.4412484806811
-329.7111956768923 823.9137099514292
-343.9877296997616 799.3896557257644
1351.248445838022 849.793879882902
1724.559210634108 885.5600444165564
1736.962659708168 913.3640706012383
1471.037597594483 221.6015464627312
-178.4359962971975 171.8766154495568
-1630.592007217383 142.031500199623
-1611.924998896182 118.6694704969826
-1582.35192292739 123.1630075440624
-1593.243148827752 94.93130775949881
1030.325056390089 230.4780129193117
1430.735055046339 188.9241588363587
1142.763950761565 379.1123861354417
-1919.19661914585 255.3263020424394
-1889.686967219888 259.818684031904
1625.064482654187 843.6293046586566
409.7465989662669 262.9870942596431
380.2852152115036 258.3874465319612
438.92884377239 267.5284138033174
1401.183468086612 184.2499319577693
1877.118854729569 778.0179140207248
1866.419103376954 750.2489654006436
938.5042103059661 499.7765290666658
-1975.737885964696 1028.148860142178
-1702.544682805364 313.9396268720204
-1721.228959292556 337.1771625866566
-1683.999546306662 290.5833661387429
-1694.457347830698 263.1314505660319
795.0173905138136 193.5219145466705
764.2409355612192 832.9233420523447
669.514608931676 225.8318333219495
1183.401044476376 123.4287775136769
1172.641766173996 95.41586825719422
1191.45540007611 72.38319005728681
-262.1832250016078 158.2230768052349
975.8666088566985 453.6531809214628
994.6844255503955 430.5003031765426
984.9345385271865 403.51176473544
1368.847789257977 100.3253227698433
1358.156351435438 72.38106800116833
1145.868671742969 170.0906248909629
1909.381978297804 861.4553499150999
1598.374431116662 629.6125470148495
1627.921831655206 634.3223358171259
-419.7084560603533 545.2048035749498
-2072.166736121407 571.0867562210204
-2131.146180760998 562.2954326444254
1764.800990469661 342.2724566852447
86.03002734173506 212.652855750752
1568.835415684859 624.9441984652025
588.1369833182006 726.504362397162
606.48286273709 704.3206754728257
-1852.652691223111 213.1287534788345
781.5677525278828 449.6387979546359
800.3991682084949 427.595531606336
-1423.836980666957 955.3460632934308
-1200.959360708137 962.633054090846
-1189.976014434518 989.7888835533028
-1796.897177008756 143.0349979939341
2126.465486419188 427.7540052432617
2108.649387717992 450.4017731057787
2136.8652774884 455.3666786452094
2119.173888973927 478.0933346681588
658.7647874291569 198.089639899988
-1888.14621172673 50.48738609266994
2019.962050326127 72.58112410547743
-2132.306041838802 67.56815282318234
-215.1626498645949 821.5535554841462
-1694.956429387491 53.30635547699747
664.8313727889578 69.34760721756976
675.8545835379083 96.44579851439345
694.4652172556684 74.29863323751538
1021.631586667658 643.0255164615394
1023.845610485458 72.61920155884457
1050.940549420554 76.72420858357872
995.2763841056785 67.55573386152271
-1559.492657058708 421.6670518149951
705.3738140588417 101.1263226552587
722.879260857225 78.13261138322478
851.2527277902295 123.9655572088653
-122.4690625995094 691.6121168796973
-1770.740015192955 69.19672127874071
-1801.568936986932 62.91645750095887
1587.971783219086 887.6102207338506
1598.675902082641 915.6051414217059
1495.849249359565 795.9864671775912
1485.353170582216 769.1296421651793
2126.456627470795 711.998628148963
2108.627950502285 735.5083936202823
1442.625016163081 657.1431549625322
-328.2738844246481 779.0448871707254
-357.94661277896 776.2493652150911
-371.6937715969059 799.0882741689902
-385.4988491410658 775.3786344353385
137.7584017623175 731.6399632789138
-1216.794345935305 1071.806800810581
1437.153495487649 57.5724576179808
1161.713306300383 68.53253626541566
1143.04432599313 90.93612856248262
1365.001889972454 669.3433013705467
2135.46769997922 737.7747818306527
-1479.330022067046 1025.054580276374
-1449.521884688966 1027.131642648369
-447.9589577685852 103.6919852596984
-437.5281061731993 131.1031926816661
-791.3728298517345 587.8300557474286
-512.2723199585835 810.275329639512
334.5198202108922 1084.7995482141
323.6388841799024 1059.124863406773
1577.148673582917 860.8814800022609
3.083850780972487 848.8726191628393
1904.363174755582 131.5213536189333
1893.381159794433 103.0241121569443
1911.553504283534 78.59650079607131
1882.417875392038 75.2272429235738
604.7322793937606 908.0403061463466
1466.513711729208 66.13417711758173
844.5219303173063 614.007699510558
498.1563650623823 69.43093923657771
480.1349184434403 91.88582749846127
468.6800884551172 64.31918474388074
450.6175927661119 87.22158923417193
981.2066235593171 609.9152575101676
-1285.471723688081 1029.250984803428
-1349.474269867843 197.4977028166848
476.2328709660732 1176.745568164272
1381.915687957394 932.2557691111219
177.3153867202467 951.6815776864465
1066.529456158105 470.7911545909575
-1528.514955812695 172.4290538035566
767.4860272882366 983.616361451318
749.364947148563 1005.112570820324
-1501.827661495213 431.598741416176
1695.563494586388 306.385993971032
1724.732750541734 309.7305378014134
-594.2088936539956 855.6471226471838
-2227.301907625879 103.6049336582907
-2217.306968195617 131.7460765970709
-2239.317508934724 76.24818925147154
-1362.887570248923 1042.606608377372
-1004.230017459742 836.4515558298323
-619.43479481388 566.1043538491809
-533.6575537085052 398.8717540276378
-473.7188691891102 751.5866790208286
816.0477732845297 970.069014601161
493.0718039937992 1222.916535481634
-2236.171731865596 779.3414317836952
-524.1904818401928 766.2482689155698
1171.643161233134 458.8580171323756
1152.925761789378 482.178845806619
1191.648372746951 437.0600356883617
-245.4830418114962 56.4812105882677
715.5960858619788 1070.684235914496
1269.253254865333 423.7980291258914
1317.050517222669 402.7976527908625
1336.11218187548 379.6247581070912
1467.083043329565 428.9671843910633
1448.843642464969 452.8848069214709
1598.664401904594 341.6519256698205
1617.470971004453 318.4242644273286
-1543.361455347967 70.08191827755114
1891.390986797642 233.8238656652601
-191.873455201065 66.56956217050897
342.6434926029198 1110.364059122086
-642.3613455841866 558.794064099464
1661.678953658279 69.38565683211576
1632.175382499803 63.90583533602884
1613.537827870139 86.97638685066998
2144.187229092221 897.9362052653604
1178.985241980915 47.58258216439653
-1963.837433479837 66.98415656884521
-1984.352720876691 88.72715874751951
2131.390389807121 583.8270697247045
2121.577107250243 556.315717573892
2147.562955679689 612.5993980018578
2092.753126788535 551.7802835038162
2111.313055888323 528.7889326681457
-500.6755748863114 48.34575520878013
-704.8461772217632 575.8500661939945
2134.800685307562 87.31090041281514
2124.834757981058 62.61910293588355
2154.85251438126 65.37193278487909
-1546.910432921236 448.5974391735338
-1603.132157556024 436.2015509585833
-968.3430933585084 788.9541632913516
-950.3053645925565 765.9574129081541
-774.4282831176158 565.2641241418308
192.1994090823227 974.6929823745613
-1662.973168299811 430.1949790409296
-1694.848579247514 428.1045316855117
-1704.813043566608 398.8378436909352
-831.0482390779212 728.4381784715241
-803.7256311395446 717.1474811887382
-778.204476812854 730.6613119404775
-2234.011198287757 861.6385111673604
-2224.010620560302 886.6854793629569
137.870730156856 65.01168099395132
1298.73050748971 64.47843852839902
-1160.463005624378 992.466038215449
2147.071525554271 481.7019717102597
-397.4205237291073 799.5561816381136
443.2612569712344 56.6078884667112
418.8610498607688 76.65216883101874
913.1309661132055 936.6830388503572
-1781.235711562924 45.11883991360665
-778.5828220926039 703.7066377286964
-803.2425207157039 687.6343856054464
-516.2314297580997 572.8064941080509
-536.5457695937605 594.3295797920493
-174.6982475579847 44.91160576943188
-1524.833378104863 45.61356424157081
164.339562557301 871.9189032679257
2145.830777800151 689.7087302429501
-681.3481250871749 575.7617556444015
-1334.714821779977 44.97900053784685
-1095.208018508397 951.0412604642687
-1076.547482318108 927.0294293934861
-1113.456989573579 974.3567156540677
-683.8612472470829 63.05609549309693
-654.650812582009 68.4480724640614
711.1449909307596 48.43318523027281
-1994.049107178405 55.56834754381914
-2014.100389181436 82.89505159125235
-2003.327517036719 111.6689333929197
-2032.965509282958 107.0844267551027
-2043.952587913485 79.39587749010185
-2062.514912109155 102.856876027397
-2051.610692199668 130.6822497590933
-2073.573726213636 75.90625369170762
2144.937721173369 531.0066887745274
-518.8166183603366 739.2595370876998
1407.036397233536 939.6936448631277
2147.350946007688 405.7303600657608
2134.05084157008 377.0508697298979
-2145.666220187967 38.62448946704151
1885.026927234624 936.6764414913256
1134.831295973508 61.85973040334435
-503.9418005942242 399.56983882555
182.7850963152612 913.6823724599784
-2249.889340973144 124.4884424196622
-2236.10083740727 155.1246387967633
1740.565893342498 54.46049145283531
1711.719592608348 50.4883783243125
936.6119959163339 56.30071635217769
-2218.738910372495 53.08492185528282
75.5528058073673 50.32367966245534
58.20999878203723 78.36180517174942
1602.154934737865 53.02581630961186
1583.937208628355 82.24509553813296
1959.918616637922 60.03124029197084
1981.223312506853 37.90500459282647
-1672.650338136348 318.7432355536212
-752.5083838334563 715.4950608812701
-752.8882904600615 743.2422818176746
1376.998478037098 49.03190268763512
1346.938131107349 44.11349448055132
867.1680348116757 955.2891176302913
1015.263748746888 45.28712384161179
-691.2817251304912 775.8941064833839
-703.5187839863662 748.8525708159314
-278.7011201348404 566.1832072018858
-252.3656906789782 569.8790332740642
-547.6710358625907 749.976845292426
-993.2601468435884 659.4774595705242
-1022.007059390697 656.0001064845924
-1033.641088276331 628.3780174813357
-1051.849800177173 651.9790444660758
1627.582848535742 32.75280979941101
304.0339446293693 1082.673307471538
294.0428417324389 1053.880306153787
623.3468532014845 959.2962181113645
1769.63415034987 59.2766040100716
1780.315332235288 87.2630118144405
1799.089212139037 64.7670857468187
1809.303072246825 92.34333706252374
1827.445605299345 70.09825810354903
1970.726548012894 949.4161566862851
-617.4956324996162 838.8786166629311
2169.276270738204 456.3345036893026
458.7590710030059 36.00005972341645
-649.0044276310675 225.4431118976515
-667.7107526225291 248.2674012863312
-631.0208767246022 202.3409372846305
1419.326637001782 449.2060093062666
1429.112333673706 476.0453447070676
1456.518567507593 35.96601464415429
-1176.989143843616 1019.009489048667
-954.4998726993811 689.6193698294977
-490.9701891661374 555.3533346889299
657.8710560641562 43.82848799393904
-661.0383061799145 40.56881754547715
-636.0099112145367 45.45471750122505
571.6226830784786 1169.814585004337
588.8585942556946 1148.381967640361
598.5784240571994 1173.599415935568
615.7665962381859 1152.841338063375
-2265.568062729432 150.6818327576435
-727.6101920487329 729.872549450815
-702.2726824959211 717.0015408138319
775.4090103692587 935.8674108111574
-540.5742422948744 720.2023200250177
-492.9733259389729 729.0876444916106
-564.00386540632 726.6114291440691
585.5943643322372 854.8259571350163
567.8681727330938 876.7729520198659
-507.7000659257411 602.2244100601373
631.2027930920362 836.3530026251336
-370.0666181617168 372.2385570058526
-362.6422410365416 400.439875445066
-335.5971352562684 407.8942319056433
-357.6629180904906 427.4386553332391
2139.900194508477 248.1383309998618
2129.010777342474 220.9683317350224
2150.664016580599 274.925744219447
-368.7945391156103 751.8714798078505
-625.6218477079168 74.42203334537085
-976.0412092735878 634.1967006239814
204.2184127274707 949.5176766738379
-919.3305439517312 518.8700170935663
-935.9501955555677 540.6470435225955
-943.2091151372579 387.8314080551011
-1166.066216330546 631.9598916446488
-565.4483435057143 591.4030861191903
-2248.344581863829 624.7315214915972
-2253.725238718237 591.7290691274687
-2252.341745217675 466.006289322692
-2264.75426601888 442.1122842336108
-322.7168783283106 278.3363815349489
-293.3498217102618 282.9399986926505
-683.1719694498271 801.7482626100066
145.4154288507302 848.1662822594066
117.4497637259896 849.9690136612785
-591.0557296275342 570.4506467199782
-1994.285923247984 1051.38200326493
-914.2385251677302 392.4669457959695
-1224.431603289358 622.3162196163063
-1253.601483510554 618.1676560601287
-1271.698450748128 641.5908620288443
-637.8312382024466 253.4048230309296
-656.3056080482646 276.2858333487965
-645.4342923920863 304.4156336509116
-674.4371395993116 299.5661308739612
-663.3741766323922 326.8587204584613
-692.0405856724116 322.9557567169915
-680.9316284971683 349.785322589348
-709.6164481241271 346.046742412125
-698.5554888971005 372.7710053350793
-728.0913436389555 368.456276975825
-740.8952958979557 340.8878182265783
-652.4084986972268 353.6722115903817
-703.5915490933455 295.9671321024228
-716.88057765045 395.2117150290101
-746.2645646348167 390.9352334848386
-689.3793920554787 398.8149017361335
-736.5631978250447 417.3870541573631
-1282.457392763588 614.1672612930632
-1301.174364517067 636.9146394159621
-1311.493892011484 609.846902944362
-587.718586191854 718.5644403621284
-903.9140431055137 419.2436203779103
-310.5041796497673 391.0968413333995
-291.6245467320088 413.126757772863
-262.521944446 412.3187869810341
-280.0450944750801 437.0050126455997
-247.0560728850525 438.8627966923173
-233.5311723227302 413.6573403671936
-215.5616349478629 433.3210758700398
-1558.349352747288 167.2895059298363
988.9496253297809 40.05070542519503
2063.918829957701 261.7588105464359
1929.646055374228 54.20749363971547
-148.9485537088908 176.0021768965651
-1108.669049603386 640.6817106522441
-1098.479403047072 668.4699341091422
-1726.411940816244 50.12474580146284
803.8510190230742 865.6978231236845
-1563.916484960245 96.49203018791059
-1572.553031922893 69.6108902040818
-1603.159378359803 67.8171294116283
2015.985065680718 279.7347723665631
32.56069813608111 848.2229641739598
322.7185226792318 659.2450965084748
2107.697641642939 944.75157017451
-1147.889298731043 608.7586341728776
-377.8522205034039 343.9144328808473
556.3883482561771 849.1710683504131
539.3159627670432 871.9639006936103
509.7530098291479 866.4554373713657
-712.6547612585396 53.89328200722881
429.4606545053803 1001.679989407774
-628.5639220771226 539.2800331402436
418.7441073315439 975.4982063757392
645.2757695062147 735.3986421667526
-403.2794363362076 291.3256925691457
-432.4891451496572 286.6037651730991
339.82106438648 1037.390033011487
2148.299250715349 116.0316295571658
383.9404173993015 1019.422375896409
98.70619025628116 31.43531138840084
749.1110216733796 649.8490843657042
-971.7596005073785 382.7884576870982
2139.3988148711 949.9794064910619
627.3982549382519 29.52715479627962
356.5921560946663 1171.94209980863
364.3802521745295 1145.6194650973
115.4198950495141 217.1643129563898
133.2464847447885 193.8165431405673
-685.8040464188964 272.1838616780675
-715.5673494335738 269.0059215044151
-733.3142146166051 291.7194120045681
-1553.951868302018 623.3018338254743
-1534.928155962862 600.2852553796689
-1062.991391941344 622.8898793759174
1239.397407571655 53.92926817875022
1255.414253281565 28.97616202714031
-1590.514219398605 670.5195649668989
602.0895365066626 830.895189264589
439.8877780268372 1027.945734934956
2153.639239009308 849.5419276435074
669.7341021424987 1016.34193385844
641.6905024100487 1011.049472412407
-627.6160389660705 809.4232637688756
-2248.374396834954 833.5008818680357
799.417984441479 708.751983708693
770.2553327515822 703.989460880864
1571.108352859238 55.10842350964524
1555.727606392709 28.9976110368996
1542.3325215809 56.16551536653889
1520.874501374758 31.83704901826107
1513.604183849754 61.37123108605465
603.4622044367114 55.61859332766682
574.467230984351 50.15930608781561
1915.767813244022 159.0167466061553
-600.7236837642961 207.1009444380397
-104.2421542704023 974.0160951206608
-88.10883093228759 948.1233462396432
-60.20977083025684 948.0907050182191
-696.1733063866175 598.1685490392254
579.199175016975 1122.802721934819
1864.059137536754 98.35520610724798
-1524.27172352052 628.1269022562165
-1505.048302542542 605.3637461576999
-1475.708567524295 610.548400572102
-1485.98726851008 582.5110368472913
-1516.350073543943 577.1789448780738
-1456.79360394791 587.7384213441375
-1445.925747235799 615.1974028486644
-1427.400034995264 591.9486090904377
-1409.924250573637 567.8875803220865
-1398.593617939046 595.4920805061641
852.0972211453975 848.2482874589173
-615.6614555408979 309.6158167782508
-332.488568466135 633.4019767969296
-400.4374958870716 750.2705828693432
-44.39742671558959 974.1366485171924
1978.778732478872 325.512193868644
1981.179752443482 403.9830240581134
1999.998224883289 381.1515376239715
1961.915613302267 426.8030003368935
1943.332586782873 449.9670244781975
-230.1182147342445 898.1883836856427
1986.813609090394 274.7201895133334
-1133.885950727654 714.2695932258956
385.4120419624569 1164.736119206005
1781.106652466518 528.2916793527382
1762.352923689462 551.3659053789114
1799.718044136384 504.8402324557676
-895.0544333058127 369.2922367392179
-1968.848079671085 482.5722806598867
-1181.200293551646 732.806117656268
556.820036399246 77.01165513016848
2034.611653361417 256.1196667650803
-1572.217225676271 646.9449945755696
407.959970976444 949.2462648928569
397.1182021208812 923.0882681267914
2129.979670675214 506.0629664019537
2100.757730175036 501.1050149758673
814.8005267211258 893.774887475705
-895.8004048915152 768.9139542060358
2101.123089201589 215.5821622139038
2119.803523098275 192.9043914274122
2149.664882536239 199.3946614047175
2137.008118875553 170.4730564235445
2127.539087516944 140.8325117640499
780.7744081708323 731.567337096435
2119.013901568391 762.99215249645
-574.7405234561527 818.1130132645873
428.0977020739889 239.9458464158909
-473.5548762608053 538.6542970505016
-1359.295148998997 44.36116532708373
-1376.619692688171 63.52042009510032
-1405.710689392716 52.03794676326339
552.3590916961666 1190.899747795636
887.2303518573382 722.9427401420173
527.3879987264193 1185.847633742423
495.7570049810657 1036.794714448857
485.4819932056903 1010.504962028491
648.5530804641487 813.0865347540813
638.003305182169 785.1796041188348
2071.793721231926 782.2811671770171
1890.713123243982 885.0048306723062
912.2133094127505 211.7702289776174
-1087.401168038276 901.7239048918201
-1058.492957464107 903.6918714522568
-1098.527724411299 874.714019864887
-1040.424661382847 881.4543034628852
-1013.188757704321 884.4095892794207
-914.610167490545 791.3415143514395
-1195.263303801403 626.5548187261758
-854.2345775721376 194.1485514569298
-843.5641635790964 221.7132935798743
-360.7443113882499 628.9409621274267
-378.2911986562426 651.6697152188743
-431.00402778432 717.0691316484292
-448.7682312136083 740.6241981905326
-1152.077173778387 737.3560592611886
-1199.54108144571 755.8440588272177
-416.5997684263673 620.6286731636366
-444.4613001106033 616.024898923257
-461.0966371205428 638.830140608905
-1474.80809344089 895.6946543194668
464.8654194391453 1152.522558008164
449.6924767331732 1172.187397799627
-320.2869839897435 735.0272028542464
543.1749304110331 1092.81442386333
-1619.882239470346 665.7466932366192
2096.113308985608 56.04115751913437
-1323.360073052128 580.95416898329
-1341.842267862829 603.6212863534282
1887.874823924738 805.7745435167949
-1100.569214417372 1001.866148804808
-304.2044042980309 637.8243325038587
-2089.963222278092 386.0280683923445
-2100.843361727471 358.3099836694455
-2071.392254682541 362.7424601503731
868.5057717317999 746.0611344998861
-952.4709062190341 359.5526850207929
-1000.703260706396 376.4222526805726
-2041.903181925201 367.1476796959523
1981.213815568947 690.191921138206
-1048.877759290221 190.9291667131996
-1038.043982217841 218.1848733217757
-410.097161782372 518.2402871044964
1847.77265514659 773.4910659994467
1058.67645179828 597.2519074587198
1999.893281731457 667.188978284633
-986.4304709189807 811.497655075619
-1015.043978805109 808.9148986235675
369.302434393994 918.777116015888
-961.2208541990976 740.6787005459778
-932.9131598446661 742.8219838508959
-592.7862295531618 363.1297369100521
-584.2989809150915 390.9791333907611
-612.9006846307442 385.7137357004158
2169.72916647086 823.7930818944343
-1748.583062606622 620.0440221518921
-1767.116800066994 643.2580682614204
-1151.958424004309 1036.732586901188
-1203.478984780741 1042.917229702643
-114.4938250774451 848.4177019340449
-99.6505761540023 823.0731383471584
-69.18352466633411 824.6147517297667
-127.683688250647 821.4864368103431
-139.0294175022707 793.2984462543868
-160.813685006914 818.0656808875724
544.7078933212797 820.9821760065125
-653.932813505456 504.4633736142902
285.3787894848234 905.222560834348
576.6845622642993 902.7405714380525
2090.82314217136 186.0509372504609
-201.4110698454568 898.3745115021072
-216.2652610666977 920.9490990397888
-670.1576934894034 376.2098356029283
-641.1211497401003 380.313096308684
-623.1985502731209 358.3845682072258
-632.1847755421618 407.8899604723938
-437.6542236628916 514.3578745561717
-26.46190533655182 849.5917326005145
643.9893000654126 659.7375902221349
615.0488045218361 655.0757783991819
604.667838594502 627.9041512718047
586.2324991180651 650.4651067022672
575.8577591256521 623.2602132288754
557.530497314873 645.7957307245977
-55.68215053180997 849.4919330812168
2126.096063601652 22.98792777181187
2068.321266240416 42.60424837799295
2071.69936378903 73.68810943688091
633.4756516187557 912.7078055885844
643.7906979029574 939.2302014705148
-446.9511631720965 385.6703088420034
-437.1926687073765 414.1691766009246
-315.628754037534 848.5356839486126
-342.8218425565117 848.3102373057704
-623.4567483753926 688.0977911822667
303.2989088615543 882.9719380559404
-1571.247769235712 394.3005652866257
-681.3547071392136 500.5871417783587
-1671.319853921376 605.6405686113784
-696.9610777423804 244.3079229914916
-744.5809690519401 263.061245891751
-753.3419384554759 313.5457503544918
313.4048730165544 909.7482075387893
331.3457076177671 887.5252930048017
-575.7533447757272 26.18105402976797
-588.7271377094642 51.52433261101029
-560.6244082316425 49.27998935155733
-223.564103509428 775.4959499411948
-240.142109357229 800.5932570378201
-707.8032623945558 216.3371868048751
709.2080719505482 899.8717067979575
-547.2218477788987 268.47816334665
-528.825970966152 245.6310622267705
-499.8236680205183 250.1525322678046
-489.7446801653838 277.6164233639099
-357.2590594624531 823.4295658593842
-373.2763610064597 849.8790976309184
770.710865172342 346.0411140696962
337.0150497429243 762.5917770108686
347.1731039730346 789.4001994154572
-2206.570696366592 159.5729674039061
-2224.761112506528 182.6939235052848
-158.2752597150188 921.7206879090999
-187.1751603910456 920.6973717658037
16.22118537881072 974.3302457718056
1172.409299081525 383.1322604284728
-353.3200278455446 273.4757001383654
-370.2702721880648 297.8124780590147
-2079.094440126192 413.7511155793197
685.6890130596121 768.4520226389669
-890.8827240002818 240.2751466764563
828.5918240629749 714.0158035803659
-856.1913985599017 599.4270482410709
-830.8829133487344 603.8504447601356
-846.8641386410449 625.5186176139982
-1804.226922051015 689.6518412114744
280.9392146228089 627.4393876349856
262.6222774136918 649.8164523129578
234.0235121891774 645.483511964719
291.8042858045686 654.5278753327776
274.6165125175793 676.8568798621053
2082.177184941977 524.086386093461
2063.604273699907 547.1136504365978
-219.8182929319941 268.2105898889492
-237.2897017846972 291.4883983920035
-190.6071225435525 272.6436471597347
-179.9638103109888 300.3252204525708
-149.8911915287262 305.0178750889836
-1777.986813687679 615.5458115993886
-1730.051272249678 596.7784905943636
415.2347834530665 900.7671194758344
-1045.083904315343 474.7350741268299
-1034.242788751013 501.1634112771578
-1063.152142772796 497.2454064199358
-1092.134118255042 493.400188872689
-1005.574990205487 505.7928809839112
-1022.261135279449 527.5071107130867
-1103.061954131027 466.1039183370988
-1121.381284203438 488.6474181291242
-1150.455482735167 484.6256904658368
-1665.351265505495 267.2540317133424
719.6650261992162 1001.249132672557
727.2792221586421 1026.201061917257
782.9699844690376 810.3978953850333
1915.000000001183 26.79486049182753
-1019.522754918382 195.3257593553546
-1008.746721613351 222.622204292358
-990.2387312127942 199.7791985623052
-979.2113264291138 226.8948528969148
395.8037192122767 645.2832142976498
378.8189033858226 668.2590035650799
393.923823849084 771.5270601820724
422.2069850278725 776.0824443900962
440.2559817040384 753.7859191525137
404.3315089139187 798.3671610542057
432.2748396345647 802.909048745322
-1319.928779994302 201.6925408007153
-1302.954151592505 178.6752269830289
1227.629820861068 676.4757364420121
-408.3889371974993 135.4824346666381
-427.0837730180387 158.5122095915953
-455.7864137667687 154.295617984121
-1115.882348333799 691.2210253437405
-1087.232848146791 695.9472701463254
453.2096231635902 654.2897170951641
625.6251123845947 1106.298861130551
653.150392779309 1109.043334145163
637.4459828434373 1134.289815941761
-1054.500964356619 777.8537079208467
-1084.724789583662 236.4231743494796
-280.5895567113859 770.3456342010387
47.38570851469274 873.9664968225887
62.69441071169923 847.1528549440627
485.1009094132803 735.8091572558911
463.9915946864926 681.5127465685943
2133.316210978778 870.052206887003
2129.445865722343 791.6204382838537
-800.5791252524473 560.267681132678
-134.3392406831317 410.436928952938
-123.6781455732573 437.4688117745879
-152.7423891572472 432.8363419405428
-94.70413791160067 442.3174187527911
-111.5646261194262 465.0437105078695
-82.49965995568616 469.397580156259
-65.27206684183 446.4787407217315
-163.1462572551652 405.4373197830009
-185.6496212248534 427.3301617466504
-171.347342541994 456.0438598102361
-2195.664845582298 187.3219692837447
-2214.260617144845 210.5812473684855
-2243.430471083636 205.4865332430626
-2233.539324428441 234.0392650595799
-2203.580321674422 238.3601173810398
-2222.868398215131 261.9100683198462
-2261.72134463587 228.8226627507961
-2192.742910492331 266.1051842163027
-2211.325122095577 289.402534359303
-2241.394081036524 285.2726662932165
-2229.647335324476 312.5791220689678
-2163.054748806894 270.5356450665133
-2200.281985334825 317.1032749754766
-2218.550630743416 340.2448606862631
-784.6211552075075 509.9979850435066
-775.2478297681953 536.9907547250774
-747.2235454493177 569.5094324941284
623.0496231602143 605.1323744009158
194.5445607024275 613.6732230666171
177.7617817895055 636.4252370284712
-143.7531574830508 847.1217958787403
-187.5068726310008 827.3721129694708
-1026.189985447619 245.2493510341549
-1841.357385023137 736.0494484895161
-1859.906717240638 759.269280868409
299.2741717599084 1007.009539305108
281.6316715339645 1028.555950566722
248.2653803396009 1025.051834134781
242.5279250051422 996.8727930460768
-102.9275945747782 286.4101247281743
-91.40296805475819 314.2344389993107
-62.16856145162507 318.7337798655009
-922.3044075861222 442.1357304190401
-893.258564629498 446.1322793378608
-883.1465807359456 473.6484475964853
-865.0476678245685 451.0682899134577
359.7482651459701 487.2779288313823
388.6684458660319 491.8024747123781
407.0579276423242 469.027805452238
417.5803452218627 496.3357723935014
370.3215993462862 514.4060269629391
436.0842221430935 473.5304854203576
446.4987214385501 500.8674876394303
428.2356709330081 523.561028311396
457.2130955472495 528.1731737586168
475.4788697828 505.3996010929027
438.9310226648896 550.8609689027405
486.5174078016634 532.6077098896445
341.4249855690995 509.8857179339873
312.4584433028573 505.3684974100742
323.6622604167122 532.4491709756528
301.8046583049189 478.2288585137215
283.442696490208 500.8291603710195
254.4209111161978 496.3029317630651
265.8107597773659 523.402759822166
2131.600949921585 297.6000807411213
2146.76738310912 323.8806416566368
2124.783017831914 348.7317546362514
-806.2729702239803 175.4027913934534
2023.952567200462 227.4990113479291
399.3643882178976 518.9978080502086
381.5446708419321 541.615683611137
-904.2666223480678 26.37644299376848
-919.1240574183545 52.37369661302578
-949.8132389963617 51.27707196626118
-934.4060512898734 76.97854601067333
-903.6481093385052 79.67317534744323
-919.7777694361905 104.0907622558166
-869.8506923308082 79.63488759972464
-844.0528786945918 65.51119739416389
-818.6085938036695 69.69154969467698
-830.1003181400476 44.71985164247216
-889.3669016083351 51.70689590702293
-964.9662964688224 25.8639000092888
-979.9862263414648 50.91822381321804
-1008.747104477442 49.8281841614968
-1000.822025747051 172.1184560050903
-1024.787661071967 25.61454065753148
-1038.132049390335 55.97891142295516
-1069.928093268362 51.91996469415613
-1084.940910407654 25.97541585628989
-1099.849387644202 51.93846169047498
-1086.846766204173 78.07598159823125
-1118.468316571686 76.84869569309814
-1130.514313771666 50.99627242500445
883.307568911809 931.5387770745966
916.6163828806798 727.8054010993263
387.3836523742089 207.6676761758582
368.8882477513523 230.7815482321498
339.2784475249657 226.0941932847041
350.4642724561585 253.8184119174801
102.0344788597997 318.4666361692206
83.9849496499896 341.4219431391617
-1219.523613794372 448.6573078124327
-1208.722439893088 476.0706620095403
-1237.855417124451 471.7635700325436
-1267.040833099702 467.4228383891157
-1277.978457666265 439.9002595218287
-1296.51307995346 463.0396563952423
-1325.733871709884 458.5620778298399
-1179.60983170356 480.4170435977703
1951.86326215139 685.5342893850825
43.37532775377609 309.2612169614713
25.37056105295341 332.3723614782091
-3.662311896972708 327.9139389133178
136.8722932553093 604.6104460936451
120.1702947935689 627.412736200243
-751.91337150859 773.3477597916825
910.8047305777583 857.6980039371782
-353.466917294862 527.2457967797948
427.0930081097474 1123.09994686231
409.7571828294716 1144.959370420715
-1331.063357576396 631.963858350388
-1359.699157531998 627.6937132969064
160.5405924698593 327.5887382148008
142.5100490976805 350.6135082606979
-47.04515448509142 423.988936551928
-36.35744775879429 451.0221088098929
-7.355720418170663 455.9722481071556
-24.32709857914812 478.6704396650161
4.74088803170708 483.0760931296045
22.03589649653802 460.1860757453576
-1217.908034528496 778.8948920288412
-1228.70443608353 751.4020563449122
841.6946908318913 820.242620578769
822.965322371028 842.9625869309355
881.4311213835596 853.0027171299031
900.2617730693494 829.8419167490175
-245.9113715398215 27.41134950642703
-322.0329342388972 660.2129112180486
-1740.92438118597 569.0591741566069
2175.770409726331 132.4349307683031
-102.5244169026084 157.0368292988968
-90.27056086531192 185.2019499430283
-60.85840000673339 189.6808105383678
-131.6385103112664 152.4105663078954
433.5852224753604 395.9257718327247
444.1359215751582 423.3650659674914
462.6925380010273 400.4382123639314
-2052.844519755053 339.4458766149574
-942.1985353728805 180.9226047000176
-1546.048586923651 572.5323281282018
-1557.021861353706 544.859975863969
218.9734601987598 336.6810580166516
200.6911785681594 359.69215838288
44.73809949068531 179.9350134311224
27.10812259933728 203.3398163635983
-1.924703104750783 198.9463846614991
-1497.380552323924 175.4004762443091
277.3459613462371 345.7671893291098
258.9981757422526 368.7431244417087
1335.195686291064 666.1159740710042
6.239198206347439 812.0072312419712
956.6481638616381 760.4257083411569
1855.595320233511 434.9764149722955
1866.283506957126 462.7017849333516
1895.668700911089 467.6803200073509
1877.112731226867 490.9658416733724
1847.675075642965 485.9781194111683
185.7463268903074 460.2521041359159
196.4027667987511 487.342760930338
225.4266235738201 491.7643432309306
207.9155133416508 514.3677240589054
167.4086322372942 482.8235486970097
138.3999671909157 478.3388662354795
150.0058286644087 505.3556614633294
127.684842009722 451.2594706242614
109.2845180947403 473.8664482729017
98.53570410267423 446.7199957401025
80.09086851100899 469.7022703849302
91.89138395392327 496.7674584945693
63.09443930455578 492.3817881379005
51.24231638216571 464.6806874419293
1853.022964302626 643.7885007752186
1842.462956670407 616.0843849925599
1871.808204544881 620.7099669787596
1882.451348502319 648.4754487370412
2065.0 974.0192378864667
2035.158003569957 975.7598208178794
2025.273741600225 952.4195556850555
-1174.978585507624 25.96839845226286
-1189.97565577493 51.2143403587169
-1219.929485299394 51.94547328582109
-1234.94651370508 26.00100478196685
-1249.878233679438 51.99730151461735
-1264.862523786004 25.94494009632689
-1278.399616045608 52.17027208084691
-1160.039948502513 50.35630339861122
1915.019684651696 974.0306028254224
1927.979236648693 947.7216145741562
461.4977293929456 115.0116835828991
935.3705185366213 704.7080183373614
1930.28707519062 342.7386944971087
-36.82568764757621 577.511211687626
-53.54515733540109 600.3576732555451
3.290141650405683 735.2858379192412
-425.3900751288286 26.24804173975654
-395.1547905418379 26.21118704139826
-378.6980525200593 57.97554325862767
-350.057330790939 52.38161938781661
-335.0524326484805 26.28950779114388
-318.353446393567 52.45754999883644
-333.6664454830163 77.80960884144108
-305.0705899867996 26.55614546772087
-290.2142935300374 52.51257678369632
-2164.280247985039 479.0317544235176
-2153.426320776359 506.7262274433583
1807.464829419846 453.5764937998409
1818.313769525762 481.4284955710853
1770.265398870495 500.2007171979361
-15.01920749175838 300.1476389469288
-1504.146861400371 891.2563835012554
61.45789050297718 744.553625362666
-43.41040616156672 166.28784914683
-13.86235564438117 170.8075447870822
-641.7396534710751 175.2487973497092
-950.2693260266449 837.6674145458857
328.3834400620255 198.4470268577708
309.8274181758162 221.4900646932894
-2258.026935185797 311.2668963086237
-2252.223200267848 257.6371027473813
2133.65005121057 662.7618966399122
2125.082012040416 634.8554169636094
2152.836021702398 645.397302829919
320.6023068868191 1130.642116429015
667.7244131536812 509.2771827392729
298.9105465232429 193.8467478696145
280.2815682606862 216.9553714580298
250.8944551375441 212.2407496734978
262.3714775431961 240.1183679871125
291.8603515800523 244.7230557437785
240.0761798033498 184.6753892008067
221.4787296574873 207.6369908074595
210.6588958201632 180.0681902316386
192.026855078725 203.2281880230323
203.5468668269122 230.9176556677884
174.3786330019645 226.4559929529551
162.7602034019992 198.4052630006426
-44.2597194835669 295.5425417383337
2039.798896068291 699.4005215704484
-200.3217576533299 116.6154956689093
1794.258122600126 634.5537659104405
1764.790289962654 629.8955361415319
-1424.580064859232 417.8097902785855
-1443.277267400138 440.8813674516276
-1413.800393507484 444.2760724541343
-1472.344160845495 435.4443569983396
-1459.344718139112 462.2688201312396
-1483.313694369406 408.6563864579908
1732.796607476318 546.5425127906126
493.9729871163611 482.6222727943374
2053.240680483564 805.5447656520126
-2166.22118716595 191.8418437659244
79.0960413399298 595.5892832978037
62.36410186361 618.3996231813053
-1280.726830932693 898.858339150131
151.830496454744 170.801388383151
606.9112106055175 422.4276855243255
-1059.638937429578 163.3128817406716
-1711.537794962621 573.4842524836014
-1973.64805405647 116.3147157724291
-1137.07151533557 177.7109218942612
-1155.591751991565 200.9777793510779
-1184.965933341942 196.2498942816838
-1172.603659478649 223.8646369637582
-1195.979980655287 168.9650047909824
-1214.497611939122 191.8218784090932
-1225.522662730693 164.527160980748
-1244.137907332913 187.8421163541183
-1273.553253778011 182.9235029112534
-1260.996482336838 210.7069259349704
-1231.439423059503 214.8514780621494
-1143.203521139671 228.0024655034175
1799.662142998032 792.420155209664
1788.938346591921 764.5585447398654
1759.459154509144 759.9331313759294
1778.255268454602 736.7112191896094
-357.5333374352207 195.0571158038344
-368.341843471177 167.5855264255587
-864.9634735146312 166.5381878878719
-94.9476249351633 568.4258215991074
-111.5935913670313 591.6356277394325
-139.8928395130204 587.4320428525422
-152.482930363238 559.3908378272935
-2101.777369822063 566.7107692867783
2034.389226240046 542.4677720952741
-1395.238724281621 422.0492249914551
-1384.354099747825 449.2999759817623
-1355.018333132131 453.7366277188418
-1371.770603209657 807.3015627698712
-1382.47928657182 779.7674504388953
-1353.234589107111 784.2150338230927
-1411.717058284133 775.3248627319158
-755.6442125236941 25.73872755998313
1853.210493778036 974.5439548931631
40.30551659513367 437.6973367283728
653.6115587101244 327.0681387328189
663.7193672387257 354.1849072485396
-2187.936832570639 136.2731785514252
-132.0241997730958 281.802028533002
839.7280870293807 382.7731644499876
1856.070572589884 24.74945575072392
2090.13409555075 473.4130515316609
335.6754389819232 354.8417047596463
317.2574420362793 377.7868252696518
774.2507024327094 26.50148801785072
762.1033041879793 53.79064220310968
789.9870074055151 51.9341820861932
2095.639101632437 344.5359415483986
-1480.578094398768 152.7167595152491
-1450.91090322053 156.5241973183102
-1438.027992017149 184.2623088644926
-1408.456077045868 188.4390749840868
-1391.433643368558 165.1285879696666
-1957.743822405916 510.2624869197629
-1950.347295516788 459.1728727765151
-1920.822284839359 463.3466707068855
-1931.94895740552 435.7922623504051
-1902.448150264008 440.0747438666124
-1872.896542734009 444.1138835691025
-1861.731749884454 472.0583018210802
-1843.235349590492 448.8586201099243
-1854.290642212031 420.9958728804772
929.6558798461538 834.5708990325271
683.2668635701849 1133.428199853052
789.4577031102623 322.9443520869943
741.4681640904334 341.0572346697392
-1262.318369926335 875.649229113776
223.3807340499995 618.1473133992275
2015.770100442978 565.4995720822482
-1264.710875954313 590.1140555871023
-1342.477996536356 811.7524389103246
-1323.983213618868 788.6616831795054
903.0492677482566 622.51195855845
1046.340379091651 416.2346707523059
1027.465795440293 439.4702293717042
-1750.306597504702 333.0240313178583
-1739.88455390131 360.458115454327
-1712.940709700643 367.1809985157621
-756.1857247594055 514.477298668294
-1616.33723951174 247.1642106367336
-1587.06669100513 253.2905813230285
-1570.967405297763 235.1992980201738
-1633.551357742893 273.397471509854
-1582.42147536563 367.7251265384459
-1563.866315169282 344.6558774592534
429.5166030385197 726.9549024478127
765.6494147355097 188.8708945008644
-1768.95351478245 356.2922521946053
1774.658722138448 216.7204302647679
1804.164767763651 221.8419566011875
-95.02074118395504 25.97453152430222
-114.4031949831076 50.66446028234581
-81.14629389848473 52.15303919136432
-65.22686345277626 26.01831327297326
-52.32617894554136 58.1296627567309
-20.84206010055187 52.8705348123485
-31.84767276099728 76.14116184413783
-5.208594309814579 26.2287501946827
10.33168542360052 51.98652512492325
24.9280810468729 26.19729502363441
42.44211387419939 51.69737049013604
-960.6525514766001 204.0204110163412
595.1110698700887 317.8299740496747
833.9404125436545 24.67556888885161
174.7978649536047 24.08820816763938
204.958877646935 25.65045335924185
219.9726324129674 51.85764142350091
249.9143233772778 51.93278299729788
233.404555384038 78.07243840112348
264.2186625370666 80.06542576817999
279.7252372767113 52.34762822680392
295.2686319034439 77.13757002387389
201.0921760819319 76.26320832384323
309.8972331741864 51.90709712971529
324.5490454079307 77.54154452170503
309.2617180688684 99.38481468653872
187.9417694715486 48.77260555844483
294.8171148720394 26.09404834743622
355.0000000076477 25.98076211342525
339.8802836691012 51.86622915761027
369.9204514210256 51.90715745993554
354.9112890368796 77.67338222526327
384.8712824213255 77.84180370619642
399.8438064597821 51.96081715307817
400.0785466756653 105.3777794675501
533.241176992941 24.16223554350008
1633.395462723997 504.4434395353676
1622.687480124875 476.5678992412128
1593.187386588265 471.8788958696346
1652.177973004631 481.2484885604389
1641.47664315307 453.3401597917562
1662.886958938539 509.1322231815894
600.5242321045388 189.0420020382313
-776.7720226454436 759.6847158004424
-2073.172043349817 25.90293552897347
1797.652308840075 24.900105277953
-1497.279353631078 302.5993297875584
-1478.683233968403 279.3420657740822
-1467.835798667587 307.0316832549398
-1449.221198374399 283.7819973843405
-1438.329915370932 311.4646897911679
-1408.873443155921 315.9487204156749
465.02956653748 478.0707206227858
1829.118867852102 509.5045371863203
-1445.467624632474 900.1379043767494
-1416.228065828568 904.4673819015389
1670.97543624878 458.0436656230552
1689.75277222628 434.8161400301503
1630.783072043189 425.420869985746
21.1999584596859 586.5684427526681
4.455782246983617 609.3867405600735
1807.625004474147 741.1977806428021
1024.940611265435 360.5150853372893
1014.19714409955 332.6649161953247
995.5222466585044 355.3510178206544
984.7177043962329 327.8824948181201
965.9033950813919 350.8646239565738
936.4517430759944 346.1449299415972
-1294.727083115149 793.1032567802091
949.699562200534 165.2493172446007
960.3892066539515 193.1592895862298
979.2439998750137 169.9315505440768
989.9690457796071 197.8761487287574
971.2458125118093 221.1166115208492
1019.577261052238 202.557806596544
-2015.007380749084 25.97650083664096
-2025.791964524628 54.68453702921385
-1314.130818677788 151.305447638699
-2022.004778390959 135.0840968836926
-2040.593055228714 158.5206802808482
-2029.605434850304 186.3195099144712
-1279.347442493143 692.0761142508646
2105.98648783169 372.1635106781936
-1959.595759062939 223.0495872014472
638.737003616993 504.8432089136004
628.1096951900685 477.3704358791754
599.1055937545096 472.845414268572
-643.789350830589 96.73808241656091
-632.5784839445779 124.9188888016734
1061.594693272365 676.0957552816102
1071.802075705523 703.8573316444325
1042.511564417458 698.3616777959301
1052.353262476516 725.4967208607973
-1924.108371705317 384.9960010290464
-1953.407807083715 380.6332505757798
-1126.302739077085 332.309910609179
-1115.616236529337 359.8429492860617
-1086.618918614499 364.3413722741621
-1144.78088211606 355.4840948158866
-1174.106704655225 351.2174929351984
-1184.804214686836 323.5830091752678
-1203.342576973141 346.7620680145776
-1232.684626543735 342.4013986500702
-1068.066054773252 341.1320537255307
-1058.090094696912 369.4169239557712
1582.488320367495 443.9478262472671
-1955.313495558037 24.56513675500765
-596.3173627838523 512.157890949346
1543.161490550679 336.8064423216497
1523.586216045043 359.6808988814144
1494.766322963964 355.8348170217258
-1302.073610432122 305.9167198614221
-1291.300228013732 333.5765873487302
-1262.083063018944 338.0720716970072
-1320.647741279707 329.1731202242218
-1350.088309793549 324.8121238395566
-1360.867045581619 297.1075029966909
-1379.542600567248 320.4328817823961
-1390.321613183624 292.6925778351946
-181.61708051307 554.6796009240225
-198.2624032871369 578.241644328906
1431.980611231606 629.495308988889
-1972.083128089429 403.9024467431655
-1488.923380507132 789.5301500158856
-1470.270661955307 766.427880747954
-1440.95862043243 770.8879502628221
1484.286371584649 328.5839674824002
1475.43739686233 378.7519596519808
1944.307655933443 162.2140659162938
-518.4771058303619 272.9860495962378
1705.010856773157 975.2865286935644
1714.635158172463 951.878372284536
1745.316763500209 943.9917043228867
1766.637167257191 918.9679482209223
1779.293077906111 946.9879465622538
1754.986353877895 890.2315442079299
1764.152035753428 973.0954824793047
425.6532164495282 446.1611788985704
-1522.637692466021 914.4684613687401
-1533.509924979028 886.8011098335136
1675.001223915104 976.4836712693145
-1114.995583594673 25.86901751885444
1638.614597926343 662.2132162826123
656.9980810627375 119.6295955828688
1628.365960457026 271.9575101445642
1599.665678180641 267.6311168686918
1580.770049822554 290.2031931521881
1128.38044191227 634.418504485274
1117.655164408643 606.522385117998
1147.168015937443 611.1780971614025
-1570.579179685829 933.1472068131557
-1581.431042485074 905.5443621287568
1563.669486929612 467.1753062995367
831.914449262189 509.0891296222424
1319.457608820561 766.1431917380078
1547.519902266917 569.4277559996549
504.5656775503144 225.956997188767
486.115518226781 249.090785756997
496.8916905619376 276.7023666280554
-873.9944532878677 621.6951060441285
-863.7269632551948 648.3153933973647
-837.849555129895 652.1091126553272
-1552.0472685717 910.0009550029141
558.583560371438 997.1823976059577
-1624.846484456938 794.8856029535791
-1606.313250140618 771.693004123767
-1617.144058973703 744.0665323726233
-1587.663766275251 748.5929807763665
1711.097632850745 778.506538811439
1761.419470616949 110.5095211042253
1734.971326249611 262.437651858578
-1646.508222336904 739.589706683133
1088.150991894901 601.9019012190031
1048.049365116047 569.3109396953793
1284.092932876655 606.6577479244854
-1562.883797199114 882.3530205819782
-1629.348785480873 924.3063067517777
-1640.195271123733 896.6424857401336
-1669.580385670875 892.1940314283692
-1610.823551646791 901.0775928412996
-1576.454176278859 201.7809033745671
-1549.590627074036 196.2772490383208
1842.271291539027 328.5585410441086
-2045.005047094789 288.4746679862832
-2074.497327223273 284.0151464338974
920.613869723624 969.4778175014154
985.0063336100989 974.0340758243542
971.6521155329278 947.755171367104
999.9700524808303 948.0637500252194
1014.995541099488 974.027672455291
1029.992707486513 948.0523591235927
1059.984309859569 948.0489639306951
1044.983971887511 922.0911178949642
1074.96011551506 922.089324203098
1059.967426085187 896.145301942595
1089.670908196662 896.289000085122
1104.652491750486 922.3799268810338
1074.951839299675 870.1989419087943
1049.169884560191 870.7848099205277
1105.74256153522 870.4172284948645
1064.749800272031 840.3520879599146
1124.302890737932 845.4143637881908
1015.942200820614 922.6556060474597
1032.898352273327 897.5165886781647
1074.988417181972 974.0218785531489
1104.987800052399 974.0137008601595
1119.931535596405 948.214203627957
1149.37989738514 949.1004876092394
1163.394127040258 509.1309567861106
1600.971259788598 708.6727792114879
1630.521160652977 713.3459255810416
1260.064768880072 756.9048424598421
1338.186460878774 742.724667620349
1740.653447418368 783.1691268308576
1729.911134620728 755.2734223396914
-1422.406746698628 1074.832609059853
-1406.45502228866 1053.809767583445
-1452.129650762505 1075.118087742673
243.7630273318507 469.2144006113051
-2207.97737515015 368.0057785720843
-2234.929183113379 363.0077278312594
1831.951116258122 300.8531019868989
-1887.816388804779 546.7307662974403
-987.3409684146458 483.2696448762889
1164.894063970658 975.0629283206912
1194.98102448844 975.0604577416675
1208.295667951736 950.2955269953073
1237.396975224248 949.1266955965657
-1427.564395337597 339.2449360090318
1194.175734951269 151.4312707064674
1319.054664613204 480.9886983189807
1289.402392026646 476.965879881524
-1908.325519179915 283.1142863490117
-1866.47964724494 25.2452965178439
-1851.804595541639 53.83872185600436
-2083.419339994933 543.5020660946891
1911.650245627981 365.6984580332894
-1750.03716987625 827.965026284141
-1731.489605026181 804.7496931346451
-1779.424450269736 823.5189285787363
1293.629008348823 193.4274027840765
1304.333844868572 221.3889473088853
-2156.495663427824 428.1244965341236
1254.995397650224 974.0160353398632
1286.117153177048 972.8709577310419
1196.763039596281 230.5651164456152
122.3172213723777 166.1879752049845
-2035.351111254862 524.685273661569
1615.076297070949 974.2059834844346
1633.887954080189 949.4490676993122
1602.185159787512 944.6773833101299
384.8529722806673 25.91096299424437
1437.232066663319 784.8454404843526
1456.23962439298 761.6619726788548
-1698.970643468039 887.7468614340142
-1722.415529595437 545.7971131930968
-2242.021618683531 493.9651032165168
-2258.452368956617 519.4586550962836
1989.140557236181 639.2729199789824
925.771843850038 318.5114237364492
-1838.209933246626 814.6163301859418
-1819.656178919973 791.3985505740252
-1849.057258304158 786.9454468907799
1656.545816084603 198.6615416987646
1454.752233392212 324.0047359201236
-1651.066340477907 868.9521519818181
-1924.924170728545 593.2006936266586
-1895.529998416506 597.645170752685
-1972.871555834723 611.978070314058
-1445.64914951906 26.04893069451231
-1463.433539845676 51.3036005889717
-1688.123410344671 915.4181864869736
-1206.42901595049 598.4988005099384
-1595.040232788522 25.24399317242946
-1624.897504237045 24.75137634026461
-1639.995563052941 51.95425510627437
-2249.482663905641 414.8548934502087
-1430.288884299793 798.433845360184
-1334.759098219526 761.1352382673722
1180.53250346797 332.9056604448188
1458.55914507403 840.868475802408
1511.325813476667 254.257297510457
370.2426318095261 1118.518593116085
1822.940733992713 198.9182545415522
1329.808259219899 508.9257892793159
-2039.381208259854 653.9996423922339
-2057.932786964196 677.2318676038863
-1943.490086216643 616.4398936240464
1445.63773555461 733.5428837815643
1464.468158434187 710.6247859404017
1475.202368422283 738.2631914748906
-1511.86281203003 1074.090025005241
-1362.728528635824 1072.511206131656
-1541.526488150836 1073.67887198514
-1556.756756756749 1048.503492592015
-1586.487213820098 1048.505568073038
-1574.76030947821 1023.074256525901
-1525.784014415342 1046.294971066043
-1601.351416665338 1022.76076600123
-1614.838947833834 1049.30210177519
1152.374738522696 765.9391536908669
1171.107276401719 742.8586216566896
1200.840438731054 747.1624393593609
1347.414417370456 332.4126194716002
1376.911222540474 337.7219430924787
1101.090434712589 708.0756840517174
-1291.58763183235 871.2830125351352
-541.9258084912018 140.5165192952458
1624.283753080975 114.9281558064793
1694.182757019848 152.264858301747
528.7710550464545 640.986168800936
-2164.66891793075 687.1252298872103
-2135.272398821909 691.5712038098786
1288.05863051964 323.678094417829
-1188.757715597239 783.3215913359935
1397.717660642145 393.3522911787484
-2234.317274590174 650.5507693584507
-2261.127078317363 668.9189189180078
437.7044045147546 1148.35263474498
419.2188304693099 1172.8739797982
-1858.4156959818 551.1847150638245
-2009.185654457506 450.4587269749446
730.7914380990019 313.543413333895
-1649.559344677942 661.0949893284463
-1397.85857080086 881.1710983385701
-2235.319721357563 570.8541774408615
-1872.157986701936 939.7800881913345
-1853.610531263524 916.461984392381
75.65805984051109 974.4554657035725
-1833.637882880407 685.1741027756884
-1930.942361860514 930.7790254246124
-1912.396538926945 907.5482024537915
-1896.997621669278 805.7238636327028
-1745.449608136038 698.5741068424334
1122.778734789188 761.4898826060577
-1802.512380519677 976.1841850948125
-1791.662026044427 1003.847920189697
-1809.735568535792 1026.558210328868
-1780.575803063256 1030.387454707441
-1762.237535340918 1008.138786776016
-1795.622402845571 1052.099027999718
-1751.313913416101 1035.299476704875
-2118.145217315269 876.4154392163738
-2099.594262274109 853.1848672993382
-2070.204530987562 857.6300737632461
-2059.359809806985 885.3083808875308
-2040.812091845817 862.0767658871908
-2051.655234424131 834.3995030931217
-2022.263923900621 838.8460847287861
1550.100593049232 648.2147293171104
237.3880963227621 1052.812835716874
277.320508075592 1092.679491924153
1345.504067271941 975.26017728624
1375.484216678826 975.9706612260978
1436.885003173634 974.3473597714916
1465.313587045383 974.0746544484708
1479.998423847942 948.0398408323765
1509.172630894122 948.4414611126938
1523.817345232649 974.6876200618841
1554.288501719364 975.0373221691448
1451.155017575732 947.5366625603514
1105.000000004539 25.9807621134237
1074.427242540168 25.77958713422892
1090.000000095512 51.95680503426193
924.4884780682935 26.90379977339184
218.500220431112 1034.38416276955
-2274.363914549745 1025.484009405164
-2248.525065637884 1010.778820649987
-2248.509709279243 981.0758575043997
-2223.998796109774 997.9901314874555
-2219.57873797951 967.1886397923795
-2223.384746916024 1026.730083831049
-2247.976914300647 951.5127690905492
-2227.153689744537 933.6450878016993
-2248.742848436129 1040.487262886123
-2222.759853535386 1055.405086879321
-2197.210358264806 1042.021778223663
-2175.455424421061 1054.693635989219
-2251.591766788945 1072.63840430271
-2274.165518639422 966.2422833899464
-2251.569640859678 920.9770623167892
-2275.213084805096 906.6800530090612
-2076.998686701222 1074.269704897392
-2093.05008927853 1050.369006249739
-2061.331510350773 1044.383972510582
-2046.920339517773 1073.782154013279
-2135.559696548033 1076.101274094011
-2276.099006401232 847.4753688334522
-1442.339699909592 978.5730254240983
-1928.308874696591 1076.333208955656
-1915.472272904571 1049.172550950452
-1883.80999474213 1047.797410115157
-1899.336939598598 1021.934487210351
-1944.497620610809 1036.492240411099
-1853.516005845574 1045.467102069395
-1868.833617609408 1073.628507121609
-2276.919601490454 787.954542751878
-2274.730784247416 731.1153871712363
-2011.419427497663 866.5240149005558
-2003.715783336919 815.6164383508099
-2189.387786959264 969.5690999128433
-2085.603862057051 959.4215745349419
-1974.325200478758 820.0629912552087
-1918.690474252361 750.3730733292845
-2169.77165493923 1026.871539690783
-1830.955056213731 268.6660528243119
-2183.743343729674 918.5806056255906
-1941.789202264036 903.095625433327
-1284.630594068609 155.7411375595018
-1988.311742845157 713.807988140546
-1773.120885811863 980.6152126908551
-1957.190689816887 1004.915736457552
-1566.130633415158 803.7939684051267
-2114.993532930956 954.9725518374089
-2074.738467757103 986.9728577983452
-2227.171284576703 807.9376635386574
-2008.275753331579 945.1118443354825
-1923.242922272972 879.8642019158483
-1948.750838281089 250.8312326501321
1367.64530809842 747.356429262222
-1985.169226675878 792.3868442279065
-2073.341032323941 779.0493122044791
-1702.115691191442 809.1989569922689
-1900.146855178808 727.1446032430417
-1969.766066792639 690.5800411699771
-1601.122011736587 1074.38579155026
-1684.971542452873 993.9918174805725
-1703.514331439017 1017.225648675053
-1670.933885078972 1025.31501710747
-1692.665089419129 1044.904078343864
-2161.518244987093 765.7117062427038
-2172.35347567737 738.0309741736355
-1903.280819695633 648.5745142574145
-1802.851526702784 481.5020122926528
1533.762202618558 750.5273920899332
1136.469218967454 583.281260732583
1504.163594407675 745.841277093263
1611.985151512581 448.644579969249
-2026.823052731273 968.3438506977795
-1663.666456151551 554.6654786818464
1713.779095097785 857.6088227447304
1962.536369050894 713.2712372096187
-1630.647369785394 1074.508564153726
-2124.423494686894 719.2502041956737
1494.043920041185 715.4598011431867
-291.3086885222966 153.6422282295917
1214.077131578272 854.0895218645201
-1210.341926749903 728.3596783132343
-1716.078127043657 703.0243104304217
-1776.284666882879 902.0857863579922
-1794.826021775336 925.3193187266751
1409.262748632917 133.0091693371048
1935.940920571915 501.0697369721522
-2047.091052757292 704.9120102546336
1481.753244902621 249.5558717778916
-1878.453946650481 782.493914134789
-2014.55965547197 787.9409403558984
-1893.850354680544 884.3102153591634
-1719.45695086167 1070.081858858288
1586.732891277972 161.313675604247
-2167.840004960269 608.595384411005
-1889.300008373941 754.8200014190238
-2109.045819967931 617.4868776134341
1258.48429583734 319.0650757521907
-2045.366647294742 991.5503176874821
-1883.003729836189 912.0190043311535
-1835.06526211247 893.2046790365492
1686.064599377569 203.363971986421
-2028.540209482565 681.6809083671106
-2086.604398479658 464.8192727887584
-1824.217549153379 920.8937865144218
-2175.133641173572 451.3386961840878
-2063.918069517652 1014.808910810966
-1586.457507253181 540.4110941453662
-1678.76379712134 160.8805877980771
1243.837402104781 574.0390890511283
-2033.106594240349 811.170167891667
-1243.381868909793 314.7446418090074
-1765.438780596806 929.7591923921758
-1654.495637978539 998.4928343557432
-1303.860102803159 1075.318088968076
-1315.507978039707 1047.234366083683
746.7533029211955 573.1877018605247
1636.059645845599 583.3603680334223
-1576.904833597351 776.1839849855293
1274.756582733397 216.689490853243
-1792.020918787706 509.2273518673886
-2042.587798646861 575.4929059338684
-1621.683923360284 873.40912395352
1380.85630004526 569.439009243986
1819.791183268907 120.123439092519
1496.550571425664 509.2249025609377
-441.0527094199333 52.21080776097154
-2062.496752977755 806.7242138800065
-2276.648626194153 370.9141011069661
-1979.78363852611 454.8837000685307
-1644.701596097888 1046.522441774082
1646.923018798285 323.4642904010382
1403.747646949155 263.4130195175799
1316.995659716883 689.2855048986063
-1511.816517095626 942.0167189106572
866.9286153295209 309.1542474705648
-1675.789449436714 239.7900341299899
1700.344408133511 750.5988894675628
1115.697229870326 453.1803803978831
1370.126770266848 826.5367635910671
1302.924790333696 583.3810603832675
1127.033090311206 193.3348344004054
1597.441643683151 189.2517697664156
1508.736838706637 175.0973945949156
2010.759557533982 120.4928927247272
1269.148628374282 346.9628668966011
1207.49826564085 258.5131331488876
1508.019848974639 92.85295419922646
-2153.816513003099 714.8030879189796
-1914.567511253957 125.1687721383836
-1357.801274999957 913.1583488930572
1292.086022797954 840.3258164205864
-1822.774061284269 712.8642531507771
1469.578945604973 583.4849068691973
1577.047490588009 574.0833012523382
1603.627748690639 787.7865904324462
-2130.278215705599 353.8487337755403
1476.738383603207 92.32386410737075
-1726.912005090535 675.3668165456367
578.1247846042071 418.2771557495855
1574.386489375352 495.107596260225
-2081.044552122663 829.9549669614158
1089.917444992648 948.1279996760153
-1999.152784448941 686.1333134110616
976.6130166358298 90.78793282918194
-1520.963087896748 707.2343986529804
1643.907249151278 820.3657448695698
1241.163978354245 495.0429048079412
1291.033548532964 114.1933273267346
1450.76596120622 606.6451013656709
927.243446298182 755.7010014190868
-1756.52250871777 175.2629703220937
-2110.435084935885 825.5091259942706
-1123.074212607133 741.7925596288671
-1736.932167673421 441.5529168341409
1432.158833792928 921.4963813565557
1220.957268715427 77.1888868026843
896.9111193907672 389.4677502954922
-1515.146853248157 863.4782613144171
1580.41525456354 365.4093639514413
-1712.947926328119 781.5419858587062
1091.969795417528 318.8179807811247
1300.236850414459 504.3747833380071
-2128.985314747459 848.7390604156868
2071.583805110151 496.4030823763981
1118.903266169 244.4848023263893
-1790.252734372502 795.8554411388682
-2183.200962454192 710.3524243381188
1223.730326085086 156.0713418875617
11.16990312482154 433.0892513270695
2104.02967434656 865.5991905283001
-2158.375974312235 844.2942352162463
1844.906316817285 407.2474141029429
-2111.703781519034 330.5834135016989
1374.174199936916 258.7245225121176
-1783.981047702551 952.987309939951
-1830.504555461973 763.7289688720854
783.7374361107402 1034.140293660321
2175.449348567545 602.530143126771
2174.110617202755 544.91113430598
-1575.634109371525 568.0015177574656
2013.210374398888 773.273080906242
638.0389746654529 142.7992463417397
-2212.524757330058 705.6549537722291
-2176.927107242149 867.526484887719
1646.467320217632 898.8180699281037
-1723.881216444998 258.7014905379862
-1486.443988961757 330.309835428874
-1807.797821225475 115.2167421317318
1972.967899458336 454.9616608185481
858.5613077542172 435.9705046119017
-1339.676185105919 352.7301031479122
-1250.47791905181 1029.18962002606
-2195.107249710869 890.3419280600638
1879.946153373448 570.0350080531027
-198.1143429425667 704.6299978018473
1214.309214607867 569.3666293988063
1121.471085178234 323.5067528937185
1737.897346155886 704.113267293966
1410.414517158377 574.1268422682134
1743.56461683434 862.297479178411
1113.321000761292 374.5577831491314
805.0849741996665 582.2278210449173
70.9694191404387 106.0309061332704
-1456.489956608657 872.3308887837909
-1838.664208081859 319.6899631132196
1657.654044739529 351.1791918017262
2021.369536323663 148.3417224348779
1796.869161004359 713.3660374648351
-1462.368738678764 716.0623381629565
1041.070805787731 258.3645643633332
1203.371041147115 826.1239128854055
1965.214158117649 505.7456984406207
2074.209523707606 574.7843441676972
-1281.057552178314 361.6342357322739
1309.782691533119 91.18885935611917
-1552.960215702996 372.1171876280513
1772.079059461667 138.4602295514014
-824.9695048406531 198.5568642956118
832.484438526563 147.2033436179355
-2009.994776911299 658.453935452657
-1028.673684179132 705.4327136097618
-54.56291922985008 726.3546095825499
-1649.230572281741 165.3735762410012
-1222.651236943939 370.626501813918
1167.232447429081 225.9027063788901
1486.664492121751 481.8718414746705
-1725.820835138991 468.6488974442209
-1785.66625936019 666.4623603969608
1421.187223080834 601.8897075698611
-1743.734860878311 985.0644026387027
1935.89532007564 787.2125973028984
2175.004655803164 338.4688119666338
2174.861836387778 396.7576611083854
1530.175852997476 231.0146124591597
-1244.916174773001 1075.429408108967
-76.27038617045336 419.5178015213639
1298.306754082558 350.5109493443453
-1696.383612221303 473.0186856887079
677.5726572685707 175.033295608401
1691.603087789186 74.30465784536536
-967.2480166534629 254.1680071624687
-1956.539908741522 301.8768846575976
-2023.237022589135 343.950961798515
-1468.989151643848 558.196591360491
-1756.281204884876 670.9159670788401
1097.505695988895 188.6444486485802
576.35629500797 340.6376552426597
286.5656365835221 703.9244523826397
1046.51749405528 128.0770204470748
-1637.311370994473 481.058562199375
205.3848316631552 767.202470458603
1633.175706663533 792.4422775988938
1134.156761236297 505.2465660690655
-1164.334897277678 379.5648516350692
-1991.438351334369 635.2181556440853
-1403.841994455433 724.8835251681259
-1365.648210779169 91.39150454667494
717.8577410806702 568.7052869726368
2176.620088600695 750.6626838190094
1802.761079158995 871.4430886417312
-1184.436733716633 654.7363296122811
364.828102266002 359.3639717580375
-275.393773868569 905.9320659876656
-1732.867546788699 1012.621923415177
2029.210153375826 385.9206205473708
-1106.072090133908 388.3774219520521
1380.815019677838 854.5233574574894
763.4113698515425 108.9314010035614
1011.58636901518 253.7143650290752
-1730.108615937952 100.6818701180197
1686.939771261292 643.7109294103059
967.8761616024617 504.4233547768961
-1801.472671663175 273.087117571054
947.1259571799666 85.80759850119223
941.076151489424 577.719017242449
2079.56992382963 445.783659356445
328.0050256930521 405.2081945962266
-797.018705435662 407.0002338504153
-779.1070821360977 384.5348423811649
1361.936821365129 877.7676136866654
-1722.043773501427 1040.45424833877
956.1459439969758 398.7183267314609
1665.540240741211 588.0221175896876
-1483.874990243565 74.35164134075643
877.5843901659218 336.4306520349097
906.9908647762165 341.4259771509324
1775.445122340199 370.1656742522739
-1933.214807737963 148.5233651671251
2174.891578167142 218.3098864476211
-861.3105087244637 244.5606067769776
510.5087361467019 940.066111373696
-1742.320182088958 777.0968631692623
-2269.589078710055 74.78424651189488
-1047.985258280647 397.2901653121645
-2077.658980368807 205.2162935077151
1938.566253703969 579.2988439302154
454.7934020023418 450.6410054767045
-1978.257425365673 246.3456495985647
-1336.559592020767 430.973020672652
1704.887595014069 180.1678318277806
-2242.29454194124 700.0147773788435
909.1636769143184 495.1936444031765
1285.460790507023 244.649658173777
757.5083716875453 239.7210199841146
-789.6243611049651 357.6804077966432
-759.2580069470623 363.0727248991704
-767.0877261060297 411.7861084683101
905.997534705712 699.9100248866785
1177.953331460168 253.8301980633117
-300.7030271956643 891.8183768911819
894.2160310374244 26.01515001374094
-1775.132671125793 198.6234567622343
1901.206251797257 625.4157496387047
1232.939332537798 830.8501133425553
-1306.905213444016 972.7941161027676
-776.9180002200006 179.781615204462
565.393463437468 595.8487983406709
2002.495293058299 459.5637398529357
2045.288446370227 284.7356660407717
-909.2584088817516 263.2326963936874
2047.676830605787 648.3751963752013
1265.286491772002 629.8865698832591
-2144.401132137903 247.307148575415
-1796.532220787547 638.7615410366833
2172.69375811146 898.2844610823876
1259.880788764086 472.2371315996785
1824.67114060358 926.1082505090309
1940.993817114859 83.05841420419095
1748.747955871288 732.0625374682811
-2126.949763392125 432.6521493234993
-2099.43646358531 149.6782896052835
495.4422364103269 762.633352614176
680.2212964658202 253.5755064066965
1681.662120004238 485.9471349475637
-1142.227408758585 970.0385952709054
-1387.553794868934 494.107071893901
-2097.5274653346 437.0917803169177
1649.328842045368 690.11163701359
-1760.870354403291 800.3055459933036
539.0346080838654 386.6495681658047
1500.610028425149 226.3124333911681
-522.8305427514921 500.0980464232071
-1758.517968546343 383.7159249816426
694.080451006238 435.9319927866835
2082.570169803196 238.8165582734815
1246.493318921281 653.154547789648
882.228519706076 568.7836581034225
-11.93687247858194 924.07631087636
-2191.170230044603 57.33509485728717
236.4819911156658 847.5089398524774
1737.932887010025 416.4429589725147
1225.040933088466 597.2683251096655
816.2272364884382 248.9902512478854
-1041.2218933207 951.1518710464225
-1161.22304443942 457.3145480626517
361.8206525626001 281.4759623624049
-1705.245219021129 235.3603869272594
-1914.102497959298 620.8877111675877
671.2676268120346 1087.100516383457
-2121.310049463979 94.32644660045763
-1260.920518553462 669.0913951806909
-1368.59356521131 885.5705443185133
-1328.975266520222 502.6909232279309
1315.033195382461 249.341371113348
1064.698791016136 104.8015825675874
1861.291071205973 305.5573010967271
744.3890154113653 495.4762726084621
1885.112299160893 727.1228167253181
-1801.093734503375 768.19508760877
396.5965717787099 441.6407715203273
699.340569354958 591.5206379771864
-1243.917605566418 852.4872528540319
-1228.115371077756 81.1419961949761
1719.195447321062 439.5658014789599
1198.119190535404 671.6242387463575
1007.369097599536 820.8946489078618
501.8436500175729 147.3908582686435
-1154.293864502184 529.2917494695431
148.9630688829517 92.49812097754939
-1866.173975903795 602.1137651290678
526.0597639356542 281.2235336217011
978.7468860198749 895.0304250966632
1191.260384644581 360.7525899501755
1208.830540552989 699.3144192238926
479.1463918209203 582.3403246613714
746.8582392489677 211.9820787470905
-1222.187014324329 907.6159602483497
1243.629150868228 858.8264193911906
-1270.552507339588 511.589600954346
-2048.176946250635 209.6590665963022
264.9044993006611 26.05970095777043
1997.355696684495 875.0741495049425
41.06878624412475 102.5954817422815
571.2136400833965 184.3930611829471
-1167.15599904918 96.11041325127688
650.9493196827086 248.9899312161665
568.4267889979442 105.2613176204152
1333.902924310342 226.0793429772013
-1877.003045166496 574.4268673762626
1727.307603203395 388.469290803128
1836.922126681971 458.1767390157369
1614.559453852545 815.6144306318143
592.4407120794713 239.7755779546178
-790.4585660103515 662.607145949969
1363.471691242473 230.7733773190272
-818.3157562386168 353.1314336097309
2013.115372808106 46.09756501271838
1018.641768336548 564.5951516522156
1852.760146461994 278.3732055952887
-1305.499012367143 765.6022529515832
-1741.868930135351 73.952549485424
-1212.336514649782 520.456735407477
1489.892232486972 198.3561116805883
430.9091933660833 318.0704884519535
-1849.517803456327 291.9882830207392
2075.016130829925 944.0155817696817
1657.456610694966 639.0455917464338
-1944.115602811982 120.7651524089605
-1395.048686296772 85.61579681623026
1132.137224120912 351.3642600478365
1153.867753410813 118.8414417543629
295.5685745302892 931.8595746320551
591.5516344362773 523.2583515223009
436.581085141145 953.3822146096276
1273.215292996583 863.5234253186603
-1785.988879329625 170.8454552258911
1254.567821991599 601.948122130346
1955.335831066528 189.7782143090957
-134.6275799389015 74.2275922620587
-282.4672073387711 310.6091455443145
-779.9171001305451 101.6663543134715
-2184.846853943373 215.0784716371868
-2174.037104474086 242.7953522605522
515.5747755110349 536.9597351383649
489.0815053649708 327.1949037557605
2018.720540741509 358.2682821302787
2023.91385069205 800.9813171387011
751.2475561302005 368.3630885513462
-1006.636461850213 94.8885419617669
251.7190403824235 749.2476326969975
1790.839058724147 115.2974566530618
-786.5305122168728 434.1729130914133
-2082.265876690743 335.0220091247067
1106.971952862445 578.6601667022538
-1324.949871919057 996.3419569260826
1302.813402674234 868.2071178654692
-1138.167579439087 842.4840078118481
649.3303502001377 532.1980478204639
-255.0205410757625 695.7725416025647
-1319.530913251575 659.9871804182981
-1829.080063571291 555.686567442356
-1660.106616498446 137.5334579740163
-1660.458177901157 633.3312741905455
318.8117491251289 784.96872320307
1460.312775352219 193.646211404759
1137.725995892867 221.2453721363163
-1025.6779169564 781.9731951036744
966.9701851826695 61.44635217349305
1909.26805605246 574.6715860758743
2026.758739829373 879.4535144529796
1332.383844323383 872.993423810669
1646.75561325838 611.1781066038699
839.2265959453327 741.7091984458368
-1641.964250239366 610.0321234180319
802.6802557985635 504.5912959026249
-1214.714204752197 856.840351676909
1112.078649867033 79.75828447467067
1449.579714433261 165.6823836104971
473.2589044764755 427.8196920562969
1382.330286050696 207.5135259471718
-1096.401670411492 538.3359061028746
-868.2857160720123 294.5595891820053
491.0842736926783 119.5805353153978
1946.58271933265 814.9366658397354
207.6221849995972 843.5008931105735
-1508.877131505497 1020.983554578892
1420.018970490503 160.9813978320816
927.8353852336642 472.0980460717021
-727.0849549498197 622.8448396110335
2029.111782194957 671.6070262989664
1017.464172290215 848.3956683910495
-1119.858682771899 819.4707587381977
-990.2920819906976 405.6350089003352
2040.095368575316 125.3204769279612
659.9252938585797 841.1630258309651
1371.632013898767 179.5577408282429
-450.9871766263655 309.3399674570792
-669.5309505311766 629.2836358729581
-1839.887994344585 527.9573256906954
351.4749026257745 940.7961521474776
-213.8629574469334 474.9884681617843
1735.379740751734 337.2768027317575
1855.73108695867 722.5001307951067
-1992.368438499749 139.5805480341019
1010.832208524979 615.2607501521962
640.2221791249699 221.2446665843076
481.6393852499025 1131.178078630161
233.7423182678768 771.6652900206523
449.449700936247 295.1098339831474
-536.9399421139717 295.6796086664833
-599.4791967924509 618.3890795927739
1161.682271283933 355.9122433428248
728.0948416358154 595.9511380723335
-386.6343520051869 190.5586026062419
-710.7477169083701 138.0681892061719
300.7245789047773 807.2982232216156
-479.573528325959 304.9393514351178
893.6913982977634 235.0952780887023
-1821.364235905331 504.721210278363
683.5770573842597 408.727504825838
-381.0691194936667 447.9546611605847
-496.1910765490436 428.5248754650004
1675.355689842743 175.4721496703184
-447.6382114375861 541.003875015714
-1641.058598952226 113.5414458188047
941.7048908487156 216.4000296615232
-531.4798250121207 168.0018499691649
-2063.643715562074 311.7460473038589
-1937.876597291745 278.6049108478371
-831.9504089947887 248.7229817792463
105.7249646415724 875.1790285657903
872.0546098425701 179.2887766922985
-298.9537548615276 460.8060185371493
-493.4248014712782 828.3899597209077
719.2160481007394 926.6486108304066
1000.791646731072 225.7989753231477
-1682.17247662973 577.9299423480359
-1290.201114901953 664.5453074162399
-681.5218552863098 142.5596851511679
1890.570539647757 597.6984898409777
-240.7909259079202 597.750146777309
1379.693726199525 128.3186759248602
570.0650622591763 748.9227230229435
1343.092920858752 901.0032889349757
1350.149855355415 123.6357559590867
1773.033419843591 579.1200170097111
-571.0097452739512 443.3873827034229
957.1933188022658 476.7185597542331
952.5881669547225 244.3859442559805
2068.989384584117 703.6312563829065
1352.301101132503 927.7260325500353
-637.9006445496431 783.0928750813902
-1622.288615796991 90.92602306793921
623.909537680585 1032.125722772145
1645.814929287221 170.7802344925277
-542.9908688011348 627.0713185105129
-1897.58994053664 310.8400917065263
-391.7661104378879 549.5016848110361
218.7765250385307 870.0769137710777
-1345.400447403382 733.6603055333202
529.8047446066055 918.507787327319
776.2048401493499 216.6454656972839
1029.337188749053 592.4249046070667
1156.552729383179 197.9898351866416
-2059.118487579026 181.8946770542619
-494.7228078305791 504.537667346292
1917.249725417761 810.3029363572988
-1832.253268881532 476.7985365289737
820.7263962329116 405.7536480211382
468.9314023584791 1217.172228610846
-1598.569657791102 721.0047842693488
762.9497911944297 472.553400498072
-652.212596143321 147.3795202990469
442.9193210298172 138.180747385416
625.1171124397337 682.0745121903915
1616.280544120025 166.0922535278863
2079.617398628679 731.2029326787064
1390.448612224626 156.2848927121773
2008.214202599059 901.2402954246367
737.5300140069976 904.4206977531031
-236.9832869761995 673.4169468646144
-397.3853456807396 162.9872930877202
568.533847890863 1023.446019888679
1175.394441096656 174.7388693619284
357.3015813227364 816.1491592650788
2029.446169707626 97.8282722469291
-1609.2293368846 693.4367854794563
-1043.883590517557 805.0270707721176
-280.7956686410435 181.1736659422779
-1878.934791151352 287.5652903454135
298.9316871503434 400.6742163749543
986.6191697349755 481.589380844584
-168.3308868907214 786.3059017214642
1339.369424503652 95.67616587352877
-2229.754689938946 521.6676636949114
-363.7238241018174 553.6767852021683
-1687.121487691741 1073.631880725809
1925.000482455055 472.9366276426926
2090.208658356266 758.9337938216318
1605.580322140535 138.1373901892676
805.5919646599391 221.2710427127687
431.1841640895157 109.3554956727622
-455.0538966062243 769.483141806828
-428.9432327898702 762.7150377925395
735.5349647483586 828.2943142991336
1328.268098377466 69.39408974726258
1164.638968411615 146.7770122891136
-795.3594258228861 202.7997409591646
-513.0414052568516 145.234921281473
1124.094098787508 113.1016593040792
-1863.394244677002 185.330956770306
785.646022886778 962.693278694032
1837.029644371464 745.7441695586463
-1363.907060737203 756.718290478015
375.6381487505854 793.7712720001333
-442.0831638590253 259.051261328336
751.7261963506634 728.1101919087913
741.239914735101 700.6512210947823
-1398.205426128692 343.7047120906082
1617.277364676878 606.4791148962639
759.8738207406267 676.7554392376957
1594.777842412571 110.1899755443956
478.4631855398841 299.6844643438995
792.074679415198 477.0805096901051
-1233.075690317078 880.0297621572244
664.8432147525069 714.1246311852855
1565.980205874357 106.0800972805517
1818.34109826021 769.0626403038602
1502.06884060912 666.6279923325792
288.1723482812254 373.2359082846304
478.556565211476 1058.446183429196
-1393.134748791778 752.2979836247529
611.0508078120945 216.7444031064342
-2030.320273042696 1048.467117237656
-1127.395480046906 870.0019856691528
1587.752408365993 601.8221050130887
559.6863823987037 722.0691194122987
-844.1847799935111 700.8695333169195
720.096962620006 645.9412659975892
-1961.262064846509 431.5258501982485
1794.17384099461 973.995927271607
754.1232198308039 805.6925174788229
-1833.973017709269 189.7777490036587
796.7133110344762 916.6369834188181
1080.265023539785 79.54044147258524
1861.24177009661 593.0431802634268
-251.7617381684753 185.8045641502176
-413.3592414641711 263.548117089808
-568.6780458722824 844.9422107731183
-1860.367741364315 264.3131562889556
1558.261954036886 597.1781181583243
586.3405237442374 1001.521355074155
-1387.014303978563 908.7365344441033
-1422.342602181676 747.8604530568393
-2070.056303573412 154.115626916534
539.0879850318642 668.1461649392274
824.2958005447188 198.1761835527248
609.8119760127927 500.3374808038445
413.5207347983215 825.1865434247438
1858.515074742339 801.3859189357516
567.7823303917776 672.8358071617088
-1871.233848807379 236.5378585084872
1831.881256970054 588.4358775773165
1746.039921469006 365.327617911957
-1835.338746356208 398.1751567705972
552.4238651453353 1118.595093300338
-1405.437174467551 932.007971620305
1743.46478621081 574.3533756429639
105.3426656012776 974.6937438011331
-1882.056747230391 208.7036981147302
1539.439721506495 620.4183978141212
1813.113838661338 611.5060554356547
766.1534334625923 909.5295755436949
419.7168783636865 1199.182698238734
-1394.688644081033 959.5530802097128
-1193.090449302425 911.8347922394902
-1451.638176367294 743.4414657729076
-2080.973422217538 126.3069998924652
-1942.782342431402 408.2024359117846
-444.6734219773004 181.7608156747625
1754.168398333089 315.1220558078624
-208.5103521189881 677.8449587766282
-1976.169825366128 533.5006710084325
240.7947721056439 391.6408290806021
-233.3401156572335 162.8731242450941
882.8703263404984 207.1932212933965
1520.663729163728 643.6436679536351
441.7317658737355 829.6488001017575
-2005.725199888433 529.0696986101182
-1413.059269351189 982.6523643474102
341.3975027445848 914.2138091047327
-2053.641025264126 547.9260129452026
-1480.936777171862 739.0023896518724
1783.696353081245 606.8469305180608
-2091.916585732089 98.69284641699784
-1465.092240267852 638.0280893004075
-1431.724469859558 1004.709974419528
490.2177230549726 887.2133537195538
-2120.010314662015 589.9451912752377
-2149.405391902595 585.4759459987189
810.6012915879077 454.5602985202146
446.2096289783489 216.7712223299219
1006.296619632331 383.3223746146807
229.9152298608298 364.1705738039285
613.9109320557671 1006.038227059524
-1510.242898083473 734.5639833034544
-809.1771568882634 97.10039262350604
-1815.33938743077 166.5099232796684
-2200.58666860003 525.7410221195086
941.3452920323178 945.8267430827427
2172.277110635408 690.9895863534149
-2160.417097653 557.7593613507554
-2171.52524401499 530.0517300419648
1016.835271482448 411.1307619206124
-1116.448542419227 897.7914923771017
-1539.560275129039 730.1262283181567
-2103.090164491393 72.70021068598817
467.8182155008964 272.1687497935796
-1211.528941038357 935.0786197372682
570.2018267301416 1096.979334659198
629.7202185984703 193.7027290640523
-1568.926431341253 725.6064208596171
-1498.00726268782 553.9672671721406
-473.762737477281 177.2494015374044
1898.588818663539 833.6749132249075
570.3955021986536 468.7400295743818
-1380.998325004499 571.0516402789561
-151.2662701904597 686.832095822792
-324.3340960203156 531.8053303845987
398.5587421199529 235.3327701193474
1005.419205468015 458.8388106508266
686.1627628294459 124.2492207829463
-1826.239443430204 138.7179463881734
1879.996972629567 857.1586623550074
-1229.99966751418 958.2920912401245
-593.9165065205913 78.61425850897605
-1837.045568214444 110.8248949068781
715.3595577718859 128.8117336700958
182.6094045172437 382.6008330317
468.0482767983772 1032.348268764375
648.4270438193189 170.5688595704561
-179.9042759451881 682.3103862777582
-140.8660341739831 713.7452298108817
-1219.092449248198 985.0318935740773
-1818.981806678936 88.9384067725107
1920.191212529042 889.6255189085336
223.5430422395773 744.9836990804976
1734.241352380731 25.68460788556824
-1884.016367996934 416.9873946316999
632.5182982337152 985.4378436860635
241.0805033408563 722.7062003567174
2150.22482973922 765.0963469270475
171.6013806466278 355.1381126696088
577.9417715775837 699.701449196561
1037.813927278632 466.6058756376455
457.0648643619057 244.4821691366716
-1913.31306849487 412.5695493337544
1914.210188491006 444.659333880262
-722.13333864332 318.5204353028628
1902.274176936979 911.6080632997692
-1684.585534926065 25.86371651664982
-487.6498940006366 635.7265990801977
588.6823426715627 445.612257982345
667.2674234056731 147.3629357574962
842.9414399873656 175.0268730601182
-406.088435632704 647.7047819023248
332.3973656699598 276.8436517816258
-1377.755698536655 651.7687357864882
387.3450614551549 896.3888731857497
124.3902195805903 373.5457172845047
423.540882769624 1050.001064533204
-1824.588774459191 425.8345196919889
468.2258521968647 555.2714217181453
-307.2587528846557 562.5089248018104
321.1615629124856 249.2347601807511
1211.483409215097 415.0771763936648
1989.19102754073 353.1772935896159
793.426196195863 837.8701271074443
-1435.310273216568 642.4678675345494
195.2220048789189 740.4331588329234
113.2387887097893 346.0397426400893
1959.82008562741 347.9889953963953
1133.555387709102 922.7651941007852
861.6673165285998 151.6941364671711
549.405983803964 413.93011232191
1358.359517412828 360.5424210869004
119.4211672200988 753.7516965808162
421.5571405964995 573.5737784704455
1367.490892019758 387.3850559993842
273.9506608372224 267.8716264624155
880.3450258199805 128.41215264618
-305.2034867584462 254.8453313577224
65.92320035354804 364.3502525539786
1408.159524352883 420.8317893436659
-144.654412458739 47.78012883012472
869.6841997732282 101.0422074445989
-725.3418146292945 26.37521918771311
1397.152295508898 468.1984321158243
596.4342301310141 677.4122215204892
734.1489040994952 105.4714024770407
410.3791078939294 546.263145733443
166.5795998656527 735.9853570785822
-1119.40462315992 611.2452652557374
54.68209415121576 336.8747592900485
412.1478963021218 1023.763641593204
1408.032382893135 496.6618335203695
108.8563586936441 727.0121339325297
1968.305799442408 297.6548095912935
750.2087859439298 80.84070033118805
859.6959991252659 74.01943499094872
244.4452606551758 263.0462333155235
-208.0466507876286 296.0458017637966
-254.0678969635172 314.8700027471747
-1029.201251651985 373.7005030285873
-112.2412856338117 718.1288613435178
-790.1977981607016 74.47439008288889
-518.3916248234437 835.1840164055365
7.893724260452966 355.6476451334466
-460.9761614478922 282.0481389797774
-947.7854282764295 637.6924867014142
-21.58060134032423 350.7378689809231
635.4440407443526 708.9525724509222
-195.3194501323084 324.500412756427
363.7031589709578 564.1760784842805
-267.3355997662956 540.5094031238173
-1864.927407946562 393.3396998315317
232.9945246422005 235.4463117115027
148.1635712297652 758.2288173369233
-1417.040872793559 619.8646469763345
-167.254224019628 328.2443922558187
-32.90170102509985 323.2418673138404
567.6757041079743 390.8675277445568
435.0732577870788 676.1018304994409
-120.4310969416923 309.7033443444208
-869.2742355122523 497.8195543144639
-108.4351887108725 337.7685027441183
-79.75789039898541 341.8498748000947
-851.9904869020954 475.7524577268912
-879.5502005614608 267.436567648729
-901.5107457106186 495.5031572207715
459.9500575644236 807.5388310605064
406.9802208666379 672.1628167987278
237.83267059852 106.679305431356
352.6034266911757 537.0706533261039
-94.08416508141231 695.7170323878221
383.2472014018005 129.5865044400527
186.2680013509647 254.3920434847139
1954.380723102767 477.8812481467406
-781.8803055107664 308.2290353874393
191.0973894987122 867.7790209259537
586.559759185749 367.8252901382156
-1010.154922834122 349.5117552593649
-904.3071701930063 542.389715127508
306.0215386497752 555.119734488012
-149.0369872604088 948.0748803392454
-238.1167677008302 545.9399901873719
156.5149833925782 249.3422442363396
361.9369014914533 691.0377159159192
607.4282399457551 1127.706284174976
1303.873919171461 947.0505728937642
449.8773792585947 780.8022503899441
-484.2460642219012 149.8497417803659
1288.722731229959 33.70594072613056
-922.4369411208463 564.9583465218536
-926.1755499650029 286.2468197390741
2044.544762135858 57.48451694825948
-65.26653991315185 700.067882542569
605.864356094203 344.5607157774577
-1495.159416291847 47.01342238668929
169.2293011712034 71.0384074492266
144.9238112714323 221.7011112805623
339.0027032502386 636.2315230882731
294.7790084093758 528.0133028865789
-729.7077034531967 758.0335558918247
825.742470818226 635.9409343797654
-992.7382073855124 531.9494354040847
634.8908458190913 349.2944757703631
-1780.786803184402 1076.6006915035
-771.3054373621594 335.8366685787183
-51.46988765318728 802.4370300240683
-1648.910011604183 455.310978197281
-1633.300001197153 432.5700599553521
-36.38226711304554 704.5150602134058
80.09142900153412 722.2669443229205
1796.123448503849 922.4862230569394
-2121.399606691121 1050.571906351227
1407.000940530164 54.27932673599337
98.3461395326398 240.7647984999722
656.0241634582295 762.378081749256
68.50389598904296 235.6305851496776
2125.0 975.3328362451288
1652.207845332687 42.23472214428383
50.84115785309424 717.913016981626
-7.447070865474893 708.9792621686737
56.63468776638462 207.9088277632339
21.62812496942796 713.4410296001055
-1533.494141391825 473.5908213498462
-937.8406340975898 258.7043709586149
467.6481274319908 758.6844559152152
-661.6561239034764 403.2972642794629
673.7525122054283 381.3237667286421
1898.95750347837 51.59699173325788
10.43121814586343 227.0852154214328
-965.1521633982426 662.0895642735393
248.3036440456983 546.0885389025303
-1429.80387970792 465.9455468090159
-926.6605986574301 691.6029982899336
-772.5462980535274 50.86926196387861
-530.8095796997471 792.2979441162788
-19.46534006098724 221.9078549269754
-1804.48853346547 27.80794396820304
-625.3787967865119 434.8747583921846
1565.311864684864 833.5517659237512
738.4838613124139 622.8481690278567
1617.428806104863 893.3965306211786
-943.8415696411795 716.0632219242096
-31.37477192847551 194.2082895531431
1607.082558963194 866.174530175694
236.9066043870573 518.9771232430799
91.01431015883283 949.5731195298567
-1231.524197796477 1050.163778430854
-985.0027165645511 276.8596262383126
962.531389931893 632.0670261760129
-269.504151538238 464.0675483518976
1596.760201155033 838.4556958397002
-77.48352269766272 213.4381625285012
991.8631685665309 637.4202099642282
-107.4618770369786 208.1955546258356
-119.5829463445628 180.4625757118907
1517.670856602076 851.0180906686506
-2055.766740168911 52.69785439813204
1547.390251381818 856.2590500993393
-466.0535922955931 127.0723744561779
-517.9485135607832 377.3832573437725
-1040.226285913087 678.3655635826725
65.6639100118587 817.0321868653704
-634.5323902514631 331.4289183964574
1476.60590131197 818.0147969655111
-165.3070583123733 199.8500408083931
-2226.411683163458 25.45043062295391
-213.2880487765741 601.9270888746287
-905.5247349686584 743.641351101491
-194.3909884394194 195.4554997132181
1465.66473064619 789.9986197776396
693.3591281660027 358.4540237934246
1506.652047294311 823.49787562127
756.9280655443811 600.0934159290064
1513.414963597748 694.1029926366024
246.3178134152687 673.148765310102
-535.8090825474916 817.3885602033997
190.5340036827579 537.0576371056691
457.308975643896 731.6719371219721
722.5149448214247 363.1443620359013
786.1761126019851 604.4566267803898
1031.934819830887 670.533934660028
205.6488445290385 640.2009699248748
-578.6139386779228 418.0297293136159
1033.545960643798 747.4647510186286
-476.4287109525187 99.4718798759614
1023.021808090303 719.8439058013968
-480.175102861895 409.5304023327787
1209.481712880784 50.29294229319574
179.0100871814724 509.9829901989235
1784.534388775435 894.9217145922174
815.4143581840043 609.0796066117241
2150.623739338606 563.0065374932689
-168.5694467400068 582.9382587739196
-105.5317875684289 80.00588685593806
161.2971401210462 659.4178139852272
446.5529078694811 704.1068482814159
-885.3306763241999 396.1663457123503
1424.004611988281 678.8055890152045
-1496.434288810271 1049.073590198097
-2245.938677235175 336.6293024205805
873.15675115997 618.6886465503001
-2275.038673619468 45.14069751011125
855.11838731479 640.9771336205134
132.7219264116994 528.0346326955239
149.1155371243113 632.0821676234459
-458.4057505743602 76.31287656215075
-681.2525984236004 425.2855418491864
-201.2952068034224 945.4678810565039
892.2297567400101 595.765777021507
760.6791807340338 395.7067593922555
2171.564087090261 952.8716039595678
-100.4037875378216 922.7804217475012
257.9719924237235 699.8699244384375
2176.405096870982 190.7304565116214
-441.0879345088831 442.5599755038577
103.7044601706064 650.4176850203687
1002.455601449144 664.9183506135628
-154.7422534554868 611.4997717317079
61.55542874823658 949.5105446684994
1483.3243559627 688.8671601948614
-1070.38819321061 673.1776215009844
-1453.487545297469 78.60934524093673
-81.38804903004896 798.4423668142625
1118.536885398117 897.024810497912
790.586533954361 400.5126386836817
921.9420327229852 600.0092389106633
951.6668116426004 604.8519632086153
-243.0890153803042 827.2101628449678
1453.553241234692 684.0025536247418
-2246.7076817458 544.1350724156359
367.3400807846913 1041.244067515989
1353.539154002946 642.8334970375674
-409.2685639646996 415.4386399805596
91.40592704816444 623.0733903373224
121.0378712544431 501.0569356652088
1413.311865608721 651.5848973679359
741.8979256999005 1075.639811839515
1347.267133610806 692.6344487556909
45.8608416992636 641.4072434940676
1383.631537250735 646.9378194362101
-126.6529718937085 615.4090592898898
213.185538351503 991.6685882865846
2172.982526407625 45.27001122969546
1328.164426665503 715.9542558514134
-358.5412024247878 323.4388062757975
355.7868659429359 1015.162688419182
33.543545516992 614.0632742879369
-996.7546071295433 249.7762879914595
1309.363910454888 739.0807281160172
-12.04207802407418 632.4090958771378
-28.28924184604046 948.8004789354568
-82.04957652448027 596.3988105807056
2173.94383562265 488.3798811353517
-24.40717198946182 605.0450838198527
31.95152870256681 949.4506295945654
1159.909427725248 716.7811375119941
311.6182111817434 1033.254489502527
-69.61352838752647 623.7594708753508
1081.979198311854 730.4966202747686
1.949941122534754 949.2643758434798
1189.929573989121 721.0158843215046
75.3946148664617 519.79066401831
520.9837531936566 892.3112238384309
1279.099211308238 734.9812211823846
1141.445912213213 739.0960678473772
-307.3659289118473 435.8362410578415
1111.887745716857 734.9006593513743
1249.334230164771 730.4023216234556
-1043.460516841716 268.0390538204117
1063.348921901613 752.5319164613599
1219.6950839533 725.6473197715621
-1289.477086060566 78.03644103270923
-5.134127229900638 76.50597954075793
-1838.481701613431 1022.008650067253
45.77988461453498 514.5179566041096
-1055.380481947692 240.977386027129
-1108.638317338125 103.2777269952069
829.2130836970055 432.4268513340157
-1415.862139965225 26.10406135843695
350.5974883759325 663.9946617741394
1495.350390370812 431.8170410438236
-185.7140966406004 478.8126401712665
1299.237729756169 424.9993519065059
-71.10209165431695 922.6034232706884
-140.6193243705179 460.5514425800579
878.1527520912746 50.49446366287248
1494.148038944362 923.0664197039522
-1101.898272168309 259.2310581351049
-1465.705162273161 1050.299517115269
795.2798978993303 989.0369426415476
-11.96787039181501 505.8478647715111
-265.2018115006128 286.9825176357355
-53.12181629025827 474.1233701641215
33.95027988239258 487.5361434664871
339.1774998992906 101.7866795069281
-127.5961850550758 488.2566143772524
-98.88081492812827 492.4573638415373
-41.15427632956364 501.1205879480692
-515.2785278465159 24.42430198372503
-1113.941271861174 232.2386105899038
-377.8143375017851 726.2779231522031
-276.467627749783 259.3788452410893
369.2831325939797 103.1691877119692
-2249.541607840587 749.8458129017605
1061.174056126609 50.84366360260393
848.8272830332872 409.2233728995583
-728.5958881641716 443.3284356833514
-1897.366200591223 24.69231342271854
-382.9153040681504 420.2152637827913
-611.1151700459243 180.3497062313818
-2169.058953854355 22.49957702346538
-1370.337701200812 600.0780997254434
-1312.679427551035 1019.356819171676
888.1953389015719 362.6435600498451
-800.8382792629757 48.53724022856005
868.2402022319972 385.9471726001764
-1159.732076309551 251.3196533333191
-949.4423742539799 101.3360994176866
-310.8499506936307 760.4559506941308
1626.865475785242 920.8508785986891
843.559372297212 974.3790533758281
549.1399061812667 897.427334434264
917.7832992582208 367.0625215161639
-1189.666803869076 246.1064046429523
-468.8661103997073 49.99076115531449
1977.311908859567 974.9656621203909
947.2326407177904 371.7146020987766
-1824.334054581503 1049.853492168157
1870.413482677308 49.61347185912587
-1202.02522882982 219.1876521057997
-615.6980450583161 715.426566346643
2152.384014513545 356.3553463315623
584.7858186776566 928.7912418270205
976.6293577814895 376.5748792523878
-595.6803532328521 691.8946721135538
-2253.714930711583 177.2038893393798
-995.2068903960326 862.6543656186466
613.3930118390102 933.6914325322728
1919.073899956139 237.3742098553213
-1388.32072172631 623.6874693171462
-1434.744755576086 52.62864282450078
-117.2933888586245 948.3177240722347
-2250.43870564084 888.6770850568212
-1058.70415761494 79.21989738686092
-1713.196893032735 25.57409338879314
1702.341669064161 24.29216612573459
-1247.761131129288 238.2101165870174
1926.593900439966 186.3708988381974
1135.852095375539 871.8427705902745
-354.1024317255022 453.3562404763066
-1277.872346605643 232.8317722331168
-1730.694530872044 389.5295937316225
-2211.41115279159 912.6385977338375
-1290.420141152284 205.9686722955056
1808.575355565516 949.1597661446207
1568.331779853719 950.5293890183794
-1686.121760552812 374.4260805885413
-1208.201228855204 1010.582504660037
1887.429928596319 157.3376893566326
-1693.765786624503 342.0545344667464
1045.653994933314 493.059767299615
713.454578190265 20.82138130562393
-1647.37795296717 334.9227064629415
1876.347584259201 128.6369144411368
-1657.855220649476 291.6050892329605
-1667.258249543352 55.43128779659968
1076.078618958313 496.7378318802504
-2277.093982428742 579.088497205092
218.0865799904855 668.83594063478
-1335.997614534866 224.9962350150625
1095.635576659742 474.8900447709003
1162.132678343533 24.32531318073546
-1987.241678914506 1077.101029462332
-1612.302734803987 289.1749166332721
-1366.223143329307 219.5291162230801
1836.82752996656 97.07537440034382
-206.0579395864165 167.6801391787079
-1564.038752773943 265.0609763973898
2176.563497318658 280.6937999549243
-828.8629621350022 679.7977099218186
-1545.330117037613 242.6400780920708
988.197688615884 923.2982353563208
1873.609481548362 256.206017907661
-1378.902776031943 192.6803493968588
266.2643962155689 1050.697057752182
1123.943121558122 479.255199946727
1332.661067586925 950.125791712676
209.8944654141273 102.3588726064727
-1086.637914045023 977.7526227781282
1844.213226276979 251.7283539071193
-198.8187724454545 453.0190350638018
-951.8707709503727 562.3004562814052
1814.934338511336 246.9213869093473
1182.049541879658 410.4011761828167
1785.237193333639 242.6597654713799
1142.868385835691 456.0521474707896
-1424.376587792801 211.7376206229129
-246.7460438467438 390.2541185214897
1161.910886566186 432.9382239894235
1743.808870573109 289.174753713445
-1454.691495245886 206.2058312638054
1908.9964821937 210.333091279146
1219.906591565625 442.2414277215397
181.4410409303737 996.0646440141513
-753.4599512877139 689.3506961466202
1900.773095029889 260.6649910273529
776.2804994351711 1009.108441625221
-216.9960450639544 140.2953350966179
-1467.614774653072 179.58712264456
661.4917596946958 990.7654835334042
1764.640846756989 265.8764816077137
-963.7505125010871 536.0895392569201
1248.938364097194 447.1749122074888
91.21992101082319 854.7376977586508
-2275.71902232177 610.0007740550604
1370.055102651383 23.01981697613738
-1080.65433686617 645.8474413882041
-227.1455880707825 112.7055780879536
-1824.844351961335 48.03398040353265
-2087.353216981407 50.29140837691934
-1514.992629954638 198.4898607346088
1278.398688035996 451.4805501311574
1854.868207716053 72.41311739112673
698.971335065005 1021.431908200211
-297.0868286476093 78.24350316464223
1714.220260253132 284.8107955708711
1665.572817847007 303.2787915280007
1287.635109877579 400.4874624680553
-209.3527233095693 90.28344533927522
1376.51865039972 414.2891442752598
1637.045026673353 298.1120686308373
-2253.354625862749 382.7619846368642
-846.6107811632021 23.67372294281542
26.27111703813985 76.85888189964022
1328.52660471789 353.1748663149144
1195.581058696004 24.55453933442859
1533.230486059691 385.5181643815386
545.7668461148714 49.22659384273238
846.9201243892783 49.1838185100383
1437.547295852849 502.4839941858523
1485.570982486223 405.3019209047051
-218.6611388112219 63.89027707822031
822.1965921100158 995.5804679946585
-1009.047224730822 554.1793886142212
1307.873552385186 376.8868028506284
1686.160609520766 280.5229148005329
1591.027849046919 316.2415756181024
1572.024315490764 339.4537737922528
-1643.831485160989 1021.494017349126
1609.550205548516 293.2908585323013
1552.626666122576 362.6914685091821
2156.529110807797 797.5744525160279
1504.568675488942 381.9461266488505
1477.420880962453 455.4903848123516
1457.817425691592 479.0512296144585
163.6511303831597 928.6810550186464
638.1615568853044 1159.660415798379
485.7184063540215 1199.282985154751
1555.863919532905 79.93974938573149
-2278.146914885564 464.2010051545897
-1436.50406616017 1051.680554392796
723.2768444195501 1094.824929621073
515.992503055603 47.5570046420577
-1038.594671340089 548.2169267844499
-964.9460641027031 73.51073895693806
-2247.292399667407 50.25824265007763
1163.235690265378 924.8194243432913
-39.50209510709097 826.9646609540345
-709.0284642867989 421.2813379162342
2178.709674811702 632.3529411764956
1431.286804336854 23.83694759592393
-576.771575514715 748.1126767851312
485.6465352703157 42.74958559405234
-157.514185935278 23.55727067099652
-655.4353746733934 802.4499250944441
562.6534567113292 25.02444141458742
-1051.239973556327 521.7582047077203
-1507.76085406028 23.27511646122892
-538.7275289551476 695.8827336187385
-1147.289290889656 73.96780179647862
-225.4750048126605 574.0662647549215
-212.5203609132125 796.7663064467275
1488.743782632925 47.01444554276615
-1809.808561453264 1075.467751746297
-424.4842061569152 828.6134057904607
-383.2709698866112 821.5294732323274
-1080.438376969081 516.6603577253685
-1130.72971640425 994.4427148582514
-682.4577432807364 731.7673919042971
2178.042619679362 74.08262427905068
-1109.79557094843 511.5512653083447
-2253.390837692127 801.6737209399956
1522.721814535551 925.7757943708975
509.067520605916 1204.879003627963
-530.8049895352193 47.85616242949707
-605.3466582162689 412.8140120753821
319.7312478129827 1104.079432881299
-1575.329049324675 147.934259308678
1837.391924026684 951.093836936924
-1916.102068757037 48.57467778835054
-1554.90662695383 123.2990300805953
-1138.822828503228 507.4270973570839
-484.8963547028463 24.73249803093304
-2199.504948023625 1015.125930732694
1664.77079895257 952.3919281409384
-1287.724717662944 1056.559314046149
1905.29065745063 951.8087546763977
-1167.942653803716 502.6796408372596
-923.1221136748759 767.112610339064
322.2523381095023 123.0292014285993
606.0902573775056 1195.475193627816
-423.3091255243056 738.930890159399
-483.7570533200089 706.0018170109081
1178.800009971685 950.0023763218552
755.1315397668205 1030.208148745108
-1196.919755770149 498.6366064497012
-410.4213031287033 778.1862057320922
-939.578850261314 789.9994456163674
125.9426301192478 39.45440570494729
386.0072965132694 1138.551389219095
-2200.235413307911 942.4164078901041
-339.3065526560986 755.4227822659864
-1756.414008462308 46.747992646615
-1226.232499501858 493.8272983850476
-958.1651452761013 812.8229535606011
1362.977562298854 952.9128459879944
-1255.168801388712 489.8008215745361
866.7214928653852 980.3921557357611
-976.390283254934 836.1418779743541
1842.09653653987 48.32680951852959
-637.5972280114302 21.12984685550549
-813.8287546067226 23.48304507308351
1681.342596469954 48.1509865023307
735.0772868876768 1050.716739868041
-301.4076032384201 867.767957704011
-1284.697636979739 484.8697235989063
-2278.572272585876 249.6522325389808
2152.572849048839 926.0533066375275
698.0799002954419 1089.849589677585
-1389.678611670639 1034.791848928052
-706.7972315906181 799.0922589899343
682.6038107967498 52.37842163325737
125.6153243647109 826.0386758583797
-1313.8438877667 480.8174890570126
1005.891449987149 897.377714982436
558.0227052183905 1212.323201835992
2150.752062002153 434.1497616712571
-2225.675435779223 1080.084613958063
-1967.788288572988 1053.99790323021
-254.2916585188038 894.636427920117
-1343.265724120085 475.9581340980063
-2277.176146555757 128.7212629790499
-986.5829573821608 885.8564368650485
-353.6441233255931 869.6735941866931
-1372.410332830683 471.9072033124697
-1444.290873455129 489.4290843925348
-591.0730914010472 834.1331301870558
-1324.999999998273 19.86539991015518
-1582.837699245917 45.51018684159988
-1401.692488059959 467.6522233110795
2154.076579721744 149.9050478760759
1998.015728784302 950.0267108925254
816.4852418801631 48.76251864095131
-1519.111998089926 449.9695433993463
-2115.997765170233 46.88552564684898
-1004.342405503476 907.3001675541274
-1475.028445804843 482.383099923022
-1419.2762083516 1030.225541268286
1345.267066898029 18.43110914470948
-1489.022675726571 455.6522013461352
-265.0116960667536 791.9763223225694
156.5974032355659 44.9111626998424
-1306.693557799073 48.85218963025563
-1617.376143035968 410.992910537201
-2165.310912007089 1078.332502167054
-1561.760895153774 470.2993068327107
-822.0296725772706 631.2448378877949
1012.514847416268 20.58448803254211
-824.2737706814378 553.0528530452005
-1588.357029419775 414.5064761569798
2151.76370406602 713.5910919069457
-1536.478781737245 22.51917635003271
1154.189990722776 46.37551855878211
-186.3550640364655 22.49475153018373
-10.63715069090461 829.2416655941661
-419.6612783226404 804.4537337999133
-218.7816877273272 393.2119238021128
-1679.660565233179 452.4156162799889
-18.67099979187511 98.23649694086627
-1708.348565930302 449.4541485211348
-1574.961668365847 442.5557273411684
-1767.173914306229 1053.766534699756
-558.9563363312215 394.222893076904
-2109.446913215885 1027.756628919775
-1030.405000531615 904.726895874135
-992.6480591566285 73.39487372334246
-539.5161962908894 370.4376917472814
-2148.929133466355 1052.374323638831
-1176.427681465587 71.49148615062025
-332.5217515188385 432.6200250856202
2017.980241938711 926.5523780935613
292.7601534661227 118.6278675218461
-1670.05786252132 1052.235491751456
-1720.222138803588 421.1613160985059
-813.2142502048656 659.9165791801041
460.9700314312115 1194.325657565293
-544.9930327035138 775.7432239900027
-695.7852555627178 695.0481627462818
-815.453948816863 582.0410573756598
-806.3292234418659 609.5006129141858
-648.0549151003343 527.352601332202
2155.921706005423 588.2352941176744
736.8711137052808 57.54110534499453
438.840776393724 22.42473270214321
-2251.334137346016 97.0001911993606
-665.6269548731638 551.0904465791155
-675.775775891082 602.8259829316789
678.3497657708087 1110.677415192689
1537.179546119155 950.7971693894584
-343.9751811994428 98.95694534900936
479.6377226729056 20.32187951545759
-1943.319126524415 46.25445098449878
373.5408226643562 1186.828338869432
226.7259837709456 945.1310000732602
-1048.494755085948 927.4371920354732
2047.115938084979 81.48317770372292
2065.000000000552 18.56618064559699
-1067.693544130421 951.5641787812864
279.6470239959866 1070.699308256098
1490.723982157947 71.93933441059994
1865.319929336644 952.5879326411587
-156.7192162664653 973.1830841265345
-587.1944241827972 598.665990948104
1115.039475391226 49.82660256114386
-1594.298141040453 1000.727636070403
-611.4106506722611 54.79733808871088
-1259.459459459453 1055.983360186435
1689.866149338334 957.0140159830879
1814.359634282504 47.00376700482936
-471.2477564455626 729.5741566808495
2153.244462354794 505.2800552380373
-569.2153759118632 563.5574324216722
2152.434100687355 227.875361140948
1219.535796023863 926.7468514274858
-1611.463032932407 46.48313818745028
-607.5353928221225 547.7986539597189
2002.827395698233 20.82684816374431
1531.396823383948 78.45112310309081
1037.997897985922 53.72639496534699
2177.941510714296 978.0944585756404
-2278.710518638744 170.7739806087886
-2282.111304907382 312.1621621615259
2179.26256915832 802.9469129270884
-2279.064642903958 20.92715180486497
1648.297441409326 19.41290407749928
-821.4094685880614 703.3216724444457
-1773.755587292821 21.01953865610901
-2278.236327342505 1078.236327342491
346.7357064946423 1132.616947003776
1388.45023264986 955.2181382269931
151.3676053361529 826.2506124782661
-657.8239427344203 582.4091774649994
-1341.660447984926 1052.538800143189
-546.7745896019468 68.75217577024291
178.6389189635554 890.4173279601104
-266.2551709783145 47.73911659751715
2141.234968045575 43.76072303395237
-664.9999999943414 17.70251876334306
1024.316163325948 872.1696434347776
2178.543731729957 21.29127598841334
2178.898700193042 844.7864953174145
655.5077273459344 18.73233971616068
895.032222155613 953.0595848687248
-50.5389310774291 90.62400504267275
2157.342132135312 382.3529411764494
225.8165578331596 1012.670813961788
-224.9992029183886 454.2832093442912
-862.4357136062242 47.05353158066848
-2282.269795144956 519.9873460331002
805.4488877497228 69.34513298873568
-1353.466932290533 20.15244827292936
-2252.576332039645 721.5701301986553
77.4716830356615 21.63428628245897
-671.7759586750503 819.8522290013392
661.5911356227807 1130.410485847597
2154.449116620122 877.8743275605556
-2127.42330302036 21.60635407227975
-1149.203810749897 1013.29036041494
1041.93881030971 848.5466698871235
-716.075908775022 601.252984118262
-188.676081738721 802.7206737876512
-1072.574992154313 994.4037141618488
-302.1443982022139 782.6285335422225
-778.4231626184214 681.0730223008906
17.84007000076947 831.5410534948826
2155.188140100849 297.6882875554748
-1554.341059763861 46.05051309653911
-1226.157056887794 1028.02177015412
-726.13812614499 577.9688042235479
-1015.920810018166 72.63114803926311
-1193.151139239279 1069.57550823095
190.5965890145659 933.5325223153689
2158.456195141912 87.42169567414253
1316.631484195529 48.52651224380899
-229.236017645481 938.9821626141216
-201.5368894770683 43.5424451611141
985.0000000050345 16.89608584647269
-459.8839445939775 404.9259935025216
116.8066204031901 17.46396421170784
-1969.13236265013 43.32946115220143
1474.079735134632 21.55081399633179
-1739.997887695209 1054.826254732548
-2081.902002660558 1029.107208536269
-2283.405674479192 668.9189189180081
-2257.687251936133 862.1621621616587
2049.15050207881 955.4890679629735
-1380.265759558902 1056.67644143924
-1204.274547813276 68.78845820918748
-555.1992002672077 825.7229611247726
-2283.564118176186 222.9729729726094
2159.103316319928 177.4045001891858
-713.121368895922 771.2777275986767
-497.7926692034747 373.5121758115404
421.4548510127912 47.15730318222398
-1623.549988456577 1027.838650588474
-2202.073210857682 989.0753045931223
-552.7577113350455 609.6564422615527
-313.4393938660864 413.9533085828438
-526.7052430871775 613.0006106596247
-2279.076890862195 422.7263745646214
1581.319072862577 929.2626302873025
-2258.189636671595 356.7567567559955
-2257.958486667529 564.4913058272928
-1626.370872999954 69.19086582863399
649.3754302448605 1175.40319290762
-356.3368324298365 73.26492658181817
284.1427917353976 96.86036488630948
2158.139561596387 737.7877902590291
-1605.668097720725 268.2400609446188
436.7921890161955 1189.623432947214
-228.1487420112229 42.70140037111334
1912.080659851962 932.1403192524198
-1565.945542517175 1001.87153576413
-609.8356428002387 528.8829715112058
512.8689838435 1226.372839244613
-492.5632437508677 615.8733501980437
1949.220976768752 941.2615444448627
-509.8896153340098 546.8226053085108
2155.458114833502 670.1140112448489
1786.904512235113 46.11742518563454
-405.2392471163442 818.6785973752343
1427.49376368271 951.4684865923165
-491.8958887565396 527.8863680973305
1247.807300013433 927.856744211145
-573.8521448168276 67.19843668269107
1607.039797823497 21.4557330974675
-2234.300052206964 905.5693205694023
1718.31449878487 928.1178914856979
1975.000000000932 15.53045553235412
-1943.243265978391 1058.919265756438
-2258.967366687687 772.9729729722771
-1552.82431782494 218.3623117878328
-1922.602926382428 1029.64311664642
-208.8834991452657 413.3459418229871
212.3902903772724 968.7332570033245
-1829.779595743021 68.65736469340847
-2255.347781537149 648.6046551704549
2114.44625624917 43.04487894335713
-172.8248111630516 938.1670527794818
-2173.770283830319 44.06698266221471
-772.6856314848117 816.3070224246977
-895.2913991631336 844.1936448205795
-794.9068226381116 974.0657911011308
-697.2257558494932 854.3087244326659
-482.6672592716653 870.8033938910949
-854.9896597509805 974.5602854873903
-649.5124825501349 885.6114686933217
-533.3230518518609 884.8010925947592
-738.084957673118 974.262530410656
-435.0260968367943 976.9646661512775
-930.727856875247 890.4177144998039
-581.4760342772404 898.6009137662282
-496.318151490483 975.0133725025139
-674.9999999999987 974.0192378864667
-424.2317565430592 881.1505621417093
-374.7218373870078 909.1553213512549
-613.109360900675 975.1842207264623
-554.6158623576973 975.0503283221849
-915.0016776938247 975.3783491361221
-859.1760619592311 800.7601024409738
-607.187440016348 906.0808220230003
-344.9999999999993 974.019237886467
-972.5462621925117 932.4602403450983
-588.154458763897 924.4011810962636
-563.0231575683985 917.1123852316141
-299.5139024371116 947.8137424100875
-615.1118619412619 930.5703286907326
-974.1904459931236 975.9885720092968
-819.8901604860107 792.41069551264
-634.0103269512381 911.6070158982988
-644.1171566441578 935.5278363398863
-661.9554636893507 914.5499622368503
-679.4839466305617 892.7524380941892
-691.1558274914498 918.4829295133513
-707.5504373565078 895.8799844760149
-720.0356382222756 920.562410118245
-736.3883671913351 896.667382960574
-748.0767337936574 922.4759699285416
-765.1394900342808 898.0563368669378
-752.6649969928685 872.3920348518275
-781.5222844669927 874.3859614998524
-794.2023249396217 900.1039269143664
-810.4815708922263 876.3820328007505
-823.2376324426232 901.8840217028848
-838.4596030804115 878.8654624082052
-851.1413621675413 905.1402493910206
-826.5521212528902 852.4459210093306
-832.7238120631442 927.1297885975624
-861.6596398570425 930.1145351399102
-881.5663165170059 906.6543240974839
-894.5061827164697 933.0666439646906
-703.7507574235491 944.3532672575478
-854.49646184946 859.7843475009219
-566.7809395048555 947.8486566981359
-541.7582990928498 936.141719033701
-848.67999631875 830.3713219207389
-815.6931540355661 824.9985810421463
-769.8204448140727 844.9414393524576
-740.0955301671253 845.1716431633056
-453.3446539591197 867.8591369007754
-448.3003100869592 895.1179389233889
-424.2618958502271 909.3821800212828
-448.913228117462 923.0294752207913
-472.1753062432316 909.9256008212056
-470.2630597937201 938.8042385123838
-496.7352304485109 926.065005741319
-423.9110553865538 936.3775829847191
-399.5107910855982 923.5204580789718
-400.0105345388041 951.599558445781
-375.5293539388064 937.9320730017777
-347.1377181973685 925.0574170776501
-375.6739965399836 970.4982137031731
-583.3302111700732 974.6699284699862
-525.1158232957495 976.1622075115644
-515.5359010922871 950.578308629774
-642.9261446036365 976.2441523546061
-467.0953978642577 970.6356440410104
-798.6533745027822 850.3351261433568
-721.735287286988 869.4790837223359
-765.8101868673056 974.3933308373598
-783.7792222534591 948.6430323085826
-813.8668966965406 950.0264847591286
-825.6207636925997 975.4096972636754
-314.9189837395181 974.1205505213272
-330.213906738335 950.1436008124792
-943.5031182168392 975.4077845022598
-924.710286004622 946.2888663939457
-704.7998014947851 974.1348225473428
-673.7320782316873 943.5373047722053
-885.0384304456975 975.4525865005037
-875.7595421897222 822.4813180802075
-912.8563859119647 867.4375337804282
-883.391066391949 872.057661928056
-492.6568381201046 895.7683227074249
-285.082575747064 975.5329069729535
-399.6210468109592 894.9791980433263
-947.9713455717565 919.3430086557744
-916.7199984884735 916.3404330688313
-557.3827677400392 891.4299622367555
-252.3064491504302 974.4381270303554
-795.9114863452934 804.6331728277673
-732.5808019997344 945.7408815798857
-444.2922905010524 950.7238505610692
-517.2144044396491 905.3593505191878
-1004.955632337904 977.8981272221613
-597.5542409546172 950.6283633811506
-673.3836786128763 867.0693489595423
-777.2664480528332 922.5477734603483
-905.052324836928 890.5815334749207
-405.9571031397195 977.3524154969047
-191.7592592593159 987.9861111111217
-804.179389408037 925.0558379571454
-507.8769348212262 875.7188663209172
-843.3035463565185 781.0783844207406
-841.5898183972314 952.8955576421884
-751.5203212932174 824.6840209880841
-354.1780873022787 951.4521697327806
-624.772884113049 890.2593975871985
-538.9058388728646 910.7388597607476
-872.9656590608531 953.6676688054208
-756.4487543745465 950.6885149728512
-985.4349987105521 954.2589356891182
-716.81131466072 842.391890263662
-861.8109620012737 884.5004090651375
-271.062568305756 956.0548155729954
-628.0729550407984 953.9432827438305
-898.4444471842934 956.7708229601366
-224.9999999999996 982.8124999999754
-521.2058679397411 928.1994360433948
-320.4926716818974 928.7987887216804
-468.2132518121821 887.9420633492206
-791.3595874587813 828.654335115177
-488.327016093161 952.9847379113381
-540.0232041487492 957.8487617831395
-956.2786475055486 951.2584165788387
-694.9534485870838 876.7149735037021
-837.5732375120473 807.5722358435709
-654.5805911857246 955.923733690719
-421.2053698407199 958.568291492824
-872.3471614312241 844.5055358191673
2176.277039995992 1249.843600633615
53.73401756154158 1473.113977758587
1915.00356549396 1474.020656761311
1795.413573657853 1473.215728522681
1525.289617658377 1025.899522476985
1404.802602541744 1024.003859748309
1645.000126842107 1025.980763673136
1284.998077605186 1024.795183096845
1167.036407683768 1028.94327430912
1046.657374680581 1024.795949445562
-127.8285244761985 1471.89849956641
-247.9223326998758 1475.435589856184
-365.0000000080207 1474.019237886574
-488.0180701705757 1475.404271058269
-605.0000000070257 1474.260159340577
-723.8816904300563 1472.744022743818
-843.4622441411664 1473.259097333278
-966.1425407546774 1475.102773099691
777.3205080756887 1107.320508075688
200.0163571816904 1089.010441823762
-45.00000000014331 1025.980762113428
954.9076422612358 1474.003794637847
1855.002090138939 1025.979640151733
1464.390768766441 1473.913678376031
1585.055451057458 1475.988694491311
1345.000662443053 1474.019195397919
1224.999999998276 1474.019237886312
1104.722334353169 1477.883684343554
-198.7330768255923 1028.327716579524
-315.0007220607309 1025.980891917975
-433.5030021249671 1025.809631954857
-554.9999266790746 1024.93174035059
-674.1419843718974 1025.338555126179
-793.4447542787517 1025.082841849872
-916.632480253842 1027.899731763938
-1122.778330649872 1079.101724291377
282.4233875196329 1169.162035498217
-1084.328841353223 1473.670150035717
1971.273547837238 1028.02618188971
837.1681475206166 1475.449184734928
-2076.868722942827 1127.59480334715
-1959.037298281763 1125.095837190902
-1838.352834603503 1127.753319815552
-1722.650319728397 1125.981776009161
-1600.378352016602 1125.692281759788
-1479.931245098405 1126.692743671698
-1362.468886168186 1124.58491308197
-1245.984531208401 1123.106265908421
-2014.012853900916 1474.574263123348
-1893.920716921836 1471.613477810733
-1775.068577581457 1475.75619888805
-2278.025196956835 1318.210099289846
-1658.108697873715 1474.830332057219
-1533.250230881961 1474.691864723302
-1410.675452290321 1475.813787470115
-1294.257000968742 1475.435200888042
171.9739505291364 1475.407788654805
699.6754274435616 1187.348176034132
265.9362777933726 1474.567960654656
644.697564453596 1225.998182085845
-2109.954635235081 1477.746393022897
-1204.752648176702 1473.768183765238
1708.849566032502 1471.442247536421
45.8943731291031 1025.458206700203
-32.13578136369892 1473.641409925411
1765.39426613925 1025.755914345199
2004.997367023682 1475.513014744289
959.4293405175167 1026.433783485863
744.7996473711293 1475.709684813153
384.8638621140823 1236.75645015604
2174.20471356284 1160.412960052612
570.3880467019246 1250.139292836245
453.6964361717854 1263.311768358986
2174.528664594618 1338.23529411792
654.9999999948778 1474.019237886312
353.9187248902079 1474.696376020016
-2160.931686574231 1122.483182453346
533.919507882385 1471.586781353816
-1006.04810453906 1023.080741991446
447.7955787085435 1473.319546060565
2069.248018954031 1027.241512263755
-2275.807806216336 1226.483619161662
-2194.470398496714 1473.890152806316
837.3205080756885 1047.320508075689
2095.021299633815 1475.276321062894
-2273.142045754041 1399.494318052149
323.2710306576793 1206.728969342304
595.3785712188366 1474.318070120582
-1173.096839053581 1113.161314776271
103.7720832782387 1027.334576710665
895.358483809787 1474.823805982375
1015.012216772987 1474.005897281982
115.208517649403 1474.655779090814
-1593.145550833915 1475.27920032812
-1356.380336524608 1472.599889049646
-1831.745336907868 1473.767636243239
-1475.598422301921 1475.258828696635
-1715.226568479608 1474.083272983076
-1955.271695991972 1475.812235582928
-105.0000000000011 1025.980762113471
1403.557410697797 1473.292945148148
1642.386673452327 1472.722265372562
1164.195390206063 1473.188936115573
1525.487916008158 1475.064221601453
1286.385412933515 1475.195429752826
-615.122011703818 1025.688416787091
-854.9999999999998 1025.980762113533
-252.0101980314373 1027.355797600508
-374.9997513910331 1024.48733057025
-732.8061883658916 1031.663442959421
-496.3261028211914 1025.215136292743
1917.617620456737 1027.085475256592
1706.042211539126 1026.278286481565
-1025.000000005283 1474.639704902602
-305.405082921962 1473.373194850008
-906.2529406876926 1470.318507282307
-668.6292677253128 1473.420089811995
1855.004973050849 1475.296291788598
-421.9866365614069 1474.161716175141
-545.133412059658 1476.271761362636
-785.0000000062792 1474.019237886574
-185.1083693300396 1472.104491164545
1224.998733633436 1025.980779666216
1105.635532764097 1027.138268429391
1344.612063177363 1027.033483071678
1585.0 1025.980762113533
1461.100835016905 1025.507458500449
-1143.935140233256 1475.557787663442
-1426.251817235618 1123.143796787207
-1660.633704655126 1128.571601167054
-1901.060836312087 1126.3686020814
-2017.567567567567 1125.746701193591
-1779.794462096162 1123.851197370785
-1541.804715741327 1125.028311866193
-1304.406951235941 1127.292559694223
2173.755278088646 1103.397837472248
2175.980554889066 1402.349828497399
244.2546416151068 1126.186276135439
738.3208001390904 1151.590444673133
519.8114745495154 1267.581247903636
-2225.79131252871 1124.243127334381
-1072.016669439791 1046.593736418906
2123.75708913358 1027.032648471655
895.0687619219531 1025.661390691055
160.9725894195175 1047.337331497895
-2274.215831177361 1173.905413833905
-2254.664803428656 1472.64915299269
2153.787375290098 1474.732340421956
494.8465416819172 1276.861466026059
514.6223659655767 1293.908764103593
488.9609697802777 1302.410800649742
509.308123927279 1320.373251365389
483.2296334381861 1329.027097978397
503.9372534810379 1347.268318143596
530.0661549990174 1338.441624335926
477.6976807000227 1356.041817549496
456.9392840493711 1337.561824263881
451.2690015742822 1364.803769759844
430.413580194234 1346.154438752539
424.6719478352151 1373.619666289926
403.6593186254972 1354.816316707722
524.6580417207388 1365.694960257704
551.1930129717632 1356.702461613088
471.9475620464937 1383.241669977101
397.8229570745179 1382.522997351947
376.7576483877781 1363.555635004975
384.3137184173029 1335.750883673697
356.8262378577268 1344.331152409888
350.4172220208353 1371.658074341071
329.4235238124549 1352.424039047845
337.1912779773959 1325.75960705886
308.2363780428039 1334.256028957479
302.4299866309057 1366.138976094665
280.5228446219205 1343.165417219831
288.2088097958182 1315.076377786264
259.4606944122033 1323.05549117698
252.8949487924617 1351.116744330616
231.71417465045 1331.445535415622
238.0666264696456 1303.301072764287
210.5061612693502 1311.788129147122
216.9357422926584 1283.666790154261
189.2755598273795 1292.11724414294
182.8153473981234 1320.385063845382
161.5533748369211 1300.592964471271
168.0352259362511 1272.29997940631
140.2713155465486 1280.731606996739
146.7636786651018 1252.34542596196
118.8767657007028 1260.891161474902
125.418728181084 1232.394572592637
97.43297742285895 1241.01046118592
91.04597978638023 1269.723177621755
69.33232282019446 1249.581093849914
62.71832102968317 1278.274582864527
41.10363389455317 1258.15914990187
34.48353345603371 1286.972325397387
12.81519786887167 1266.82444108076
19.46986512936724 1237.957827369981
-8.877447569510608 1246.628587315913
-15.5319719444269 1275.536168749723
-37.27079518072139 1255.31046244713
-43.92972547455469 1284.271404323636
-65.70868661772205 1264.010185283414
-58.98033232212455 1234.971273687912
-87.49516693778855 1243.709761928895
-94.18461013749723 1272.749745081043
-116.008437983217 1252.43682452128
-122.69516568155 1281.507619478691
-144.5440863031554 1261.172714607355
-137.8410916251952 1232.083505563707
-166.3976693247745 1240.818644507257
-173.1040670551272 1269.932397497121
-194.9746070404512 1249.557733160222
-201.6858399968756 1278.70200803804
-223.5746887636306 1258.308581278814
-230.2892135141099 1287.474974467853
-252.1933517546103 1267.078380113724
-245.470212723747 1237.901822752288
-274.1014803624922 1246.672231439188
-280.8210722171114 1275.853755531127
-302.738250203384 1255.442677858044
-309.4579967077043 1284.633232769664
-331.3819420592584 1264.216161342247
-324.657723738357 1235.020427193876
-353.3075205409437 1243.793751423114
-360.0326764141985 1272.996063745716
-381.9642386917785 1252.569989990327
-388.6892790106176 1281.77853061728
-410.6251629168035 1261.348527652868
-403.897180317771 1232.136672252826
-432.561665395769 1240.915214036022
-439.2899927636199 1270.131219483582
-461.2291947945607 1249.695977629435
-467.9580182673201 1278.915395816628
-489.9006957147719 1258.476976971393
-496.629891439417 1287.700399558453
-518.574240472597 1267.260744454878
-511.8439197602123 1238.035700049453
-540.5193475523776 1246.819549853685
-547.249676261879 1276.045871419876
-569.1961783832608 1255.603800181389
-575.9266164219208 1284.831688635591
-597.8742648484928 1264.388582568147
-591.1430278915093 1235.159837080035
-619.8220859086571 1243.944606529623
-626.5533759114353 1273.174411023129
-648.5020698429537 1252.729932956011
-655.2333389324986 1281.960640974243
-677.182671689028 1261.515636384893
-670.4510192727103 1232.284391764503
-699.1321927122243 1241.070134346947
-705.863858936704 1270.30200114081
-727.8138886960685 1249.856269666471
-734.5455802620038 1279.088674211147
-756.4960977927515 1258.642436559817
-763.2278240726587 1287.875414173116
-785.1788527790344 1267.431126703531
-778.4470341763637 1238.195376147096
-807.1313410446488 1246.982186623492
-813.8632553192995 1276.219732262491
-835.8172891100444 1255.769119728179
-842.5495210532031 1285.006450578114
-864.5052968207442 1264.556576503731
-857.7721449286057 1235.317191203506
-886.4640154648098 1244.104493332953
-893.1967279851765 1273.346499313289
-915.1544770130047 1252.893319956525
-921.8912297381974 1282.133103605986
-943.8459613354214 1261.675999525842
-937.1129916212719 1232.44341374484
-965.7925770688589 1241.232460868199
-972.5258834026823 1270.450954760429
-994.4701298925157 1249.997192859482
-1001.191953185207 1279.219629288014
-1023.130764328028 1258.776516951654
-1029.849393574552 1288.017666375071
-1051.766552119828 1267.57874315979
-1058.496326548741 1296.78972950118
-1080.395818359092 1276.356235705392
104.0110997471553 1212.478775556109
-987.7479667921959 1220.771075543585
-692.4002880443281 1211.838272867187
-1087.122232811776 1305.525842797542
-1109.015340860208 1285.124193689379
-425.8322231471997 1211.699500737809
-159.680544092433 1211.707150261084
-1115.753282482931 1314.333803439057
-1137.627960990402 1293.898180605865
-1073.687677582035 1247.154087559246
56.53722163634116 1307.491610655879
-474.6868426308421 1308.136439341566
-1144.413277927755 1323.079744427554
-1166.230360909584 1302.64729062109
-1007.922456774257 1308.49790027777
-208.3950071352347 1307.847982466739
-741.2799116490643 1308.330071307142
-1159.513805515159 1273.51068534431
-1188.114093190425 1282.23789855368
-1194.82267176478 1311.376045212943
-1216.700750708995 1290.981890868705
-1223.402706981731 1320.135537727241
-1245.277177474292 1299.764879181406
-1251.982326601714 1328.89258955907
-1273.85886055388 1308.521154212077
-1280.565627876136 1337.642998899653
-1302.431463887569 1317.263657514527
-1295.747840857598 1288.138400494641
-1324.301509580442 1296.886233611962
-1331.009721983787 1326.001899630542
-1352.872929404319 1305.625556435702
-1359.585390980319 1334.742274453896
-1381.440617751142 1314.362728221976
-1374.726580033675 1285.254628189965
-1403.294243927856 1293.985738893836
-1410.012181282111 1323.093192542339
-1431.86482650274 1302.714143414533
-1438.584633670135 1331.823261036707
-1460.429382754556 1311.44126395105
-1453.708913389189 1282.340049034898
-1482.274655841598 1291.061355684124
-1488.999954457223 1320.163322859474
-1510.843890812326 1299.780351585864
-1517.571134484987 1328.883768379565
-1539.407605478332 1308.498277981166
-1532.679450657753 1279.402301545047
-1561.242119210687 1288.117136663032
-1567.976747990547 1317.21382685102
-1589.810403826231 1296.827909248464
-1596.549893583639 1325.925121440512
-1618.377851700117 1305.534093111958
-1611.637348004163 1276.443261878686
-1640.198758597581 1285.147955249747
-1646.947066346887 1314.235485228119
-1668.766904256274 1293.848735636692
-1675.518181418982 1322.941549216267
-1697.343016023617 1302.549084168342
-1704.093440649624 1331.647087772796
-1725.917728533309 1311.249265474971
-1719.167191580565 1282.157970798056
-1747.743414982429 1290.852384256842
-1754.493978479246 1319.947012250582
-1776.319132770291 1299.546081439901
-1783.072960630729 1328.643571879363
-1804.891129883893 1308.239345052135
-1798.136558670548 1279.150265550343
-1826.701053672449 1287.840033306441
-1833.465346298973 1316.925310178334
-1855.274761288107 1296.525165401637
-1862.042799298477 1325.61554639515
-1883.857088665899 1305.209773148942
-1890.624383919672 1334.305337501025
-1912.43767860025 1313.893826566603
-1905.671175909314 1284.806489482733
-1934.259447935893 1293.498557420834
-1941.019464746822 1322.575411187378
-1962.833008227378 1302.18857016259
-1969.586874166409 1331.245046203318
-1991.351643257751 1310.83554910027
-1984.605792024628 1281.826650702068
-2013.104873646577 1290.4681234824
-2019.846032766198 1319.442119767636
-2041.553850563273 1299.136696653754
-2048.283334119777 1328.028402565521
-2069.913775027012 1307.727773298053
-2063.204582914092 1278.90995486353
-2091.502148381113 1287.516202588251
-2098.187001945622 1316.267320037137
-2119.721449328587 1296.094238704282
-2126.428652914955 1324.803203937759
-2113.010664694564 1267.40923068695
155.2559289411301 1329.039651290248
-2141.219076259848 1276.02342931595
-1181.403986753941 1253.097670494068
-1093.893634181598 1334.820075419616
131.9957513325995 1203.88135652689
110.5932250409795 1183.956297786215
-1819.937167085394 1258.763031879967
-1633.451839433492 1256.068398686669
-2006.336434125162 1261.464575046719
174.5838903936148 1243.922759536066
-1927.488089480266 1264.420803110156
-1604.905823329299 1247.368031056386
-1791.392968841782 1250.074749755118
-1238.646654509876 1270.609049050745
-879.733020619894 1214.863858420545
-899.9318418192327 1302.58822369962
-851.0386332091937 1206.078350615094
-872.9942653526102 1185.624899863087
-844.3042556646624 1176.840136497132
-866.2566764664932 1156.387060886291
-837.5692065465288 1147.600892305199
-894.949222112308 1165.17305963116
-633.28408026859 1302.405421079921
-663.7190691033458 1203.053173136274
-685.6682123895672 1182.606225727971
-656.9866133254287 1173.820931802538
-678.9361763632995 1153.373874153618
-650.2540232690808 1144.588020647641
-707.6185770059903 1162.159833762334
-533.788121546674 1217.593478981947
-553.9795096214516 1305.274176105443
-366.7548228291913 1302.206440078794
-397.1675654793672 1202.925249258612
-419.101867459131 1182.48257207887
-390.4348590315643 1173.706769788388
-1396.568518005709 1264.89062369827
-1368.022970843685 1256.158808105511
-820.5956290741775 1305.460017956256
-1475.539807742434 1261.969212900498
-267.3764119993112 1217.494095526851
-287.5376768857327 1305.039253699619
-131.1172396072077 1202.975364687271
-152.966457698811 1182.586415114288
-124.3867231893025 1173.844572991682
-146.2246388370273 1153.456691889577
-117.6479187553335 1144.706637903855
-100.8543952498112 1301.831396420091
-1574.717270606074 1346.321021483009
-1603.304099008185 1355.040371346237
-1761.250936213803 1349.052756380941
-1789.843774429273 1357.756502781226
-1201.547747690593 1340.494640274758
-2.163043714237853 1217.737875684041
-22.17563580203965 1304.518301246365
-174.7746269398704 1162.129322731893
-2104.907807937226 1345.0115857713
-2133.166634639497 1353.495439049913
225.2734203116875 1359.55070640154
-412.3718841536881 1153.263325313542
-383.7008064934248 1144.482723026222
-441.0435358344226 1162.043728869454
-1258.690156887534 1358.030438934903
-2026.627578517301 1348.388160971386
-1947.793248281989 1351.66500239857
-2134.503032248417 1247.333585547523
-2106.357112359391 1238.757122840002
-1495.733883173715 1349.272475008999
-1337.728306013925 1355.129403343327
-2154.635623092798 1333.352602264071
-2161.38802384659 1361.985067449536
-1682.27840833955 1352.040457990007
-1416.736973860688 1352.213038356451
-1868.821430628354 1354.717001053567
-2162.613636522061 1255.841178632364
-1389.845148407409 1235.810162057223
-1361.322875793776 1227.084326629075
-139.4978485017895 1124.306854163593
138.5706923074887 1175.436436828921
117.2083349714545 1155.438625644895
89.1533350359098 1163.963479870164
95.8243867233352 1135.332774589693
67.64840348184734 1143.881362960326
-888.2089211548285 1135.937757844421
-916.8957898259875 1144.722604299214
-700.886447810582 1132.926774493789
244.435134554886 1275.16645720629
-729.5681767750784 1141.713375112397
-434.3130039949594 1132.821198305865
-462.9837050270492 1141.604208547143
-1813.175908936159 1229.702003342466
-1784.652672758284 1221.018618296089
-1626.712967439366 1227.004235276538
-1598.153256401056 1218.306698132699
-1581.456528648974 1375.448777948375
-2155.919898892964 1227.278456325213
-1610.061526126981 1384.17168912967
-2111.74260735135 1373.749884382711
-110.9122155563373 1115.553071070493
-89.04217267980383 1135.955836558116
-1768.006797941137 1378.178149510382
545.6163933601715 1384.319305579736
572.3735887537084 1375.184192434333
577.8003675274106 1347.616526460468
599.0174664355407 1366.02749098201
604.3671941273916 1338.509698164575
625.5564778659992 1356.895630936536
630.8847682995888 1329.398458042779
652.0658785867537 1347.756625443232
657.6034510094377 1320.693142674197
678.7010792977235 1338.738987462593
684.2580466198848 1311.536021120933
705.4683015624365 1329.62297277527
710.8852420718733 1301.759902228189
732.0066958375301 1320.286382571508
737.7482047288403 1292.298983273739
758.446984805981 1311.564618227874
764.7015408586101 1282.983352750353
785.846830725864 1302.443036866672
791.6692815622009 1272.960164768941
813.4406461737241 1292.376759371065
818.962560316899 1263.278465698879
840.5904489501963 1283.176685550972
846.3419977561841 1253.777481499462
868.2235495665409 1273.836076462607
873.6743543737146 1243.638258151422
896.0147410528402 1263.907386969385
901.4796786423833 1234.512079896979
923.9035020248411 1254.588641862733
929.4213612493697 1225.587489147991
951.6395773126261 1245.148124165302
957.1080721514079 1215.724587507178
979.5312572686128 1235.160454239018
973.8200100803781 1264.638062012216
1001.972657887793 1254.824764166759
1007.541229573513 1225.473996844404
1030.02064636162 1245.13511286745
1035.663414368016 1215.978634053337
1058.126933796722 1235.501801180279
1052.46227295268 1264.684776454196
1080.60109343248 1255.018793329337
1086.272486921341 1225.784272167121
1108.780867275537 1245.318414029281
1114.451741791495 1216.045332232093
1136.988009072092 1235.602295153278
1131.294034034903 1264.901424450348
1159.531295404837 1255.181657512293
1165.22148190573 1225.856746989156
1187.789611719454 1245.448599993968
1193.477461380425 1216.09938763901
1216.062648546675 1235.705110753163
1210.364464360275 1265.068024230495
1238.651077965738 1255.323271623074
1244.349192992188 1225.944818194633
1266.951596001689 1245.569961261323
1272.648337636492 1216.177707899272
1295.260707155053 1235.810608477658
1289.557222906131 1265.210021748944
1317.87446866716 1255.450730718212
1323.578188797999 1226.042299799993
1346.199987610493 1245.686812958043
1351.90336446087 1216.270597114653
1374.530780563236 1235.919764215637
1368.818655490144 1265.346313936295
1397.159530592743 1255.574299892421
1402.866696011676 1226.147098062619
1425.500495621651 1245.803222021572
1431.207262052421 1216.37184622821
1453.844514820585 1236.030743255035
1448.135686862019 1265.464803820569
1476.482623565458 1255.692208322633
1482.191469988294 1226.254924655881
1504.832389506836 1245.917837557821
1510.540944613963 1216.477719011633
1533.183847996886 1236.142195602108
1527.473684785318 1265.583934308181
1555.827000823234 1255.808087995173
1561.536933908257 1226.364802771579
1584.181585421686 1246.031501873312
1589.891401774384 1216.586758417673
1612.537107752394 1236.254303844232
1606.826570399196 1265.699804030029
1635.183072950203 1255.92264402517
1640.893568596767 1226.476029213245
1663.5404071209 1246.144831659411
1669.25099180595 1216.697094744499
1691.898314824626 1236.366680158643
1686.187680889914 1265.814377187116
1714.548249070062 1256.035265330008
1720.257082943266 1226.587769676272
1742.906905100383 1246.255679475764
1748.618539164236 1216.81281499292
1771.263133500035 1236.484159850521
1765.552250395578 1265.921435825694
1793.89740063505 1256.141023289571
1799.611121898713 1226.717027306065
1822.235893357339 1246.364850065025
1827.937251532655 1216.956998171584
1850.546587923882 1236.602255703687
1844.84673290839 1265.985498978679
1873.146136720487 1256.221971899574
1878.826119629998 1226.862581736932
1901.402757973365 1246.454545246621
1907.084547031105 1217.149438068081
1929.636611562385 1236.717659627217
1923.982330579806 1265.999150463934
1952.16846091394 1256.275636769148
1957.827768196229 1227.001312171901
1980.336595354389 1246.551517644006
1986.008289592504 1217.293753429512
1974.677084658502 1275.799501722466
889.8386602438889 1293.703752766201
2002.830347161911 1266.087621626687
1997.167634075335 1295.315364569319
907.1536173562074 1206.193969662142
2025.298456439948 1285.598538019463
2019.64943506798 1314.821769846566
1991.499470831234 1324.5496216187
806.5955306897945 1322.420298675496
823.1381258689213 1233.084160289487
2014.001181778058 1344.067472796574
1985.835157673675 1353.804682973582
2042.131509440065 1334.319609720229
725.9447201537672 1349.056560674304
1867.451578770081 1285.544546147074
2030.954778013221 1256.40429789432
1788.186829211223 1285.574861688994
2053.394310335756 1275.87964931503
2059.047070785226 1246.73864101989
1805.325781943016 1197.298254882257
1833.648870769094 1187.547399234274
1811.046098039891 1167.885773950641
1839.348035113323 1158.157627598805
1708.840560898685 1285.478995471221
1680.477982251483 1295.260161785995
1703.128244130166 1314.926535755688
1674.767083989289 1324.706552177957
1697.413911712134 1344.376317466824
1669.055252611952 1354.153612656209
1725.970678178078 1197.148329847995
1567.246267212596 1196.920865290932
1470.772768639784 1285.129498465007
1646.603456259998 1197.028169240028
1550.116671264981 1285.251275099283
1487.899201062864 1196.816500789866
1408.571993837015 1196.718331196968
1442.424263114805 1294.901772661273
1465.062008897034 1314.56802111555
1436.711951156532 1324.341736371769
1459.351674074899 1344.00853623875
1430.999521347313 1353.782622632079
1329.278355206811 1196.63174543562
1170.847177654802 1196.487714714633
1232.948917810939 1284.701480406783
1312.168979134247 1284.858604041946
1204.650635932989 1294.449856153171
1227.244475702823 1314.088555261138
1198.937175842692 1323.843555067891
1221.538053741277 1343.483895107736
1193.223163386466 1353.235388692716
1091.928974450586 1196.534782042034
1250.039691628846 1196.538316715976
1074.919100826924 1284.249392509902
1046.740393191951 1293.950487095476
1069.205162906315 1313.490870455268
1040.992367754315 1323.23544801885
1063.502060955483 1342.754559549609
1035.29699903891 1352.470980900782
1013.220153438269 1196.581491689654
1963.499730478574 1197.730869356408
1991.688070208592 1188.024056420426
1969.176035656076 1168.455594090646
1997.379321106723 1158.740526094053
2036.492445423925 1363.572052027593
1816.756073513192 1138.478361574824
673.257701970617 1366.316066568031
1974.855316900308 1139.162770972378
2003.077225581113 1129.442995361235
2025.584478183363 1149.013217048489
1845.064761270776 1128.750256836823
2064.620473240943 1353.836093233548
1057.784074234509 1372.025477662998
769.7326553708646 1252.201821888183
1085.899550788535 1362.452945499012
2031.283429525091 1119.742721117343
2053.775257554591 1139.282447707322
1946.630629660255 1148.888976110346
1215.830090915676 1372.88650380913
1244.153476233852 1363.129188025365
1822.471820900233 1109.064201854647
1794.138575354683 1118.815759442593
1453.640613510926 1373.450390495425
1481.994640473284 1363.675648359157
1030.553579448016 1380.648778885305
1007.263214944766 1361.989057444404
1691.701790829059 1373.822563280965
1720.058744181568 1364.04628568651
1952.310872065321 1119.566779749277
1187.507457708662 1382.641098112453
620.255552276804 1384.507208798015
1425.286709416244 1383.224715272364
1402.646397946314 1363.557151355714
-2182.805043735238 1341.873286100845
-2189.516246242289 1370.452368491868
1663.343944519688 1383.600588172384
1640.697030699931 1363.931113121714
2081.450485483449 1266.178957520885
2087.138989364133 1236.998056441134
246.5294974963712 1379.244175016013
218.8069665695818 1387.904922916898
-1796.617936699616 1386.885357967742
-2168.098199102519 1390.618007778531
2058.99668794592 1383.074919409072
-1898.922567152344 1255.737312299182
-1920.725588256191 1235.385063335718
-1892.183763354763 1226.69091670614
-1152.819262212594 1244.38130550464
-1174.684304412588 1224.005794720468
-1146.12227796011 1215.269604994615
-1655.245298414548 1235.69842647791
-928.6232386814361 1311.38174176993
-906.6654202462388 1331.829564470077
-935.3523896286486 1340.613630769769
-913.3969597098433 1361.066171927156
-942.0809216571007 1369.855137737715
-884.7110277041571 1352.278899037769
-891.4436256179541 1381.515567734518
-862.7578878414189 1372.728141425134
-361.7671088281149 1164.929053214686
-355.0313284879854 1135.705554228472
-333.0993428201619 1156.147906947329
-326.3635152732443 1126.928184034604
-304.4270615559337 1147.363402053589
-297.6973986356155 1118.150761930949
-275.7631289662253 1138.584702994622
-628.3049064341244 1165.035407086259
-621.5720293456491 1135.802508173097
-599.6232821593572 1156.249343186919
-592.8904338456525 1127.017007049531
-570.9416192896477 1147.463043183031
-564.2089993939305 1118.23143076244
-661.964598912851 1311.19192166821
-640.0151548023302 1331.637165982747
-668.6961495555719 1340.423887221936
-646.7460474181769 1360.869448506735
-675.4284683275281 1369.662560355689
-618.0655201128698 1352.082066412865
-395.4146338086916 1310.990497273383
-373.4781983673116 1331.421593054
-402.1411898978135 1340.206964872704
-380.1991138638101 1360.638289871027
-408.8581722039827 1369.433655783346
-351.5406362792546 1351.850052843369
-815.6164610328517 1168.051522936273
-808.8829491617964 1138.817848851303
-129.3832478654985 1310.599012746218
-107.53277140662 1330.939929443549
-136.080389641906 1339.713206116071
-114.2025369332792 1360.064195172731
-142.7715677745031 1368.831267235282
-85.67716972782672 1351.267353508717
-92.3270023542346 1380.411016428298
-63.78663262769106 1371.614641295476
1396.933127473928 1392.998767560064
1374.294668924763 1373.330927668742
-358.2574851752914 1381.07187719763
-329.5965528628265 1372.282019291916
1963.313845522866 1334.267386251669
1957.625453349839 1363.549489035292
1935.080148412975 1343.996938119985
1929.356820346527 1373.222083780787
1951.69207140304 1392.717916239889
1170.624231561445 1333.593724981354
1002.614332931231 1394.460358316171
979.0341437601949 1371.826288519172
1906.846224170014 1353.715183438446
1901.088017597784 1382.971175716792
1878.578238548471 1363.504646990488
1634.985906295274 1393.378544896631
1612.339146997782 1373.708352649059
-830.8344550921698 1118.365161946727
74.35502004680095 1115.160479255042
46.10162335656958 1123.734196621454
-456.2516726516616 1112.378598782187
-2183.952799154237 1235.770557502516
-2190.772604018649 1264.645004292854
2059.460288212545 1110.050015554362
2081.918032630254 1129.585198103323
-624.795777092419 1381.314964640274
-596.1147761837648 1372.527527813811
-643.2147939176951 1117.265109024105
-802.1496819991054 1109.580827242338
-427.5787703435244 1103.595721520839
717.8974368710548 1272.64698810093
123.6731406580922 1129.35923936791
-269.0169576612182 1109.437325724271
1053.362782124261 1399.730582777785
2087.111363661593 1373.326400594716
2092.698926418646 1344.076073012041
-82.3057903264322 1106.818436853663
-60.4557211600386 1127.223838152278
-910.1590152607189 1115.489312734331
-938.8422294249008 1124.273735617621
-1383.133655255254 1206.747045139598
-1411.64529289109 1215.468887115192
2030.8311420073 1392.830186043539
-1354.628355703499 1198.03068939504
-1332.815052562024 1218.353892140888
1872.712587746486 1392.502530351419
1850.218173327664 1373.219584145083
-2196.286860104436 1399.086957632117
635.8745048465248 1302.279962465705
1238.445421454415 1392.54478625449
1266.762643717253 1382.780500790195
-2177.296096336914 1207.255218520162
-2149.244814299194 1198.709374861024
-722.8356178791233 1112.479773094363
-1914.111628744662 1206.50237892301
-1942.508037566928 1215.046279697461
1844.376314080335 1402.232070541916
1821.888466040937 1382.993694303252
-1885.248485346298 1198.852089172167
1476.28363183105 1393.11983498779
1504.637641385294 1383.344073812862
1714.347577647774 1393.490716038689
2087.612258834347 1100.36930611501
-348.4302912219131 1106.631661258619
-132.8017928176837 1095.135868962663
-161.3482749809717 1103.850690549483
-1167.849202970457 1195.34053707697
-1139.266836258245 1186.644250196942
-1196.504177022037 1203.723171508452
-1648.508232616073 1206.649944813104
-1677.027303984229 1215.335918203647
-1806.421172541574 1200.659379115771
-70.44098590473958 1400.760363686143
-41.88497284213923 1391.970565188553
2010.014378912107 1098.992148313651
1850.522126213896 1099.939271798829
2076.251052140637 1158.771831406787
984.6789745131755 1342.6264526652
956.5879707077175 1352.332471800516
950.7292682472757 1380.977660948895
928.4777224102932 1361.926745655333
922.7776112574174 1390.908286267557
900.46176489156 1371.599061613195
894.7316816166838 1400.409012004146
872.4943671321475 1381.206824019543
-67.18611104122186 1156.320598465869
-38.58564191546547 1147.80846703841
-31.76130747951265 1119.408913411251
-945.5797441629849 1153.505481282521
-967.5282376620767 1133.057077774715
-960.6200551780712 1104.436758325828
-988.9380752285107 1114.384719670386
-996.1257901535982 1142.136045080081
-1018.060882053087 1121.738704233989
-1024.870366732592 1150.728430592285
-1046.824977327677 1130.254290451096
-1053.587591414469 1159.495649961967
-1075.531075344249 1139.130578983842
1380.006619823697 1343.89341518412
1351.65863504757 1353.666147317466
1345.959275997456 1383.086461789043
1618.050510152369 1344.261178330741
1589.692949017286 1354.03839797456
1584.255382626164 1383.021511440505
-736.3008738260585 1170.946169562826
-247.1019319916825 1129.812879552172
-240.3564696364437 1100.673788669014
1510.344428546448 1353.90244338264
-469.7149040525499 1170.826117622459
-491.6488819952729 1150.374974658088
1742.701891843658 1383.713604232941
1736.991897283977 1413.157143315533
1748.355131712875 1354.250373750775
1272.437117084649 1353.382256591824
-238.741141808202 1208.723251402305
1924.092530699646 1129.315315772566
419.0434291348786 1401.437261639372
1827.665619288716 1353.698951969522
61.01108546614302 1172.580811775825
-336.3150863275327 1401.504292001706
-307.6500913948514 1392.716026292945
566.9463699504856 1403.015186658198
583.2845495368204 1320.226140435254
-2210.83502761409 1350.348981286361
-586.1580473809382 1097.78513693809
-1777.87554834278 1191.94459264605
-1756.133104939513 1212.326722967563
391.8988148613221 1410.493894367139
-2205.28609131973 1215.732004684075
-869.4908309582312 1401.964273826751
-840.8051902572976 1393.177052856551
1929.784938555903 1099.965688635922
2053.368348636389 1412.35193777774
437.4913085466167 1319.193440189045
-602.2210108284322 1401.090436128222
-574.0595171169238 1392.861723755505
866.7813148562113 1410.056756134084
844.5466352762088 1390.84056325394
-630.2561271560693 1408.497824534694
1800.968188182343 1089.143846782747
1772.071851638127 1100.193052151997
1765.896973812753 1128.746065944794
1743.279978489576 1109.109035432067
2104.335084106596 1149.09339731925
-1588.196561203715 1404.592907618216
-1559.574720323896 1395.85974560573
-1616.820992613181 1413.323181707208
240.1817506888073 1407.604216358591
-364.9738541692897 1410.294371213901
-99.01655161428891 1409.554409501808
53.22766047846311 1096.292259543742
-824.1014292727419 1089.129453822051
2115.188666288943 1363.614815372673
2109.495356107531 1392.529803317924
-1326.122159877919 1189.310473715216
-1304.314405247712 1209.627865115766
212.2817944448219 1416.378031560224
190.9146161356632 1396.580444365784
-558.5296813826108 1090.130329801945
539.8323476823971 1412.193928239774
-898.1760915101054 1410.751796063492
-2198.637779912058 1187.249728814711
-1008.305980327364 1091.953860914117
-1191.026405816752 1176.419058456109
-1218.571792503203 1183.632965901061
-1774.763468736101 1407.31987897631
-1746.13532896928 1398.602426438309
82.63615720528283 1082.737860137756
2109.583055930113 1256.390994202563
2115.309847138368 1227.095130506553
-291.422953763239 1091.058316444499
1419.034158456105 1411.102366212002
1816.282762548814 1412.374841226672
-1803.394216019723 1416.03445849363
1498.375350928373 1412.683114952931
1260.988724795975 1412.192513788101
-1749.401602704256 1183.299569088349
1657.741825243011 1413.364936153341
878.1231182890901 1352.287136069774
-154.8193929774664 1074.048352885941
944.1336460071681 1410.686653760961
-1936.560283259575 1187.397000543848
-1964.344950355772 1194.879989613007
1629.292004257031 1422.879831405875
1894.235739951413 1409.355032011697
-1670.294853512996 1186.305210898929
-1641.756808993019 1177.619580509163
-2204.170381676318 1321.905596219389
962.2572389895922 1323.207215778387
2120.754049128742 1334.396983046545
-1297.600457338847 1180.660519257029
2064.829928134125 1217.359749001043
159.8506483985625 1195.335384508208
166.3942523598971 1167.037552372318
187.6159892124872 1186.830588279846
-1068.791364049215 1109.772548398089
-2174.843332191818 1419.294127843744
-1404.942709893693 1186.424499830324
-1433.487757795474 1195.134874000615
-1275.735226777897 1200.896365577847
-77.0512859105046 1430.135770061448
-35.31831642117123 1362.761096592541
-13.39409156486448 1383.13618562712
-20.01535437073455 1412.289081072381
8.510916181343797 1403.496284719513
15.06238319177301 1374.300984785395
37.02267396598148 1394.722402781082
1.875446698780979 1432.614245257738
43.51701419334459 1365.537089736794
65.4687025032736 1385.946377996514
72.00026986992941 1356.907337445701
93.70402768438765 1377.14545580304
87.19619139456388 1406.110379587442
115.2913528410579 1396.227456077034
1391.025013639597 1420.53846356634
990.3817829311665 1313.43067136447
223.4216273239748 1255.642940082313
255.7716247333051 1243.935494833787
230.7152574491336 1227.212354192892
276.8961798361192 1266.844794268346
-1225.197380537484 1212.468507260161
-1976.354652601727 1360.30159746508
-1954.571702656892 1380.763225279402
-1983.143752529704 1389.355932209917
-1961.65164885032 1411.380362953812
-1932.830358868115 1401.43582675503
-964.0326545127853 1349.404210230276
-970.7596328399778 1378.64062486241
-992.7051188800865 1358.200201250984
-999.4321456625148 1387.424276365845
-1021.374001749241 1366.989813276288
-1028.099799110011 1396.207932744151
-977.9815082054865 1406.257010086847
-1050.045247661581 1375.761045258308
-1055.832040631981 1403.988365865956
-1078.55405498315 1384.378214874843
-1082.813611787182 1417.514793552767
-1106.900273924738 1393.942841048409
-1031.636348627912 1179.870985517457
-1060.313764822092 1188.655046190618
-1554.515059287896 1259.031814325039
-1525.963598632065 1250.319621289541
-1547.779269577164 1229.962781640905
-1519.243462896336 1221.254947989786
-1541.042850544483 1200.914629060845
-1512.531077916309 1192.213551972581
-1490.738340640585 1212.54606531356
-1484.02560555873 1183.506111937217
1861.950578150719 1177.834067292576
-300.9505483435833 1363.476941562722
-279.0001186254012 1383.912723737528
-285.7098701686907 1413.144377152529
-257.0429210282884 1404.357897438944
-250.3568843266839 1375.110857637665
-228.3848458371853 1395.568801846533
-221.669062661127 1366.36194881021
-535.7067420447661 1109.638969925082
-529.5701785799148 1078.090713830791
1759.844591172274 1295.355864139832
-834.0700011843774 1363.939099576452
-812.1191998349698 1384.389782922949
-818.8525482783157 1413.625720376177
-790.1671620681724 1404.838584498101
-783.4341580260009 1375.603447174419
-761.4823288761146 1396.051757702352
-754.7470034975693 1366.811769989087
-732.7945482700266 1387.253134927505
-852.7872445083392 1097.91542756186
-567.4172569280079 1363.721201786203
-545.4624710920302 1384.164319831065
-538.7512689685001 1354.954787574693
-516.8018470787205 1375.399536414647
-523.5289208332039 1404.626838039381
-494.8525879133534 1395.843653486464
-488.1227337457276 1366.613667102191
-776.7007572211107 1346.36870097471
1652.119747470127 1305.038131072186
1595.404228969746 1324.592016384019
1674.961159950635 1187.2491564293
1652.313761543286 1167.580369025228
1680.673827168521 1157.809569229956
1658.0270891307 1138.141791727194
1629.667045275218 1147.912816767548
1634.249117174268 1119.763778774659
1606.830839975096 1128.458859211847
1660.368978193973 1105.708800262639
1610.742680061657 1101.035006545899
1583.942442414888 1109.057359570381
1578.560046961216 1138.139956131161
1555.925474576077 1118.453116597036
1561.571161651864 1089.075686067007
1533.324751186348 1098.727411200336
1527.63703941288 1128.15827279485
1504.997672435793 1108.473097064986
1499.298316043877 1137.912050726319
1476.652961329243 1118.247382710905
1482.358954489322 1088.795823234679
1454.004104756931 1098.574168263543
1448.305358529325 1128.031016398284
1425.651077569431 1108.354284427432
1419.940526960963 1137.795789116386
1397.304691883221 1118.142427098362
1403.00574531608 1088.688701405115
1374.652760026392 1098.467952835561
1368.967039051878 1127.934406597304
1346.305910568019 1108.250793179908
1340.615111702061 1137.711338244521
1317.966098220476 1118.050761984304
1323.662771165679 1088.590920097478
1295.408652962529 1098.636922330135
1289.635219796312 1127.870086852301
1267.085685885391 1108.467715540313
1261.32805002592 1137.67560028894
1238.672377439615 1117.995239272082
1245.456360401352 1091.26553334488
1216.479394697999 1099.569478273302
1210.416447637211 1127.946883843961
1187.775449933364 1108.313469287232
1182.035143202485 1137.570362791537
1159.388893814812 1117.895185398497
1153.668036547493 1147.236333404452
1131.123015281039 1127.703530383812
1136.744685232727 1098.213622358332
1108.312120288606 1108.177463950129
1102.82183375301 1137.463276085582
1080.237372679293 1117.936478445008
1085.682519066397 1088.614834949025
1057.559526985862 1098.196957943875
1052.125886588254 1127.813371849974
1029.387382469186 1108.024807061651
1023.986757062007 1137.560686545994
1001.226703969938 1117.747384908117
1006.817936078683 1088.483330762946
978.6708853911368 1098.245463283158
973.0633472160233 1127.420016133263
950.660949414005 1108.048275476321
945.1002757639451 1137.059357051001
922.822904773079 1117.710189652463
926.1951482473542 1090.822416179664
899.8782511007842 1099.304380735057
894.9963872113353 1127.364662582688
872.9354896082751 1108.335974910497
867.553921059244 1136.733986424985
845.6774652098335 1117.75609766371
840.2436257529649 1146.153903344403
862.0986166893063 1165.12649528657
834.2965780542269 1175.139886662024
812.9113327603691 1155.714653399062
806.6177074853355 1184.550440166365
967.4086874376738 1156.450066726754
-694.3630726797204 1103.918284039192
1414.072782228647 1304.676062082591
-577.6756194993968 1176.696569444248
1516.249597013759 1187.03627799239
-697.3762042218314 1349.212039346209
1493.412322178201 1304.795052579391
1436.914023586179 1186.93804303936
-466.174759554423 1387.056652545212
1357.369729577337 1324.234583197586
1357.606272741517 1186.849812892668
-102.5437299453533 1194.233484942857
-311.1690511859648 1176.586464127827
1278.320894354889 1186.763301550973
1567.048931187494 1334.367257119115
1527.441734957089 1402.684417463886
-430.802941244518 1348.993122534922
-1117.523084628139 1206.576709925278
-237.0011019566758 1316.644240219549
-1282.489389936437 1229.944864770795
-1287.282843098937 1366.780625080822
-1265.398032673447 1387.183139429302
-1293.615648654529 1395.50436554059
-1272.247008941521 1416.700793722682
-1243.512805525614 1407.644490538683
-548.9986973446672 1167.919203511929
1782.707452487801 1177.634350537244
1199.080221103586 1186.633329112244
-45.36583761327819 1176.779973026481
-16.88811570407578 1168.637601824228
-1366.309924749703 1363.869502648388
-1445.319521823718 1360.949597323365
-1423.460818657387 1381.350636790066
-1452.062698332717 1390.094288154815
-1430.186795090507 1410.504359173962
1958.022393682173 1090.219260680248
1255.539937353541 1304.339219696262
-580.894349884624 1422.206453043265
-199.7403070125457 1386.779751833754
1737.477987416392 1138.374124143265
-1638.677085517419 1392.895644790059
-1825.239791742959 1395.593570591446
-1401.585468171628 1401.754065743144
1041.302152004934 1186.836332508838
-1344.444123463553 1384.27025581605
1097.360894140538 1303.866253199504
-164.6287811294445 1348.482214133373
28.04670901338286 1316.044116913848
1329.03960317245 1333.9920248219
1918.39176775656 1158.645908828832
1289.218670019365 1402.67646962064
1912.605040259381 1324.465407467762
-2055.043029782112 1356.903078158163
-2033.423854041238 1377.326308879079
-2061.865491758588 1385.868810655099
-2040.285571296722 1406.108127545744
-2068.649222938509 1414.805838037535
267.8519755518834 1399.216480567852
-218.4756534312455 1121.068451721638
-211.7656464760719 1091.935105745656
-225.2158722563799 1150.270122972176
1782.416447953029 1314.946811300752
1839.183278285194 1295.34075075005
-2146.625279657609 1410.813681968928
-1247.37856846375 1441.447559226709
-449.5867655326737 1083.218831277984
-1990.995150004433 1419.864757191734
252.8118675001632 1216.934387867596
235.7049428878018 1199.437671579943
-206.455853737631 1415.981083819328
-177.884445040368 1406.854675642478
-472.9316084605269 1416.195912408353
-444.236709243756 1407.473136710762
24.64160297695509 1103.765123400019
100.2143162755824 1347.978198838108
-2153.327034052176 1439.632332172025
540.1391647965536 1285.005529871027
194.1326988246929 1159.030627553742
173.3624982263393 1140.11568162101
-1114.080211607701 1422.554940525158
-1135.903608965312 1402.0531939753
-421.5410246851145 1075.018449342654
-714.8418569054459 1083.581884904593
-743.1060926479937 1092.937874784481
1194.606160407517 1075.4163146842
1748.994241707848 1080.86202073716
1720.57276798282 1089.499112716038
-794.7800507568253 1076.120989341266
-739.5300975440209 1416.497715555469
-710.8453449512618 1407.704873703294
-1458.642261513296 1419.069832595186
-1480.61931133771 1398.783221275699
-1566.544153421165 1424.283424968277
-1538.165181975689 1414.832534075894
838.771053893938 1419.446338498078
816.6226006508525 1400.4529184668
810.4243344160757 1427.761376817471
788.7002299720796 1409.773966908304
794.3890619471537 1381.193561707362
766.6293147099415 1390.741780250418
761.0982484023049 1419.381274579376
738.958876158397 1400.268985865097
877.237083111284 1080.994424264044
-1218.4265227576 1427.88691210881
-1214.344709905294 1398.81123236283
-1192.942591642928 1419.220193623758
-1186.22366139598 1390.03201460363
560.9195650842514 1430.024779263867
591.3243586825653 1421.587606115712
2025.248085095468 1421.880405503619
2050.652103428832 1445.655475903233
413.3524176449114 1429.502084942213
439.7812733077332 1419.996830140317
-2226.45069217363 1195.751092498347
856.0554088754499 1194.256888564557
2067.17620285195 1079.406747784262
-1752.956560745244 1427.068118334001
-1723.90907640407 1420.35255161728
-1490.768461437899 1429.449695063501
-1645.642550002669 1421.426098291957
-1667.328593344233 1401.611069635841
-1674.092800514163 1430.776625732692
2093.325450602342 1071.125218250026
2115.76554629375 1090.679908879058
1380.837840590619 1070.411940307722
1229.493934769876 1423.821404849552
-1300.717523424304 1423.11804065954
1467.24843048186 1423.931484556892
772.4807609525575 1361.384984156064
1708.754291789943 1422.556035481762
733.2649508939485 1428.344992211634
711.2985638434392 1409.717971347867
705.5004093422897 1437.846251777314
683.6404643121638 1419.118997725187
785.8990689084172 1165.920341676034
780.2187437233063 1193.292057620167
2175.084506332339 1042.918652561476
-1800.012265123689 1172.203467183351
-1828.231079452267 1180.397970239079
-580.0986431821907 1071.280168829697
-612.9314975183681 1078.854000703083
-876.7619111675156 1429.442821448888
-2203.113448843283 1427.128962849646
35.2757298765795 1073.261456710257
2.852758806822507 1083.270474998072
9.598260809152528 1054.763140914331
-2125.326546053716 1430.58871572005
-1268.65028604816 1172.695256249115
984.9838573590816 1069.186237537336
-1832.281507468887 1423.92508034145
-1853.89565935052 1404.155171786471
-1861.078131029076 1432.131463841485
-2224.212878761805 1407.093406703522
-342.8953084440594 1429.58327961436
939.4642884918414 1166.080512368442
183.9733330409647 1424.300177181229
2079.854158701984 1430.769450202688
2098.679371542971 1178.246763134839
2103.857043216279 1285.589586571463
2131.014820820574 1275.601269446437
-1698.853310194563 1194.985535363414
-1705.678238345139 1224.014851468939
-1970.994205181985 1223.682291959445
-1992.70706338869 1203.323600797212
-1985.601407985319 1175.497761545736
-2014.346675920212 1183.154316542103
-2021.142191753835 1211.941430213758
-2042.833677594376 1191.63607684938
-2049.593320921286 1220.527538488104
-2071.258283234625 1200.272045032005
-1110.85059760691 1177.454149473677
-1135.486461322882 1155.49652466302
-1129.291498399812 1372.929635680093
-1863.526744999758 1218.207085119712
-1043.321620373512 1346.506703786577
-1038.367822831462 1209.082270145918
-1440.278399517899 1224.182301828516
-260.6496543761216 1188.310137241694
1153.833858892042 1284.506269652496
-50.58732948625258 1313.312208737657
1120.115383727343 1186.759061298286
-1740.98534184097 1261.768131416752
-1317.648439265584 1267.761118088437
-346.5803664205594 1214.59195783876
-849.2850790819375 1314.248120645208
2014.190892151863 1207.580782113201
-316.1773178172801 1313.835689494986
-800.3986914055597 1217.746742946674
-613.0904710407901 1214.714823472394
1595.601037960772 1187.139942500428
-503.358568359019 1316.925730367925
-582.6570784743769 1314.061626566782
-758.2487509036375 1150.494768916448
-771.7145605032906 1208.962026328871
-399.0196451402697 1094.923060963866
-477.9847207776638 1092.643133698487
-505.1117227394539 1208.815558821667
-1710.838698673236 1360.750290068839
-1524.294635322534 1357.994543026774
-1897.409286962387 1363.390656759067
1895.896578952647 1138.919729152825
-689.3464919928907 1076.576623987627
2002.635143482456 1402.552019689941
671.7331707704844 1219.380442000481
664.626744468995 1243.883773418347
639.0073319105434 1252.113326665893
691.2727994659533 1238.205291952406
1799.337330480724 1363.696956554109
1765.345598026656 1403.380959688886
1759.199706212941 1430.942562898137
-1882.526886741497 1412.717803393841
-2047.236294736835 1434.22339901491
1861.802038412929 1314.768979473591
26.22936006917816 1209.285644237497
176.4346220211502 1348.795861618046
149.1306474605384 1357.660706330339
233.3282877287195 1434.459744714131
341.0858922396691 1227.44214920282
315.8586024380086 1233.124078687223
334.9674197694218 1252.979477132214
-232.2279203021156 1071.808680071643
18.09716666750811 1132.181780732987
-1691.713442394792 1167.143115334952
-1097.802341718832 1121.810369720382
2125.854935399158 1168.390915287207
2131.510106230201 1139.23877131731
-1032.998428182047 1424.139494496136
859.948658457465 1435.936219446939
1937.002722178598 1070.895622314089
1907.638985433139 1078.367986365749
-1939.505363392223 1430.339918242659
108.5399839262077 1425.277259871471
-1505.3639427891 1165.312804714142
-17.60998415303355 1064.028909520669
162.9088885032468 1405.141857114892
157.5962652784225 1432.756624056296
-1196.280872652313 1130.402049846188
387.629977073937 1440.547686492524
367.3828562465245 1420.27596363376
-2231.460495158758 1330.526750754985
-2224.749840317885 1302.182088696788
-2238.645977379478 1358.784321078105
-2065.858028480735 1172.538804752094
-2093.110993162852 1180.160476251413
1998.013139087124 1429.236598788122
200.1209300737495 1131.212451174102
80.1250530573124 1433.548394578276
661.728502946508 1268.765411834629
1011.763379241376 1058.955327505342
1061.512008817189 1070.278424504163
-1349.56783535704 1170.222380826355
-2231.928235449717 1224.842797518518
1493.613430415118 1441.114459923521
-450.9557057367595 1436.728073186351
-422.7113573730338 1426.48946152652
1298.6091513804 1070.581465837113
-2230.376880035441 1433.494290079528
-126.1471950908553 1067.017623386955
-147.4855382096985 1045.981607840195
1537.463995196978 1070.683963217666
1841.265243534509 1430.065896844756
-1145.338507128578 1427.824493063442
1255.353023056636 1441.638305324031
-262.9705819070128 1431.436463431326
-1408.733892187218 1429.497493009415
-1380.443977422791 1421.762407320462
1460.399106417281 1071.117640174178
1488.583999158294 1060.804890384274
407.1445639467697 1455.691843448153
-470.4212349728853 1063.208319847955
-821.7680717634764 1058.601459866552
-393.1048742035059 1066.58278996089
-1623.576554239375 1442.491559560798
297.1568648506062 1213.739737730328
-2219.385515823 1168.613213049696
-2192.70874407046 1159.202823288141
-2074.920271297633 1443.36673417058
-795.789499585319 1432.437181292159
-1426.252263571819 1167.70086592657
-1398.352567400279 1159.235684651168
-1810.661805486392 1445.739755772844
307.1643538291303 1260.016106630357
326.7973306246217 1279.985347014438
354.2487805611404 1272.805299377506
-106.9324715160408 1444.569058081113
-127.4636071192123 1418.910237985826
-82.15976525109201 1457.564091595425
-1168.255451779427 1141.633441762316
2136.911187235354 1381.794084884328
2130.282133103072 1409.053185840396
1721.551089537817 1055.527577322883
1698.928588685093 1072.710097497087
-1386.83782339395 1451.810516410363
987.1417173827615 1041.318819072762
-204.9906355711855 1062.616872702262
-709.3718819315621 1054.011454175512
-717.5383405383392 1438.570778605547
-688.895305162389 1428.160929563078
-746.0137112268975 1446.434022031938
1566.546280718801 1056.438029548863
-182.8739007087429 1437.019886493195
-212.6931679615096 1445.275693162522
-157.1937621044647 1455.553787716841
758.7004406215016 1174.454137834218
753.2726355828229 1202.54643515276
1964.62635526036 1060.369348094727
1327.456799050549 1055.276147725062
-825.1187205403975 1445.878869148599
-373.1941212531544 1443.972807241639
731.7297526963133 1183.816360936563
725.9016451478853 1210.082860293587
-2053.871360439325 1463.809057735474
2121.488199821179 1061.473806403119
2144.4308933763 1080.937105034116
179.669922476634 1110.947950682677
717.9384524650579 1380.134600772222
-695.0582867632568 1458.285089314546
1089.198443651579 1055.585476426289
1812.595910491599 1445.293599304058
-1145.690549189339 1125.55640291697
774.7326201648018 1221.535541371373
-14.86361989164768 1031.235642211211
673.7852288253837 1450.58607344703
656.7792439927555 1427.604091427338
662.2527049114888 1399.537557322848
534.0545427311372 1440.329627181542
512.6986930820148 1421.272425876302
507.7329534980675 1449.742983361003
486.2777252339375 1430.154045866909
478.858409195569 1458.714312132872
-1095.723886837474 1093.884109168985
-1062.054691073259 1080.491031606897
-904.908688814685 1439.987240096862
-926.8598478123305 1419.538124111077
-931.6717179926366 1448.069729242341
-2254.446126265727 1204.226191719363
788.3481865611998 1134.996773961462
-1129.523267136304 1449.266235046656
1410.292225242449 1063.019375373252
-289.6520328569896 1445.572314463154
800.3076304659933 1352.075767928169
-26.40202559508948 1442.162878861923
-2.142855236570193 1460.6713079963
26.8462788787908 1452.180155590442
219.3905062770147 1153.771374256129
884.0176884297642 1184.090056035287
1417.309478271334 1442.174125185854
296.5404843954009 1287.553692294018
700.1050658759407 1467.236038317168
285.9776607996795 1240.919104164505
-226.8367724496813 1042.688377219395
-1889.449331520621 1440.757133415885
262.574959262398 1191.907473705531
-1357.000545006447 1440.110491676428
-1335.311409711578 1453.858984696926
-1331.693696908897 1427.160769411479
1651.292301127325 1443.281806923584
470.4499940552171 1284.896982436393
239.6442989806442 1174.094163738141
861.4089500405214 1029.665572770164
208.9745918202308 1208.279421204069
134.9999999999644 1025.23782977065
133.2404954859333 1055.832020330854
154.412461340653 1074.551218304995
127.1609421837942 1084.250441546323
102.2964976821563 1058.880894886441
151.5339653379974 1099.947626219966
961.7715648059992 1185.450952512929
990.2545851868961 1176.284646889423
347.2873495490925 1299.101722658282
374.4758563574804 1291.606190589954
380.384770243489 1265.28892092004
400.9306125870104 1284.294548693764
405.4068745107512 1258.502851560896
426.2689531572768 1275.001862071647
78.52707404852165 1327.934535403485
106.6277606404767 1318.822345697835
-1820.196051029955 1151.91557995451
-1849.920083341244 1159.952563644043
-1868.91891891892 1135.206190051995
-1895.002761642956 1152.190923209202
-1918.299722082455 1148.024497856263
-2099.645661992955 1209.322433985669
2097.700623236959 1042.440376116684
1623.305467347122 1451.288931500241
1601.616737422569 1432.047538139188
1676.634494216828 1467.180908892399
-2197.457911403585 1293.449831209677
-2218.625727439838 1273.435671182714
-2246.216119125992 1281.80673979465
-2238.305427892506 1253.648094682681
-2270.001359219109 1257.003500053922
85.022864428753 1298.970235190829
2121.078913722624 1197.633011870647
2149.051469446244 1187.982914530737
2143.411115308297 1217.00013538379
2136.618044261221 1246.15637069879
1018.615497185973 1167.071013507822
609.6468078491096 1311.249794537511
588.1228219717173 1293.282875289901
561.1722708155287 1302.555489121361
613.3378373513964 1284.278016649123
591.0624472938698 1267.052500021835
1046.735671057178 1157.383063753934
-2169.407028120355 1284.696566444595
556.3753049993279 1329.501517956513
50.00796844801409 1336.407759786496
968.036369835683 1293.939257884677
939.9609823566732 1303.625455993866
2070.560100350605 1188.025680133853
925.0913901020485 1025.927998013516
911.2013343860397 1049.266288107541
940.4715413379197 1049.728884393966
21.55599260825205 1345.164969787919
745.2754244378145 1370.513349503843
996.2129311719017 1284.082112279969
690.4445661101298 1389.583168009492
73.55354530930373 1025.24177146976
57.70313415518162 1050.33909466772
565.8807731814875 1474.780738652431
624.6781802302322 1474.369143807076
607.5068448156549 1448.788557712642
-1253.829414178205 1221.187326003481
2126.097201549908 1304.967820322353
2151.878971069036 1293.152038110878
266.7648381406298 1294.979705327722
-2224.752596650884 1475.068530509329
878.7881226311441 1213.700423957274
850.8649005606458 1223.139538430165
828.4925395231597 1203.638449151578
-1732.908072878586 1449.421981724552
2098.241638086057 1314.810618106482
1097.496141253729 1167.214281282857
-2131.450385059097 1457.860438772597
-2160.846201163153 1471.704808007897
852.5203776816772 1090.408542886123
824.3106639882342 1096.19547758638
818.734940613214 1126.95587922695
-1720.403583136366 1175.597700866732
1942.949936560745 1042.869213179383
1994.732437888042 1049.87537003583
-1455.24866354361 1175.128155342953
-1448.246762894696 1145.493636939836
-2121.216900544641 1189.018310964867
-2114.740078882553 1160.045921797927
-2142.776376927128 1169.78919138739
-2137.89792250861 1142.140560326014
-2109.536207774946 1128.423638158026
2139.418361495626 1110.689017088484
2158.616570717347 1134.000664148069
411.475041662689 1327.494160931794
-2211.478480879113 1244.679021643893
153.2579791260945 1223.83211922566
917.40230907603 1146.939505729744
-1246.871358747556 1192.057070181176
-1239.811193589517 1164.896200225746
-1977.809002967733 1252.754899548775
2092.932858375471 1207.559731848012
2042.3637916813 1197.847612937853
324.9999999929108 1474.019237886318
339.062612847642 1448.882685955436
310.2500099926335 1448.453857591266
325.2449901630987 1422.80527127656
292.2230203998388 1418.757499610471
310.6113860260228 1397.453584889968
280.2422361413488 1448.738670417214
850.2482605800069 1361.8869884127
856.0011727998323 1332.568544319498
883.876935206371 1323.181429760086
828.1243123655813 1342.570119605942
822.3730835476327 1371.503319895819
862.1609060730244 1302.927461849507
911.9726950588507 1313.219057534278
-1260.588184479623 1250.271318335788
779.2288220372232 1331.421105916497
777.3408335902839 1469.615005532784
809.9689223835701 1473.779717752127
-28.77583197633349 1333.591665528884
236.6323388052236 1475.869812843526
204.0193492585403 1472.238223569152
-2193.459487203338 1128.110779489795
1176.277278659544 1166.86114569068
1204.710675310696 1157.221105823155
-2217.530514837735 1378.817961250469
-2245.267585589196 1387.588754514525
-2271.321033765383 1367.209937366301
-2258.557140806608 1338.149587836657
953.1421961148336 1076.249057055277
4.705591402908141 1189.126354824363
-1067.011962989763 1217.973087620475
2124.801953011224 1474.383959642103
2109.233902999162 1448.150066878502
2139.570904187547 1450.657309502253
2172.227552633648 1452.382525376349
-2034.780214322787 1270.140031656259
-2056.437202795133 1249.843665528524
-73.95596169211193 1185.472348894884
-52.22697333641771 1205.973318871914
143.80661531596 1475.636720493909
-2027.954423354413 1241.025778303756
-2078.010994718849 1229.58984890932
-232.0105302803822 1179.5444578607
-210.1238718386778 1199.992998039744
-2003.169247884777 1155.100026922634
747.9569877396882 1231.703118990505
720.8939805614476 1239.72810485943
796.1981083979114 1241.551258706308
85.29284765968143 1475.850627063214
865.8939852925844 1476.838810006891
925.0214680782119 1474.18901771725
908.0342253590607 1449.728173014072
940.1451886568708 1443.224614974206
969.7471336499243 1448.026571946803
984.9670582239298 1474.004300322782
999.9171984168402 1448.045797253261
1031.869961550717 1449.515888262744
985.9352800982833 1422.477365761865
1016.313852544538 1424.504788178114
-1462.237990209105 1203.833971322804
1680.565216826453 1432.976099300897
-1841.730066261307 1238.389801783524
-2255.924581395741 1127.986443057456
1873.282758262632 1119.27672899293
1227.381205421579 1176.88429585921
-1231.925816789134 1241.49511943826
-2147.902866451202 1304.69071819837
-1569.552388385474 1209.607804573271
-1562.847927687305 1180.599318913324
-1104.286047526424 1149.449174333247
-1727.472109326681 1203.81686968234
-1742.392737440782 1154.268182497185
-1771.614227491498 1164.959057456204
2143.731581183238 1352.756192666536
1283.947926175154 1157.291060169155
-53.19339174516803 1099.232353700302
-75.04591867529383 1078.073432797992
-1009.721958662086 1200.274697071776
1018.526201305565 1303.704515801663
-1544.386187051533 1445.417544511737
-215.0886085034239 1337.044160118862
-1856.426088039252 1190.22884751275
782.7075769873459 1437.522156714565
-985.981509122406 1328.943417365165
-243.6763466730549 1345.870586001154
945.8768142870582 1274.190067223577
2110.025797048285 1119.943955302193
689.6906481553048 1280.583003634674
145.5705156004666 1148.907205857824
-196.6085282734703 1141.585511609984
2047.76816316211 1305.066745654643
2008.493224435023 1236.862769054623
1810.84825334356 1305.077232684658
-1591.326564664135 1189.267332123635
-1586.822798182676 1155.413448309237
-1613.09060606126 1168.936475284556
1334.959073551978 1167.203769899216
-1210.017801512838 1261.818480840667
1363.299049166219 1157.412640261275
2070.213403303801 1324.565777374042
1884.520378785053 1197.547768926374
2065.109694847283 1475.065763376584
2035.126433570065 1474.368780829396
2035.592806784005 1024.264317953168
2047.540148626903 1053.563492303437
195.7690791107082 1263.963292890589
-1016.427038893924 1229.529228202554
-981.0120204362275 1191.522814375121
-1999.49055346197 1232.365429311611
2081.529147195767 1402.518383524361
104.277139825661 1105.364699874178
-1446.999605129296 1253.25050877651
2019.884005172729 1178.289476591607
-1769.575183343704 1270.461145791493
-415.6437043983802 1398.423910382402
1895.735242516045 1275.730731431468
1754.048884971377 1324.783650156163
-1576.330867393587 1238.669751114318
-317.9253362729096 1205.817762121
-1712.430601538078 1253.073354968456
-1949.314783649434 1244.1179325386
-1102.309795809 1255.969235358937
-176.7575625169541 1051.820651445946
-1050.238493854859 1030.848335725643
-1877.105016978497 1276.127477656145
1692.171219601881 1099.010722853718
-950.5822855078832 1290.905104096648
-2176.063142413249 1313.328100072824
906.1877184160828 1342.530778084115
-1534.174420969598 1172.952795578481
-1663.669101899445 1159.070477053883
-1636.106507267934 1149.512349381621
-1619.924739362485 1197.964044356616
-95.79376955052115 1165.088913292877
-682.1613904460394 1398.907969247022
-1321.559934606916 1155.720008142462
2048.069780847204 1168.538377637651
1414.270310264794 1167.278552831406
1442.608433655646 1157.486897111035
-1690.579546577226 1273.461270095585
-1425.141570964106 1273.615057130093
-1504.1249281783 1270.688048557086
-1346.179003515467 1276.515770675469
-294.2500728279937 1334.243911823844
-1377.122622986031 1178.642533147885
1946.513247905102 1285.514246840107
-748.0141634813197 1337.575107726994
1974.99654984673 1475.438924695605
-769.9640486686983 1317.127155194081
-1100.537944697985 1364.176949815503
-1122.545499862053 1343.629597944322
-1151.193286100579 1352.207275478561
-1071.957029063832 1355.257903849678
-2090.239011056291 1394.246507764348
-1686.435835847006 1475.074431640687
-1700.373745823539 1445.715378195199
-1625.781473115936 1471.550412993462
-1562.534224379107 1474.191299219505
-1514.649541011937 1451.548604202552
-1861.063812290262 1474.548038279517
-1917.033679161663 1450.668181952791
-1442.197985174819 1469.944308384404
-1984.993417037937 1474.023038562251
-1967.791265830271 1444.684319243612
-2000.483904510526 1448.202515474891
30.88251176832188 1423.657296117531
-1848.525882158929 1267.447697159044
-253.858226070004 1159.037219450213
743.1551343550841 1261.927061643856
1944.997007899474 1474.258957348489
1930.265294696402 1448.827941028467
1900.328315030657 1450.547275888725
1960.156475362643 1451.55008865813
1947.489777728376 1423.946727532364
-1662.000906459589 1264.766131829972
-1014.650518516807 1337.748504229771
-1036.594024480285 1317.325367355456
1754.350901172444 1187.3949907549
1385.723428092717 1314.453277055543
1363.083757983338 1294.797846765136
1312.294346619801 1147.572312699741
1885.436618432612 1026.097455580629
1870.079417170726 1050.244083413131
1840.148634538726 1051.76247806969
-2036.427893079701 1159.802127995172
-2048.370038754548 1126.94721255055
-1988.624350270188 1127.77587784639
-1175.249621249828 1474.602534279036
-957.3146827957294 1320.138261471509
-959.0655199084729 1211.997171300664
-930.3822812597274 1203.203249918764
1493.604359108254 1167.372634488851
-481.4132299619497 1337.365359020056
-1130.925500396106 1264.751179986352
1521.952426388519 1157.591558763173
-704.1094170982135 1378.45661672419
-827.3343602823126 1334.702662137197
-659.1972305826288 1422.000433745621
-1264.439912250243 1471.550936630122
-1280.389068227683 1447.223390215211
-1233.478568090912 1473.018759083896
295.2380873176215 1474.296621091575
-1045.06087144278 1238.381229203093
1771.009215953845 1373.715079770022
1885.059582929469 1474.650088825471
1867.593359442767 1448.335645356862
-282.5250566997959 1167.826644757579
-1583.079407380633 1267.741376957606
-780.1993757472393 1130.040749235637
1725.771910199219 1334.603824322885
1408.36011676587 1334.117377446969
1164.901976565692 1362.992039725037
1159.177012658019 1392.393902408999
1181.294386975413 1410.616800062706
1142.344615601919 1343.315580563904
1153.604475291325 1421.295899208854
1130.874918435099 1402.058838207648
1125.487097421723 1430.209966946036
1102.619827729379 1411.536626118811
1178.946236993985 1442.363468385256
1096.525015941721 1438.383088365244
1148.059941381143 1313.94374246101
1108.371933491867 1382.2050440919
1074.845238234546 1420.035150842294
1067.044559607359 1450.365736274207
1136.646045960883 1372.63993260581
1119.830900906228 1323.582816868548
-584.4108567884834 1205.930696167779
-958.4798982341758 1428.629749335602
-1734.362816640254 1232.676838339047
1825.029464695487 1025.949043468567
1806.975284056672 1057.239932167122
1794.56616968819 1026.818283641942
1779.822941512256 1048.652884474289
-793.6657250096358 1188.511339496738
1323.351168091232 1363.368855935694
1731.473596880166 1305.141385843197
1176.365435643115 1304.186142643594
-881.474238634569 1106.703485871185
-903.42498645516 1086.25559455212
-1468.873718103825 1232.896251413222
1572.937935517898 1167.493086264961
-560.7090980725574 1334.503852207814
-908.4261239491632 1223.65222019207
-901.6870454965685 1194.412030808514
-216.8557959718177 1229.155826575189
-920.1276602730156 1390.301920763386
1368.116405964007 1401.188687902195
1338.9414942467 1412.209196403729
-527.0562371308263 1188.373058924382
-339.8410982190103 1185.372747726474
1629.472390740183 1285.368825797819
2036.646614200126 1227.132308670155
-542.2934550581678 1138.717594920332
-513.6247361126816 1129.957130292913
-1956.981524073641 1168.722513009722
1334.745334433399 1304.571292147545
1306.432828715867 1314.29875807823
-1339.499085749519 1247.423656762482
1703.323029803326 1177.481474794943
1709.068847678641 1148.075512399919
-874.6585148405676 1077.881157791617
-895.4343844790985 1056.29368862948
-924.8379515260037 1062.175398006201
-947.7880214272825 1039.770122956465
-957.9834957512328 1073.188388421745
-972.7863993592526 1050.523420952442
-988.398381786166 1069.646454785671
-1014.296350420312 1061.734847050291
-884.0968764662584 1026.814341054422
-846.2527411623648 1068.99510060432
1561.345798856041 1363.627477588507
-847.7029196179998 1422.123935808949
-859.521790400488 1127.15163106928
1697.610209584314 1206.921750941942
1572.759705213837 1304.921804853137
1544.406741366607 1314.693117780944
-805.3838186225181 1355.154313082135
-606.357222397613 1185.482785975638
1657.830213570468 1275.591495254616
-501.6139014437015 1424.968255195442
-530.2618704617629 1433.862078383785
-507.5820654171769 1452.463752394343
1391.441493718651 1285.013038463342
1736.964288487232 1473.875475992628
1765.957207399028 1475.223600845084
-76.23614891919108 1026.861373031689
-60.00000000006749 1051.961524226867
1374.828287783384 1474.055732746899
1359.514329018143 1454.072055129716
1333.358521296409 1444.620418059132
1310.93245751293 1422.320782371228
1316.317371856547 1473.949300381028
1433.557549817261 1472.182948728593
1446.087641168939 1443.716943661527
1493.755633404886 1470.618234479999
1134.67034275241 1475.969983149176
1555.090478980935 1474.521692062704
1539.460813381168 1450.968269724539
1573.814234121855 1446.072454366282
1550.775475820222 1422.368496797974
1254.859596235524 1470.630285590131
1194.354771835437 1472.376017856621
1208.80327532241 1445.769615625959
-822.9830518584653 1028.766265955965
-585.1423347676332 1024.415876174441
-644.8773326792855 1025.825003394565
-659.0764334267018 1051.414196960642
-630.0000000000002 1051.96152422706
-644.7250994581328 1074.569929710624
-344.9998302996601 1025.731734955938
-329.9999999999974 1051.96152422706
-300.001700536796 1050.65315956653
-285.0028407106 1025.982402146918
-270.6922219162341 1051.569733428909
-363.6706709574174 1053.705781679093
-525.2209315957869 1025.678278517722
-512.1308158817619 1051.038853446356
-539.9995600744585 1051.961270235937
-465.9115428625322 1030.847819638338
-404.3911538457126 1023.643524355134
-764.3751552250206 1026.778221123754
-754.6316179462481 1049.980035297306
-779.9999887054811 1051.961517706173
-995.1906529648605 1474.303224996515
-1009.504975441744 1445.278502494008
-979.209249227589 1449.765224270804
-276.1809028986054 1474.940812405747
-873.3621008838973 1474.186357166658
-454.5422948221279 1468.8303057333
-635.6048779599901 1473.959533449816
-620.0622925944754 1448.759381462213
-649.6999585160195 1448.481195310992
-335.0675138270942 1475.273116317939
1675.173723063539 1025.021262510831
1659.598841585188 1051.117629467657
1629.933295510761 1051.002107671519
1645.273165202873 1076.260199189503
1614.98890372592 1025.820878311573
1600.192618862349 1051.974826378897
1553.989648223284 1025.753862168503
1735.890477417428 1026.360253135826
-393.3897112286008 1473.545354447863
-575.0222353492138 1474.675733495585
-557.7607164013847 1446.623677342742
-815.000000006155 1474.019237886584
1075.419042813416 1025.447208903721
1122.730208935369 1050.935819250917
1196.80874817848 1025.626067388393
1211.438006478108 1049.937174116661
1239.863187002019 1049.401921712317
1254.975392365484 1025.356546146151
1271.63288287432 1051.995943530498
1315.0 1025.980762113535
1433.108923021983 1024.499946308664
1374.34374426421 1024.717387260785
1492.571951585246 1030.304785534694
1825.000000001511 1474.019237886513
-974.2530612982251 1162.33657337002
-952.3151839973596 1182.735317695685
-791.9095142365567 1296.673957207385
1601.115808281928 1295.145428010133
1607.1053560153 1402.635222531318
-712.5958286586201 1299.535160984536
-721.0817443111666 1220.624220332582
-856.022638413013 1343.489855339628
-767.4833709002979 1424.587913169568
-551.994640964988 1414.057515065957
-1054.888140229857 1474.684740420406
-1070.000000005085 1448.036435171082
-641.7702982021223 1223.499932873902
-714.3499440352231 1191.392101130884
-672.39692859916 1124.72153522084
-749.7639153107617 1229.410235104293
-483.1692282877663 1229.257974532262
1578.471223567477 1275.476316976844
1623.76169280425 1314.815009560467
1623.956901558633 1177.359432977837
-683.9142016897483 1290.747286303015
-653.4772964750114 1390.101912673215
-871.2409901906947 1293.798013325995
1646.408552954653 1334.484266153212
-614.9257511393504 1107.39260476319
-562.464598156721 1226.377364269144
-604.6051898757171 1293.618627455077
-611.3356451269877 1322.849611416974
-1236.708008186524 1378.434803465282
-446.0168892639753 1299.347951710492
1618.247245650491 1206.807439365573
1601.258967874805 1157.750682308963
-635.0381258114151 1194.268423564043
-80.77384855567777 1214.655894784222
1510.367288919821 1079.612706139953
-690.6456567666437 1319.979238303913
-822.3512744550618 1197.29359674007
1538.892810361469 1206.700242499335
-1631.898983281951 1363.753410329162
-1818.444796999609 1366.453828458575
-877.9761662425456 1323.038779419716
-589.3832291497607 1343.290981034075
-532.0310786630666 1325.715657997804
-829.0848956921856 1226.531197976169
1686.012663965446 1403.277538782065
-555.7323550777946 1197.148395216571
1499.12216267657 1275.356044664342
-1870.407227667825 1247.040672926553
1446.745273110972 1401.295284735573
-454.49871447035 1220.479215100945
-525.3038274695716 1296.48709665073
-1002.936590985107 1171.144924334456
-719.3270518583456 1328.771790072369
-743.0321330059212 1200.177484643029
1419.789042023086 1275.238866490295
-932.6446222660144 1094.303197942974
-405.6585791401437 1124.058563691057
1431.564445034363 1079.460389510186
-949.3815781703477 1398.870427816172
1550.280584175786 1147.837426504103
-447.7696121729635 1191.262385599666
1487.702526528435 1334.234870547977
-417.350657878385 1290.560816035489
1459.551702892894 1206.596089685502
-377.0110913291517 1115.305324333502
1521.765460226108 1295.023898913608
1544.600510192695 1177.258291706036
47.80300689901971 1229.508824871641
-375.235255025073 1223.366816491885
1729.300818536292 1445.003445850868
-370.6001526948015 1085.882255204769
1340.492004146862 1275.09621537116
-764.9824319998157 1179.729040556816
1351.870336652793 1078.681882778776
-296.0135924968547 1226.255906371143
-1834.918510038386 1209.597514518883
1737.194358919525 1275.698104347619
-344.8239239144333 1322.628979918354
1165.644361807641 1088.012121367554
1168.40877672536 1058.947320188551
-313.7037315333891 1422.058958480688
-510.0797877961639 1346.162456412886
-320.2131091879727 1098.921302757475
-923.634877809156 1173.95862393931
-1394.682213795846 1129.25787146583
-1333.783783783784 1125.746701193585
-1275.093016688919 1124.991536819601
-1571.413801506204 1126.302390363097
-1693.219776440962 1125.16437784123
-1511.730768248063 1123.533241607528
1380.235753671727 1206.496774112108
-1418.413089152585 1244.536256767634
-979.2570369775386 1299.681935953202
-786.9325965304547 1159.27656673052
-1006.161916129646 1416.640737988422
1776.97948836104 1207.056933053984
1465.256902947935 1177.154436570989
1516.051411017154 1324.460701789838
-338.1047799570109 1293.419427891627
-1683.826982553135 1244.391658840751
1261.246881898683 1274.952046137245
-179.8025318437254 1299.051713271156
-798.6480213508955 1325.914467758627
-751.2379560861598 1121.411223685508
1300.956495479438 1206.411510483473
1816.533064623459 1275.747369576163
1470.957048253635 1147.705227184947
-368.5046635822538 1194.152930402499
1829.348446091235 1080.098423631086
1856.233896954268 1207.22684824667
-773.4697225638872 1100.800800969721
-1625.125824048675 1334.632253528422
-1811.654722996757 1337.335409757124
-424.0772463908311 1319.775974903359
-726.0613980712176 1358.013409797725
1209.001560421805 1400.93646149126
-322.8898420075619 1343.052932489198
-1039.216077374784 1102.147521245113
984.8477980544388 1205.247803476424
-437.5304790295465 1378.193131166902
1538.696745409611 1344.10302239648
-258.9093803003379 1296.252589851
-476.4379152702459 1200.041365671027
1385.936879754117 1177.066540003194
-1309.144710673419 1346.388324450649
1182.089216992119 1274.806758364336
-1762.873682956205 1241.37526233
-1919.212697452061 1342.985090238383
1532.976853778231 1373.382841305875
-235.1625662901322 1423.556032443723
-55.00034589678161 1450.251746715652
-1497.413976032257 1241.612357910615
1221.73173684555 1206.300876379039
-1388.162822361306 1343.479369207157
1233.039951590658 1147.488740010919
-1467.156282878529 1340.550821809397
-1998.111784265674 1339.84055191784
-1546.14203426316 1337.602692854645
-1732.671299241952 1340.350312544336
1988.308057799347 1078.873447644056
1788.444609580414 1148.256694570099
-289.2765171718263 1197.048501691015
-1230.086665910524 1349.276192888413
-1095.643531805487 1226.837842709027
934.2407213232016 1332.806954141082
-386.9232949634996 1389.825671324987
-452.7439561707225 1328.566192759193
1935.305075392609 1207.441219227963
1249.835117050796 1333.731931485709
-1310.987113266941 1238.678011570243
-498.3823778584415 1179.598385605865
-1436.991672053904 1437.981314323926
-1595.315196408051 1432.542053761778
-1782.003941073125 1434.374928124144
-459.4665875322194 1357.778309044767
-104.1442265653289 1086.521870066828
-95.81939340825802 1055.150471575946
2148.822024097248 1322.463211175754
2169.014860522186 1373.047845666167
1981.098040823395 1109.376233786807
-1267.212504119273 1279.376912302958
-1124.266836989275 1235.623479414981
1391.619749513532 1147.605059317988
-520.3246059623002 1159.159237937565
-109.2965857757399 1223.349139404705
1283.846719816203 1294.603546650608
2172.61364941332 1218.379670224159
1306.626181898012 1176.978950039696
1103.097703871857 1274.587821727705
-484.893312142272 1121.27391654105
2075.820840597909 1295.348555757091
-151.2330832408982 1290.2651114119
-506.767525510932 1101.21823448554
-265.6171892934043 1325.447992623613
912.4010194616556 1177.091711836685
-1473.894402533244 1369.672144571696
-48.46582841999817 1421.26173426435
-188.2523375633486 1220.444683088045
-272.3085266816868 1354.677168897754
-1717.526082070566 1390.08830067734
-1531.098110710932 1386.87523550979
1142.652340108097 1206.302042695933
2174.034800904823 1072.259492753378
-1926.005195133185 1372.114949833218
-1956.051687380889 1273.134568913837
-120.8678673403111 1389.285062577803
-1653.704512520528 1343.338522562771
-79.03924659149976 1322.133022793304
1012.758866192346 1332.935717700509
-1840.243084996769 1346.033684089354
1969.012333430719 1305.031412434316
-1315.413657780134 1375.028734844103
-30.54565681118767 1226.370779213091
1063.770558652679 1206.314549084782
-1394.878367310937 1372.607898423382
796.6450082577155 1086.959143857406
1760.095569002604 1158.024513520141
-1203.288911171337 1232.768124043679
-1552.888618424892 1366.710427179092
-1739.404857184996 1369.503705936691
-1208.115395344931 1369.646514185368
222.6794919242079 1107.320508075611
265.23915696375 1145.715851348456
1024.322517145252 1274.396961444252
757.9971574307808 1127.39780483788
-72.38399892622293 1293.051327106524
2039.563803020928 1087.614230296873
2016.57793784451 1068.44981827335
-0.4137694731986343 1324.849968916903
1731.702418358782 1167.744123783146
1046.487789653808 1475.210082700448
1686.397961521476 1128.401465630007
1714.828127115131 1118.744995529169
-1065.236053345695 1326.004218354818
-6.882439459579206 1353.909888359361
1034.443004984531 1079.142484653734
-394.054763053641 1419.232503077712
-2076.605959689548 1336.527303167016
2008.329515751607 1373.30822723649
-181.5390540158401 1191.285019946227
1940.968895176451 1178.178634396209
-1660.477505262904 1372.470412623767
-1847.037236213252 1375.133912213502
-157.924834029879 1319.369144658064
-57.19742113846247 1342.446664742763
1125.579555537785 1294.231388059935
-1373.807671837505 1392.776229632419
-2084.774387009707 1258.816287581618
635.595178962247 1409.020538748491
-1148.412980871215 1096.339732852311
6.204010519770507 1295.790887050831
1255.691905726009 1167.136151255091
52.21901650209323 1444.043029491287
1278.129232649363 1323.996158697861
-203.3952440372833 1170.815042169316
-2004.896793705395 1368.832493154241
58.81902486525773 1414.671313425355
995.7592630097521 1147.088969118562
-1502.474516819473 1378.35064533626
-1875.65072941228 1383.760740462551
-171.2700240095098 1377.692047521774
39.47490752528402 1152.42205310283
1940.808393884442 1314.764291554831
-1289.112245320909 1259.02843759381
1069.371631552871 1177.030207164752
180.990986108961 1215.270412832182
-1689.043315290434 1381.204891428056
-149.3477744613652 1398.005225211783
131.2790113037705 1447.092696491359
1300.759492980868 1343.687682402762
-186.5014779159261 1328.176723631847
-1904.244982774634 1392.503537778584
-2127.866127333205 1218.771003899113
1980.150226195853 1383.025087545944
1912.765711910297 1187.886854991634
-2275.928925234899 1428.297965474507
-1172.998153895661 1331.772532922034
214.2438380004786 1180.240641101978
1295.034881350118 1373.112090171026
619.8310196567508 1233.609787047967
1148.236158378561 1176.917207363787
1317.239657869633 1392.795642715226
-2011.838342153132 1397.800201984916
-1750.000000000005 1125.631426553546
-193.1552515334781 1357.377756094375
82.55705921791922 1192.513607095788
-1088.950353468324 1197.676587596353
1125.576761490196 1157.215614969796
816.0405815581805 1067.166837327571
544.9305737014948 1258.96561207181
273.9511101165266 1370.415552108448
1918.276399646275 1295.236450970279
-1510.230184493654 1406.171434289621
889.58851093525 1155.957044972091
-1554.015115185687 1151.215405599493
-1082.253238363744 1168.643531089951
204.090973972323 1340.019788548096
1890.181207034609 1168.22758152844
75.9853107523023 1221.029639667908
-2170.877319309107 1179.132896964691
202.6143272926732 1236.102343458451
1975.944371288471 1410.850355598839
-2139.956896667295 1382.125261122242
1867.603959851239 1148.528663732209
-168.0681195535317 1132.958214877847
1074.854718742836 1147.594814397699
-1695.3789355745 1411.624802881068
-1911.047439530341 1421.601249467798
884.0774853769091 1053.982209676288
1091.6673981183 1333.170272701552
-2083.400651262519 1365.384528316439
463.8695311539122 1310.953486945576
1890.014142732875 1304.944878063575
182.3870518095795 1067.13008165215
-1179.654835217734 1360.887265362137
934.6808148012303 1196.375684893424
-189.9050052429766 1112.472559554305
-755.0000000064031 1474.236953071298
-183.2644196276043 1082.790705480598
518.7622485953533 1393.321311312345
1114.126740811289 1352.894432055121
1901.610100706497 1109.268932277909
1884.31061470515 1334.250711462598
-1478.352252863641 1156.43594635775
-1157.818310109855 1381.345709345637
-23.74733929604817 1197.437650574019
593.6164851014837 1392.248391885512
-1164.769188642638 1409.893065262072
1878.879182571974 1091.435142193254
371.3704733056121 1391.398002657912
1856.024297586744 1344.076474608057
1833.506263248886 1324.539395483484
1080.480567767182 1391.330971165467
646.7090745930004 1375.234751693406
-2181.675590532282 1447.849265129553
1776.711328222541 1344.282898680239
535.2805642505472 1311.631029458968
-1745.538498859853 1475.337491820903
1898.591490152963 1050.7910895753
699.8702710394342 1357.131747219757
1793.679305055798 1393.071514506775
-1804.466174738443 1474.67559380796
1788.212457283815 1422.26755549771
-262.2655381568067 1077.905930534959
1805.080873756243 1334.373707778794
445.48284056223 1392.203386049437
498.3097580673333 1374.517434103326
1135.85326717011 1025.370706559665
-1290.065210696807 1151.856375696666
112.5444179591749 1289.324872934812
54.50937049204798 1200.975799589047
205.7024429271914 1441.96047601711
-2118.638529522837 1402.115061161845
1282.686915961854 1430.742622572423
134.0934805562653 1309.403947170186
197.6272760110554 1368.240070259978
121.6834690345799 1367.008332002751
916.4394792111905 1420.617112481098
-1191.764697020306 1446.716069194311
917.9278991706921 1283.872393725007
-443.1738431915314 1054.333880070474
-479.2739410084781 1445.76509499601
-3.435878711826945 1111.619276129278
-218.4704639641208 1473.881699952265
1589.671900122951 1079.951884548677
32.98651922837604 1180.853083390979
-2097.106992122871 1422.168783709576
1015.233257310756 1026.181145544991
261.5060852258026 1426.845217671906
1923.410893533683 1401.451333314969
1556.156367421788 1392.643383542233
-2245.846969141024 1174.818599590042
11.43214257861818 1160.564809621642
170.0780724440377 1376.924145504469
304.5214389678939 1187.622266176995
17.06362030140232 1026.536349720979
342.2854702147521 1401.350386684253
-154.5749537834608 1427.01517007136
-1809.459459459461 1124.888015174139
-701.8619934834558 1026.667120527509
384.490233247459 1473.636167692076
-1212.570495030405 1153.356203706006
2148.052892943316 1049.568243939018
888.0143845018024 1428.243803087901
754.7597661002059 1447.560945338497
-342.3643433165513 1078.144913032646
-10.19027242745909 1140.036808126299
492.4414323135061 1402.103321510108
2005.151265554836 1023.99101515416
432.5647307540293 1448.826794576802
565.9692208801814 1276.16688320203
1113.580606510415 1079.315496252906
-1908.408530408045 1175.976381299891
127.8342671514287 1338.318863554911
834.4855028420253 1312.67331156208
-590.0000000070781 1449.484004497149
-24.59390294549441 1091.815343170615
-2250.670137999014 1416.458534988722
-1465.54045177954 1447.4709533199
-2019.108164023475 1425.605033588601
-2087.479247597751 1152.883881178999
465.9469778839319 1411.111561229163
2104.133105180403 1420.18503855492
-1096.262263000066 1063.900655803249
1272.646266486597 1080.977888492431
-321.4220807516047 1449.941701102731
-2278.069136455297 1144.371772329646
-2276.406826897664 1456.100071122472
1359.376578335299 1050.834372471061
-663.3802849852492 1095.140598484093
2019.030079431343 1450.089951630852
580.0211037876659 1450.165520843889
595.384816573993 1241.653436570078
638.0180071173259 1445.572463071489
-2236.379762392082 1149.656078932776
-404.5823277901756 1447.533092765966
2179.17396648448 1189.825697196897
2176.375237422402 1279.702787744255
1146.15059044386 1449.69079457155
427.9243851580569 1248.660167886999
142.8894152290133 1385.914280614418
-599.4108875841665 1049.805419024539
1867.22341047072 1419.385901529078
801.5663075272392 1212.941984550879
1143.965265704274 1069.551818567857
-164.1242323285885 1025.040907368192
-133.4560694667809 1444.960816454667
-2275.493385310375 1288.482108150144
1780.361527093375 1449.860108083866
-937.4906032086642 1474.90932004769
830.6887760549614 1448.155758114201
752.2305680374789 1340.704500175015
-1122.795704604482 1108.983162471398
-866.3663169884944 1050.333132387639
500.9184784262989 1476.990975292549
-1164.014385717632 1168.144867700153
1752.35529728838 1050.599740665308
1515.229807246873 1052.251787770868
136.4174861802864 1415.401695704245
1579.536309043153 1411.977535132636
1674.390132211501 1075.119074992302
2175.460109776473 1309.315552746392
662.9827847465081 1294.865679662452
1387.484028967718 1449.606002937683
-1504.365825035441 1476.408849857207
317.3769383975221 1306.955462628223
458.537449180624 1440.353848334438
971.195931803763 1400.256221384025
365.5783118302836 1317.471259727352
-857.634399990765 1449.351005638827
-2165.91568892074 1150.842612108275
359.6570625859349 1246.955545327078
858.4219522189208 1062.482858686376
-1160.765502676949 1450.443910901032
-1047.963543652414 1057.194059776144
1074.99999999738 1477.372974383756
392.9132700236945 1309.197158648468
1519.811554690074 1431.010651734845
726.6946783098091 1454.7093436378
-1372.110614306423 1151.194899044825
1045.498777013144 1424.781925519529
419.4946713274198 1300.909875449262
-765.7053208051678 1074.906408009882
-1323.511470022972 1402.912569019142
1439.984823808289 1051.107658709833
-2082.269106473691 1472.135338388674
1038.39827026093 1051.112267850596
2153.498027394853 1424.764013487146
-1629.301920960816 1124.166926333295
1300.805219095576 1450.017195274437
699.993661395696 1213.515690143675
-63.69903321023269 1476.917224535765
1613.938189450388 1476.511046451474
-1041.714726179016 1449.163175703347
-132.7218243111301 1023.877492870917
446.1459970538049 1292.630776156002
713.9451960557931 1164.550996328765
-2250.329071746742 1310.940580359184
-1114.469412997874 1475.603864963269
-1384.778722443292 1480.044838586025
-1099.202557481228 1447.774403215775
-1651.255247661121 1448.625339941685
682.5279902624596 1257.257349841824
99.40616850404194 1451.88767942334
-44.4156143902478 1073.332131264119
-1929.902055156861 1124.160027600077
-1352.778987194947 1411.754347345167
615.8110244224491 1258.986802604591
-2280.893952731884 1200.923044942986
965.0337305424226 1052.58335630904
-2103.504656040348 1450.644400630729
2155.631449075761 1022.910010486914
-497.858595813121 1073.245277013246
-772.9974810772018 1451.319778278776
-2212.127930759118 1452.379937124212
1859.032384791116 1073.632753619436
-1524.06437670518 1146.754130817748
-1925.668609880915 1476.967211030796
-1576.784683998473 1450.595893772507
765.8531307321979 1150.871900596545
-1763.115912062448 1453.213763121664
-414.2856496751388 1048.06501197635
21.83779061376782 1478.454451158924
-2028.581048479261 1454.19715928093
-1790.979848723113 1146.592951131731
-1710.585983639572 1149.638701401286
-1258.410573295347 1146.759319104739
1701.437179375868 1447.938081169955
613.697163298127 1423.574273784865
1618.355382084475 1076.172071076267
326.6104812520937 1377.774129459926
2074.998088854437 1054.755469343633
33.10702365428382 1046.071649742698
-516.3730976192373 1477.439061283695
-1451.967046126825 1119.066035479748
250.3519845256446 1452.657058446083
-1307.610018933709 1450.615919197499
637.5862441927941 1276.40502341628
-1842.468770605968 1449.755814597885
2147.847559071158 1158.005245067187
1225.995010088065 1072.78775484972
-311.5008546269519 1073.104600814434
1913.466379743324 1427.669677438039
-2255.092512618703 1442.7824751081
-607.8248301227716 1427.000972281961
-240.2208469531117 1450.808209018526
179.8204635055497 1450.345362055651
364.1665444549502 1450.288444052757
-1489.625863357618 1454.604212984427
2154.968329929068 1263.291697380226
801.0718614992104 1110.485556541577
877.9893450572232 1453.935855902525
-683.2869936435259 1051.11827528555
2180.341226983513 1426.487508766346
1689.633043080125 1048.486245936023
-155.2671103735315 1480.077951053017
902.5602296041029 1074.142898524163
-974.1394076309647 1025.320405895053
-1324.452276034862 1477.778014254513
-1876.698721305851 1174.632688847565
1232.798100367037 1450.51643655131
-569.6089284699386 1047.446278057811
-349.3533436275912 1454.450606972028
-100.5348257666873 1477.214771027613
476.6988662742072 1263.441961188033
-673.7543122175596 1447.400040380967
1473.019180847449 1450.658960199594
1149.165946871064 1045.608509606863
-1217.771651971595 1452.21846187737
-1347.89821084447 1145.493780457839
-2212.520941495161 1145.466048950501
-840.6440119623475 1045.491967863285
1778.794440304776 1074.896144229813
415.7285657540771 1478.964619658597
-430.9556644567007 1450.748529877456
-1219.237471693521 1124.97913319825
1989.394513655655 1453.788614622559
1391.608831829053 1045.688427588261
289.0089129031277 1388.371456016207
554.0386298768566 1453.404902748906
407.1740471106503 1236.811191997843
1115.981564507333 1455.488482923734
1299.670987272922 1045.474482012402
678.6168096692054 1477.704574539233
-1122.78487753475 1133.518573631252
173.6039516293108 1088.31746373671
720.31987830947 1479.531013353624
-1032.844671026024 1078.689779750174
2080.000000000488 1455.43475006363
-1972.945257667299 1149.610540831214
-1944.800296399522 1146.30707801999
-1941.485094852597 1454.56810045834
104.0311918496178 1082.159276451382
2095.0 1018.453389725167
-2282.035218921566 1342.492579877653
-224.9999999999996 1018.465179135013
-2253.518690341923 1234.6644702395
1061.022905784243 1045.163559121083
1840.208498074893 1454.918174386628
152.1436550303803 1124.238196224121
474.9999999938045 1481.901774907605
1599.931575215635 1456.266518823366
1752.146019519105 1454.881699186611
2177.941510714405 1478.094458575744
-885.2691039564702 1452.885661187638
-2279.037345449325 1121.006666658792
1944.835542735044 1018.458717968194
-956.0320505798604 1453.197406672001
-36.77235201583252 1048.319237008871
-2279.691987486365 1479.673894736321
-733.5736763256173 1064.551265259357
1361.693837877573 1427.564655914833
-1028.97692230968 1043.501076331143
802.2260886864474 1451.36680298623
2178.409683827158 1021.428004849384
-1056.671761357062 1428.568452957858
962.1750018982668 1426.207319104711
2151.952035753026 1400.905401849486
-1612.260815374432 1145.971728646407
-1518.255524680222 1428.737274476583
1512.927496048532 1454.308378063448
1539.703869808863 1046.205433036577
-119.6892643087783 1043.771504558629
701.8464811238994 1256.874182161056
-2063.503834220108 1148.120873622678
62.07484625492656 1071.157671224868
1275.150635012201 1453.274618509985
985.3542438156514 1017.7161699087
-2134.799651710253 1482.249885828541
1029.556268017446 1404.539406782035
-247.5732366341516 1053.259409875114
-799.6827208092345 1456.428429841946
-2136.330251829103 1118.150319986163
71.56322856890341 1455.835616579147
2157.419858554226 1236.241685644243
-1674.960484196383 1453.874901328238
2182.717224067728 1132.392124753587
202.1063682632254 1110.027016441458
362.547734794486 1224.330708184619
-390.0000000000013 1043.00179617409
-1417.444357942092 1452.074152228801
-1789.398148223083 1457.175012510296
-531.1176968472498 1456.898816563703
679.2597920153322 1199.122702207138
1468.393494275416 1048.292455472535
-695.1872627543686 1482.318134113771
-1497.971813083325 1142.811137424535
1201.463511009236 1423.688851596737
-945.0 1016.813991381084
284.8701663097507 1196.889827517182
-487.9566169271531 1047.367769302335
80.98386439689519 1049.86820768991
-557.0636468599713 1066.551906733115
-997.3980217559947 1046.330037036864
-1030.030168022591 1019.957014910034
1885.216502160136 1068.317122610627
2019.62008577888 1042.927456606322
-2036.77371326449 1478.768686748359
-1604.449927490664 1453.869939090349
-2236.860442803482 1456.045592693286
837.9673090274451 1072.525894445951
1921.455280429955 1053.403514927307
-1233.075350225564 1142.81086375937
221.8129294090866 1129.982616147791
-1173.868519919871 1430.493823830771
-1682.52545333266 1146.188544060517
1253.511213919555 1068.911298124184
924.9632981028481 1067.334449869257
129.4889965871731 1107.187443991769
-1932.98951102461 1164.985378832011
-5.000000009050154 1483.81767036717
-1765.587476996659 1142.221502388456
1885.068257519415 1431.889754852012
1438.97809496965 1422.942916888963
275.3883015066043 1219.655403298809
-1189.10416467543 1153.244511173525
-285.0030209571551 1067.888388858397
-1418.285124978019 1145.446209880272
-635.0000000069174 1432.132986781297
242.1288012653773 1149.553167879857
-986.944286272208 1427.916735568986
-1870.40477595124 1452.934575797616
1188.51598169291 1047.105937542315
2126.196360557606 1431.548509477741
-264.105968896019 1455.263775265137
1634.31863274626 1096.80840212311
155.657439999043 1455.408882855316
852.0170361128478 1458.051190409087
224.4666814594006 1455.460944375067
-666.4541752090664 1071.936973725785
-980.5107802581006 1091.493925271535
-2258.963348383043 1155.705865799601
-634.2502860846212 1095.818012422789
118.5772691115732 1041.821330424652
611.459480178329 1404.268862221932
345.9937603299423 1428.309531024531
1974.199655424454 1433.874477040003
260.3755837607938 1166.812507684234
-801.3706676177487 1047.132538968463
1418.948219827337 1041.279048729859
1089.250470299763 1460.560511854491
3 2035 4055 4367
3 2035 4367 6046
3 71 1477 3866
3 4584 4585 6309
3 1663 1661 4934
3 678 680 4087
3 4689 3054 4690
3 5298 3849 6354
3 3920 1063 4744
3 1849 4931 4933
3 288 289 4077
3 3975 1798 3977
3 4138 2127 5053
3 3849 4606 6354
3 2253 5608 6501
3 2835 3493 4262
3 1060 78 3952
3 3578 5051 5421
3 5097 5587 6518
3 3594 4283 6455
3 4283 3594 6112
3 3346 3882 3980
3 4494 4138 5053
3 266 267 5973
3 2792 2954 6385
3 2583 2580 6228
3 3882 3346 3963
3 4738 2989 6558
3 1084 5527 5976
3 1798 3975 6363
3 5192 5163 5401
3 4931 1849 4934
3 5118 3624 5206
3 619 3904 5299
3 3739 3011 4968
3 5587 5097 5755
3 3896 663 4809
3 2472 2470 5126
3 4008 3623 5744
3 4042 2825 4914
3 4051 3835 4052
3 3099 3861 4399
3 3861 3099 4398
3 4112 2253 6501
3 4565 4567 5493
3 616 3918 5578
3 3054 4689 5919
3 5997 3771 6355
3 2667 2669 4035
3 2954 3835 4051
3 4560 1821 5536
3 3866 1477 3867
3 1097 4039 6034
3 4166 3003 5539
3 2763 4399 6583
3 2763 3099 4399
3 4042 4914 4915
3 3940 678 4087
3 4076 6095 6422
3 6203 4198 6406
3 2133 4167 4169
3 2371 4753 5953
3 2114 4266 6099
3 606 5871 6250
3 4736 2989 4738
3 4266 2114 6117
3 4585 2811 6309
3 5527 3740 5976
3 5163 5192 5707
3 2675 2676 4059
3 3012 3013 4063
3 3624 5118 5744
3 3921 3920 4744
3 638 3893 3965
3 3886 1850 4005
3 2230 3926 6247
3 3926 2230 6249
3 4372 3861 4398
3 6241 2971 6244
3 4721 6241 6244
3 2369 4372 4398
3 1060 3952 4096
3 4766 3877 4767
3 1929 3905 3976
3 3311 3310 4581
3 221 222 3953
3 3765 6203 6406
3 5445 3843 6422
3 2564 2805 4451
3 4033 3085 6356
3 3893 638 4063
3 5755 5097 6189
3 258 259 4103
3 2954 4051 6385
3 4919 3878 6557
3 2566 4449 4450
3 3543 4961 4977
3 2836 2835 4262
3 3759 4984 6204
3 4449 2566 4451
3 4753 4752 5953
3 1850 3886 5960
3 222 2162 3953
3 5051 637 5421
3 4165 1067 4166
3 4567 2979 5493
3 2802 4756 5980
3 4103 613 6367
3 3749 5755 6189
3 4104 4103 6367
3 3578 5050 5051
3 3896 4809 4810
3 3804 4915 6305
3 2345 5445 6422
3 6126 3862 6288
3 4039 4038 6034
3 625 6126 6288
3 4076 3610 6095
3 3977 4033 6356
3 267 4089 5973
3 3495 3982 3983
3 747 3924 3925
3 3495 3494 3982
3 3905 1929 3975
3 4167 2133 6430
3 3969 3432 3970
3 5084 4410 5099
3 4465 2583 6228
3 4967 3739 4968
3 4385 1082 4389
3 1661 2080 4934
3 3281 3279 5820
3 1849 1663 4934
3 1557 4068 4302
3 5028 3031 5030
3 4302 3270 6129
3 1077 5997 6355
3 743 4008 5744
3 289 1066 4077
3 1821 4057 5536
3 3895 1966 6246
3 1966 3895 6497
3 5093 6240 6503
3 4866 3678 6642
3 4043 616 5578
3 2241 3916 3946
3 5215 3798 6197
3 680 1098 4087
3 4261 1084 5976
3 3031 5028 5031
3 2470 2993 5126
3 1334 4163 5634
3 2176 4128 6185
3 4984 4983 6204
3 4251 1334 5634
3 3878 4919 5820
3 3798 5215 6390
3 3270 4059 6129
3 3904 619 6525
3 3678 4866 4867
3 1078 3922 6640
3 1667 1665 4935
3 4756 4760 5980
3 288 4077 6556
3 6240 3500 6503
3 2741 2667 4035
3 3863 5991 5992
3 3034 3863 5992
3 3972 3934 3973
3 5094 5275 6636
3 4165 4166 5539
3 3039 4105 4106
3 3918 616 5098
3 4742 6157 6318
3 3039 4106 4145
3 5399 4027 5426
3 676 678 3940
3 4266 973 6099
3 1633 1635 5703
3 4337 4336 6308
3 5162 5230 6333
3 3426 3818 3976
3 3757 3879 6021
3 3879 6407 6541
3 6407 1069 6541
3 5230 5162 6487
3 78 79 3952
3 337 6317 6416
3 4164 1067 4165
3 3909 381 6195
3 2583 4465 6161
3 3719 4251 5634
3 973 4266 6592
3 3719 4217 4251
3 4740 4738 6558
3 2989 4736 6078
3 2352 2171 6294
3 2566 2564 4451
3 4 71 3866
3 4128 3989 6185
3 4027 4022 5426
3 4101 258 4103
3 5871 3743 6250
3 79 3810 3952
3 3757 6021 6303
3 3556 3912 6071
3 1086 4267 4268
3 5953 4752 6272
3 5215 3411 6547
3 381 3909 6571
3 3938 1335 3939
3 4367 1805 6046
3 3411 5215 6197
3 3011 3399 4968
3 6163 5003 6225
3 2114 5631 6193
3 2645 3927 3972
3 4233 3770 6585
3 1987 6399 6418
3 3493 4201 4262
3 4217 3719 5668
3 1032 4217 5668
3 3924 747 4045
3 3770 4233 6031
3 4239 3528 4403
3 2072 4439 5352
3 4238 1633 5703
3 1335 3938 3991
3 1805 4367 6298
3 6117 2114 6193
3 3877 4766 4768
3 79 5 3810
3 3912 3556 6607
3 5549 4735 5905
3 3955 2276 3957
3 4465 4466 6161
3 3037 3092 4105
3 3743 5871 6229
3 3852 6183 6379
3 4276 4023 5869
3 4752 4756 6272
3 2480 2107 6233
3 1677 3919 5469
3 4451 2805 4452
3 6403 3871 6456
3 1597 1522 4108
3 3916 2241 5858
3 268 1075 4089
3 3967 1004 3969
3 4865 4866 6642
3 6317 4454 6416
3 3544 3311 4581
3 4725 4724 6262
3 4725 6262 6265
3 611 6403 6456
3 4237 1674 4238
3 3922 1078 4100
3 3742 4283 6112
3 3905 3426 3976
3 1032 5668 5706
3 3074 2472 5126
3 2676 3982 4059
3 3561 3852 6379
3 3013 3893 4063
3 3573 3012 4063
3 3787 4114 6248
3 1631 1633 4238
3 3270 2675 4059
3 5094 3014 5275
3 4736 4735 6078
3 259 613 4103
3 4189 5713 5714
3 4492 1032 5706
3 20 21 5112
3 1847 4013 4014
3 5140 6237 6405
3 3543 4977 4978
3 766 3986 3988
3 4135 610 4246
3 3922 3942 6640
3 3960 6367 6595
3 4389 1082 6604
3 4068 3270 4302
3 2567 2566 4450
3 988 1010 6081
3 2669 3495 4035
3 4049 3743 6229
3 2832 4822 5683
3 4767 3877 6608
3 5404 5004 5979
3 5413 3813 6350
3 6399 4337 6418
3 4915 1352 6305
3 4579 3544 4580
3 4445 4446 4455
3 5383 3592 5430
3 1084 4261 6511
3 2233 3973 6373
3 5930 3991 6014
3 4283 3742 6366
3 5839 3649 5884
3 4060 1261 4061
3 1540 2117 6194
3 1261 4060 4240
3 1847 4014 4015
3 3798 6390 6521
3 3623 3624 5744
3 5053 2127 5784
3 4057 1821 6001
3 3961 1923 4232
3 3022 4461 6228
3 5099 4410 6560
3 1058 5839 5884
3 3973 2233 6492
3 614 266 5973
3 5312 3798 6521
3 1063 3920 6567
3 5127 2993 5145
3 3698 5127 5145
3 1923 3961 4233
3 3889 6442 6565
3 5275 3906 6636
3 86 87 4291
3 3649 4492 5706
3 4921 3281 5820
3 1994 4029 5427
3 3960 3791 6367
3 4492 3649 5839
3 4164 3889 6565
3 2276 3955 4013
3 4145 3296 5517
3 5643 4038 6150
3 1849 4933 4935
3 326 6183 6387
3 3919 1677 6050
3 2979 4567 4569
3 4408 4409 6141
3 6236 1832 6488
3 6157 2799 6318
3 4264 4263 6222
3 4006 4005 6427
3 6196 4124 6224
3 4023 4276 5989
3 617 6442 6457
3 1493 1497 5902
3 6427 4005 6545
3 4602 2028 6084
3 4235 1674 4237
3 2832 2227 4822
3 267 268 4089
3 3907 2162 5353
3 656 3943 5085
3 6424 3386 6452
3 4461 3022 6584
3 4932 4931 4934
3 3917 6230 6417
3 3549 4002 4301
3 6017 3962 6026
3 975 6010 6091
3 1507 6017 6026
3 4496 6196 6224
3 4002 1497 4301
3 6442 3889 6457
3 2751 3990 4821
3 4580 3544 4581
3 4227 4228 6380
3 4388 4386 4603
3 5587 3911 6518
3 400 4001 6614
3 3560 4587 6309
3 4001 400 6344
3 5754 3221 5783
3 6010 4028 6091
3 3617 4337 6308
3 609 3895 6246
3 1863 1765 4126
3 1335 676 3940
3 3910 667 6391
3 270 6256 6320
3 3913 2972 6340
3 4735 1062 5905
3 4027 5399 5427
3 4006 1805 6298
3 997 5966 6365
3 3990 2751 5846
3 4587 3560 6550
3 3981 3065 4091
3 6095 2345 6422
3 1665 1849 4935
3 2107 1667 4935
3 1847 1756 4013
3 3870 3869 6227
3 3934 3972 5984
3 4189 3818 5713
3 4094 2352 6294
3 6252 405 6299
3 6477 3817 6481
3 4061 1261 4062
3 760 765 4418
3 5904 5049 6314
3 6077 3403 6102
3 3927 2645 6289
3 633 4919 6557
3 4665 6077 6102
3 1497 4002 5902
3 3089 3937 6356
3 3935 3936 5935
3 257 258 4101
3 2711 6473 6558
3 1674 1631 4238
3 2840 6477 6481
3 1805 4006 6427
3 4950 6424 6452
3 1649 4084 4275
3 3895 609 6426
3 3596 3918 5098
3 5935 3936 5966
3 6230 612 6417
3 3945 2207 4264
3 626 86 4291
3 5109 1727 5110
3 6473 4740 6558
3 667 3910 6515
3 4022 4023 5426
3 4676 3573 5907
3 4228 4226 4249
3 4084 4276 5869
3 1031 1100 4142
3 1835 4034 4416
3 5004 605 5979
3 4249 2324 6047
3 614 3930 6453
3 3935 1058 5884
3 3815 6221 6413
3 5138 5111 6482
3 1258 1260 4062
3 2207 3945 5860
3 4166 6163 6225
3 2028 4602 6536
3 1077 3929 5997
3 2979 4569 6156
3 1993 5128 5129
3 2972 3913 6549
3 3952 3090 4096
3 1058 3935 5935
3 4269 6215 6219
3 4246 610 6589
3 3291 4304 5999
3 765 1835 4418
3 3977 1798 4033
3 3495 3983 3984
3 4451 4452 6562
3 2580 3022 6228
3 3577 4047 5913
3 6237 5107 6405
3 4076 4057 6001
3 4587 4584 6309
3 20 5112 6542
3 3452 4314 4315
3 4248 4228 4249
3 2552 5930 6014
3 2663 6282 6471
3 3930 614 6588
3 1835 4416 4418
3 3279 3878 5820
3 3003 4166 6225
3 4769 6322 6360
3 1086 4268 6438
3 5299 3904 6076
3 3528 4239 4404
3 3982 3494 4059
3 4056 1921 4314
3 3452 4056 4314
3 6351 4941 6398
3 3742 4404 6575
3 6366 3742 6575
3 4455 4451 6562
3 3931 633 6557
3 2107 4935 6233
3 3165 6167 6306
3 4060 3128 4240
3 2806 3981 4091
3 3272 5009 6250
3 4598 2832 5683
3 4000 2000 4990
3 3965 3966 6415
3 3609 6446 6485
3 4560 5536 6600
3 6227 3869 6599
3 3739 6192 6384
3 5896 3830 5899
3 3830 2768 5899
3 3039 3037 4105
3 13 6121 6346
3 4029 4027 5427
3 4152 3221 5754
3 6322 4106 6360
3 633 3931 6412
3 3966 1926 6415
3 3865 6236 6488
3 3959 3958 5908
3 5110 1727 5111
3 4577 6136 6142
3 3959 5908 5916
3 1635 1808 5703
3 6136 3536 6142
3 4111 4129 6135
3 2162 3907 6431
3 4454 6317 6562
3 3911 615 6518
3 6451 4630 6454
3 4452 4454 6562
3 3074 5125 5128
3 3573 4063 5907
3 4301 1557 4302
3 4237 4239 4403
3 4765 6179 6187
3 1071 6451 6454
3 615 3911 6467
3 3939 1335 3940
3 3092 4077 4105
3 2276 1597 4108
3 3876 3954 6498
3 5028 5027 5031
3 5027 5025 5031
3 4114 2328 6248
3 2206 4083 4274
3 3865 4721 6236
3 2230 4726 6249
3 4050 3221 4152
3 3078 5138 6482
3 3978 3128 4060
3 3957 2276 4108
3 3382 4050 4152
3 4865 3100 6522
3 2971 3926 6244
3 3128 3978 4091
3 4581 3310 6620
3 975 4250 6010
3 1756 2276 4013
3 1522 1540 4108
3 4721 3865 6241
3 3929 1077 6300
3 3926 2971 6247
3 3965 6415 6552
3 3990 5846 6520
3 672 674 3991
3 4409 3944 6141
3 4726 2230 6258
3 3876 6498 6608
3 6079 4402 6089
3 1004 3967 4167
3 4038 4036 6150
3 4724 2163 6262
3 1768 4172 5605
3 3492 2816 4158
3 1952 5924 5962
3 6446 4562 6485
3 4932 4934 6573
3 4212 3098 5603
3 4809 1968 4810
3 3505 6079 6089
3 6100 4489 6118
3 6461 4895 6489
3 6134 4794 6138
3 4047 1098 5913
3 3535 6134 6138
3 3100 4865 6642
3 3677 4869 5320
3 684 686 4058
3 1075 4088 4089
3 3507 6100 6118
3 3614 5986 6296
3 6123 4637 6131
3 2324 4126 6047
3 3509 6123 6131
3 4991 607 6114
3 4446 4449 4455
3 2570 2567 4450
3 3838 4607 6543
3 674 1335 3991
3 4108 1540 6194
3 6086 5413 6350
3 3432 3969 6395
3 4718 5841 5865
3 4607 3838 6381
3 5426 4023 5989
3 4225 1507 6026
3 4228 4248 4250
3 751 4445 4455
3 1010 4142 6081
3 3942 255 6640
3 5131 1991 6188
3 6183 3852 6387
3 2282 3958 5904
3 3958 2282 5908
3 2362 6045 6105
3 3819 3587 5722
3 3951 1953 6210
3 6191 779 6353
3 1926 3966 6520
3 1261 1258 4062
3 232 233 4514
3 4250 975 6022
3 732 4122 4123
3 4226 2324 4249
3 686 761 4058
3 2527 3995 4009
3 6067 4227 6380
3 5808 3349 6147
3 5841 967 5865
3 4381 4041 6275
3 3944 4409 6269
3 761 3996 4058
3 6192 1971 6384
3 6500 3888 6546
3 6358 315 6468
3 4041 4381 6648
3 255 3942 6539
3 3974 3587 5754
3 2139 6394 6486
3 5128 5125 5129
3 3039 4145 5517
3 1507 4225 6052
3 2227 2751 4822
3 3549 4301 4302
3 3065 3981 4172
3 740 4392 4603
3 696 698 4202
3 3985 5631 6234
3 3914 1896 6436
3 3945 4264 6222
3 3557 3296 4145
3 3544 4579 5226
3 3906 621 6636
3 5813 3712 5824
3 5009 3272 6618
3 6285 4694 6293
3 3882 3883 3980
3 5945 4417 5950
3 3452 4315 5368
3 3917 3916 5858
3 4362 4360 5969
3 2751 4821 4822
3 3712 3711 5824
3 4439 2072 6580
3 4084 4083 4275
3 4043 3932 6462
3 1336 5945 5950
3 6202 4448 6349
3 1953 3951 6631
3 1729 6285 6293
3 6362 360 6466
3 1896 3914 6499
3 3534 4111 6135
3 3029 6461 6489
3 6323 4747 6447
3 4031 4495 5570
3 2324 1863 4126
3 4042 3483 6382
3 3954 294 6498
3 3962 2552 6014
3 4386 4389 4603
3 4392 4388 4603
3 732 4120 4122
3 6382 3483 6385
3 4010 2296 4011
3 3839 6500 6546
3 4664 4665 6125
3 5631 3985 6193
3 4156 5409 6098
3 4665 6102 6125
3 5125 3074 5126
3 4121 5889 5939
3 4990 2000 4991
3 3483 2792 6385
3 3587 3974 5722
3 3877 4768 5712
3 1765 1847 4126
3 6259 3799 6268
3 5009 606 6250
3 4961 3543 6638
3 3970 3432 6341
3 3711 4718 5824
3 4768 2277 5712
3 3960 261 6355
3 1651 6259 6268
3 2552 3962 6017
3 6221 604 6413
3 4392 740 4602
3 221 3953 6137
3 621 3906 6544
3 173 174 4978
3 663 3896 6594
3 4313 6066 6253
3 4052 3835 6581
3 6256 3844 6320
3 3588 4192 5876
3 3045 3065 4173
3 1098 4047 6301
3 4718 3711 5841
3 4084 1649 4276
3 3813 5413 6499
3 4044 3132 4146
3 3993 3994 5963
3 4043 6462 6591
3 1878 4192 4193
3 1992 3998 6299
3 5090 3014 5094
3 6282 4040 6471
3 6443 4052 6581
3 3751 6464 6475
3 2645 3972 3973
3 6463 1312 6493
3 3930 3929 6300
3 3839 6495 6500
3 5966 3936 6365
3 4030 739 4032
3 6038 4516 6039
3 4854 3403 6077
3 3890 6273 6512
3 5963 3994 5974
3 1711 6038 6039
3 5679 3225 6109
3 6115 4072 6130
3 3978 2806 4091
3 5110 5111 5138
3 3403 4854 6051
3 3839 4065 6495
3 3867 1477 3868
3 3932 1076 6462
3 1010 1031 4142
3 3991 3938 6014
3 3999 6252 6299
3 766 3988 6263
3 1078 257 4101
3 1100 2527 4142
3 4070 6115 6130
3 3997 4007 6517
3 5010 642 6614
3 6235 4653 6238
3 3320 3323 5368
3 4315 6059 6097
3 3995 2527 4211
3 4032 4202 4203
3 1545 6235 6238
3 3996 761 4183
3 4173 3291 5999
3 6159 4554 6178
3 4032 4203 4495
3 6173 4951 6345
3 3974 5754 5783
3 2231 4362 6341
3 4054 1644 4136
3 4502 6177 6182
3 4072 2821 5915
3 1644 1510 4136
3 4490 3928 4777
3 2282 5904 6314
3 1878 4193 4194
3 5430 3592 6419
3 4007 3997 6526
3 2163 4724 6623
3 4810 1968 6041
3 6169 963 6180
3 6177 1057 6182
3 4377 6169 6180
3 4120 732 5364
3 3973 3934 6373
3 6105 3941 6301
3 3036 6351 6398
3 6020 4530 6027
3 294 3954 6505
3 6215 4033 6219
3 3618 3045 4173
3 2741 4035 4036
3 4045 3788 5448
3 3924 4045 5448
3 5427 5398 5562
3 64 6437 6450
3 607 4991 6563
3 6464 3858 6475
3 3615 4109 6226
3 1604 6020 6027
3 4071 3492 4158
3 3486 4064 4066
3 4087 1098 6301
3 6212 1993 6368
3 3917 5858 6230
3 5131 6188 6566
3 4075 4212 5603
3 4119 1330 4524
3 4192 1878 5876
3 4097 669 5121
3 3928 3868 4777
3 4183 3079 5381
3 4050 3382 4508
3 3105 3486 4066
3 6632 3963 6637
3 4418 4417 5948
3 4138 4494 6404
3 1440 1283 5918
3 3486 4072 5915
3 3943 656 6381
3 1476 4075 4211
3 261 3960 6595
3 880 6159 6178
3 3963 4163 6637
3 3993 1336 5950
3 1462 1493 5902
3 2998 4155 4157
3 4449 4451 4455
3 4146 3132 4442
3 3771 3960 6355
3 4417 5945 5948
3 2296 4010 5006
3 4025 4016 4082
3 4172 3981 5605
3 3684 4051 4052
3 3930 6300 6453
3 3596 5098 5431
3 747 3925 6643
3 6208 4647 6214
3 3884 6358 6468
3 4083 2206 4275
3 3776 5596 6083
3 4838 3103 5414
3 2221 3132 5465
3 3970 4362 5969
3 4869 2225 5320
3 3269 5309 5438
3 4404 4239 6575
3 4112 3853 6574
3 3937 3089 6491
3 4831 3103 4838
3 6394 4759 6486
3 4690 3054 6564
3 4372 6463 6493
3 4154 2221 5465
3 6000 3723 6005
3 4321 5922 5933
3 4083 4082 4274
3 692 694 4713
3 1392 6208 6214
3 4983 3580 6204
3 4046 3680 6049
3 3677 3678 4869
3 4118 4120 5364
3 4086 4119 4524
3 4867 4866 4868
3 4155 2998 4244
3 2816 2998 4158
3 3969 1004 6395
3 1539 6000 6005
3 5608 3353 6501
3 6574 3853 6583
3 3868 1477 4777
3 5922 3063 5933
3 1835 988 6081
3 6049 3680 6053
3 636 4580 4581
3 3132 4044 5465
3 1336 3993 5963
3 5990 1627 6107
3 4104 5247 6532
3 972 5982 6164
3 6167 3828 6306
3 4011 2296 4713
3 4239 5703 6575
3 3103 4831 5386
3 5967 4619 5981
3 4062 1260 5808
3 1768 3291 4172
3 6172 4364 6184
3 4831 4830 5386
3 2221 4154 4244
3 2431 4148 5544
3 5924 4212 5962
3 6121 3827 6346
3 1968 4778 6041
3 1510 1440 4136
3 3955 3956 4013
3 3853 2763 6583
3 3819 5722 6174
3 5846 4280 6520
3 688 690 5006
3 739 4030 4713
3 1180 232 4514
3 6179 2275 6187
3 6050 3058 6350
3 3804 4042 4915
3 141 10 4078
3 3937 3977 6356
3 4038 5643 6034
3 233 2087 4514
3 2104 6172 6184
3 1644 4054 4146
3 3803 6251 6255
3 3885 6362 6466
3 4193 3586 4194
3 4194 3586 5872
3 4987 3761 5024
3 1102 1104 4211
3 5759 4161 6441
3 6032 5361 6132
3 390 3971 6436
3 739 696 4202
3 6251 1332 6255
3 6401 2945 6470
3 5409 4156 6527
3 6096 4110 6168
3 5024 3761 5170
3 6348 4331 6361
3 4016 4014 4082
3 1780 1778 4187
3 3621 6323 6447
3 698 2029 4202
3 5910 5388 5919
3 4830 3114 5386
3 4118 5364 5833
3 5170 2368 5178
3 4031 4032 4495
3 6153 4405 6160
3 5024 5170 5178
3 3739 4967 6192
3 3014 5090 6171
3 3941 4087 6301
3 1076 3932 6533
3 4077 3964 6556
3 4237 4238 4239
3 1778 1890 4187
3 6059 3469 6097
3 3877 3876 6608
3 4369 5943 6080
3 3114 4830 4832
3 3543 4978 5970
3 636 4581 4582
3 4001 5010 6614
3 1465 5967 5981
3 4539 5708 5868
3 4148 2431 4149
3 4452 2805 4453
3 1265 1264 4325
3 733 6348 6361
3 3953 2162 6431
3 4517 4516 6036
3 4058 3577 5913
3 6437 4181 6450
3 3684 4052 4053
3 6088 4548 6119
3 4154 4155 4244
3 1177 6153 6160
3 4305 5440 5949
3 4495 2831 5570
3 3678 4867 4869
3 1590 5965 6653
3 4128 5714 6401
3 4977 173 4978
3 174 1073 4978
3 5986 1836 6296
3 4664 3536 6136
3 6036 4516 6038
3 3114 4832 5374
3 6061 4545 6073
3 2088 6088 6119
3 4110 4111 6168
3 4015 4014 4016
3 3645 3154 4131
3 4077 1066 4105
3 3645 4131 4132
3 3648 4092 5850
3 702 704 4123
3 4402 3467 6066
3 4062 5808 6147
3 4470 4471 5840
3 4832 4833 5374
3 3971 390 6535
3 704 732 4123
3 6033 2958 6037
3 4086 4116 4119
3 3154 3153 4133
3 4508 1584 5888
3 3989 2126 6185
3 1847 4015 4126
3 4079 5016 6543
3 4413 5944 5946
3 4131 3154 4133
3 5611 6166 6275
3 4068 1557 5758
3 865 6061 6073
3 4119 4118 5833
3 5944 3072 5946
3 2880 6023 6035
3 4122 4121 5939
3 4735 5549 6078
3 4013 3956 4014
3 760 4418 5948
3 4466 2985 6161
3 3536 4664 6125
3 3797 6033 6037
3 3478 5943 5952
3 4136 1440 5918
3 2939 6349 6480
3 2527 4009 4142
3 3580 4983 6389
3 3467 4402 6079
3 4075 1476 4212
3 3123 4833 4835
3 3986 766 6527
3 3105 4066 4148
3 4067 2329 5736
3 4134 5708 5958
3 2313 2375 4115
3 4427 4429 5883
3 3944 6269 6513
3 3031 5031 5596
3 3322 3320 5368
3 6273 2201 6512
3 4092 2865 5850
3 3672 3594 6455
3 4174 2997 5709
3 5862 5379 6622
3 3900 3897 4810
3 3897 3896 4810
3 3692 4471 4473
3 1994 5427 5562
3 4833 3123 5374
3 4075 3995 4211
3 3323 3452 5368
3 3692 4473 5476
3 4161 5759 6603
3 3438 3478 5952
3 1272 1274 5879
3 4029 6191 6353
3 2702 4408 6141
3 6045 3941 6105
3 3605 4090 4147
3 6015 4437 6029
3 3065 4172 4173
3 1674 4235 6107
3 1890 4186 4187
3 4362 2231 6569
3 1644 4146 4442
3 3996 4183 5381
3 4529 4530 6013
3 5247 4104 6514
3 3919 6050 6350
3 2102 6015 6029
3 3346 3980 6630
3 2315 2313 4115
3 977 5379 5862
3 1571 1573 4159
3 4085 2315 4115
3 4489 3505 6089
3 4046 1711 6039
3 1830 4704 5678
3 6013 4530 6020
3 4336 2352 6308
3 2597 4430 5554
3 3505 4489 6100
3 1082 4385 6220
3 4010 3079 4183
3 2794 2480 6233
3 2315 4085 4147
3 2117 2832 6194
3 5736 2242 5932
3 5931 4487 5941
3 5921 4612 5937
3 3984 3983 3985
3 1890 4127 4186
3 5399 5398 5427
3 2211 2362 4358
3 4032 739 4202
3 6147 5671 6206
3 128 1914 4129
3 5726 1676 5929
3 3253 3251 4540
3 4322 4321 5940
3 133 1050 5779
3 4148 4066 5544
3 133 8 1050
3 4319 3063 5922
3 5964 4433 5983
3 4160 2997 4371
3 3729 5679 6109
3 4365 3672 6455
3 2213 2211 4358
3 4321 5933 5940
3 4496 4203 6196
3 4074 1887 5731
3 2171 2207 6294
3 3253 4540 4541
3 4064 3486 5915
3 1311 5921 5937
3 4978 1073 5970
3 4025 4082 4083
3 3793 6347 6357
3 3257 4539 4540
3 2939 6202 6349
3 4835 4836 5344
3 3123 4835 5344
3 1786 1784 4194
3 3077 5931 5941
3 6459 5120 6482
3 1317 4278 5801
3 3100 3580 6389
3 127 128 4129
3 3251 3257 4540
3 4080 3723 5998
3 3143 3315 4703
3 4109 762 4110
3 2296 692 4713
3 4137 2213 4357
3 2597 4428 4430
3 4577 3535 6138
3 5309 2032 5438
3 5965 1590 6516
3 1784 1878 4194
3 4471 3692 5840
3 4539 3257 5708
3 2534 3661 4179
3 4357 2213 4358
3 4304 2329 5999
3 5030 3031 6627
3 3495 3984 4035
3 6041 4778 6304
3 3269 4133 5309
3 4867 5995 6074
3 694 739 4713
3 4836 3130 5344
3 4003 6176 6186
3 5998 3723 6000
3 4680 6011 6055
3 3098 4212 5924
3 4565 5493 6602
3 4086 4115 4116
3 2111 6032 6132
3 4637 3507 6118
3 3130 4836 4847
3 2997 4160 5709
3 2527 1102 4211
3 126 762 4109
3 3063 4319 5923
3 3507 4637 6123
3 862 5964 5983
3 3126 5705 5819
3 1711 4046 6049
3 4107 3786 6243
3 1050 2928 5779
3 2985 4466 6364
3 609 3964 6426
3 4090 3605 4200
3 6324 1937 6339
3 4113 2685 5830
3 4704 4703 5678
3 3044 3128 4091
3 4125 1925 4507
3 4029 1994 6191
3 684 4058 5913
3 4071 4158 6445
3 5309 4134 5958
3 3535 4577 6142
3 6243 3786 6248
3 4869 4867 6074
3 1104 1476 4211
3 2213 4137 5273
3 4200 3652 5057
3 761 688 5006
3 672 3991 5930
3 5708 4134 5868
3 6066 3467 6253
3 4794 3509 6131
3 4185 5410 5640
3 6319 5357 6329
3 1921 4056 5982
3 3090 3952 6441
3 1050 8 2926
3 245 246 4339
3 690 2296 5006
3 3786 3787 6248
3 5775 4705 5882
3 5903 4475 5914
3 3939 3940 3941
3 6176 1516 6186
3 3065 3044 4091
3 6321 3179 6335
3 4699 3144 4701
3 7 125 3615
3 3449 5361 6008
3 4187 3588 5876
3 3509 4794 6134
3 4701 3144 4702
3 5352 4439 6216
3 2828 4177 4178
3 1185 1187 4633
3 4139 1932 4140
3 3084 4289 4863
3 2828 4178 4180
3 5887 4130 5892
3 1573 1834 4159
3 5934 4444 5954
3 1952 4838 5924
3 3645 5887 5892
3 2431 1265 4325
3 4160 4371 5862
3 4149 2431 4325
3 4345 3438 5952
3 2685 1902 5830
3 4045 747 4339
3 2087 4071 4514
3 3382 4125 4508
3 3424 5903 5914
3 1588 6232 6286
3 3116 3118 4306
3 1264 1272 4325
3 4050 4508 5888
3 4441 5338 5718
3 5889 2370 5939
3 4127 1890 4512
3 5016 4079 6404
3 5410 2115 5640
3 4517 1604 6027
3 3130 4847 5334
3 4847 4846 5334
3 3604 3605 4147
3 2103 5934 5954
3 6011 3441 6055
3 6311 3808 6330
3 2831 4495 4496
3 3753 5910 5919
3 1887 4074 5749
3 2000 4000 6344
3 1834 4098 4159
3 4030 4011 4713
3 979 4141 4591
3 5745 1900 5825
3 4514 4071 6445
3 4123 4122 4124
3 2258 3120 5770
3 4414 4413 5947
3 3146 4523 4745
3 4115 2375 4116
3 5705 3435 5819
3 3258 3254 4787
3 4378 4377 6181
3 3253 4541 4787
3 3928 4490 5984
3 4137 4190 5273
3 1686 1350 4275
3 4197 5052 5053
3 4377 6180 6181
3 1923 4233 6585
3 974 969 4592
3 4871 4424 5417
3 4413 5946 5947
3 4705 4704 5882
3 4322 3072 5944
3 1887 5728 5731
3 3874 3737 4150
3 3921 4744 6318
3 4430 3316 5554
3 962 958 4632
3 5004 5404 6106
3 1557 1500 5758
3 4098 1834 4306
3 4008 743 6257
3 4429 2108 5883
3 5440 3360 5949
3 4846 3147 5334
3 4196 2765 5052
3 4185 1534 5338
3 3139 3142 4697
3 4826 4825 6070
3 4618 4619 5957
3 6068 4826 6070
3 3142 4143 4697
3 1294 3648 4171
3 4097 5121 6599
3 14 6205 6327
3 1330 4119 5833
3 1649 1174 5959
3 4069 4068 5758
3 319 320 4586
3 1295 1294 4171
3 1604 4517 6036
3 4613 4612 5900
3 5728 4099 5731
3 3147 4846 4848
3 4085 3604 4147
3 5965 3615 6226
3 3867 3868 3880
3 3438 4345 5968
3 4398 3099 4722
3 6278 3659 6283
3 4613 1276 5885
3 4819 4820 5768
3 70 4 630
3 4223 1317 5801
3 4159 4099 5727
3 6065 3747 6101
3 3622 4241 4272
3 3108 4144 4190
3 2828 2534 4179
3 3964 609 6556
3 3573 4676 6018
3 4124 5939 6224
3 4197 4196 5052
3 4490 634 5984
3 4141 979 4592
3 4443 4444 5911
3 4166 1067 6163
3 4133 3153 4134
3 3141 3144 4699
3 1640 4349 5725
3 4360 2685 5969
3 4276 1649 5959
3 2838 3815 4222
3 4579 1059 5226
3 3742 3529 4404
3 5957 4619 5967
3 632 189 4870
3 4503 4502 6175
3 4343 3449 4745
3 3144 3143 4703
3 5726 4069 5758
3 4100 1078 4101
3 3610 4076 6001
3 1925 4125 4509
3 3777 6173 6345
3 4137 3108 4190
3 4428 2597 4633
3 1577 1579 4210
3 1536 4969 5802
3 1645 4981 5799
3 3529 3528 4404
3 6175 4502 6182
3 4144 3106 4190
3 4263 3790 6222
3 1534 4185 5640
3 4258 3293 5044
3 1932 4139 4592
3 3147 4848 5311
3 4146 4054 5439
3 2741 4036 4037
3 4150 3737 4151
3 4325 1272 5879
3 4125 4507 4508
3 4044 4146 5439
3 3950 6260 6307
3 2353 2204 4244
3 4529 1539 6005
3 4140 1932 4632
3 4474 4475 5891
3 3605 3652 4200
3 4601 4613 5885
3 4257 3293 4258
3 320 4583 4586
3 4848 4849 5311
3 4067 5736 5932
3 4171 3648 5850
3 3815 4221 4222
3 4355 1744 5692
3 5727 4099 5728
3 5596 5031 6083
3 5003 5004 6225
3 4143 3142 4698
3 3072 4322 5940
3 320 321 4583
3 2277 4768 5956
3 1069 4049 6229
3 1949 4586 4587
3 1985 141 4078
3 4851 4785 5729
3 3633 4622 5600
3 4257 2273 5437
3 2821 5881 5915
3 4167 3581 4169
3 2875 2315 4147
3 747 245 4339
3 4090 2875 4147
3 246 1956 4339
3 70 630 4153
3 4289 4288 4863
3 5685 4254 5909
3 4640 5259 5873
3 3106 4144 4191
3 762 127 4129
3 5900 4612 5921
3 4763 4758 4765
3 2597 1185 4633
3 3120 4204 5770
3 3625 4306 5583
3 2126 3989 6406
3 5052 4494 5053
3 4350 4349 5769
3 3100 6389 6522
3 3118 4098 4306
3 4520 4871 5417
3 5338 1534 5718
3 2831 4496 5878
3 4354 4355 5692
3 1350 1649 4275
3 4622 3239 5600
3 2998 4157 4158
3 4497 4498 5863
3 1283 1284 5918
3 4080 1465 5981
3 2158 2765 5617
3 4486 4487 5928
3 4015 4016 4017
3 1949 319 4586
3 3449 4343 5361
3 4236 5990 6107
3 5559 2939 6480
3 190 191 5751
3 3449 3146 4745
3 3284 3282 4509
3 3293 4257 5437
3 4358 2362 6105
3 4081 4620 4639
3 4523 2577 4745
3 4079 4078 4138
3 3263 3720 4667
3 2206 4274 4284
3 630 4 640
3 4849 3102 5311
3 1187 1829 4633
3 5982 4056 6164
3 4291 87 6438
3 4475 3421 5891
3 4235 4236 6107
3 4069 5726 5929
3 1539 4529 6013
3 2765 4196 5617
3 5388 3054 5919
3 3286 3287 3548
3 3790 4243 6217
3 1063 4743 4744
3 3344 3586 4193
3 76 4004 6425
3 4667 3720 4969
3 2347 2997 4174
3 2017 4200 5057
3 4591 4141 4787
3 3972 3928 5984
3 649 647 4894
3 4756 2802 6272
3 4250 4248 6010
3 3625 3116 4306
3 5928 4487 5931
3 4206 4127 4512
3 4179 3661 5745
3 3975 1929 6363
3 4757 4758 4763
3 2206 1686 4275
3 3959 6324 6339
3 1747 1568 4304
3 5943 3478 6080
3 3998 3999 6299
3 1777 1778 1779
3 979 974 4592
3 3286 3285 3287
3 4424 4786 5417
3 2113 4294 5574
3 3508 2807 4180
3 2418 4625 5804
3 4467 635 4570
3 608 4757 4763
3 2918 4162 5812
3 3767 3768 3875
3 1985 4078 4079
3 2758 4395 4396
3 1579 1652 4210
3 4105 1066 4106
3 4703 3315 5678
3 3254 3253 4787
3 308 309 4743
3 3338 3588 4186
3 5681 4901 5832
3 2878 2759 4953
3 969 1932 4592
3 2918 4470 5840
3 3127 2382 4962
3 3851 4150 4151
3 4014 3956 4082
3 3137 3139 4697
3 2339 4390 4391
3 636 4582 4583
3 3102 4849 4851
3 1932 962 4632
3 4289 3084 5627
3 2347 4174 4634
3 4141 3258 4787
3 3851 4151 4316
3 4444 859 5911
3 958 960 4632
3 3586 3346 6630
3 4868 4866 4870
3 4245 4246 4298
3 1571 4159 5727
3 2329 1564 5736
3 4350 5769 5798
3 4186 3588 4187
3 3028 3298 4399
3 6082 2272 6113
3 4498 3410 5863
3 4309 4894 4895
3 3878 3280 4468
3 4410 5084 6269
3 4553 4554 6146
3 4526 4527 5814
3 4349 4346 5725
3 4786 1829 5417
3 1276 5877 5885
3 2118 2066 4394
3 2179 2347 4634
3 4255 2273 4257
3 4633 1829 4786
3 2106 1976 4589
3 4531 3804 6305
3 3517 4252 4259
3 2807 2828 4180
3 1063 308 4743
3 3767 3766 3768
3 5612 3193 5774
3 3142 3141 4699
3 4342 2577 4459
3 4504 4555 4678
3 4179 5745 5825
3 4550 4552 4553
3 4188 2193 4189
3 2998 2353 4244
3 4452 4453 4454
3 4555 2736 4678
3 4397 4398 4722
3 4168 1652 4469
3 4820 2333 5768
3 1775 1776 1777
3 3291 1747 4304
3 3085 3000 3086
3 2765 2160 4493
3 2204 2221 4244
3 4210 3625 5583
3 3548 3287 3587
3 3283 3285 3286
3 1652 4168 4210
3 4990 4991 5705
3 4414 3077 5941
3 4866 632 4870
3 4695 4694 6281
3 321 636 4583
3 3089 3088 3553
3 2758 2289 4395
3 3634 4976 5205
3 4351 3799 6254
3 2582 4340 4459
3 4784 3127 4962
3 3861 3028 4399
3 4125 3284 4509
3 4184 3170 4662
3 4649 4651 4654
3 2852 4976 5450
3 4618 1311 5937
3 5671 2673 6206
3 2122 2918 5812
3 4220 2850 4992
3 3356 5642 5796
3 4654 4653 6231
3 4055 4366 4367
3 189 190 4870
3 1783 2193 4188
3 3086 3087 3088
3 3646 4791 5494
3 3066 3843 4370
3 1776 1774 4512
3 4806 4807 5646
3 1465 4080 5998
3 2339 4391 4395
3 3548 3587 3819
3 2577 4342 4745
3 4541 4591 4787
3 4063 638 5907
3 4976 3634 5450
3 3952 3810 6441
3 3768 3989 4128
3 3626 4174 5709
3 3526 4245 4298
3 4025 4083 4084
3 4177 2828 4179
3 3641 4273 5647
3 3336 3338 4186
3 3790 6217 6222
3 4329 4332 4333
3 3392 4074 5731
3 608 299 4761
3 2367 4175 5844
3 4744 4742 6318
3 2073 68 4182
3 635 4467 4875
3 1537 5859 5936
3 3592 5383 6434
3 4338 1572 5752
3 4757 608 4761
3 4527 3390 5814
3 4330 3614 4957
3 3850 4316 4317
3 4355 4356 5790
3 3155 4220 4992
3 3704 4338 5752
3 3283 3284 3285
3 1779 1780 1781
3 6198 3504 6200
3 3830 6319 6329
3 4010 4183 5006
3 1777 1776 1778
3 6281 4694 6285
3 309 4741 4743
3 3581 3081 4169
3 4441 3170 5338
3 2849 3626 5687
3 4807 1417 5646
3 2273 4255 4400
3 1689 1556 1753
3 647 1822 4894
3 3285 3382 4152
3 702 4123 5837
3 4241 781 4272
3 6254 3799 6259
3 5443 2064 5553
3 4532 4533 5740
3 1460 1295 4171
3 4294 4293 5574
3 4469 4574 5428
3 3086 3088 3089
3 4340 4342 4459
3 2405 2978 4332
3 5074 6212 6368
3 1317 1306 4278
3 3508 4180 4181
3 3967 3581 4167
3 1890 1776 4512
3 2632 2736 4551
3 3093 4277 5542
3 960 994 5778
3 1309 1281 4303
3 2813 2432 3081
3 4622 2849 5660
3 4277 4242 5542
3 4493 4494 5052
3 2407 2405 4332
3 1783 1785 2193
3 4375 4381 4382
3 4390 2339 4394
3 5361 1152 6008
3 1676 4288 4289
3 4175 3716 5844
3 4843 6321 6335
3 2222 2157 2432
3 6146 4554 6159
3 2684 2685 4360
3 3716 5835 5844
3 4550 4551 4552
3 4981 3628 5799
3 6231 4653 6235
3 4224 3860 4225
3 1753 1754 1801
3 3768 3766 3989
3 1676 1506 4288
3 2758 4396 4953
3 5881 4092 5915
3 5367 5961 5978
3 4782 3127 4784
3 1779 1778 1780
3 2085 4812 4813
3 2339 2118 4394
3 4192 3342 4193
3 4309 4307 4893
3 3850 3851 4316
3 1171 1150 4213
3 3646 3188 4791
3 2085 4813 4814
3 3898 4812 5614
3 4506 4191 5181
3 69 70 4153
3 3398 5507 5735
3 126 127 762
3 2374 2999 3000
3 1538 4788 4789
3 4207 1287 4209
3 1801 1802 2157
3 1976 1977 4589
3 5714 4128 6396
3 2838 4222 5698
3 4702 3144 4703
3 2702 4070 6130
3 1753 1556 1754
3 3342 3344 4193
3 4195 4788 5324
3 4601 4610 4613
3 1977 3634 4588
3 1910 2179 4634
3 1977 4588 4589
3 2374 3000 3085
3 4191 4144 5181
3 4590 4591 5521
3 3632 3126 5819
3 2289 2339 4395
3 2659 2738 4380
3 1570 1568 1747
3 3419 3627 4366
3 4893 649 4894
3 4863 4286 5620
3 5318 3232 5449
3 77 78 1060
3 5636 2076 5659
3 1555 1460 1556
3 1300 6223 6290
3 2152 2691 4616
3 1826 1919 4285
3 4366 3627 4367
3 3340 3342 4192
3 309 310 4741
3 2594 2755 4650
3 4533 3372 5740
3 4588 3634 5205
3 3684 4053 5663
3 3908 4440 4816
3 2630 2632 4551
3 4656 2847 5738
3 4601 4609 4610
3 4620 2691 4639
3 2382 2384 4962
3 3285 3284 3382
3 3189 4774 4790
3 3081 3113 3558
3 5687 3626 5709
3 3283 3282 3284
3 5695 1640 5725
3 1306 1406 4278
3 4615 4617 4618
3 3524 3526 4297
3 797 1334 4251
3 4807 5636 5659
3 3128 1912 4240
3 1913 3622 4272
3 777 1913 4272
3 3156 4522 5363
3 4317 3643 5333
3 2059 2061 4635
3 4969 3720 5802
3 3637 4090 5697
3 4349 1640 5769
3 1538 4789 5058
3 3155 4214 4220
3 4039 1097 6561
3 4021 4028 4247
3 2940 2762 5016
3 58 660 4232
3 4139 4141 4592
3 2813 3081 3581
3 4788 1538 5324
3 2865 4092 5881
3 3081 3558 4169
3 4375 4380 4381
3 2222 2432 2813
3 4513 4642 4989
3 69 4153 4182
3 5978 3440 5987
3 4129 1914 6135
3 3084 4863 5620
3 3018 3860 4224
3 3571 2878 4953
3 4499 4379 4500
3 1904 3300 4206
3 4307 659 4893
3 3102 4851 5729
3 5471 999 5520
3 4116 2375 4117
3 2207 1920 4264
3 4616 2691 4617
3 6023 3784 6035
3 4273 3210 5647
3 3487 6116 6124
3 2847 4218 5738
3 2759 2758 4953
3 4219 1333 4907
3 3287 3285 4152
3 342 639 4456
3 3052 4335 4726
3 3880 3868 3927
3 4195 2071 4594
3 2774 4330 4957
3 4479 4480 4481
3 4127 3336 4186
3 4081 4639 4980
3 1576 1584 4507
3 4552 2736 4555
3 4608 4818 5568
3 3280 3282 3283
3 4447 4456 4457
3 4110 762 4111
3 750 759 5444
3 742 750 4323
3 4649 4650 4651
3 3706 5541 5717
3 1570 1747 1748
3 4297 3526 4298
3 1824 1826 4285
3 4873 1367 4909
3 3646 5471 5520
3 2071 4195 5324
3 1758 2206 4284
3 4168 4469 5428
3 352 617 4568
3 4591 4541 5521
3 3607 6277 6279
3 2639 3556 4265
3 4870 190 5751
3 3588 3340 4192
3 1281 1287 4303
3 347 635 4875
3 2064 5552 5553
3 5806 2309 5889
3 1801 2157 2222
3 4394 5443 5553
3 2435 2838 5698
3 1568 1566 4304
3 5471 3646 5494
3 1333 4219 4906
3 4432 4434 4435
3 3525 3523 4403
3 5660 2849 5687
3 2280 3790 4263
3 2242 1560 4253
3 1801 1754 1802
3 4201 1946 4261
3 3338 3340 3588
3 4279 1926 4280
3 3334 4127 4206
3 3421 5880 5891
3 1278 1529 4682
3 4352 4652 5142
3 4659 4795 5328
3 1683 4230 4324
3 4551 2736 4552
3 5259 1589 5873
3 1914 129 4299
3 4245 4135 4246
3 4906 4882 5564
3 3775 5862 6622
3 3336 3337 3338
3 4380 2738 4381
3 4214 3155 4484
3 2393 2986 4480
3 1287 4207 4303
3 4520 2853 4871
3 4220 3633 5600
3 3553 3088 4161
3 1577 4210 5583
3 4332 2978 4333
3 1764 1910 5557
3 4176 2076 5636
3 3642 4686 4687
3 1653 1916 4282
3 3773 5587 5720
3 4822 3550 5683
3 4795 1149 5328
3 2531 2905 4434
3 2395 2393 4480
3 3520 3521 3522
3 5515 2985 6364
3 1270 1269 1294
3 3520 3519 3521
3 4037 4036 4038
3 4966 3688 5639
3 1801 2222 4199
3 4323 750 5444
3 4567 4568 4569
3 2657 2659 4380
3 4655 4647 6201
3 4456 639 4457
3 4493 2940 4494
3 3185 3182 4792
3 3282 4491 4509
3 3334 3335 3336
3 5529 1159 6267
3 4594 2071 5278
3 4812 2085 5614
3 803 1032 4492
3 4671 4482 5419
3 4522 4213 5363
3 3524 3525 3526
3 3528 3525 4403
3 1787 1789 1929
3 4650 2755 4651
3 1727 5109 6432
3 2684 1902 2685
3 4130 1284 5892
3 4615 4616 4617
3 5529 6267 6274
3 4215 2582 4641
3 3941 3940 4087
3 3338 3339 3340
3 3584 5856 5870
3 3571 4953 4954
3 3522 3523 3524
3 239 1946 4260
3 2571 2577 4523
3 3850 4317 5333
3 3511 3419 4366
3 4394 2066 5443
3 1772 1774 1775
3 2509 2511 4808
3 4279 4280 4281
3 4458 4460 4461
3 4610 4612 4613
3 2718 3051 4518
3 1193 1201 4521
3 1775 1774 1776
3 4034 1835 6081
3 3522 3521 3523
3 2064 4635 5552
3 3526 3525 3527
3 3442 4709 5056
3 3077 4414 5947
3 4873 4594 5278
3 4499 2651 5356
3 782 781 783
3 4544 4436 4952
3 3106 4191 5048
3 784 783 785
3 4100 4101 4102
3 3086 3000 3087
3 4282 1916 4283
3 4767 1065 4985
3 3170 4184 5338
3 4335 3052 5236
3 4483 4334 5475
3 3052 2340 5236
3 1748 1747 1768
3 3643 4317 4668
3 3642 4687 5397
3 3170 2563 4662
3 3188 3189 4791
3 4151 4685 5284
3 3189 4790 4791
3 1287 1171 4213
3 3643 4668 4712
3 4230 1683 4323
3 3066 4370 5290
3 2582 4215 4340
3 1191 1193 4521
3 1365 1544 4909
3 4491 3276 4706
3 3519 3517 4259
3 3524 3523 3525
3 2592 2594 4650
3 2980 4483 5475
3 299 300 4761
3 3792 980 6075
3 4818 3358 5568
3 4288 4287 4863
3 1569 1568 1570
3 1866 1758 4284
3 618 4737 4738
3 2987 4671 5419
3 1032 801 4217
3 329 1926 4279
3 3156 4917 5638
3 3099 1308 4722
3 1683 742 4323
3 3232 4948 5449
3 1781 1782 1783
3 5859 1537 5867
3 4785 4851 4852
3 843 4401 4711
3 1920 1889 4264
3 2429 2531 4434
3 1523 4286 4287
3 4217 799 4251
3 2555 3308 4661
3 4191 4505 5048
3 1898 1838 4363
3 2774 2411 4326
3 2214 1898 4363
3 5012 4715 5530
3 5681 3637 5697
3 4017 4016 4018
3 1824 1769 1825
3 737 2369 4397
3 1406 4270 4278
3 1291 4318 4320
3 4642 2444 4989
3 1498 1557 4301
3 2585 3131 4641
3 3747 3657 5615
3 777 775 1308
3 3518 3519 3520
3 1333 4906 5564
3 3081 2432 3113
3 1759 1893 5436
3 3304 3333 3334
3 1253 1252 1254
3 1781 1783 4188
3 4568 617 4569
3 4600 2138 4609
3 4209 1287 4213
3 1748 1768 1769
3 3527 3529 3532
3 5057 3652 5573
3 3051 4046 4518
3 3334 3336 4127
3 3532 4135 4245
3 1780 4187 5876
3 3344 3346 3586
3 4274 3576 4284
3 4234 4235 4237
3 4709 2041 5056
3 4034 4415 4416
3 618 311 4737
3 4310 771 5063
3 4292 2041 4709
3 4019 4021 4247
3 6048 3760 6054
3 3675 3767 4290
3 2847 2258 5770
3 4774 3189 4792
3 1952 4837 4838
3 2625 2323 2840
3 3607 3608 6277
3 1775 1777 2126
3 3558 3113 3800
3 3532 3533 3590
3 4314 4312 4315
3 1795 1797 4269
3 1921 4311 4314
3 4601 4600 4609
3 2064 2059 4635
3 4267 3674 4268
3 3802 2926 3862
3 3161 4892 5501
3 4278 4277 5801
3 4510 4491 4706
3 4521 4520 5589
3 4430 4427 5883
3 1637 1653 4282
3 3636 2852 5450
3 1406 1513 4270
3 4048 3111 4357
3 3405 3979 4243
3 4549 2630 4551
3 3644 4575 4970
3 1308 775 4722
3 1544 4885 4909
3 777 1308 1913
3 1921 849 4311
3 351 352 4568
3 2076 4176 5628
3 1904 4206 4512
3 4200 2017 5697
3 2619 2630 4549
3 3648 4064 4092
3 4776 2550 5514
3 1824 1825 1826
3 1274 1317 5879
3 1209 4686 5382
3 4151 3737 4685
3 3760 3761 6054
3 776 775 777
3 5063 1984 5252
3 3608 6274 6277
3 771 4310 5348
3 4434 2905 4435
3 4504 4678 5289
3 3515 3785 4252
3 4294 5695 5725
3 618 4738 4739
3 2350 2352 4336
3 1791 1793 1798
3 3639 3641 4324
3 4698 3142 4699
3 4440 4691 4816
3 4048 4357 4358
3 4310 5063 5252
3 4583 4582 4584
3 4070 2702 6141
3 2774 4326 4327
3 1254 1255 1256
3 1582 1580 4510
3 1367 4873 5278
3 2338 3066 5290
3 2599 2602 4242
3 4505 4191 4506
3 1598 1818 4286
3 1458 1295 1460
3 2157 1802 2158
3 1529 4322 4682
3 2696 3491 4411
3 300 301 5511
3 3518 3517 3519
3 1256 1257 1258
3 773 4397 4722
3 3440 3439 5987
3 4379 4499 5356
3 2379 857 4344
3 3308 3309 4354
3 4397 2369 4398
3 2557 2554 5179
3 4520 5417 5589
3 1555 1556 1689
3 4507 1584 4508
3 3595 3674 4267
3 1910 4634 5557
3 660 59 4205
3 4303 3636 5457
3 3657 4219 5673
3 2242 4253 5685
3 341 342 4456
3 876 4359 4369
3 2840 4226 4227
3 2331 4659 5328
3 876 863 4359
3 1864 1863 2323
3 4445 1938 4446
3 881 878 4400
3 1762 1246 4369
3 1506 1518 4288
3 1181 1160 4484
3 1775 2126 4198
3 3112 3015 3890
3 4311 4312 4314
3 4833 4834 4835
3 1268 1267 1269
3 4876 3651 5458
3 3239 4622 5660
3 128 129 1914
3 1772 1775 4198
3 781 778 4272
3 2411 2409 4326
3 3569 4265 4266
3 1518 4287 4288
3 5790 4356 5834
3 2372 2373 2374
3 4017 4018 4019
3 913 911 4907
3 786 785 787
3 3300 3304 4206
3 4328 2974 4329
3 1041 4561 4562
3 3321 3319 4293
3 799 797 4251
3 3722 5612 5774
3 4639 2237 4980
3 1951 4847 5211
3 3132 1922 4442
3 3636 5450 5457
3 2731 3015 3112
3 4408 2973 4409
3 3336 3335 3337
3 1333 913 4907
3 1108 1161 4559
3 803 801 1032
3 4034 3095 4415
3 6048 3473 6056
3 4685 1873 5284
3 4790 1541 4791
3 2853 2424 5490
3 4318 1516 4319
3 4480 2986 4481
3 3608 5529 6274
3 1963 1959 4506
3 3502 3501 3962
3 3088 3090 4161
3 3849 4605 4606
3 2987 4670 4671
3 878 2273 4400
3 4790 4773 5454
3 3334 3333 3335
3 780 778 781
3 4469 3654 4574
3 1889 4263 4264
3 3526 3527 4245
3 4230 3639 4324
3 3532 3529 3533
3 3675 3765 3766
3 2913 3413 4819
3 3304 3334 4206
3 1864 2323 2625
3 4644 2752 4645
3 1294 1455 3648
3 4309 4893 4894
3 631 4279 4281
3 4183 761 5006
3 4239 4238 5703
3 3161 4890 4891
3 3587 3287 5754
3 4853 997 4854
3 1311 4618 5957
3 1251 1250 1252
3 2517 4805 4806
3 125 126 4109
3 1720 1771 4365
3 4213 1150 5363
3 3327 3375 4346
3 2842 3448 4305
3 4024 4019 4247
3 3949 3947 5561
3 3794 4573 5593
3 3532 3590 4135
3 1922 1749 4442
3 1823 1769 1824
3 1888 2280 4263
3 983 919 5169
3 1256 1261 4240
3 1818 1765 1863
3 2830 4271 4727
3 4892 3313 5501
3 4948 3232 5237
3 1239 1531 4621
3 3538 4645 4655
3 4306 1834 5583
3 237 238 3055
3 2061 2344 4635
3 4234 3531 4235
3 1122 1509 4834
3 2321 2940 4493
3 2588 2752 4644
3 1923 57 4232
3 1256 1258 1261
3 3340 3341 3342
3 1753 1801 4199
3 324 1059 4579
3 1566 1564 2329
3 200 1821 4560
3 640 4 3866
3 2488 4353 5466
3 2052 2054 4814
3 3338 3337 3339
3 4530 3070 4597
3 2697 2973 4408
3 4626 4628 4669
3 1826 1825 1888
3 4295 2344 4681
3 202 203 3610
3 2344 4295 4383
3 2158 2160 2765
3 3955 3576 3956
3 3927 3868 3928
3 4678 2644 5289
3 2148 2152 4616
3 4017 4019 4024
3 1826 1888 1889
3 1781 1780 1782
3 2170 1920 2171
3 4024 4247 4248
3 3055 238 4260
3 4354 3779 4355
3 3867 3880 3881
3 4573 2189 5593
3 4361 4360 4362
3 2936 2935 3501
3 5573 3652 5584
3 4458 639 4460
3 3410 5849 5863
3 815 997 4853
3 3515 3514 3785
3 2271 4876 5458
3 2284 2677 2935
3 1560 1558 4253
3 1523 1597 1598
3 4172 3291 4173
3 2905 2533 4952
3 323 4579 4580
3 819 817 4666
3 2054 2085 4814
3 778 777 4272
3 2256 5012 5530
3 2603 3992 6508
3 4326 2974 4328
3 1629 1630 1631
3 3674 3675 4290
3 1868 2233 2372
3 3726 5685 5909
3 1867 4316 5284
3 4021 4026 4028
3 2561 3170 4441
3 1627 1628 1629
3 4847 4836 5211
3 2841 4184 4662
3 1095 1108 4559
3 4584 4582 4585
3 2931 2929 2972
3 4300 2467 5503
3 2774 4327 4330
3 2041 4292 4708
3 1498 1500 1557
3 1827 1824 4285
3 3517 3515 4252
3 4534 5233 6122
3 74 634 4490
3 1808 1637 4282
3 1497 1498 4301
3 2980 2399 4476
3 3111 3109 4357
3 4664 1927 4665
3 3685 2509 4808
3 1041 198 4561
3 3988 3546 4438
3 1293 1516 4318
3 310 618 4741
3 4821 3550 4822
3 1760 1753 4199
3 4617 2691 4620
3 4575 1130 4970
3 1500 1502 5758
3 4316 4151 5284
3 2211 1898 2212
3 2755 2596 5142
3 3189 3185 4792
3 4669 4628 4670
3 1889 1888 4263
3 4674 4714 4715
3 662 659 4307
3 1598 1756 1765
3 4686 3642 5382
3 1919 1889 1920
3 3790 3405 4243
3 3880 3927 6289
3 3521 3531 4234
3 3242 3550 4821
3 4772 4839 4886
3 1556 1460 4170
3 4522 3156 5638
3 2160 2321 4493
3 1523 1598 4286
3 2568 2841 4662
3 2331 5318 5449
3 1246 876 4369
3 3611 3613 3993
3 1582 4510 4706
3 1897 1838 1898
3 785 783 1918
3 4088 1075 6072
3 3131 4215 4641
3 1520 1523 4287
3 4133 4134 5309
3 2212 2214 2284
3 4293 3319 5574
3 4513 4324 4642
3 4576 981 4577
3 340 1938 4445
3 3550 3241 5649
3 4426 4422 4443
3 3306 4776 5514
3 2280 3405 3790
3 6040 3496 6042
3 2639 2637 3556
3 1818 1863 1864
3 3066 3638 3843
3 2922 2990 3611
3 4783 4782 4784
3 1743 2599 4242
3 1244 1278 4682
3 1598 1765 1818
3 859 5898 5911
3 2695 2696 2697
3 3575 2801 3576
3 4342 4343 4745
3 4642 3641 5647
3 4316 1867 4317
3 1774 1904 4512
3 1769 1768 5605
3 1531 4414 4621
3 4416 3612 4417
3 4838 5414 5924
3 2575 2582 4459
3 2918 2124 4470
3 2599 2601 2602
3 3854 3492 4071
3 1913 2763 2764
3 3161 4891 4892
3 774 773 775
3 4391 4393 4395
3 3070 2708 4597
3 4663 1927 4664
3 58 59 660
3 5507 2883 5735
3 2590 2592 4648
3 1631 1632 1633
3 5574 3317 5626
3 1912 1254 4240
3 1687 1759 5436
3 3590 3591 3592
3 3807 4629 4631
3 3882 3425 3883
3 3527 3532 4245
3 3569 2674 4265
3 3112 3890 3891
3 3516 3515 3517
3 1567 1566 1568
3 3601 4643 5538
3 1931 4537 5292
3 4258 5044 5766
3 4373 2657 4380
3 3575 3576 3955
3 1625 1626 1627
3 773 746 4397
3 2996 3579 4371
3 1367 1365 4909
3 1395 1347 4708
3 2980 4476 4477
3 1637 1638 1653
3 2695 2694 2696
3 1688 2853 4519
3 1268 1269 1270
3 2602 2694 2695
3 2517 4806 4808
3 1497 1495 1498
3 2674 2639 4265
3 1913 1308 2763
3 1933 1221 4497
3 1456 1225 4474
3 3993 3613 3994
3 1947 1083 5526
3 2987 4669 4670
3 1309 4303 5457
3 3155 1181 4484
3 1251 1252 1253
3 1270 1294 1295
3 1916 1720 4365
3 3849 3016 4605
3 4659 2331 5449
3 4928 4932 4937
3 4553 4552 4554
3 1520 1522 1523
3 5071 6158 6212
3 1504 1506 1676
3 1289 1291 4320
3 2517 2518 4805
3 4519 2853 4520
3 631 328 4279
3 4668 1725 4712
3 2323 2324 4226
3 1254 1256 4240
3 3675 3766 3767
3 1779 1781 2176
3 4436 2905 4952
3 2511 2517 4808
3 3312 3778 3779
3 2669 3494 3495
3 1635 1636 1637
3 5152 4817 5418
3 3367 2842 4305
3 1558 1033 3124
3 2171 1920 2207
3 1928 1229 4485
3 2907 4542 4543
3 6122 5233 6128
3 2765 4493 5052
3 3182 3181 4792
3 1562 1560 2242
3 4202 2029 4203
3 1254 1252 1255
3 1952 1112 4837
3 1767 1837 1838
3 2554 1722 5179
3 4638 4710 5040
3 1931 4590 5521
3 2974 2407 4332
3 318 1949 4511
3 1518 1520 4287
3 2665 2667 2741
3 3593 3595 4267
3 1633 1634 1635
3 1635 1637 1808
3 4143 4698 5229
3 1458 1460 1555
3 2321 2762 2940
3 3309 3312 4354
3 1493 1495 1497
3 4019 4020 4021
3 3595 3673 3674
3 2815 2415 2922
3 4666 817 4853
3 2764 3853 3888
3 1258 1259 1260
3 1120 1122 4834
3 3513 3514 3515
3 4798 4799 4800
3 335 1061 4676
3 1576 1574 1584
3 2841 2842 3367
3 3308 4354 5692
3 4648 2592 4650
3 2841 2576 2842
3 2318 2991 4631
3 4268 3674 4290
3 3041 2972 3886
3 3521 3519 3531
3 639 343 4460
3 4253 3124 4254
3 1294 1269 1455
3 1099 4966 5639
3 3280 3278 3282
3 1248 1762 4368
3 2414 2413 2415
3 4201 4261 4262
3 2284 2935 2936
3 59 60 4205
3 4834 1509 4835
3 4819 3413 4820
3 1415 1413 4799
3 2655 2657 4373
3 1868 2372 4269
3 4811 4352 5142
3 4563 1945 4564
3 2602 2601 2694
3 350 351 4566
3 4566 351 4568
3 3044 1912 3128
3 3513 3511 3514
3 56 57 1923
3 4733 3565 5017
3 2716 2718 4518
3 327 328 631
3 1584 1574 4338
3 3486 3104 4072
3 4347 4346 4349
3 730 735 4513
3 1347 2041 4708
3 1963 4506 5181
3 3637 5681 5832
3 345 346 4463
3 1471 1217 4526
3 2581 2585 4641
3 785 1918 4841
3 1065 296 4985
3 2399 2397 4476
3 3018 3859 3860
3 2372 2233 2373
3 1064 4749 4750
3 3566 2782 4696
3 2968 2350 4336
3 2412 2411 2413
3 2907 2610 4542
3 140 1985 4607
3 1919 1920 2170
3 1558 3124 4253
3 1653 1654 1720
3 4756 4750 4760
3 4478 2981 4479
3 2568 2576 2841
3 2809 2808 3425
3 783 781 4241
3 3474 2704 4528
3 1936 1213 4532
3 746 737 4397
3 2991 3807 4631
3 1745 1624 4578
3 4415 3612 4416
3 3611 2990 3613
3 2518 2521 4805
3 2176 1781 4188
3 1160 1162 4484
3 4353 3228 5466
3 4936 4926 4937
3 3527 3528 3529
3 1541 4790 5454
3 2922 2415 2990
3 2428 2897 4419
3 1000 1931 5292
3 4234 4237 4403
3 2840 2323 4226
3 4643 2178 5538
3 5642 3396 5796
3 776 777 778
3 4419 2897 4431
3 3064 4517 4596
3 782 783 784
3 1542 1170 4783
3 2442 2960 4574
3 3805 2968 3806
3 4782 4780 5307
3 3087 3000 5662
3 4330 4327 4331
3 4652 2755 5142
3 3312 3779 4354
3 2409 2974 4326
3 2410 2409 2411
3 2092 2094 4890
3 1293 1316 1516
3 3466 3465 3468
3 4883 983 5169
3 4355 3779 4356
3 4871 2853 5490
3 4902 4948 5237
3 624 131 5062
3 1766 1738 1767
3 2990 2415 4957
3 5897 1614 5938
3 4488 1917 4489
3 4324 3641 4642
3 131 132 5062
3 759 771 5444
3 3590 3533 3591
3 2698 2697 2699
3 74 75 634
3 4563 4564 4570
3 4487 1532 4593
3 5721 2130 5780
3 2146 2148 4614
3 4395 4393 4396
3 4449 4448 4450
3 1413 1650 4799
3 4347 4349 4350
3 1629 1631 1674
3 3516 3517 3518
3 3856 6127 6551
3 4287 4286 4863
3 1874 1873 5396
3 3329 3327 4346
3 2846 3108 3109
3 3327 3325 3375
3 3109 4137 4357
3 4734 1062 4735
3 2801 1866 4284
3 4021 4022 4026
3 1170 1176 4783
3 2935 3018 4224
3 5645 3650 5690
3 4739 4738 4740
3 1583 1586 4536
3 4674 4672 4714
3 3127 4782 5307
3 712 714 4525
3 2764 2763 3853
3 4750 4749 4760
3 2816 2353 2998
3 4609 2683 4610
3 1823 1824 1827
3 1033 881 4400
3 1148 1154 4850
3 4457 639 4458
3 801 799 4217
3 821 1927 4663
3 4710 1390 5040
3 3413 3266 4640
3 2676 2674 3569
3 1771 1772 4198
3 3530 3524 4297
3 4446 4447 4448
3 4922 4924 4936
3 784 785 786
3 5495 2957 5504
3 4632 960 5778
3 1838 2188 4363
3 1720 1721 1771
3 3405 3978 3979
3 2922 3612 4415
3 3523 4234 4403
3 1623 1624 1625
3 4727 4271 5336
3 2599 2600 2601
3 311 312 4737
3 659 654 4893
3 3523 3521 4234
3 3927 3928 3972
3 2700 2699 2701
3 4476 2981 4478
3 2408 2407 2409
3 4558 4559 5433
3 1797 1868 4269
3 3118 3119 3391
3 3614 2990 4957
3 1291 1293 4318
3 3016 2769 4605
3 2669 2810 3494
3 1513 1743 4270
3 3241 2671 5625
3 3161 2092 4890
3 3159 4406 5296
3 3392 3488 4074
3 4885 1544 4913
3 2838 3508 3815
3 4911 4913 5222
3 667 194 4571
3 2936 3501 3502
3 1253 1254 1912
3 2418 1012 4625
3 4618 4617 4619
3 1241 1244 4412
3 2374 2373 2999
3 2667 2668 2669
3 4242 2602 5542
3 780 781 782
3 4026 4027 4029
3 4761 300 5511
3 896 899 4887
3 4924 4926 4936
3 4273 5573 5584
3 1737 1736 1738
3 837 1917 4488
3 1631 1630 1632
3 1629 1628 1630
3 1653 1638 1654
3 849 847 4311
3 3888 3853 4112
3 349 1945 4563
3 2980 4477 4483
3 3462 3461 3463
3 2323 1863 2324
3 4198 2126 6406
3 1767 1838 1897
3 3113 2432 5617
3 67 2073 4599
3 4762 608 4763
3 2712 3064 4596
3 1627 1626 1628
3 2663 2664 2665
3 2982 2730 4691
3 3579 4093 4229
3 2659 2661 2738
3 3060 3812 4681
3 1112 1114 4837
3 3342 3343 3344
3 2179 2232 2346
3 1826 1889 1919
3 4344 972 4345
3 1566 2329 4304
3 2340 1819 5236
3 2842 3146 3448
3 5001 5000 5478
3 1496 4830 4831
3 3501 2935 4224
3 1873 4685 5396
3 4801 4993 5406
3 1637 1636 1638
3 4818 4819 5768
3 841 1056 4401
3 3340 3339 3341
3 4440 2982 4691
3 4009 3095 4034
3 4401 1056 4402
3 2406 2405 2407
3 4254 4255 4256
3 1064 302 4749
3 4894 1822 4895
3 4341 4216 4405
3 1508 1033 1558
3 2661 2662 2663
3 1203 1688 4519
3 1931 995 4590
3 1622 1930 4578
3 3329 4346 4347
3 4926 4928 4937
3 2413 2411 2774
3 3979 4060 4061
3 5570 2300 5648
3 2568 2569 2576
3 1689 1753 1760
3 3051 3559 3680
3 1819 1717 5477
3 863 860 4359
3 737 671 2369
3 4255 3124 4400
3 1639 4505 4506
3 2170 2171 2350
3 3464 3463 3465
3 4184 4185 5338
3 3538 4644 4645
3 1653 1720 1916
3 1959 1639 4506
3 857 855 4344
3 2996 3490 3579
3 3674 3673 3675
3 1888 2279 2280
3 4460 1944 4461
3 4896 4873 4909
3 3785 3514 4055
3 2280 2806 3405
3 4546 2908 4547
3 3375 4293 4294
3 4940 4930 5262
3 3577 3111 4047
3 4728 4727 5336
3 2413 2774 4957
3 2559 2561 4441
3 1201 4519 4521
3 1897 1898 2211
3 1523 1522 1597
3 3391 3119 3392
3 4446 1938 4447
3 6128 3545 6133
3 4922 4923 4924
3 5656 2418 5804
3 2997 2996 4371
3 4270 4242 4277
3 1166 1542 4852
3 1618 1746 4595
3 3542 3537 4364
3 6201 4647 6208
3 3460 3461 3462
3 4098 3391 4099
3 1771 1721 1772
3 4047 3111 4048
3 5233 3545 6128
3 4839 4772 5171
3 4851 4850 4852
3 3374 2919 3709
3 2665 2666 2667
3 2697 2696 2973
3 4850 1154 4852
3 1496 4829 4830
3 4463 346 4875
3 1927 819 4666
3 1736 5567 5602
3 2141 1851 4728
3 2819 2845 2846
3 4837 4831 4838
3 2284 2936 5341
3 1783 1784 1785
3 4446 4448 4449
3 4515 2716 4518
3 2561 2563 3170
3 3110 3109 3111
3 3109 3108 4137
3 2404 2403 2405
3 200 201 1821
3 130 624 4299
3 4675 4859 5011
3 4797 1415 4799
3 3718 4876 5537
3 2385 4626 4669
3 4542 2908 4546
3 2825 4042 6382
3 4702 4703 4704
3 4256 4257 4258
3 1635 1634 1636
3 129 130 4299
3 2144 2683 4609
3 3460 3459 3461
3 2981 2395 4480
3 2136 2138 4600
3 4177 3891 4178
3 847 845 982
3 313 1062 4734
3 2212 1898 2214
3 2409 2407 2974
3 2347 2346 2996
3 2435 2807 2838
3 3131 3537 3542
3 4292 4709 5558
3 1984 4406 5252
3 3546 2921 4438
3 1828 6311 6330
3 4227 4226 4228
3 3595 3672 3673
3 2907 4543 4544
3 851 849 1921
3 855 853 972
3 1249 1248 1250
3 1255 1252 5452
3 1235 1239 4621
3 1720 1654 1721
3 847 982 4311
3 1633 1632 1634
3 68 69 4182
3 3394 4901 5218
3 2226 2116 5041
3 666 662 1312
3 3131 2967 3537
3 2626 2625 2627
3 4792 3181 5171
3 1553 1735 1736
3 2484 983 4883
3 1598 1597 1756
3 2350 2171 2352
3 298 608 4762
3 4544 4543 4545
3 2338 3040 3066
3 4665 1927 4666
3 1278 1289 1529
3 324 325 1059
3 2565 2567 2568
3 2402 2401 2403
3 3240 5152 5418
3 828 827 829
3 3116 3117 3118
3 1469 2416 5175
3 2081 2847 4656
3 787 785 4841
3 4556 1095 4559
3 57 58 4232
3 1529 4320 4321
3 3181 4839 5171
3 6055 3441 6063
3 1532 1233 4593
3 2846 2845 3108
3 4184 3367 4185
3 4431 2897 4432
3 5877 4473 5885
3 845 843 4711
3 3325 3321 4293
3 4185 3367 5410
3 1312 4307 4308
3 2659 2660 2661
3 1765 1756 1847
3 292 600 4769
3 1093 1095 4556
3 1913 2764 3622
3 4524 1330 4525
3 3122 3887 4604
3 753 746 773
3 1126 1951 5211
3 1586 1657 4536
3 1337 1957 4679
3 2922 3611 3612
3 2809 3425 3882
3 1581 1583 5270
3 668 4688 4690
3 3466 3468 3469
3 199 4560 4561
3 2862 4872 4896
3 1250 1248 4368
3 919 917 5169
3 860 857 2379
3 2821 4072 6115
3 1249 1250 1251
3 2907 4544 4952
3 67 68 2073
3 4427 4426 4429
3 3579 3490 4093
3 4443 4423 4444
3 661 659 662
3 797 795 1334
3 2204 1922 2221
3 346 347 4875
3 4645 4647 4655
3 4486 3424 5914
3 4420 4419 4423
3 4294 2113 5695
3 1930 1620 4595
3 1050 2926 2927
3 1743 2598 2599
3 4900 2436 4905
3 4526 1933 4527
3 894 896 4887
3 4431 4432 4433
3 1639 1452 4505
3 304 611 4748
3 4019 4018 4020
3 2718 2720 3051
3 2400 2399 2401
3 4308 4307 4309
3 2376 1255 5452
3 1260 1262 1263
3 1978 1980 4638
3 1256 1255 1257
3 3462 3463 3464
3 2211 2212 2362
3 1675 2105 4969
3 2897 2429 4434
3 329 330 1926
3 2430 2428 4419
3 830 829 831
3 1851 1852 4728
3 5503 5013 5622
3 1542 4785 4852
3 4688 4689 4690
3 2657 2658 2659
3 4808 4806 5646
3 2996 2346 3490
3 3066 3040 3638
3 4342 4341 4343
3 3812 4295 4681
3 1276 4613 5900
3 2585 2967 3131
3 4353 5495 5504
3 1052 1020 4731
3 1529 1289 4320
3 4412 1244 4682
3 1496 1116 4829
3 140 141 1985
3 1248 1246 1762
3 2782 2784 4696
3 2405 2403 2978
3 1454 1552 1553
3 1542 4783 4784
3 4470 2678 4471
3 855 972 4344
3 193 667 4677
3 4340 4216 4341
3 4467 4464 4875
3 885 887 4608
3 3083 4693 4694
3 866 863 876
3 3883 3425 3997
3 2487 2484 4883
3 4546 4547 4548
3 2397 2981 4476
3 3576 2801 4284
3 841 839 1056
3 1737 1738 1766
3 1749 1643 4442
3 3064 4515 4516
3 3464 3465 3466
3 3118 3117 3119
3 1553 1736 1737
3 4116 4117 4118
3 1897 2213 5273
3 1498 1499 1500
3 2815 2922 4415
3 751 339 4445
3 3574 2801 3575
3 4435 4436 4437
3 1624 1622 4578
3 4672 1380 4714
3 4497 1456 4498
3 2417 2849 4622
3 2414 2415 2815
3 2714 2716 4515
3 4406 3159 5252
3 4532 1471 4533
3 4674 4715 5012
3 3210 4273 5584
3 735 1683 4513
3 4939 4940 5262
3 1865 1749 1922
3 730 4513 4989
3 323 324 4579
3 1647 1280 4944
3 635 4563 4570
3 832 831 833
3 2419 3643 4712
3 1316 1461 1462
3 4764 4763 4765
3 1020 1007 4731
3 4913 1544 5222
3 2467 2464 5503
3 3282 3278 4491
3 4215 3542 4216
3 2412 2413 2414
3 4422 4420 4443
3 1462 1492 1493
3 5128 1993 6212
3 2563 2565 4662
3 2410 2411 2412
3 1312 662 4307
3 2398 2397 2399
3 2701 2699 2702
3 384 385 3058
3 636 322 4580
3 2966 3484 4861
3 3124 1033 4400
3 4751 4750 4752
3 825 981 4576
3 4374 4373 4375
3 4311 982 4312
3 1580 1925 4510
3 1625 1624 1626
3 1767 1897 5273
3 3344 3345 3346
3 860 2379 4359
3 3047 3908 4816
3 4462 4464 4465
3 3082 4531 4692
3 3806 4336 4337
3 4425 4422 4426
3 1838 1837 2188
3 3083 2786 4693
3 4651 2755 4652
3 1767 1738 1837
3 2569 2571 4523
3 1600 2419 4712
3 1239 1241 1531
3 2255 5057 5573
3 4464 4463 4875
3 1388 1451 4802
3 4471 4472 4473
3 1487 1491 4880
3 834 833 835
3 3648 1455 4064
3 3592 3591 3593
3 4435 2905 4436
3 2179 2346 2347
3 4901 4899 5218
3 1330 712 4525
3 1978 4638 5040
3 1553 1737 5048
3 239 240 1946
3 2430 4419 4420
3 2740 2655 4373
3 3116 2964 3117
3 5044 1245 5766
3 4762 4764 4985
3 2181 4733 5017
3 2655 2656 2657
3 3567 4352 4811
3 1219 1933 4526
3 3025 2684 4360
3 1350 1174 1649
3 2424 2425 2426
3 4420 4423 4443
3 3458 3459 3460
3 199 200 4560
3 1531 4412 4413
3 2818 1965 2819
3 1493 1494 1495
3 2381 2318 4631
3 5587 2681 5720
3 4610 4611 4612
3 3242 3241 3550
3 2426 2427 2428
3 4781 4780 4782
3 2617 2908 4542
3 2428 2429 2897
3 1452 1453 1454
3 3441 2933 6063
3 2408 2409 2410
3 2962 2963 2964
3 1688 2423 2424
3 2396 2395 2397
3 1561 1560 1562
3 1293 1315 1316
3 1951 4845 4846
3 4571 1953 4572
3 2284 2214 2677
3 3051 2720 3559
3 2837 2701 3104
3 2347 2996 2997
3 2439 2442 4574
3 2426 2428 2430
3 1528 1489 4879
3 1559 1558 1560
3 4844 3658 4861
3 1258 1257 1259
3 2401 2399 2980
3 2960 2961 2962
3 1683 4324 4513
3 836 835 837
3 3986 3546 3988
3 1891 2912 4608
3 1543 4780 4781
3 3390 5794 5814
3 4879 1489 4880
3 4872 4873 4896
3 1419 1415 4797
3 2536 2808 2809
3 248 644 4684
3 4425 4426 4427
3 4614 2148 4616
3 2571 2573 2577
3 1643 1510 1644
3 843 841 4401
3 2969 2968 3805
3 4964 4965 5282
3 5224 3949 5561
3 1064 4750 4751
3 1012 1037 4625
3 1951 4846 4847
3 4461 1944 4462
3 4734 4735 4736
3 4285 5645 5690
3 1452 1454 4505
3 2724 3047 4816
3 2017 2436 5697
3 2908 2619 4549
3 3490 2346 5290
3 2712 2714 3064
3 6 85 6369
3 2526 5139 5393
3 1865 1922 2204
3 1531 1241 4412
3 4474 1928 4475
3 4254 3124 4255
3 2157 2158 5617
3 809 807 1058
3 2649 2651 4499
3 4651 4653 4654
3 1891 2143 2912
3 1622 1620 1930
3 826 825 827
3 3475 3474 3723
3 1688 2424 2853
3 1289 1290 1291
3 1602 1395 4708
3 3894 3242 4821
3 1451 1958 4802
3 1740 4679 4680
3 4438 2982 4439
3 1139 1083 1947
3 4082 3956 4274
3 5541 2604 5717
3 1455 1269 5544
3 4764 4767 4985
3 629 317 4511
3 2406 2407 2408
3 1223 1456 4497
3 1278 1288 1289
3 838 837 839
3 5098 279 5431
3 3555 4717 4718
3 668 283 4688
3 3268 3470 4640
3 1951 1137 4845
3 2124 2134 4470
3 334 335 4676
3 2610 2617 4542
3 2097 2120 2334
3 1583 4536 5270
3 4505 1454 5048
3 5002 3667 5021
3 2781 3567 4811
3 1964 1963 1965
3 2710 2712 4596
3 4758 4755 4759
3 2935 2677 3018
3 4416 4417 4418
3 344 1944 4460
3 2394 2393 2395
3 1215 1471 4532
3 3223 3225 4683
3 2362 2212 5341
3 4528 3070 4529
3 1233 1235 4593
3 338 339 751
3 2921 2982 4438
3 3225 3224 3602
3 1017 787 4841
3 5002 2889 5375
3 5296 4995 5489
3 1221 1223 4497
3 2122 2124 2918
3 1910 1911 2179
3 4353 2488 5495
3 2335 3397 3398
3 1737 3106 5048
3 335 336 1061
3 840 839 841
3 4762 4763 4764
3 2703 2704 3474
3 5054 4956 5519
3 4785 4962 5729
3 1274 1306 1317
3 3060 3811 3812
3 4645 4646 4647
3 1247 1248 1249
3 3812 3811 3914
3 4686 1936 4687
3 1247 1246 1248
3 4268 4290 4291
3 1217 1219 4526
3 2585 2586 2967
3 1623 1622 1624
3 954 956 4775
3 2113 5574 5626
3 2676 3569 3570
3 3051 3680 4046
3 2134 2678 4470
3 4902 4947 4948
3 1980 2335 4638
3 4799 1650 4800
3 4651 4652 4653
3 2404 2405 2406
3 332 333 638
3 3115 2964 3116
3 197 198 1041
3 4965 2031 5282
3 1213 1215 4532
3 2921 2730 2982
3 2397 2395 2981
3 4485 1532 4486
3 2838 2807 3508
3 1091 1730 4624
3 1469 1470 1603
3 2344 4383 4635
3 4626 2814 4627
3 2708 2710 4597
3 4525 714 5207
3 2050 2065 4918
3 1108 1109 1160
3 2846 3109 3110
3 2750 2226 5041
3 3654 4469 5270
3 3794 3796 4573
3 1043 1129 4828
3 2392 2391 2393
3 1758 1686 2206
3 1496 4831 4837
3 1203 1205 1688
3 3375 3325 4293
3 2653 2655 2740
3 842 841 843
3 1621 1622 1623
3 635 348 4563
3 1225 1227 4474
3 1291 1292 1293
3 3266 3268 4640
3 2651 2653 5356
3 340 341 1938
3 3326 3325 3327
3 1201 1203 4519
3 2134 2136 2678
3 4859 1935 5011
3 1244 1277 1278
3 3593 3594 3595
3 1451 1452 1639
3 3278 3276 4491
3 2962 2961 2963
3 1938 341 4456
3 1229 1231 4485
3 4375 4373 4380
3 1803 1725 4668
3 2416 1603 2417
3 1283 1157 1284
3 2696 2694 3491
3 887 1891 4608
3 4098 4099 4159
3 1388 1391 1451
3 195 1953 4571
3 1500 1501 1502
3 3105 3104 3486
3 2740 4373 4374
3 1263 1264 1265
3 4643 3898 5614
3 318 319 1949
3 4839 3175 4886
3 191 1954 5751
3 3118 3391 4098
3 3064 2714 4515
3 2531 2533 2905
3 4218 5723 5738
3 2704 2706 4528
3 1942 2081 4656
3 3110 3111 3577
3 2819 1965 2845
3 1227 1229 1928
3 3047 3734 3907
3 774 775 776
3 3047 2800 3734
3 2575 2579 2582
3 2936 3503 5341
3 1451 1391 1452
3 2706 2708 3070
3 1857 1899 4732
3 2856 3357 4803
3 1227 1928 4474
3 2724 2800 3047
3 1223 1225 1456
3 775 773 4722
3 3221 2844 5783
3 2402 2403 2404
3 1895 1866 2801
3 3567 3799 4351
3 4102 4101 4103
3 2737 4499 4500
3 4593 1235 4621
3 238 239 4260
3 2138 2144 4609
3 1513 1593 1743
3 2695 2697 2698
3 3276 1833 4706
3 3214 5168 5170
3 3555 2753 4717
3 328 329 4279
3 4764 4765 4766
3 3475 4081 4980
3 4749 4748 4760
3 1748 1769 1823
3 1643 1644 4442
3 2361 3060 4681
3 4719 1052 4731
3 3122 3762 3887
3 2634 2769 3016
3 5207 2454 5300
3 4751 4752 4753
3 2421 2422 2634
3 1219 1221 1933
3 347 348 635
3 344 345 1944
3 342 343 639
3 771 5348 5444
3 2960 2959 2961
3 2703 3475 4980
3 1209 1211 4686
3 3304 3305 3333
3 4714 1387 4715
3 1237 1200 4746
3 1095 1096 1108
3 1764 1909 1910
3 4564 1945 4565
3 2335 3398 4638
3 3667 3197 5021
3 2970 3122 4604
3 3658 4844 4860
3 1961 1959 1963
3 1743 4242 4270
3 823 821 4663
3 3364 3363 3365
3 2239 2349 2703
3 1578 1576 4507
3 2144 2146 2683
3 3567 3566 3799
3 152 153 2231
3 3475 3723 4080
3 2724 2228 2800
3 1542 4784 4785
3 282 668 4747
3 1286 1467 1469
3 2419 2420 2421
3 3279 3278 3280
3 822 824 1057
3 1245 876 1246
3 2400 2401 2402
3 4793 1924 4794
3 2842 2576 3146
3 2543 2541 4730
3 4886 961 5260
3 2390 2389 2391
3 2608 2610 2907
3 241 242 1084
3 1114 1496 4837
3 4667 3721 5809
3 956 959 4775
3 2383 2814 4626
3 2628 2627 2637
3 2416 4214 5175
3 2919 2557 5179
3 1091 1092 1093
3 2699 2697 4408
3 2565 2568 4662
3 4688 1966 4689
3 2927 2926 3802
3 3083 4694 4695
3 3060 3061 3811
3 2913 3266 3413
3 1387 1385 1388
3 2442 2959 2960
3 1740 1339 4679
3 3915 3914 3971
3 1093 1094 1095
3 3167 4900 4905
3 4752 4750 4756
3 4812 3902 4813
3 3223 3224 3225
3 3654 2439 4574
3 2703 3474 3475
3 2152 2218 2691
3 4638 3398 4710
3 2536 1017 2808
3 1211 1213 1936
3 2038 2040 3166
3 885 4608 5568
3 2523 2856 4803
3 1231 1233 1532
3 3527 3525 3528
3 844 843 845
3 4723 3052 4726
3 2647 2649 2737
3 5090 5091 6171
3 4922 4920 4923
3 3736 3874 3953
3 2393 2391 2986
3 4170 1460 4171
3 1772 1773 1774
3 4828 1129 4856
3 195 196 1953
3 1925 1578 4507
3 4610 2683 4611
3 4543 4542 4546
3 303 4748 4749
3 1157 1130 4575
3 995 978 4590
3 1768 1747 3291
3 2634 2422 2769
3 3966 3894 3990
3 4256 4255 4257
3 4465 4464 4466
3 3404 4857 4858
3 2421 2420 2422
3 1215 1217 1471
3 2581 2584 2585
3 379 1013 4778
3 3392 3453 3488
3 2845 1965 5181
3 2398 2399 2400
3 3633 2417 4622
3 4486 1532 4487
3 2790 3082 4692
3 4605 4604 4606
3 2781 3566 3567
3 789 787 1017
3 4021 4020 4022
3 5055 3190 5229
3 4912 1357 4988
3 4920 164 4923
3 2653 2654 2655
3 3979 3978 4060
3 2912 2913 4819
3 2617 2619 2908
3 4890 2334 4891
3 4529 3070 4530
3 2737 2649 4499
3 1176 4781 4783
3 4004 76 6568
3 1339 1337 4679
3 3658 2966 4861
3 2850 4220 5600
3 3064 4516 4517
3 2706 3070 4528
3 1382 1387 4714
3 316 317 629
3 321 322 636
3 2388 2387 2389
3 788 787 789
3 1553 1552 1735
3 3223 1602 3224
3 4626 4627 4628
3 4981 1536 5802
3 3847 3016 3849
3 3806 2968 4336
3 4574 2960 5428
3 4471 2678 4472
3 1378 1380 4672
3 3212 4963 5288
3 1241 1243 1244
3 4772 4886 5260
3 3899 3902 4812
3 2221 1922 3132
3 2417 2848 2849
3 2586 2588 4644
3 154 664 4707
3 1730 1093 4556
3 1489 1487 4880
3 3328 3327 3329
3 1045 1040 1046
3 1600 1682 2419
3 1893 2559 5436
3 3547 3546 3986
3 1970 1628 5342
3 1161 1160 1181
3 4636 996 4637
3 4912 4911 4999
3 2094 2097 4890
3 1713 1853 4780
3 5241 2549 5366
3 1280 1156 4944
3 2730 2727 4691
3 1239 1240 1241
3 1844 1803 1867
3 1964 1965 2818
3 2710 4596 4597
3 1303 1237 4746
3 1957 1303 4746
3 4406 4407 5296
3 5139 3235 5393
3 1039 1019 1040
3 2105 4667 4969
3 3013 2671 3241
3 301 1064 5511
3 2547 2543 4730
3 313 314 1062
3 2396 2397 2398
3 2818 2819 3079
3 1141 1052 4719
3 1417 4807 5659
3 2065 2433 4918
3 2437 2439 3654
3 1182 1181 1298
3 1652 1581 5270
3 3017 3016 3847
3 2978 2403 5475
3 1469 1467 1470
3 4423 4419 4431
3 2596 2743 5142
3 4317 1867 4668
3 3703 2547 4730
3 817 815 4853
3 4424 4425 4786
3 3990 3894 4821
3 2389 2387 2987
3 4872 2862 5234
3 2419 1682 2420
3 3629 1645 5799
3 1091 1093 1730
3 2663 2662 2664
3 250 2241 4779
3 848 847 849
3 188 632 4864
3 2568 2567 2569
3 3404 1386 4857
3 861 860 863
3 3513 3515 3516
3 2537 3705 5453
3 2822 3052 4723
3 952 954 4770
3 4715 1387 4802
3 1628 1626 5342
3 1039 1040 1045
3 1299 1298 1463
3 5809 3721 5810
3 1000 995 1931
3 1231 1532 4485
3 846 845 847
3 1266 1265 1267
3 310 311 618
3 4800 1650 4801
3 850 849 851
3 322 323 4580
3 1999 5001 5478
3 4860 1482 4998
3 2862 2453 5234
3 1988 4920 4921
3 852 851 853
3 2856 2857 3356
3 3069 2921 3546
3 3324 3321 3325
3 3855 3854 3856
3 307 308 1063
3 4902 1885 4947
3 2386 2385 2387
3 4770 954 4775
3 2669 2668 2810
3 1454 1453 1552
3 312 313 4734
3 1211 1936 4686
3 1961 1963 1964
3 1464 1463 1600
3 1250 4368 5452
3 1263 1265 1266
3 1089 1090 1091
3 2112 2169 4862
3 4912 4988 5005
3 4999 4911 5222
3 4864 632 4865
3 3448 3146 3449
3 864 863 866
3 301 302 1064
3 304 305 611
3 298 299 608
3 297 298 4762
3 295 296 1065
3 292 293 600
3 289 290 1066
3 286 287 609
3 4334 2978 5475
3 3514 3511 4366
3 2179 1911 2232
3 2633 2934 5302
3 3956 3576 4274
3 3095 2815 4415
3 1089 1091 4624
3 1888 1825 2279
3 2703 2349 2704
3 854 853 855
3 1382 1385 1387
3 2424 2423 2425
3 3658 4860 4998
3 4645 2752 4646
3 3582 3581 3967
3 2394 2395 2396
3 4803 3357 4804
3 3812 3914 3915
3 4209 4213 4522
3 3458 3457 3459
3 866 876 1245
3 73 74 4490
3 3106 1766 4190
3 2588 2590 2752
3 4214 4484 5175
3 1160 1109 1162
3 2731 2795 3015
3 1845 1844 1873
3 2426 2425 2427
3 5425 1947 5526
3 657 654 659
3 899 2038 4887
3 2533 2608 4952
3 2577 2573 4459
3 291 292 4769
3 4525 5207 5300
3 1469 1603 2416
3 978 974 979
3 1536 1675 4969
3 3675 3673 3765
3 4026 4022 4027
3 4155 3987 4156
3 1100 1102 2527
3 2231 153 4707
3 3745 3038 4877
3 2428 2427 2429
3 193 194 667
3 4773 4770 4775
3 856 855 857
3 2769 2970 4605
3 663 376 4809
3 1600 1463 1682
3 1298 1181 3155
3 1297 1543 4781
3 1688 1205 2423
3 3427 3416 3755
3 1298 3155 4992
3 3651 4944 5458
3 4773 4775 5454
3 4557 4556 4558
3 956 957 958
3 1682 1463 4992
3 1945 350 4566
3 4791 1541 5494
3 656 139 4607
3 139 140 4607
3 3268 3440 3470
3 1961 1964 4815
3 1804 1803 1844
3 2384 2383 2385
3 2218 2237 4639
3 2010 3167 4905
3 2496 2492 5219
3 826 827 828
3 828 829 830
3 2081 2258 2847
3 4586 4584 4587
3 2994 2995 3540
3 1154 1166 4852
3 2385 2383 4626
3 3540 3564 3836
3 4697 3629 5793
3 2392 2393 2394
3 198 199 4561
3 2401 2980 5475
3 3362 2750 3363
3 1725 1601 4712
3 2142 2317 2318
3 4720 4731 5463
3 1726 1725 1803
3 2973 2696 4411
3 1620 1618 4595
3 3088 3087 3090
3 2642 2644 4678
3 4943 1647 4944
3 3038 2804 4877
3 4421 4420 4422
3 2416 2417 3633
3 1844 1867 5284
3 1235 1238 1239
3 858 857 860
3 303 304 4748
3 2786 2788 4693
3 1108 1160 1161
3 1130 1045 4970
3 2661 2660 2662
3 2850 1682 4992
3 3162 2747 4881
3 5008 606 5009
3 2229 2228 2724
3 3152 3153 3154
3 2846 3110 5381
3 2827 2730 2921
3 2698 2699 2700
3 2781 2782 3566
3 1267 1265 2431
3 4428 4427 4430
3 2351 2350 2968
3 339 340 4445
3 2788 4692 4693
3 5286 4973 5459
3 2523 2525 2856
3 2691 2218 4639
3 3734 3735 3736
3 4908 3202 5240
3 2327 2326 2994
3 244 245 747
3 4924 4925 4926
3 2258 2259 3120
3 1956 247 4684
3 73 4490 4777
3 4190 1766 5273
3 1151 1973 4856
3 284 1966 4688
3 1853 2141 2142
3 2383 2381 2814
3 2344 2191 4681
3 2169 2975 4862
3 4698 4699 4700
3 2835 2816 3492
3 2437 2438 2439
3 2665 2664 2666
3 3898 3899 4812
3 2914 2547 3703
3 375 663 4840
3 2657 2656 2658
3 3152 3150 3153
3 837 835 1917
3 3899 3901 3902
3 349 350 1945
3 2318 2317 2991
3 4469 1652 5270
3 2808 1017 3216
3 3152 3644 4970
3 2417 1603 2848
3 2237 2239 4980
3 1337 1303 1957
3 1954 192 4677
3 4409 2973 4410
3 954 955 956
3 4855 5269 5349
3 2856 2525 2857
3 3112 3891 4177
3 2142 2141 2317
3 3802 3862 3992
3 382 383 1677
3 2439 2440 2442
3 2055 2053 4817
3 2442 2958 2959
3 1601 1600 4712
3 2743 2745 4811
3 1116 1118 4829
3 3851 3848 3904
3 3082 3804 4531
3 5168 2368 5170
3 1318 1295 1458
3 4801 1650 4993
3 4333 2978 4334
3 3261 2488 5466
3 2896 3482 4823
3 1108 1096 1109
3 1284 1157 4575
3 317 318 4511
3 2594 2596 2755
3 2081 2082 2258
3 3493 3492 3854
3 1852 2183 4728
3 2912 2143 2913
3 1502 1503 1504
3 1839 1419 4797
3 4424 4422 4425
3 786 787 788
3 2390 2391 2392
3 2991 3409 3807
3 978 979 4590
3 1380 1382 4714
3 5003 605 5004
3 3082 3483 3804
3 1046 3152 4970
3 2849 2848 3626
3 4691 2725 4816
3 1341 1339 1740
3 3357 3356 4176
3 4963 2495 5288
3 187 4864 4874
3 830 831 832
3 753 773 774
3 920 923 4942
3 2995 2326 5017
3 1266 1267 1268
3 2841 3367 4184
3 3537 2967 3538
3 1046 3150 3152
3 2507 3685 5330
3 4882 5169 5564
3 3167 4898 4899
3 1563 1562 1564
3 2632 2642 2736
3 1418 5516 5616
3 2752 2590 4648
3 4370 3490 5290
3 4120 4121 4122
3 1574 1572 4338
3 2659 2658 2660
3 2994 2326 2995
3 1868 1869 2233
3 4118 4117 4120
3 1155 1279 5237
3 4885 4884 4896
3 2747 2490 4881
3 2863 1942 4656
3 2866 2109 4943
3 284 285 1966
3 4885 4896 4909
3 4558 4556 4559
3 1046 3149 3150
3 4939 1072 4940
3 3238 5241 5366
3 1206 1209 5382
3 2651 2652 2653
3 2550 2100 5514
3 1657 1742 2437
3 2382 2381 2383
3 2863 4656 4657
3 5236 1819 5477
3 1853 1851 2141
3 4144 2845 5181
3 755 5054 5519
3 2451 2862 4884
3 1958 1639 1959
3 4979 5345 5429
3 3846 3897 3898
3 1376 1378 1383
3 4162 2918 5840
3 1783 1782 1784
3 4955 5486 5529
3 2863 4658 4947
3 2181 4732 4733
3 2555 2558 3308
3 2030 4908 5240
3 4024 4248 4249
3 3300 3302 3304
3 3156 2043 4917
3 4993 2037 5406
3 1129 1151 4856
3 1137 1146 4845
3 3667 5002 5375
3 2582 2579 4641
3 1940 2863 4947
3 950 951 952
3 1543 1713 4780
3 3565 2995 5017
3 3736 3737 3874
3 944 945 946
3 1245 1246 1247
3 246 247 1956
3 3602 3224 4292
3 1531 4413 4414
3 4590 979 4591
3 4608 2912 4818
3 4832 1948 4833
3 2970 4604 4605
3 2200 2182 2326
3 3312 3389 3778
3 3651 2866 4943
3 4928 4931 4932
3 1118 1948 4829
3 1286 1469 5175
3 3405 2806 3978
3 4788 3378 4789
3 2745 2780 2781
3 3162 4881 4882
3 2388 2389 2390
3 1028 1043 4828
3 1713 1851 1853
3 4848 1524 4849
3 1357 4912 4999
3 1387 1388 4802
3 2784 2786 3083
3 1376 1383 5011
3 839 837 4488
3 1452 1391 1453
3 2048 2050 4918
3 3898 3897 3899
3 1642 1601 1725
3 952 953 954
3 3002 4723 4724
3 5442 4908 5547
3 2667 2666 2668
3 2934 2550 4776
3 3216 1017 4841
3 3482 3163 3657
3 4673 4672 4674
3 1942 1943 2081
3 4270 4277 4278
3 3002 2822 4723
3 4796 4797 4798
3 2361 3059 3060
3 1730 4556 4557
3 1524 1148 4850
3 4215 4216 4340
3 832 833 834
3 942 943 944
3 3460 3462 3505
3 1948 1120 4834
3 1859 1857 4732
3 2380 2318 2381
3 4120 4117 4121
3 3236 3378 4788
3 2822 2340 3052
3 2790 2792 3082
3 4384 4296 4385
3 343 344 4460
3 2788 2790 4692
3 2274 891 5216
3 2716 2717 2718
3 2895 2747 2896
3 1944 345 4463
3 5476 4473 5877
3 1592 1885 4902
3 2521 4803 4805
3 3456 3457 3458
3 3131 3542 4215
3 3456 3458 3507
3 2775 1901 4903
3 3167 4899 4900
3 1940 1942 2863
3 4386 4385 4389
3 4884 2862 4896
3 2975 4107 4862
3 1693 1700 5036
3 4482 2986 5419
3 3482 3657 3747
3 2649 2650 2651
3 1263 1262 1264
3 3540 2995 3564
3 4495 4203 4496
3 1900 2195 2731
3 1529 4321 4322
3 3948 3947 3949
3 1383 1378 4672
3 1751 1750 1854
3 1587 1510 1643
3 2354 2353 2816
3 2459 2457 2461
3 628 4967 4968
3 3513 3516 5468
3 2521 2523 4803
3 1161 1181 1182
3 2319 2535 2830
3 918 920 4942
3 945 2613 4889
3 1104 1106 1476
3 1967 281 4747
3 2181 1859 4732
3 1484 1482 4860
3 1880 1874 2228
3 168 1072 4939
3 4926 4927 4928
3 2061 2191 2344
3 4911 4910 4913
3 1260 1259 1262
3 2634 3016 3017
3 2419 2421 3643
3 2718 2719 2720
3 2784 3083 4696
3 188 189 632
3 948 949 950
3 3699 1530 3700
3 644 249 4779
3 1182 1298 1299
3 3644 3154 3645
3 2769 2770 2970
3 2386 2387 2388
3 665 662 666
3 1650 1411 4993
3 1861 1859 2181
3 3504 3223 4683
3 2986 2391 5419
3 2895 2896 4823
3 2962 2964 3115
3 1621 1623 4535
3 3190 4143 5229
3 194 195 4571
3 1091 1090 1092
3 834 835 836
3 248 249 644
3 3601 3846 4643
3 1379 1377 5058
3 4340 4341 4342
3 4829 1948 4832
3 1988 163 4920
3 4484 1162 5175
3 3167 1389 4898
3 4888 1705 4946
3 2999 3076 3603
3 827 825 4576
3 1679 1678 1750
3 49 601 4949
3 2205 2204 2353
3 302 303 4749
3 3191 3188 3646
3 3115 3116 3625
3 3186 3185 3188
3 4949 601 4950
3 4659 4657 4795
3 1369 1368 1370
3 1973 5055 5229
3 1702 1705 4888
3 2478 3677 5174
3 1657 2437 4536
3 1110 1112 1952
3 4286 1818 5620
3 2896 3162 3163
3 2896 3163 3482
3 4921 4920 4922
3 4509 4491 4510
3 2736 2642 4678
3 2040 2039 5310
3 1146 1524 4845
3 3700 4720 4721
3 959 958 962
3 2573 2575 4459
3 1857 1855 1899
3 2714 2715 2716
3 2638 2637 2639
3 4865 632 4866
3 1299 1463 1464
3 2729 2727 2730
3 2367 3006 4175
3 4946 1705 5153
3 1671 1528 4879
3 2083 2055 4817
3 1968 378 4778
3 1432 1435 5246
3 3947 3021 4903
3 965 962 969
3 3021 2775 4903
3 2994 3540 3655
3 312 4734 4737
3 2975 3786 4107
3 4536 3654 5270
3 1672 1671 1678
3 2745 2781 4811
3 2991 3148 3409
3 1380 1381 1382
3 5069 5144 5295
3 348 349 4563
3 2894 2893 3688
3 3232 1155 5237
3 947 946 948
3 3342 3341 3343
3 4481 2986 4482
3 4988 2003 5005
3 1925 4509 4510
3 352 353 617
3 2280 2279 2806
3 2447 3653 4910
3 1378 1379 1380
3 2727 2725 4691
3 1543 1554 1713
3 1999 763 5500
3 1095 1094 1096
3 1038 1019 1039
3 1383 4675 5011
3 4899 1950 5218
3 3718 5537 5582
3 4741 4739 4742
3 1504 1505 1506
3 1093 1092 1094
3 994 1012 2418
3 2753 2459 4717
3 4772 4771 5171
3 2415 2413 4957
3 2970 3121 3122
3 2389 2987 5419
3 3184 3182 3185
3 2459 2461 4717
3 2737 4500 4501
3 3122 3294 3762
3 3159 5296 5489
3 364 606 5008
3 2585 2584 2586
3 3717 3160 3718
3 3363 2750 5041
3 282 283 668
3 2384 2385 2386
3 2647 2648 2649
3 4845 1524 4848
3 1198 2551 5367
3 4923 623 4924
3 1464 1600 1601
3 1037 1089 4625
3 3207 4946 5153
3 3762 3763 3775
3 1366 1367 1368
3 4938 167 4939
3 1374 1375 1376
3 4439 2982 4440
3 4806 4804 4807
3 3017 3847 3848
3 1864 2625 2626
3 969 962 1932
3 2746 2747 2895
3 1233 1234 1235
3 3554 2753 3555
3 1487 1486 1491
3 4858 1935 4859
3 836 837 838
3 1297 1351 1543
3 1713 1714 1851
3 3700 4719 4720
3 1383 4672 4673
3 2034 2220 5014
3 3222 1602 3223
3 1751 1854 1855
3 2746 2490 2747
3 4737 4736 4738
3 4796 1839 4797
3 192 193 4677
3 829 827 1924
3 2150 2215 2645
3 1176 1297 4781
3 4295 3915 4296
3 2521 2522 2523
3 1370 1371 1372
3 4881 2487 4883
3 1940 1941 1942
3 4346 3375 5725
3 2183 2184 2319
3 4715 4802 5530
3 1376 1377 1378
3 1372 1373 1374
3 5231 3187 5326
3 2712 2713 2714
3 3079 2819 5381
3 2128 2083 2893
3 4928 4929 4931
3 3184 3185 3186
3 377 1968 4809
3 2319 2320 2535
3 2710 2711 2712
3 4780 1853 5307
3 654 649 4893
3 2655 2654 2656
3 379 380 1013
3 3162 4882 4906
3 4857 1935 4858
3 3575 3957 4598
3 2191 2361 4681
3 3186 3188 3191
3 2065 2056 2066
3 2043 2045 4917
3 1118 1120 1948
3 1046 1040 3149
3 2923 2034 5014
3 1797 1811 1868
3 1388 1390 1391
3 3846 3898 4643
3 1386 1370 4857
3 4754 4753 4755
3 1700 1695 4945
3 2449 2451 4884
3 1719 1643 1749
3 4519 4520 4521
3 2038 3166 4887
3 5793 3629 5799
3 3175 3172 4886
3 1935 1374 5011
3 1300 1283 1440
3 1472 1440 1510
3 3946 3021 3947
3 958 957 960
3 1158 1157 1283
3 2893 2083 4817
3 1047 1045 1130
3 4407 4996 5296
3 1679 1750 1751
3 3138 3260 4956
3 1131 1130 1157
3 2893 4817 5152
3 3575 3955 3957
3 2856 3356 3357
3 1848 1749 1865
3 2535 2721 3034
3 971 969 974
3 2492 1457 5219
3 191 192 1954
3 1596 1764 5557
3 4835 1509 4836
3 1114 1116 1496
3 1855 1854 4904
3 2523 2524 2525
3 5244 2168 5327
3 976 974 978
3 989 978 995
3 4066 1455 5544
3 998 995 1000
3 1018 1000 1019
3 2050 2056 2065
3 2012 2010 4905
3 3180 3177 3181
3 1530 1141 4719
3 2097 2334 4890
3 166 167 4938
3 1372 1935 4857
3 2065 2066 2067
3 3851 3904 4150
3 280 281 1967
3 3761 3214 5170
3 4627 4629 4630
3 618 4739 4741
3 1192 1190 5460
3 2900 2866 3160
3 2854 2855 3236
3 4781 4782 4783
3 4926 4925 4927
3 1126 1137 1951
3 4827 1028 4828
3 3034 3035 3863
3 1037 1088 1089
3 5146 3169 5218
3 4384 4385 4386
3 4982 4983 4984
3 48 4949 4951
3 1372 1374 1935
3 1885 1886 1940
3 4195 3236 4788
3 3804 3483 4042
3 3180 3181 3182
3 3554 3555 3803
3 3047 3907 3908
3 956 955 957
3 838 839 840
3 1899 1855 4904
3 4947 4658 4948
3 1024 1026 1537
3 1498 1495 1499
3 2457 1839 4796
3 981 823 4663
3 1672 1678 1679
3 2537 2539 3705
3 1364 1365 1366
3 2474 3823 3824
3 2579 2581 4641
3 4900 4899 4901
3 5615 3657 5673
3 2490 2487 4881
3 1845 1873 1874
3 4743 4742 4744
3 4757 4755 4758
3 2461 2457 4796
3 3651 4943 4944
3 1973 1172 5055
3 1026 1028 4827
3 2041 1345 5056
3 821 819 1927
3 2894 3688 3689
3 4559 1161 5433
3 2045 2048 4917
3 1347 1345 2041
3 1750 1678 1828
3 4196 3113 5617
3 4959 622 4960
3 3082 2792 3483
3 1377 1538 5058
3 4942 3824 5373
3 4305 3448 5440
3 1570 5715 5752
3 1862 2194 5043
3 2823 2822 3002
3 4996 4407 5189
3 4771 4774 5171
3 3512 3511 3513
3 3567 4351 4352
3 3701 3699 3926
3 4910 3653 4913
3 4428 4633 4786
3 4898 1950 4899
3 2341 2340 2822
3 1485 1486 1487
3 66 67 4599
3 358 605 5003
3 1820 1819 2340
3 2382 2383 2384
3 2735 1530 3699
3 377 378 1968
3 2700 2701 2837
3 1852 2164 2183
3 5442 3261 5466
3 956 958 959
3 3309 3311 3312
3 2128 2893 2894
3 3670 4855 5349
3 2725 2724 4816
3 2548 2914 5339
3 2644 2647 5289
3 3409 3751 3857
3 4086 4085 4115
3 2048 2049 2050
3 2067 2066 2118
3 4964 3165 4965
3 1804 1844 1845
3 1971 374 4840
3 3236 2855 3378
3 2437 1742 2438
3 2387 2385 4669
3 2900 3160 3717
3 944 943 945
3 2050 2051 2056
3 948 946 949
3 1726 1803 1804
3 2268 2109 2866
3 1166 1170 1542
3 4376 4374 4377
3 1485 1484 1486
3 805 803 4492
3 3606 4085 4086
3 1362 1950 4898
3 2528 4916 4955
3 2762 3001 5016
3 4383 4296 4384
3 950 949 951
3 3734 2800 3735
3 2200 2326 2327
3 3463 3461 3769
3 2183 2319 4727
3 1939 952 4770
3 1861 2181 2182
3 4037 4038 4039
3 4798 4797 4799
3 3447 3455 3456
3 3464 3466 3467
3 162 163 1988
3 1019 1000 5292
3 3976 3818 6524
3 3606 3604 4085
3 4462 4463 4464
3 1670 1528 1671
3 4391 4388 4392
3 2268 2866 2900
3 4842 1752 4843
3 4102 4103 4104
3 932 935 5018
3 1673 1664 5068
3 840 841 842
3 187 188 4864
3 1642 1725 1726
3 1429 1715 5013
3 1515 3161 5501
3 923 2474 4942
3 2683 2146 4614
3 247 248 4684
3 4658 4657 4659
3 2781 2780 2782
3 1937 942 5225
3 2182 2181 5017
3 1122 1124 1509
3 2763 1308 3099
3 1370 1372 4857
3 944 946 947
3 4974 2496 5219
3 1146 1148 1524
3 2848 1603 5301
3 4501 4500 4502
3 2839 3604 3606
3 3177 3175 4839
3 4940 1072 4941
3 628 371 4967
3 1366 1368 1369
3 1231 1232 1233
3 3393 1386 3404
3 1430 1432 5246
3 2644 2646 2647
3 1370 1368 1371
3 2142 2318 2380
3 5345 1439 5429
3 1592 1733 1885
3 950 952 1939
3 2708 2709 2710
3 3657 3163 4219
3 3498 3758 3784
3 2067 2118 2119
3 4785 4784 4962
3 283 284 4688
3 952 951 953
3 940 942 1937
3 3151 4538 4539
3 2445 2447 4910
3 4924 623 4925
3 3176 3175 3177
3 375 376 663
3 2896 2747 3162
3 4771 4770 4773
3 2173 3165 4964
3 4327 4326 4328
3 4774 4773 4790
3 3237 3236 4195
3 2608 2907 4952
3 1670 1671 1672
3 2175 186 4874
3 2636 2733 2854
3 355 356 1067
3 1341 1740 3442
3 2119 2118 2289
3 4830 4829 4832
3 3169 3394 5218
3 2451 2453 2862
3 2920 2919 3374
3 4425 4428 4786
3 633 161 4919
3 1045 1046 4970
3 3188 3185 3189
3 49 50 601
3 4393 4392 4602
3 1043 1127 1129
3 1362 1364 1950
3 1885 1940 4947
3 163 164 4920
3 1565 1564 1566
3 3899 3900 3901
3 1451 1639 1958
3 2961 2959 3479
3 1960 1959 1961
3 2332 4996 5189
3 2329 4067 5999
3 883 881 1033
3 2466 2464 2467
3 1807 1717 1819
3 4155 4156 4157
3 954 953 955
3 1366 1369 5146
3 842 843 844
3 2439 2438 2440
3 2057 2059 2064
3 2493 3215 4979
3 4096 3087 5662
3 4982 2175 4983
3 2290 2289 2758
3 2380 2381 2382
3 942 941 943
3 2442 2440 2958
3 4817 2053 5418
3 4958 170 4959
3 3110 3996 5381
3 171 622 4959
3 1369 1370 1386
3 2740 4374 4376
3 1129 1150 1151
3 930 932 5018
3 1475 1592 4902
3 1179 1141 1530
3 3080 3079 4010
3 1151 1171 1172
3 2777 2528 4955
3 1172 1281 1282
3 281 282 4747
3 2507 2509 3685
3 167 168 4939
3 1382 1384 1385
3 2183 4727 4728
3 4390 4394 5553
3 3563 5231 5326
3 373 374 1971
3 3083 4695 4696
3 250 251 2241
3 5186 1755 5332
3 2119 2289 2290
3 3811 3061 3813
3 833 996 4636
3 1697 1969 4945
3 2224 2100 2550
3 1486 1752 4842
3 2229 2724 2725
3 1626 1624 1745
3 1846 1448 5038
3 3295 3140 4956
3 169 170 4958
3 2258 2082 2259
3 1950 1364 5146
3 940 941 942
3 2109 1734 4943
3 164 165 4923
3 4501 4504 5289
3 2743 4811 5142
3 824 823 825
3 2854 2733 2855
3 1397 1395 1602
3 4824 4823 4825
3 2290 2758 2759
3 2949 3471 3473
3 3150 3149 3151
3 3183 3182 3184
3 1362 1363 1364
3 4774 4792 5171
3 5089 5090 5094
3 4031 5570 5648
3 2194 2797 5043
3 1172 1171 1281
3 1151 1150 1171
3 378 379 4778
3 2454 2455 2839
3 620 4982 4984
3 3140 3138 4956
3 162 1988 4919
3 2518 2520 2521
3 3653 2449 4884
3 1537 1026 4827
3 4953 4396 4954
3 1369 3169 5146
3 1403 1401 2037
3 2704 2705 2706
3 3689 3688 4966
3 1089 1088 1090
3 3700 1530 4719
3 5095 5096 5097
3 1129 1127 1150
3 4391 4392 4393
3 1672 1679 4997
3 2474 3824 4942
3 1068 362 5007
3 3533 3529 3742
3 1389 1360 4898
3 2437 3654 4536
3 1229 1230 1231
3 2706 2707 2708
3 2961 3479 4716
3 1458 1555 4897
3 3172 961 4886
3 2097 2098 2120
3 2761 2879 4976
3 2453 2635 2636
3 2498 2496 4974
3 4583 4584 4586
3 4001 3056 5010
3 357 358 5003
3 4960 622 4961
3 2045 2047 2048
3 2017 2015 2436
3 1867 1803 4668
3 2839 2851 3604
3 1454 1553 5048
3 1697 1699 1969
3 3228 3226 5466
3 4917 2048 4918
3 883 1033 1508
3 3179 3177 3180
3 3168 4912 5005
3 1366 1365 1367
3 3846 3896 3897
3 829 1924 4793
3 4928 4927 4929
3 1413 1411 1650
3 1584 4338 5888
3 3718 3160 4876
3 3477 1846 5038
3 2261 3168 5005
3 2016 2015 2017
3 1266 1268 3349
3 4627 2814 4629
3 3746 3745 3752
3 1491 1486 4842
3 4376 4377 4378
3 2447 2449 3653
3 370 371 628
3 4477 4476 4478
3 3259 4974 4975
3 1543 1351 1554
3 4976 2879 5205
3 4720 4719 4731
3 2456 1839 2457
3 2451 2452 2453
3 2037 1401 5235
3 2081 1943 2082
3 3948 3949 3950
3 1778 1776 1890
3 5007 363 5008
3 1699 1702 4888
3 1162 1286 5175
3 3069 3546 3547
3 726 730 4989
3 2141 4728 5336
3 2120 2121 2122
3 891 889 5216
3 1695 1697 4945
3 3653 4884 4885
3 1360 1362 4898
3 3057 4000 4990
3 2449 2450 2451
3 2443 3658 4998
3 1128 2043 3156
3 3181 3177 4839
3 3744 3038 3745
3 2737 4501 5289
3 1463 1298 4992
3 2963 2961 4716
3 5486 1159 5529
3 2478 2977 3677
3 2489 2487 2490
3 3212 3706 4963
3 2277 5684 5712
3 1355 1354 1356
3 2854 3236 3237
3 2458 2457 2459
3 2797 2903 3330
3 5656 4140 5778
3 825 823 981
3 5144 2209 5295
3 3653 4885 4913
3 1282 1281 1309
3 1282 1309 1310
3 1713 1554 1714
3 3056 3042 5010
3 3174 3172 3175
3 3192 3191 3193
3 5092 182 5093
3 48 49 4949
3 1360 1361 1362
3 2991 2317 3148
3 5029 5028 5030
3 3160 3651 4876
3 2319 2830 4727
3 2056 2051 2057
3 181 182 5092
3 2016 2017 5057
3 1286 1466 1467
3 3274 1833 3276
3 4971 1355 4972
3 2640 2639 2674
3 2239 2703 4980
3 1851 1714 1852
3 2633 2550 2934
3 1374 1376 5011
3 2511 2513 2517
3 2879 2878 3042
3 278 279 5098
3 616 278 5098
3 1359 1358 1360
3 165 623 4923
3 249 250 4779
3 3551 3228 4353
3 2007 2173 4964
3 3204 3202 4908
3 2038 2039 2040
3 1979 1599 5250
3 376 377 4809
3 3547 3986 3987
3 4565 4566 4567
3 2447 2448 2449
3 3152 3154 3644
3 2761 2878 2879
3 2761 2759 2878
3 2228 1874 5396
3 1486 1484 1752
3 1910 1909 1911
3 3050 3921 5323
3 1282 1310 1525
3 1470 1596 5301
3 4931 4929 4933
3 3168 4910 4911
3 172 173 4977
3 2319 2184 2320
3 2220 2949 5014
3 3643 2421 5333
3 1525 1310 1526
3 3168 2445 4910
3 4222 5577 5698
3 1043 1044 1127
3 2010 1389 3167
3 5034 1692 5035
3 3143 3140 3295
3 1526 1536 4981
3 2693 2490 2746
3 947 948 961
3 3608 2777 4955
3 4390 4388 4391
3 186 187 4874
3 4387 4386 4388
3 1645 1526 4981
3 3946 3947 3948
3 1525 1526 1645
3 5089 1074 5090
3 1483 1484 1485
3 2636 2732 2733
3 2212 2284 5341
3 2535 2320 2721
3 1478 2443 4998
3 374 375 4840
3 2326 2182 5017
3 2812 2557 2919
3 183 620 5093
3 2014 2012 2015
3 1162 1285 1286
3 3043 3042 3056
3 2879 3042 3043
3 2183 2164 2184
3 3484 3485 3831
3 1151 1172 1973
3 1327 4971 4973
3 2503 2498 4974
3 4214 3633 4220
3 185 186 2175
3 1880 2228 2229
3 1329 1355 4971
3 5090 1074 5091
3 3736 3735 3737
3 2634 3017 5333
3 3160 2866 3651
3 4887 3166 5585
3 371 372 4967
3 2760 2759 2761
3 3135 5002 5021
3 4846 4845 4848
3 4312 982 4313
3 46 1080 5025
3 3057 3056 4000
3 2966 3371 3484
3 367 368 1069
3 362 363 5007
3 3034 2721 3035
3 1709 2923 4986
3 2332 4994 4996
3 3863 3035 3864
3 1080 47 4951
3 3195 5286 5459
3 2261 2445 3168
3 6106 3003 6225
3 2289 2118 2339
3 1329 1353 1354
3 3060 3059 3061
3 2131 2202 5249
3 2474 3348 3823
3 2491 2493 4979
3 1969 1699 4888
3 3138 3136 3260
3 4501 4502 4503
3 1356 1357 1358
3 1372 1371 1373
3 3260 3136 5000
3 945 992 2613
3 1506 1517 1518
3 3456 3455 3457
3 2460 2459 2753
3 3149 1040 5292
3 3043 3056 3057
3 3259 2503 4974
3 5088 5089 5094
3 4938 4939 5262
3 2129 2109 2268
3 620 184 4982
3 2050 2049 2051
3 2173 2283 3165
3 2899 5606 5688
3 2501 3212 5288
3 2486 2484 2487
3 170 171 4959
3 944 947 5225
3 710 712 1330
3 2445 2446 2447
3 1353 2003 4988
3 1227 1228 1229
3 1526 1535 1536
3 1702 1704 1705
3 2122 2123 2124
3 3094 2815 3095
3 3002 4724 4725
3 5018 4964 5282
3 2754 2753 3554
3 2653 2652 2654
3 1488 1487 1489
3 3355 2240 5621
3 1329 1354 1355
3 1508 1558 1559
3 3202 986 5240
3 719 731 2454
3 935 2007 5018
3 3126 3057 4990
3 1448 1445 5038
3 1483 1482 1484
3 1706 1708 1710
3 2430 4420 4421
3 3796 3876 3877
3 714 716 5207
3 5516 3705 5616
3 1327 1328 1329
3 1374 1373 1375
3 2332 1321 4994
3 2239 2348 2349
3 1882 1734 2109
3 2852 2761 4976
3 2065 2067 2433
3 2827 2921 3069
3 3794 3795 3796
3 3261 5442 5547
3 4994 4995 4996
3 2505 2503 3259
3 297 4762 4985
3 3203 3202 3204
3 3498 3499 3758
3 3002 4725 4914
3 3626 3647 4174
3 1356 1358 1359
3 1359 1360 1389
3 3601 3845 3846
3 4702 4704 4705
3 1327 1329 4971
3 185 2175 4982
3 1364 1363 1365
3 1028 1029 1043
3 2272 1741 5022
3 5187 2468 5202
3 3641 2859 4273
3 363 364 5008
3 1026 1027 1028
3 1431 1429 5013
3 3808 3194 3809
3 1449 1448 1478
3 1536 1535 1675
3 3260 5000 5001
3 153 154 4707
3 2493 2495 3215
3 831 829 4793
3 1421 1419 1839
3 2863 4657 4658
3 2105 2106 3721
3 1668 1692 5034
3 1024 1025 1026
3 2261 2262 2445
3 4295 4296 4383
3 1675 1976 2105
3 3331 2316 5244
3 358 359 605
3 2105 1976 2106
3 2272 5022 5023
3 1816 1684 5020
3 5174 3677 5320
3 3606 4086 4524
3 4116 4118 4119
3 2814 2381 4631
3 2891 2889 5002
3 3136 3135 5000
3 1623 1625 1718
3 2124 2125 2134
3 2804 2633 5302
3 2287 1982 2892
3 3134 2891 3135
3 1441 1437 5047
3 1962 1961 4815
3 361 362 1068
3 2084 2083 2128
3 1646 1441 5047
3 2642 2643 2644
3 2505 3259 3289
3 1482 1479 4998
3 2553 2555 4661
3 4524 4525 5300
3 2264 1816 5020
3 2300 1962 4815
3 1710 1708 1732
3 4143 3629 4697
3 601 50 5026
3 364 365 606
3 2735 3699 3701
3 1325 1327 4973
3 3484 3371 3485
3 2250 2252 3290
3 2014 2015 2016
3 2007 2172 2173
3 1526 1310 1535
3 2454 731 2455
3 3522 3524 3530
3 1705 1704 1706
3 47 48 4951
3 272 273 5095
3 615 272 5095
3 1515 2092 3161
3 1356 1359 5156
3 4300 5503 5622
3 3249 1755 5186
3 5000 5021 5478
3 3447 3446 3455
3 1664 1666 5068
3 5019 2264 5020
3 3409 3148 3751
3 950 1939 5260
3 1856 1855 1857
3 1360 1358 1361
3 2888 2378 5019
3 3496 3497 3498
3 1800 1325 4973
3 1478 1448 1846
3 2729 2730 2827
3 1741 1732 5022
3 1356 1354 1357
3 1278 1277 1288
3 1693 1695 1700
3 2015 2012 4905
3 1942 1941 1943
3 3574 3575 4598
3 182 183 5093
3 2769 2422 2770
3 1478 1846 2443
3 2797 3330 5043
3 2237 2238 2239
3 1885 1733 1886
3 1974 1431 5013
3 835 833 4636
3 5029 5030 5032
3 3135 2891 5002
3 2463 1974 2464
3 1732 4987 5022
3 923 968 2474
3 2203 2132 2909
3 2290 2759 2760
3 1225 1226 1227
3 1179 1530 2735
3 1443 1646 5037
3 1089 4624 4625
3 274 1076 5096
3 1705 1706 5153
3 1281 1171 1287
3 3212 3213 3706
3 1325 1326 1327
3 3599 3600 3601
3 2134 2135 2136
3 4927 4925 5262
3 815 813 997
3 1479 1478 4998
3 961 948 5260
3 726 728 730
3 2005 2261 5005
3 3042 2878 3571
3 1429 1427 1715
3 3134 3135 3136
3 2839 2455 2851
3 1734 1647 4943
3 844 845 846
3 3190 1645 3629
3 1710 1732 1741
3 4472 4600 4601
3 2949 3473 5014
3 3023 2363 3288
3 1716 1806 5271
3 1362 1361 1363
3 3042 3571 5010
3 722 724 2444
3 2443 2965 2966
3 4000 3056 4001
3 1481 1479 1482
3 899 1006 2038
3 2378 2264 5019
3 2453 2636 5234
3 1675 1975 1976
3 3205 3204 3226
3 4139 3258 4141
3 46 47 1080
3 3604 2851 3605
3 2678 2136 4600
3 45 46 5025
3 5000 3135 5021
3 5095 273 5096
3 2443 2966 3658
3 5060 5061 5199
3 2465 2464 2466
3 1685 1817 5046
3 2983 2466 2984
3 1678 1671 4878
3 3125 3057 3126
3 3237 4195 4594
3 3812 3915 4295
3 3143 3295 3315
3 2887 2378 2888
3 1820 2340 2341
3 824 825 826
3 5047 1437 5197
3 2218 2236 2237
3 2003 2005 5005
3 5567 3661 5602
3 2341 2822 2823
3 4537 3149 5292
3 5269 1955 5349
3 959 962 965
3 2005 2210 2261
3 3257 3249 5186
3 1774 1773 1904
3 2420 1682 2850
3 3174 3175 3176
3 3471 3472 3496
3 621 178 5088
3 178 179 5088
3 2007 4964 5018
3 2526 3352 3373
3 2174 2291 3774
3 1359 2009 5156
3 1702 1703 1704
3 3176 3177 3179
3 1965 1963 5181
3 3709 2919 5179
3 3277 3276 3278
3 2105 3721 4667
3 4425 4427 4428
3 1833 1585 4706
3 735 742 1683
3 3607 2777 3608
3 1445 1443 5037
3 2949 2950 3471
3 45 5025 5027
3 2292 2952 5045
3 3392 3119 3453
3 1329 1328 1353
3 2443 1846 2965
3 1940 1886 1941
3 1786 4194 5872
3 4611 4614 4615
3 3324 3325 3326
3 1807 1819 1820
3 180 1074 5089
3 846 847 848
3 3019 3998 5050
3 3227 3226 3228
3 1433 1431 1974
3 1699 1701 1702
3 3330 2903 3347
3 3295 4956 5054
3 1982 1979 5250
3 947 3171 5225
3 2723 986 3202
3 1939 4770 4771
3 3180 3182 3183
3 1323 1325 1800
3 1127 1044 1128
3 2889 2888 5375
3 1323 1324 1325
3 2760 2761 2852
3 2622 2623 3733
3 2966 2965 3371
3 1289 1288 1290
3 2173 2281 2283
3 4771 4773 4774
3 2636 2635 2732
3 1364 1366 5146
3 4537 1931 5521
3 2449 2448 2450
3 4700 4699 4701
3 848 849 850
3 2165 1741 2272
3 4539 4538 4540
3 2453 2452 2635
3 4972 1355 5156
3 1279 1475 5237
3 5088 179 5089
3 2451 2450 2452
3 1327 1326 1328
3 3707 3772 3773
3 771 770 5063
3 1425 5281 5317
3 1446 1445 1448
3 3677 2977 3678
3 1135 1164 5066
3 1817 2266 5046
3 2255 2016 5057
3 2501 2690 3212
3 3169 1386 3393
3 1371 1368 5278
3 1445 5037 5038
3 3209 3219 5204
3 2048 2047 2049
3 1449 1478 1479
3 941 1955 5253
3 3647 2848 5301
3 2094 2096 2097
3 2266 5045 5046
3 1409 2526 5393
3 2823 3002 4914
3 2723 3202 3203
3 1527 1489 1528
3 2651 2650 2652
3 3201 1135 5066
3 1321 1323 4994
3 833 831 996
3 1022 1023 1024
3 2136 2137 2138
3 1706 1707 1708
3 850 851 852
3 3168 4911 4912
3 2887 2888 2889
3 2447 2446 2448
3 4994 1800 4995
3 2152 2217 2218
3 1201 1202 1203
3 946 945 4889
3 1073 175 5086
3 175 176 5086
3 5061 2001 5199
3 1203 1204 1205
3 5020 5187 5202
3 2292 2951 2952
3 2266 2292 5045
3 3043 3057 3125
3 1580 1578 1925
3 1435 2491 5246
3 161 162 4919
3 1376 1375 1377
3 1732 4986 4987
3 603 5028 5029
3 1976 1975 1977
3 1321 1322 1323
3 1666 1668 5034
3 3019 3032 3998
3 3222 3223 3504
3 296 297 4985
3 2142 2380 5307
3 1378 1377 1379
3 2860 2330 5067
3 177 621 5087
3 2173 2172 2281
3 2944 2947 3781
3 3219 5184 5204
3 1950 5146 5218
3 5023 5022 5024
3 5091 1074 5092
3 2257 1962 2300
3 4930 4927 5262
3 1319 1321 2332
3 4589 3632 5823
3 1443 1441 1646
3 722 2444 5173
3 2952 2951 3578
3 2138 2139 2144
3 1074 181 5092
3 1623 1718 4535
3 1668 1691 1692
3 4961 622 4977
3 5022 4987 5024
3 1858 1857 1859
3 3481 3228 3551
3 5086 176 5087
3 1056 839 4488
3 2523 2522 2524
3 2261 2210 2262
3 1692 1693 5036
3 2504 2503 2505
3 3407 3408 3713
3 2174 2165 2291
3 1675 1535 1975
3 2119 5256 5293
3 2868 5082 5132
3 3996 3577 4058
3 1709 2034 2923
3 2008 2165 2174
3 719 2454 5207
3 5082 5080 5132
3 5078 5080 5081
3 5060 3209 5061
3 2778 3598 3599
3 2987 2387 4669
3 2148 2149 2152
3 2273 874 5437
3 3158 2860 5067
3 4818 2912 4819
3 1072 169 4958
3 2292 2325 2951
3 3475 4080 4081
3 1164 1319 5066
3 2144 2145 2146
3 2854 3237 5234
3 2008 1741 2165
3 5082 2868 5133
3 2895 4823 4824
3 2473 3209 5060
3 5064 5065 5141
3 1710 1741 2008
3 759 770 771
3 603 5027 5028
3 2283 2768 3829
3 1323 1322 1324
3 4387 4388 4390
3 1183 2597 5554
3 2951 3019 5050
3 130 131 624
3 184 185 4982
3 2733 2734 5122
3 3445 3446 3447
3 3998 3032 3999
3 1380 1379 1381
3 2462 3662 5147
3 5078 5079 5080
3 1895 2801 3574
3 2220 2772 2949
3 3503 3502 3938
3 941 939 1955
3 1666 5034 5068
3 4941 1072 4958
3 2526 3373 5139
3 1984 2867 4406
3 1446 1448 1449
3 2604 2549 3715
3 2521 2520 2522
3 3209 2873 3219
3 2965 1846 3477
3 935 964 2007
3 2445 2262 2446
3 5124 5125 5126
3 2063 2055 2083
3 2951 2325 3019
3 1325 1324 1326
3 3125 3126 3632
3 5081 5080 5082
3 2146 2147 2148
3 5070 5073 5144
3 5066 2332 5189
3 2007 964 2172
3 3760 3214 3761
3 1814 1906 5064
3 2009 1389 2010
3 5077 2475 5078
3 5076 2475 5077
3 622 172 4977
3 273 274 5096
3 5079 2019 5080
3 415 416 5115
3 3050 3920 3921
3 5133 2868 5136
3 2023 2020 5079
3 2473 2689 2873
3 3201 5189 5195
3 2473 2873 3209
3 2177 5135 5148
3 1906 2469 5064
3 2020 2019 5079
3 2025 2475 5076
3 2471 2473 5060
3 42 43 5159
3 5245 3229 5357
3 2266 2267 2292
3 724 726 4989
3 770 990 5063
3 1323 1800 4994
3 1319 2332 5066
3 5064 3208 5065
3 2606 3407 5185
3 1990 415 5115
3 2469 3208 5064
3 1319 1320 1321
3 2965 3477 5049
3 1015 1035 5137
3 1223 1224 1225
3 1752 1484 4860
3 990 1984 5063
3 179 180 5089
3 2469 2471 3208
3 5330 3685 5389
3 28 743 5119
3 5106 1055 5113
3 3208 2471 5060
3 2316 2168 5244
3 2436 2015 4905
3 5080 2019 5132
3 5117 5116 5118
3 5069 5070 5144
3 3578 2951 5050
3 1403 2037 4993
3 1353 2002 2003
3 1525 1645 3190
3 1817 2265 2266
3 1877 2246 2622
3 3186 3191 3192
3 5135 3662 5148
3 2008 2174 3207
3 5124 643 5125
3 4878 1671 4879
3 1079 5116 5117
3 861 863 864
3 5078 2475 5079
3 5102 5103 5104
3 2027 2025 5076
3 1055 417 5113
3 176 177 5087
3 2292 2267 2325
3 30 31 2192
3 2476 2885 3671
3 1310 1309 5203
3 27 28 5119
3 5102 5101 5103
3 2475 2023 5079
3 3664 2027 5076
3 2025 2023 2475
3 5100 3062 5108
3 1055 5106 5114
3 1481 1482 1483
3 3688 2893 5152
3 852 853 854
3 5108 3062 5112
3 5106 5104 5107
3 1989 5101 5102
3 417 418 5113
3 2471 2472 2473
3 3033 3435 5059
3 5123 643 5124
3 5106 5107 5114
3 2462 2938 3662
3 34 35 1993
3 5067 2330 5182
3 2196 2027 3664
3 416 1055 5115
3 1989 5100 5101
3 3198 5164 5165
3 34 1993 5129
3 2011 2010 2012
3 26 27 5116
3 3017 3850 5333
3 2294 2606 5185
3 1079 26 5116
3 2202 2778 5249
3 1355 1356 5156
3 3262 3429 3430
3 1882 2109 2129
3 3297 3793 3794
3 33 34 5129
3 5103 5101 5105
3 1728 1591 5266
3 5101 5100 5108
3 990 1001 1984
3 5105 5109 5110
3 24 25 5120
3 2474 968 3348
3 25 1079 5120
3 2013 2012 2014
3 5102 5104 5106
3 1150 1127 5363
3 2192 31 5123
3 3831 3485 3832
3 1989 5102 5113
3 137 9 1986
3 138 656 5085
3 1986 9 5085
3 9 138 5085
3 138 139 656
3 158 159 627
3 154 155 664
3 160 161 633
3 165 166 623
3 168 169 1072
3 171 172 622
3 174 175 1073
3 177 178 621
3 180 181 1074
3 183 184 620
3 253 254 612
3 259 260 613
3 256 257 1078
3 265 266 614
3 262 263 1077
3 277 278 616
3 271 272 615
3 274 275 1076
3 268 269 1075
3 134 135 625
3 420 421 3062
3 22 23 1727
3 419 420 5100
3 420 3062 5100
3 418 419 1989
3 1989 419 5100
3 416 417 1055
3 418 1989 5113
3 25 26 1079
3 5102 5106 5113
3 2469 2470 2471
3 1070 1135 3201
3 414 415 1990
3 1035 1070 5137
3 2473 2472 2689
3 413 414 5121
3 1724 1843 3196
3 412 413 669
3 28 29 743
3 3371 2965 5049
3 414 1990 5121
3 3157 2860 3158
3 1512 1331 2868
3 3203 3204 3205
3 669 413 5121
3 5141 5065 5151
3 3662 2938 3663
3 5116 27 5119
3 3219 2873 5069
3 5118 5116 5119
3 1724 3196 5155
3 3133 2891 3134
3 411 412 5130
3 2606 3406 3407
3 1070 3201 5137
3 3662 5135 5147
3 5105 5108 5109
3 2186 2288 2462
3 2022 2020 2023
3 5109 5108 5112
3 5105 5101 5108
3 412 669 5130
3 623 166 4938
3 1164 1314 1319
3 1813 1681 2019
3 2456 2457 2458
3 31 32 5123
3 3329 4347 4348
3 716 718 719
3 410 411 1991
3 2186 2462 5147
3 2471 2470 2472
3 1662 1664 1673
3 406 407 1992
3 1397 1602 3222
3 2462 2766 2938
3 2250 3290 5243
3 1906 2356 2469
3 2500 2498 2503
3 409 410 5131
3 1055 5114 5115
3 2024 2023 2025
3 1512 2868 5132
3 1163 1134 5136
3 5125 643 5129
3 2026 2025 2027
3 2733 2732 2734
3 1991 411 5130
3 1618 1616 1746
3 2525 2524 2739
3 1354 1353 4988
3 2462 2288 2766
3 3230 3869 3870
3 408 409 637
3 5281 3660 5317
3 32 643 5123
3 2185 2027 2196
3 2019 1681 5132
3 1669 1528 1670
3 2766 2288 2767
3 2517 2513 2518
3 32 33 643
3 2938 2766 3078
3 2186 2278 2288
3 2022 2023 2024
3 2026 2185 2186
3 643 33 5129
3 1313 1163 1331
3 410 1991 5131
3 1814 5064 5141
3 2868 1331 5136
3 3200 3623 3698
3 2288 2278 5134
3 2355 1905 3199
3 2024 2025 2026
3 2026 2027 2185
3 2469 2356 2470
3 982 845 4711
3 3623 3206 3624
3 2186 2185 2278
3 1813 2019 2020
3 3217 3218 3230
3 2767 2288 5134
3 1681 1512 5132
3 3869 3218 4097
3 2871 2941 3217
3 1319 1314 1320
3 1812 1681 1813
3 1168 1133 2468
3 1680 1512 1681
3 3200 3199 3206
3 2890 2889 2891
3 2377 2264 2378
3 5070 5072 5073
3 2486 2487 2489
3 5189 4407 5195
3 4877 2804 5302
3 1321 1320 1322
3 1511 1331 1512
3 3009 2872 3198
3 2470 2356 2993
3 637 409 5131
3 2689 2472 3074
3 3230 3218 3869
3 3009 3489 3821
3 3183 3184 3187
3 2021 2020 2022
3 1470 1595 1596
3 2022 2024 5135
3 5225 3171 5346
3 2021 2022 2177
3 3698 3623 4008
3 1680 1812 1814
3 2871 2156 2872
3 1843 2156 2870
3 2900 3717 3724
3 2355 3199 3200
3 2177 2022 5135
3 1511 1680 5141
3 3200 3206 3623
3 5072 5071 5074
3 2766 2767 5138
3 1814 1905 1906
3 4843 1752 4844
3 1906 1905 2355
3 1906 2355 2356
3 1331 1163 5136
3 2941 2872 3009
3 1680 1681 1812
3 3217 2941 3218
3 1511 1512 1680
3 3078 2766 5138
3 3280 3283 4468
3 1813 2020 2021
3 1546 1723 1724
3 1132 1048 1133
3 3995 3095 4009
3 2254 2016 2255
3 5164 2018 5165
3 3378 2855 3730
3 2185 2196 5140
3 1724 1842 1843
3 1685 5046 5177
3 1035 1049 1070
3 2870 2156 2871
3 44 45 5027
3 3489 3665 3666
3 1814 1812 1905
3 1958 1959 1960
3 2871 2872 2941
3 1167 1133 1168
3 1048 1034 5143
3 4406 2867 4407
3 1313 1331 1511
3 1843 1842 2156
3 3662 3663 5148
3 2278 2185 5140
3 1393 1168 1394
3 3009 3198 3489
3 3639 2859 3641
3 3033 3412 3435
3 4925 623 4938
3 2858 2255 2859
3 3198 2872 5164
3 2026 2186 5147
3 1421 1839 2456
3 1409 1550 2526
3 1546 1394 1547
3 3163 3162 4906
3 3489 3198 3665
3 1002 991 1003
3 1393 1394 1546
3 1167 1168 1393
3 1546 1547 1723
3 1680 1814 5141
3 1167 1393 2006
3 5001 1999 5500
3 3200 3698 5145
3 1485 1487 1488
3 1724 1723 1842
3 1322 1320 2001
3 5133 5136 5154
3 1172 1282 5055
3 1706 1710 5153
3 1132 1133 1167
3 3197 1003 5166
3 1388 1385 1390
3 2024 2026 5147
3 1035 1048 1049
3 1015 5137 5157
3 1984 1001 2867
3 1070 1049 1134
3 2873 2689 2874
3 1049 1048 1132
3 2266 2265 2267
3 1164 1163 1313
3 2066 2056 5443
3 1035 1034 1048
3 1697 1698 1699
3 2993 2356 5145
3 2355 3200 5145
3 1015 1034 1035
3 3019 3020 3032
3 2356 2355 5145
3 5135 2024 5147
3 1002 1014 1015
3 2468 1133 5143
3 3009 3821 5149
3 3199 1905 5150
3 1014 1003 1016
3 4097 3218 5149
3 1812 1813 5150
3 2248 1997 5193
3 3245 3246 3262
3 1322 2001 5200
3 1002 1003 1014
3 2941 3009 5149
3 1813 2021 5150
3 1135 1134 1163
3 1070 1134 1135
3 1133 1048 5143
3 1313 1511 5151
3 3190 3629 4143
3 2790 2791 2792
3 1383 4673 4675
3 3218 2941 5149
3 1015 1014 1034
3 1732 1708 4986
3 772 763 1999
3 2516 2514 2549
3 2873 2874 5069
3 1001 991 1002
3 1433 1974 2463
3 1016 1003 3197
3 2001 5061 5200
3 1905 1812 5150
3 2429 2530 2531
3 990 991 1001
3 770 772 990
3 5144 5073 5350
3 1511 5141 5151
3 759 763 770
3 1239 1238 1240
3 5136 1134 5154
3 3679 1490 5188
3 5073 5072 5075
3 4384 4386 4387
3 750 754 759
3 1483 1485 5015
3 726 727 728
3 1164 1313 1314
3 990 772 991
3 770 763 772
3 759 754 763
3 1135 1163 1164
3 2877 1996 5243
3 750 749 754
3 2342 2154 3214
3 942 944 5225
3 1842 1723 2018
3 5045 2952 5287
3 754 749 755
3 3206 3199 5172
3 2454 2839 5300
3 2003 2004 2005
3 1546 1724 5155
3 3368 1459 4897
3 730 734 735
3 3205 3226 3227
3 1975 1535 5203
3 3208 5060 5199
3 3199 5150 5172
3 1393 1546 5155
3 893 891 2274
3 3758 3499 3759
3 5150 2021 5172
3 5070 2874 5071
3 730 728 734
3 742 749 750
3 2463 2464 2465
3 1134 1049 5154
3 2872 2156 5164
3 1641 1601 1642
3 1314 1313 5151
3 5046 5045 5248
3 1049 1132 5154
3 2424 2426 5490
3 3171 3173 5346
3 2252 2293 2294
3 1997 1995 5193
3 2156 1842 5164
3 2006 1393 5155
3 2489 2490 2693
3 742 741 749
3 858 860 861
3 2001 5191 5199
3 3624 5198 5206
3 965 969 971
3 3999 3032 5059
3 2465 2466 2983
3 735 734 741
3 3219 5069 5295
3 2039 2166 5310
3 2263 1816 2264
3 3665 3198 5165
3 2504 2505 2899
3 5035 1692 5036
3 3387 5739 5797
3 1002 1015 5157
3 5069 2874 5070
3 735 741 742
3 3624 3206 5198
3 1001 1002 5157
3 4824 4825 4826
3 3899 3897 3900
3 1462 1461 1492
3 1444 1443 1445
3 1744 5624 5692
3 2021 2177 5172
3 1806 1877 5271
3 2952 3578 5303
3 5023 5024 5178
3 1043 1029 1044
3 1977 3211 3634
3 5081 5082 5210
3 1244 1243 1277
3 1939 4772 5260
3 2983 2984 3828
3 1008 1021 1022
3 3764 3388 4855
3 1003 991 5166
3 5020 1684 5187
3 1708 1709 4986
3 1358 1357 4999
3 1316 1315 1461
3 3129 2852 3636
3 2335 2336 3397
3 2881 1490 3679
3 1038 1039 4916
3 403 404 607
3 2008 3207 5153
3 2867 1001 5157
3 4805 4804 4806
3 2283 2281 2768
3 4421 4422 4424
3 2458 2459 2460
3 991 772 5166
3 772 1999 5166
3 2649 2648 2650
3 5073 5075 5384
3 5070 5071 5072
3 1657 1658 1742
3 3019 2325 3020
3 2886 2378 2887
3 3192 3193 3194
3 1326 1324 1548
3 3137 3136 3138
3 2307 2305 2370
3 1209 1210 1211
3 51 1972 5026
3 1706 1704 1707
3 1842 2018 5164
3 135 136 5099
3 625 135 5099
3 4588 3632 4589
3 5137 3201 5195
3 1359 1389 2009
3 4207 3636 4303
3 5183 1548 5184
3 878 874 2273
3 38 39 5192
3 3237 4872 5234
3 1282 1525 5055
3 1353 1328 2002
3 3157 3158 4310
3 3564 2995 3565
3 1817 2263 2265
3 2548 2547 2914
3 3227 3228 3481
3 2358 1872 3690
3 2263 2264 2377
3 401 402 2000
3 2001 1320 5191
3 3387 3388 3454
3 3032 3033 5059
3 1710 2008 5153
3 4995 1800 5286
3 3032 3020 3033
3 3224 1602 4708
3 2005 2208 2210
3 3498 3497 3499
3 3613 2990 3614
3 2003 2002 2004
3 1610 1608 5371
3 5143 1034 5158
3 3823 3348 3825
3 960 993 994
3 1167 2006 5190
3 2199 2182 2200
3 1860 1859 1861
3 2904 3842 5042
3 1828 1678 4878
3 1034 1014 5158
3 1685 1816 1817
3 2250 2251 2252
3 854 855 856
3 2754 3554 5238
3 1014 1016 5158
3 5061 3209 5204
3 1128 3156 5363
3 2011 2012 2013
3 1723 1547 5177
3 1394 1168 5187
3 1547 1394 1684
3 864 866 867
3 2722 3487 3669
3 2166 2297 2299
3 1168 2468 5187
3 1548 5200 5204
3 3329 4348 4729
3 2009 2010 2011
3 2788 2789 2790
3 50 51 5026
3 5272 2870 5283
3 1039 1045 1047
3 2693 2746 3443
3 5191 5065 5199
3 987 764 5398
3 5159 5033 5176
3 1314 5151 5191
3 5154 1132 5190
3 1324 1322 5200
3 5151 5065 5191
3 2325 2267 5194
3 1702 1701 1703
3 3706 3213 3707
3 1187 1189 1829
3 2281 2172 2282
3 1708 1707 1709
3 5160 5161 5162
3 3829 2768 3830
3 1211 1212 1213
3 2129 2268 2614
3 1621 1620 1622
3 1016 3667 3668
3 724 725 726
3 2267 2265 2910
3 5200 5061 5204
3 1715 1427 5317
3 2433 2067 5293
3 1183 1185 2597
3 3454 3388 3764
3 5133 5154 5190
3 5029 5032 5033
3 1193 1195 1201
3 2722 2723 3487
3 3201 5066 5189
3 2052 4814 5510
3 3773 3772 3911
3 5268 2687 5335
3 3212 2690 3213
3 5019 5020 5202
3 5291 3217 5304
3 2500 2503 2504
3 1547 1684 1685
3 2262 2210 5160
3 5029 5033 5159
3 3669 3487 3670
3 2018 1723 5177
3 945 943 992
3 5160 5162 5213
3 3842 3922 3923
3 2962 3115 5428
3 3423 2937 3754
3 2887 2889 2890
3 1241 1240 1243
3 5198 5148 5206
3 1132 1167 5190
3 1485 1488 5015
3 72 73 4777
3 2303 2301 2831
3 719 720 731
3 2247 1997 2248
3 2613 992 3380
3 2208 2004 2209
3 1525 3190 5055
3 3211 1975 5203
3 2746 2895 5039
3 43 603 5159
3 1881 1734 1882
3 758 768 1830
3 1480 1479 1481
3 1016 3197 3667
3 2005 2004 2208
3 3471 2950 3472
3 1016 3668 5158
3 5065 3208 5199
3 2949 2772 2950
3 3013 3241 3242
3 5835 3120 5844
3 1302 1237 1303
3 1320 1314 5191
3 1444 1445 1446
3 603 5029 5159
3 3496 3472 3497
3 4730 2541 5506
3 3206 5172 5198
3 2867 5157 5195
3 2177 5148 5198
3 2460 2753 2754
3 3243 3244 3245
3 3713 3408 3714
3 948 950 5260
3 5162 5161 5163
3 5190 2006 5210
3 5253 1955 5269
3 4501 4503 4504
3 2858 2859 3639
3 5157 5137 5195
3 2014 2016 2254
3 1699 1698 1701
3 1547 1685 5177
3 2444 724 4989
3 3480 980 3792
3 2210 2208 2688
3 3606 4524 5300
3 2861 2860 3157
3 1039 1047 4916
3 2890 2891 3133
3 3033 3377 3412
3 2695 2698 5542
3 3816 3355 4007
3 2377 2378 2886
3 2013 2014 5182
3 2937 2548 5339
3 3251 3249 3257
3 630 640 641
3 2071 1371 5278
3 5172 2177 5198
3 3407 3406 3408
3 2477 2861 3195
3 1817 1816 2263
3 1998 2249 2250
3 3033 3020 3377
3 2265 2263 5196
3 1518 1519 1520
3 3125 3632 4588
3 3171 961 3172
3 1977 1975 3211
3 2254 2255 2858
3 2722 986 2723
3 4882 4881 4883
3 4407 2867 5195
3 1357 1354 4988
3 3850 3848 3851
3 2035 1621 4535
3 647 645 1822
3 1548 1324 5200
3 4907 911 5528
3 2879 3043 5205
3 2861 3157 3159
3 3148 2317 5336
3 3028 2621 3298
3 5077 5078 5261
3 758 1830 5167
3 1996 1998 5243
3 2531 2532 2533
3 1852 2163 2164
3 2084 2128 2130
3 3134 3136 3137
3 41 42 5176
3 2970 2770 3121
3 5081 5210 5227
3 1435 1457 2491
3 1213 1214 1215
3 971 974 976
3 1442 1441 1443
3 3443 2746 5039
3 3020 2325 5194
3 2760 2852 3129
3 137 1986 5084
3 136 137 5084
3 5287 2952 5303
3 3141 3140 3143
3 2455 731 3210
3 1929 3976 6397
3 3832 3958 3959
3 3387 3381 3388
3 1684 1394 5187
3 3735 2800 5396
3 5227 3196 5261
3 1436 1434 1437
3 1872 1728 5266
3 2904 3841 3842
3 927 925 5209
3 2377 2886 3263
3 2895 4824 5039
3 1535 1310 5203
3 1341 3442 5056
3 1692 1691 1693
3 2559 2560 2561
3 5184 1548 5204
3 2773 5387 5400
3 2476 3671 5232
3 2786 2787 2788
3 3139 3138 3140
3 1493 1492 1494
3 2313 2311 2375
3 5248 5045 5287
3 2210 2688 5160
3 42 5159 5176
3 1685 1684 1816
3 2002 1328 5183
3 1751 1855 1856
3 5155 3196 5227
3 1328 1326 5183
3 1361 1358 4999
3 5160 2688 5161
3 1326 1548 5183
3 1291 1290 1292
3 37 38 602
3 40 41 1081
3 43 44 603
3 976 978 989
3 3380 3381 3387
3 2782 2783 2784
3 3214 2154 5168
3 2268 2900 5083
3 5350 5073 5384
3 3430 3429 3431
3 2267 2910 5194
3 5133 5190 5210
3 1520 1521 1522
3 989 995 998
3 5148 3663 5206
3 3180 3183 5279
3 998 1000 1018
3 1018 1019 1038
3 2481 2953 3243
3 2260 2013 2330
3 2263 2377 5196
3 5176 5033 5230
3 935 936 964
3 2477 2330 2860
3 3298 2621 5599
3 3382 3284 4125
3 2330 2013 5182
3 936 934 937
3 5193 1995 5242
3 2448 2446 2834
3 5256 4208 5293
3 2119 2290 5256
3 1297 1305 1351
3 2784 2785 2786
3 3203 3205 4534
3 1221 1222 1223
3 729 758 5167
3 2342 3214 3760
3 2910 2265 5196
3 5082 5133 5210
3 4975 4974 5219
3 2476 2881 2885
3 719 718 720
3 3169 3393 3394
3 2533 2607 2608
3 2614 2268 5083
3 4231 4230 4323
3 5047 5245 5357
3 1449 1479 1480
3 720 722 5173
3 2294 2293 2606
3 3832 3485 3958
3 603 44 5027
3 938 939 940
3 2011 2013 2260
3 3129 3636 4207
3 3705 2539 3738
3 5384 5075 5401
3 3640 4230 4231
3 1488 1489 1527
3 2380 3127 5307
3 3640 3639 4230
3 2885 3686 3694
3 1369 1386 3169
3 3758 3759 6025
3 1206 1208 1209
3 1772 1721 1773
3 2858 3639 3640
3 940 939 941
3 2546 2543 2547
3 3173 3172 3174
3 4619 4617 4620
3 5577 4363 5698
3 1475 1591 1592
3 3262 3246 3429
3 1695 1696 1697
3 1731 1672 4997
3 731 720 5173
3 1442 1443 1444
3 856 857 858
3 926 928 2031
3 1843 2870 5272
3 2252 2251 2293
3 3263 2886 3720
3 932 934 935
3 4872 4594 4873
3 2477 2860 2861
3 1596 1763 1764
3 935 934 936
3 1143 1155 3232
3 2491 2492 2493
3 3664 5076 5283
3 2481 3243 5180
3 994 1011 1012
3 1438 1437 1441
3 1603 1470 5301
3 2479 2481 5180
3 3771 2829 3791
3 4554 4552 4555
3 4751 4753 4754
3 1028 1027 1029
3 2260 2330 2477
3 933 986 2722
3 3262 3430 5566
3 1026 1025 1027
3 3122 3121 3294
3 1881 1882 5168
3 4055 3514 4366
3 3231 5268 5335
3 1551 1408 5306
3 2014 2254 5182
3 3373 3352 3727
3 1279 1473 1475
3 2057 2064 5443
3 722 723 724
3 2377 3263 5196
3 936 937 938
3 1474 1280 1647
3 2636 2854 5234
3 1475 4902 5237
3 3377 3020 5194
3 1882 2129 2368
3 2890 3133 3628
3 1831 1996 2877
3 2468 5143 5263
3 3901 3900 3903
3 712 713 714
3 2888 5019 5340
3 1619 1621 2035
3 5081 5227 5261
3 2632 2641 2642
3 136 5084 5099
3 2647 2646 2648
3 2478 2955 2977
3 3506 3231 3872
3 1480 1490 2476
3 3326 3327 3328
3 2346 2232 5290
3 1365 1363 1544
3 2209 2004 5212
3 3617 3616 3827
3 2549 2514 5366
3 4882 4883 5169
3 1937 5225 5346
3 1433 2463 5197
3 1384 1978 5040
3 1893 2198 2559
3 2004 2002 5212
3 3825 6278 6283
3 5183 5184 5212
3 3631 4164 4165
3 714 715 716
3 1707 1704 5239
3 1024 1023 1025
3 1871 2478 5174
3 1766 1767 5273
3 1871 2357 2478
3 716 717 718
3 3369 3368 3370
3 3688 5152 5639
3 929 927 2030
3 933 931 986
3 2745 2779 2780
3 2887 2890 5221
3 2855 2733 5122
3 2885 2881 3686
3 1424 1422 1425
3 1882 2368 5168
3 932 933 934
3 2491 4979 5246
3 2476 1490 2881
3 1586 1656 1657
3 1670 1672 1731
3 4972 5156 5280
3 3096 2773 3097
3 4764 4766 4767
3 1592 1728 1733
3 2871 3217 5291
3 2002 5183 5212
3 602 38 5192
3 1693 1694 1695
3 3771 3791 3960
3 3354 2240 3355
3 2900 3724 5083
3 3245 3244 3246
3 1128 2042 2043
3 1585 1582 4706
3 3846 3845 3896
3 3043 3125 5205
3 938 937 939
3 1891 1894 2143
3 2608 2609 2610
3 3227 3481 3545
3 930 931 932
3 4640 3470 5259
3 1442 1444 1447
3 2722 3669 5223
3 1955 939 5319
3 3159 3157 5252
3 2793 2480 2794
3 2771 2219 2773
3 4746 1200 5367
3 949 946 4889
3 3445 3444 3446
3 2262 5160 5213
3 932 931 933
3 2499 2498 2500
3 1648 1734 1881
3 3595 3594 3672
3 2006 5155 5227
3 2507 2508 2509
3 3559 2720 4623
3 1432 1431 1433
3 4855 3388 5269
3 1480 1481 1490
3 2063 2083 2084
3 5210 2006 5227
3 3605 2851 3652
3 3151 4537 4538
3 2886 2887 5221
3 2030 927 5209
3 2061 2190 2191
3 1481 1483 5188
3 1648 1647 1734
3 1883 2155 2880
3 1012 1036 1037
3 710 711 712
3 2890 3628 5221
3 2778 3599 5249
3 670 666 671
3 915 913 1333
3 3714 3929 3930
3 2250 2249 2251
3 1176 1296 1297
3 1438 1441 1442
3 2797 2798 2903
3 1430 1429 1431
3 5177 5046 5248
3 3210 731 5173
3 3071 2502 3231
3 1873 1844 5284
3 1198 1196 2551
3 1219 1220 1221
3 5077 5272 5283
3 4734 4736 4737
3 3445 3447 3509
3 3916 3021 3946
3 5202 2468 5263
3 2734 3776 3777
3 716 719 5207
3 2493 2494 2495
3 4844 1752 4860
3 1215 1216 1217
3 2500 2504 2687
3 1527 1528 1669
3 1436 1437 1438
3 1446 1449 5232
3 1081 41 5176
3 2892 1982 5250
3 2516 2549 2604
3 1703 2153 3676
3 2018 5177 5248
3 4803 4804 4805
3 3174 3176 3178
3 1709 2033 2034
3 914 916 1332
3 3702 3701 4335
3 3071 3506 4088
3 2446 2262 5213
3 2416 3633 4214
3 1483 5015 5188
3 3107 2911 3386
3 5077 5261 5272
3 5348 3158 5365
3 51 52 1972
3 3601 3600 3845
3 2465 2983 3229
3 2497 2499 2501
3 1304 1303 1337
3 953 951 1815
3 3715 2549 5241
3 2606 2829 3406
3 2635 2452 3031
3 2501 2502 2690
3 3187 3184 5326
3 3714 3408 3929
3 1704 1703 5239
3 923 924 968
3 4219 3163 4906
3 2497 2496 2498
3 1807 1820 5208
3 4088 3506 4089
3 3429 3246 3543
3 920 922 923
3 1697 1696 1698
3 3004 2775 3021
3 3599 3598 3600
3 2599 2598 2600
3 3125 4588 5205
3 2154 1881 5168
3 3071 3231 3506
3 5156 2009 5280
3 1293 1292 1315
3 4997 1679 5201
3 1428 1427 1429
3 741 734 2482
3 1037 1087 1088
3 2314 2875 2876
3 2310 2312 2906
3 3096 3801 3906
3 2526 1550 3352
3 1490 1481 5188
3 5387 3676 5400
3 5165 2018 5248
3 1306 1307 1406
3 2675 2674 2676
3 955 953 5217
3 2931 2972 3041
3 2232 2338 5290
3 1274 1275 1306
3 2059 2060 2061
3 2743 2744 2745
3 3183 3833 5279
3 3328 3329 4729
3 2034 2219 2220
3 3137 3138 3139
3 3406 2829 3771
3 2491 1457 2492
3 3237 4594 4872
3 3380 992 3381
3 3010 2316 3331
3 3344 3343 3345
3 2220 2771 2772
3 3664 5291 5304
3 5078 5081 5261
3 2436 4900 5681
3 2834 2446 5213
3 2610 2616 2617
3 4925 4938 5262
3 2606 2293 2829
3 3288 2363 5435
3 2622 2246 2623
3 921 919 983
3 2569 2570 2571
3 3707 3708 3772
3 4271 3148 5336
3 2967 2586 4644
3 5223 3669 5319
3 1709 1707 2033
3 1883 1881 2154
3 2561 2562 2563
3 2043 2044 2045
3 1737 1766 3106
3 1648 1881 1883
3 1703 1701 2153
3 1432 1433 1434
3 1264 1271 1272
3 1879 1874 1880
3 3129 4207 4208
3 3762 3294 3763
3 930 929 931
3 2155 2154 2342
3 3923 3922 4100
3 1695 1694 1696
3 767 757 5274
3 3157 4310 5252
3 1877 2622 5271
3 1368 1367 5278
3 2586 2587 2588
3 2009 2011 5280
3 1235 1234 1238
3 2682 2933 3441
3 1437 1434 5197
3 1980 1983 2335
3 4565 1945 4566
3 3220 2844 3221
3 2435 2534 2807
3 933 2722 5223
3 1716 1551 1717
3 2647 2737 5289
3 1217 1218 1219
3 1426 1425 1427
3 1449 1480 5232
3 2837 3104 3105
3 1806 1717 1807
3 4929 4927 4930
3 2290 2760 5256
3 1334 795 5676
3 3775 3763 4160
3 3703 4730 5672
3 158 627 5297
3 157 158 5297
3 1435 1434 1436
3 1425 1422 5281
3 3096 3097 3801
3 3243 2953 3244
3 2734 2732 3776
3 2594 2595 2596
3 2592 2593 2594
3 1340 1339 1341
3 1464 1601 1641
3 3171 3172 3173
3 3347 2903 5042
3 2596 2742 2743
3 1178 1141 1179
3 3023 3288 3798
3 1998 2250 5243
3 3833 3187 3834
3 5143 5158 5263
3 398 399 642
3 2494 2492 2496
3 4876 2271 5537
3 4646 4648 4649
3 2771 2773 3096
3 1434 1433 5197
3 2950 2772 3014
3 720 721 722
3 3772 3708 3844
3 1272 1273 1274
3 1698 1696 1875
3 947 961 3171
3 4859 4675 5764
3 3141 3143 3144
3 1411 1403 4993
3 3733 2623 5308
3 3205 3227 5233
3 2581 2583 2584
3 2858 3640 5258
3 1435 1436 1457
3 2497 2498 2499
3 4208 4207 4209
3 3720 2886 5221
3 1081 5176 5230
3 5165 5248 5287
3 1800 4973 5286
3 1430 1431 1432
3 4376 4378 4379
3 1040 1019 5292
3 3108 2845 4144
3 2209 5144 5350
3 1200 1198 5367
3 1423 2036 2507
3 1363 1361 5222
3 3139 3140 3141
3 3226 3204 5442
3 728 727 729
3 1998 2247 2249
3 2057 2058 2059
3 928 929 930
3 734 728 5220
3 3196 1843 5272
3 2485 2484 2486
3 2254 2858 5258
3 2259 2366 2367
3 729 5167 5220
3 3664 5283 5291
3 2483 983 2484
3 3707 3213 3708
3 2485 2488 3261
3 1474 1647 1648
3 887 966 1891
3 4996 4995 5296
3 5067 5182 5258
3 2034 2033 2219
3 3690 1872 5266
3 3274 3276 3277
3 2501 2499 2502
3 2188 2434 2435
3 1144 1142 2271
3 2565 2566 2567
3 1432 1434 1435
3 3842 3841 3922
3 5209 925 5316
3 5182 2254 5258
3 2038 1006 2039
3 4973 4971 5459
3 1022 1021 1023
3 2563 2564 2565
3 726 725 727
3 2220 2219 2771
3 3139 3141 3142
3 2690 2502 3071
3 1654 1638 2070
3 923 922 924
3 1865 2204 2205
3 2033 1707 5239
3 4534 3205 5233
3 3516 3534 5468
3 4547 4549 4550
3 3388 3381 5269
3 2864 2754 2992
3 1693 1691 1694
3 1480 2476 5232
3 2209 5212 5295
3 984 767 1832
3 3186 3192 5326
3 3293 867 5044
3 1428 1429 1430
3 1170 1175 1176
3 4995 5286 5489
3 4132 2234 5385
3 1338 1337 1339
3 1500 1499 1501
3 2194 2796 2797
3 2825 2823 4914
3 1549 1408 1551
3 1832 767 5274
3 2760 3129 5256
3 1679 1751 5201
3 3791 2829 5257
3 5263 3668 5340
3 937 934 5223
3 397 398 5228
3 3864 3035 3865
3 1047 1130 1131
3 2493 2492 2494
3 2286 1982 2287
3 1856 1857 1858
3 1972 5214 5215
3 3499 3497 3500
3 924 922 925
3 3348 968 3589
3 1416 1415 1419
3 1420 1419 1421
3 657 659 661
3 934 933 5223
3 3730 2855 5122
3 1669 1670 5242
3 4447 1938 4456
3 2579 2580 2581
3 2588 2589 2590
3 1579 1581 1652
3 1996 1997 1998
3 2573 2574 2575
3 2617 2618 2619
3 1182 1299 2075
3 2913 3265 3266
3 1051 1020 1052
3 5232 3671 5294
3 5158 3668 5263
3 5076 5077 5283
3 2818 3079 3080
3 2306 2308 2898
3 1090 1088 2331
3 2757 2287 2911
3 1619 1620 1621
3 5212 5184 5295
3 2270 2612 2682
3 3179 3180 5279
3 3041 3886 4005
3 2721 2320 2971
3 3217 3230 5304
3 2494 2496 2497
3 1853 2142 5307
3 1960 1961 1962
3 4466 4464 4467
3 2644 2643 2646
3 2184 2164 2230
3 1140 1052 1141
3 1852 1714 2163
3 1475 1473 1591
3 1474 1648 5255
3 2915 1908 3383
3 3744 3745 3746
3 2249 2247 2692
3 1361 4999 5222
3 2903 2904 5042
3 3227 3545 5233
3 711 709 1071
3 2155 2342 2343
3 4558 5433 5650
3 2903 2798 2904
3 3563 3194 3808
3 2575 2578 2579
3 1668 1690 1691
3 2704 2349 2705
3 2478 2357 2955
3 1400 1398 1401
3 2864 3659 3687
3 2590 2591 2592
3 2067 2119 5293
3 2463 2465 5245
3 1886 1733 5174
3 2601 2600 2603
3 3834 3187 5231
3 4754 4755 4757
3 3230 3870 5313
3 789 1017 2536
3 1998 1997 2247
3 5304 3230 5313
3 3071 4088 5276
3 1883 2154 2155
3 928 927 929
3 1414 1413 1415
3 1831 1669 1995
3 3367 4305 5410
3 926 927 928
3 1373 1371 2071
3 396 397 2028
3 960 957 993
3 3665 5165 5287
3 3637 2875 4090
3 893 2274 5322
3 2892 5763 5777
3 1592 1591 1728
3 1861 2182 2199
3 3922 3841 3942
3 5047 5197 5245
3 2031 928 5282
3 4741 4742 4743
3 2208 2209 5350
3 929 2030 5240
3 1544 1363 5222
3 1426 1427 1428
3 2839 3606 5300
3 4231 5348 5365
3 1831 1995 1996
3 986 931 5240
3 1996 1995 1997
3 1703 3676 5239
3 5184 3219 5295
3 2509 2510 2511
3 2485 2486 2488
3 1131 1157 1158
3 1473 1280 1474
3 2870 2871 5291
3 1128 1044 2042
3 2456 2458 3660
3 5202 5263 5340
3 2232 2285 2338
3 1666 1667 1668
3 2992 2754 5238
3 2626 2627 2628
3 1939 4771 4772
3 4131 2234 4132
3 924 925 926
3 2518 2519 2520
3 2819 2846 5381
3 3151 3149 4537
3 3346 3345 3963
3 2975 2976 3786
3 5261 3196 5272
3 1162 1109 1285
3 1717 1551 5477
3 2824 2823 2825
3 1424 1425 1426
3 2489 2693 2957
3 3746 3752 3753
3 1158 1283 1300
3 937 5223 5319
3 1447 1444 5294
3 2576 2569 4523
3 1733 1728 1871
3 2876 2875 3637
3 1300 1440 1472
3 1472 1510 1587
3 2571 2572 2573
3 3665 5287 5303
3 3183 3187 3833
3 1527 1669 1831
3 2726 2725 2727
3 4199 5776 5830
3 2977 2955 3100
3 1701 1698 5251
3 2045 2046 2047
3 2421 2634 5333
3 2011 2260 5280
3 1446 5232 5294
3 2440 2438 2441
3 2357 1872 2358
3 3787 3789 4114
3 4903 1901 5337
3 1344 1342 1345
3 2196 3664 5304
3 5197 2463 5245
3 3666 3665 5303
3 926 925 927
3 1444 1446 5294
3 724 723 725
3 2481 2793 2953
3 2630 2631 2632
3 2244 1876 2245
3 1726 1804 2032
3 1664 1665 1666
3 2314 2313 2315
3 1094 1092 1149
3 1871 1728 1872
3 2619 2629 2630
3 2257 2300 2301
3 930 5018 5282
3 2367 3005 3006
3 2251 2249 5247
3 2394 2396 3130
3 2460 2754 2864
3 728 729 5220
3 5258 3640 5365
3 2390 2392 3147
3 4685 3735 5396
3 928 930 5282
3 2757 2911 3107
3 4462 1944 4463
3 2953 2793 3036
3 3332 3331 3740
3 2196 5304 5313
3 1943 1941 2225
3 2312 2313 2314
3 720 718 721
3 3100 2955 3580
3 1981 1979 1982
3 3233 987 5398
3 2735 3701 3702
3 931 929 5240
3 2506 1005 3797
3 4849 4850 4851
3 2224 2550 2633
3 926 2031 5267
3 1955 5319 5349
3 1897 2211 2213
3 2511 2512 2513
3 1166 1169 1170
3 2500 2687 5268
3 920 921 922
3 2507 2036 2508
3 1883 2880 5255
3 1382 1381 1384
3 1412 1411 1413
3 1426 1428 1439
3 2314 2315 2875
3 5140 2196 5313
3 2293 2251 5257
3 2483 2484 2485
3 1233 1232 1234
3 2712 2711 2713
3 3550 5649 5683
3 2312 2311 2313
3 2679 2245 2680
3 4432 2897 4434
3 2792 2791 2954
3 1279 1280 1473
3 3184 3186 5326
3 2499 2500 5268
3 4917 4918 5638
3 394 395 740
3 2169 2337 2975
3 704 706 732
3 1037 1036 1087
3 1397 3222 5235
3 921 983 2483
3 3626 2848 3647
3 2864 2992 3659
3 2131 2130 2132
3 2716 2715 2717
3 1420 1421 1422
3 2748 2528 2777
3 2180 1038 2528
3 3231 2502 5268
3 2465 3229 5245
3 1404 1403 1411
3 2302 2304 2884
3 1012 1011 1036
3 2386 2388 3102
3 3080 4010 4011
3 2117 2227 2832
3 2380 2382 3127
3 920 919 921
3 2054 2062 2085
3 1231 1230 1232
3 918 919 920
3 3748 3234 3749
3 968 924 5267
3 1377 1375 1538
3 3283 3286 4468
3 953 1815 5217
3 3271 2680 3272
3 994 993 1011
3 1733 1871 5174
3 1995 1669 5242
3 3213 2690 5276
3 2202 2132 2203
3 3687 3659 4300
3 2833 2519 3234
3 4975 5219 5423
3 2479 2480 2481
3 2299 2297 5277
3 3245 3262 5545
3 722 721 723
3 2710 2709 2711
3 1871 1872 2357
3 4660 2553 4661
3 714 713 715
3 3158 5067 5365
3 2790 2789 2791
3 943 941 5253
3 716 715 717
3 2153 1701 5251
3 3684 3683 4051
3 3552 2777 3607
3 3359 3258 4139
3 1384 1599 1978
3 1559 1560 1561
3 1279 1156 1280
3 3362 3363 3364
3 1751 1856 5201
3 1196 1192 5460
3 1831 2877 5354
3 3011 2776 3399
3 2317 2141 5336
3 918 917 919
3 2906 2312 5265
3 1154 1165 1166
3 3192 3194 3563
3 1690 1667 2107
3 3006 3635 3910
3 2714 2713 2715
3 1858 1859 1860
3 3615 125 4109
3 1423 1422 1424
3 2481 2480 2793
3 2166 2299 5310
3 2690 3071 5276
3 2833 3748 3750
3 4540 4538 4541
3 712 711 713
3 3256 3254 3258
3 3682 2826 3683
3 1402 1401 1403
3 1143 3232 5318
3 4979 3215 5345
3 3129 4208 5256
3 5484 1447 5518
3 5283 2870 5291
3 2739 3030 3539
3 1978 1599 1979
3 4567 4566 4568
3 279 280 5431
3 2057 2051 2058
3 1698 1875 5251
3 2249 2692 5247
3 2508 2036 3238
3 3947 4903 5561
3 5652 2899 5688
3 1845 1874 1879
3 2720 2956 4623
3 2904 3840 3841
3 3381 992 5253
3 1668 1667 1690
3 2772 2771 5275
3 1416 1419 1420
3 1641 1642 1755
3 2464 1974 5503
3 2398 2400 3123
3 1088 1087 5318
3 3751 3148 4271
3 1396 1395 1397
3 5067 5258 5365
3 3096 3906 5275
3 1691 1690 5331
3 903 901 2089
3 1351 1305 1352
3 2718 2717 2719
3 2310 2311 2312
3 4611 2683 4614
3 3750 3932 4043
3 1670 1731 5242
3 4168 3625 4210
3 1909 1907 5512
3 2314 2876 5265
3 909 910 967
3 1868 1811 1869
3 3014 2772 5275
3 2829 2293 5257
3 2512 2510 2514
3 2191 2359 2361
3 916 917 918
3 2509 2508 2510
3 2515 2514 2516
3 708 709 710
3 3193 3191 5520
3 2782 2780 2783
3 2518 2513 2519
3 1743 1593 2598
3 1666 1665 1667
3 1148 1153 1154
3 1025 1023 2077
3 3784 3758 6028
3 3437 3444 3445
3 1414 1415 1416
3 3192 3563 5326
3 2497 2501 5288
3 2479 2107 2480
3 2286 2287 2757
3 1051 1140 3235
3 1124 1126 5211
3 3381 5253 5269
3 698 700 2029
3 1008 1020 1021
3 2706 2705 2707
3 985 1007 1008
3 924 926 5267
3 1648 1883 5255
3 768 984 985
3 3411 3107 3814
3 2495 2494 5288
3 907 905 1005
3 2708 2707 2709
3 1155 1156 1279
3 2479 5180 5331
3 1626 1745 5342
3 3754 2937 5339
3 2515 2516 2681
3 1178 1408 1409
3 2757 3107 3411
3 2402 2404 3114
3 3017 3848 3850
3 758 767 768
3 3004 3021 3916
3 2477 3195 5412
3 4472 2678 4600
3 723 721 2078
3 1630 1628 1970
3 2904 2798 3840
3 951 949 5254
3 2502 2499 5268
3 52 53 5214
3 1690 2107 2479
3 3702 4335 5236
3 1178 1179 1408
3 3599 3601 5538
3 729 757 758
3 4629 2814 4631
3 1420 1422 1423
3 992 943 5253
3 1229 1228 1230
3 2788 2787 2789
3 2797 2796 2798
3 2310 2309 2311
3 910 908 911
3 1657 1656 1658
3 3266 3267 3268
3 1409 1549 1550
3 1348 1347 1395
3 2482 734 5220
3 2062 2055 2063
3 2054 2053 2055
3 2180 2748 3722
3 5571 2482 5609
3 4453 2805 5817
3 2771 3096 5275
3 604 66 4599
3 3352 1550 3400
3 2341 2823 2824
3 2200 2327 2328
3 1421 2456 5281
3 1051 1052 1140
3 939 937 5319
3 2843 1827 2844
3 1385 1384 5040
3 1297 1296 1305
3 4815 1964 5481
3 1744 4355 5790
3 1815 951 5254
3 2120 2098 2121
3 1549 1551 1716
3 3708 3213 5276
3 2522 2520 5264
3 2623 3007 3008
3 2084 2130 2131
3 3252 3254 3255
3 3250 3252 5314
3 779 778 780
3 2202 2776 2778
3 1318 1458 1459
3 1029 1027 1099
3 4956 3260 5519
3 2052 2046 2053
3 1716 1717 1806
3 3669 3670 5349
3 2251 5247 5257
3 3589 968 5267
3 5566 3430 5581
3 1799 1610 5371
3 3256 3359 3376
3 1587 1643 1719
3 2778 3011 3598
3 1127 1128 5363
3 1662 1663 1664
3 2043 2042 2044
3 2720 2719 2956
3 2420 2850 5441
3 3437 3436 3444
3 4292 3224 4708
3 3008 3756 3757
3 2902 3711 3712
3 2031 4965 5446
3 1399 1405 3366
3 1284 4130 5918
3 1412 1413 1414
3 2312 2314 5265
3 1877 2244 2246
3 2773 2219 5387
3 1416 1420 5330
3 1646 5047 5357
3 916 915 917
3 2511 2510 2512
3 4310 3158 5348
3 156 157 1987
3 3379 3743 4049
3 3872 3231 5335
3 710 709 711
3 2728 2727 2729
3 3372 5701 5740
3 1694 1691 5331
3 2786 2785 2787
3 2688 2208 5350
3 5019 5202 5340
3 1427 1425 5317
3 3631 4165 5377
3 729 727 757
3 217 218 2068
3 2833 3234 3748
3 1423 1424 2036
3 5319 3669 5349
3 2097 2096 2098
3 3750 3748 3932
3 1227 1226 1228
3 5216 889 5378
3 1143 1144 1155
3 1087 1036 1142
3 2520 2519 2833
3 1346 1345 1347
3 902 904 3697
3 1665 1663 1849
3 2784 2783 2785
3 1422 1421 5281
3 1140 1141 1178
3 2770 2422 5441
3 216 217 5298
3 4547 2908 4549
3 869 867 3293
3 2308 2307 2309
3 965 971 1541
3 222 223 2162
3 2308 2309 2310
3 2331 1088 5318
3 1690 2479 5331
3 1270 1295 1318
3 1146 1147 1148
3 2122 2121 2123
3 4731 1007 5463
3 1155 1144 1156
3 4093 3490 4370
3 2679 3271 3379
3 2546 2547 2548
3 2239 2238 2348
3 1806 1876 1877
3 1332 916 5373
3 2271 1142 5391
3 2044 2042 3240
3 2259 2082 2366
3 4972 5280 5412
3 1664 1663 1665
3 906 908 909
3 955 5217 5403
3 2512 2514 2515
3 2494 2497 5288
3 1474 5255 5372
3 4775 959 5454
3 2237 2236 2238
3 3234 2519 5369
3 1044 1029 5362
3 1423 2507 5330
3 1806 1807 1876
3 2310 2906 5329
3 1286 1285 1466
3 2045 2044 2046
3 886 884 5378
3 867 866 5044
3 1225 1224 1226
3 218 219 5299
3 2672 1459 3368
3 2888 5340 5375
3 2199 2200 5224
3 398 642 5228
3 1459 1458 4897
3 391 392 1082
3 1860 1861 5337
3 918 4942 5373
3 1087 1142 1143
3 1409 1408 1549
3 2425 2423 3642
3 2748 2777 3552
3 1876 1807 5208
3 2622 3733 5546
3 2800 2228 5396
3 4479 2981 4480
3 3640 4231 5365
3 2406 2408 3103
3 2623 2246 3007
3 3023 3798 5312
3 1764 1907 1909
3 1981 1982 2286
3 909 908 910
3 2528 1038 4916
3 985 984 1007
3 1008 1007 1020
3 1404 1411 1412
3 1021 1020 1051
3 3796 3795 3876
3 768 767 984
3 3252 3251 3253
3 3004 3916 3917
3 4054 3067 5439
3 3668 3667 5375
3 2180 2528 2748
3 1660 1661 1662
3 1143 1142 1144
3 914 915 916
3 758 757 767
3 2898 2308 5329
3 5624 4661 5692
3 2702 2699 4408
3 2229 2725 2726
3 694 696 739
3 1978 1979 1980
3 5354 2877 5461
3 2642 2641 2643
3 1176 1175 1296
3 2688 5350 5384
3 2131 2132 2202
3 2218 2217 2236
3 2244 2245 2679
3 2456 3660 5281
3 1424 1426 5285
3 5462 3656 5676
3 1502 1501 1503
3 2124 2123 2125
3 1342 1341 5056
3 5021 3197 5478
3 2202 2203 2776
3 949 4889 5254
3 3268 3439 3440
3 4849 1524 4850
3 1470 1467 1595
3 2902 2901 3710
3 5246 4979 5429
3 3289 3259 5518
3 2134 2125 2135
3 219 220 619
3 2429 2427 2530
3 1267 2431 5544
3 214 215 652
3 3757 3756 3879
3 2298 2167 2901
3 5412 3195 5459
3 2739 2524 3030
3 4174 3647 4634
3 3784 6028 6035
3 3794 3793 3795
3 3359 4139 4140
3 2245 1876 5208
3 3197 5166 5478
3 1402 1403 1404
3 2458 2460 5321
3 3256 3258 3359
3 1658 1659 1660
3 1661 1659 2080
3 2623 3008 5308
3 5274 757 5347
3 1457 1436 5423
3 1137 1145 1146
3 2357 2358 5305
3 5280 2260 5412
3 3115 4168 5428
3 1473 1474 5372
3 2152 2149 2217
3 3598 3011 3739
3 5203 1309 5457
3 717 715 756
3 2559 4441 5436
3 2391 2389 5419
3 1612 1610 1799
3 1011 993 3247
3 910 911 912
3 2960 2962 5428
3 2136 2135 2137
3 2306 2307 2308
3 925 922 5316
3 2306 2305 2307
3 1179 2735 5306
3 1400 1401 1402
3 5015 1488 5354
3 2028 397 5228
3 3695 2529 3696
3 2796 2775 3004
3 3596 3030 3918
3 2410 2412 3098
3 1247 1249 1934
3 912 913 914
3 2148 2147 2149
3 914 913 915
3 2679 2680 3271
3 4154 3987 4155
3 2778 2776 3011
3 2052 2053 2054
3 2194 2775 2796
3 1023 1021 5325
3 2047 2046 2052
3 5303 3578 5421
3 1087 1143 5318
3 717 756 3541
3 1412 1414 1417
3 3383 1908 5594
3 223 224 5353
3 727 725 5347
3 3008 3007 3756
3 1018 1038 2180
3 5219 1457 5423
3 2653 2740 5356
3 1877 1876 2244
3 3255 3254 3256
3 1591 1473 5372
3 5266 1591 5372
3 3233 5398 5399
3 2745 2744 2779
3 2146 2145 2147
3 3252 3253 3254
3 2194 1901 2775
3 2144 2139 2145
3 3541 756 3858
3 2824 2826 3681
3 922 921 5316
3 3379 3271 3743
3 3597 3067 4054
3 3243 3245 5508
3 1494 2553 4660
3 2138 2137 2139
3 5161 2688 5384
3 2075 1299 5416
3 3679 5188 5461
3 2864 3687 5321
3 2062 2063 2178
3 1941 1886 5320
3 2054 2055 2062
3 916 918 5373
3 3252 3255 5314
3 2824 2825 2826
3 1170 1169 1175
3 2955 2357 5305
3 4615 4614 4616
3 2833 3750 5264
3 1770 1605 3317
3 3279 3280 3878
3 2256 1962 2257
3 763 754 5500
3 4410 2973 4411
3 4235 3531 4236
3 3308 2558 3309
3 1408 1179 5306
3 2033 5239 5387
3 1126 1136 1137
3 989 998 999
3 2361 2817 3059
3 2297 2298 2948
3 3580 2955 5305
3 3539 3030 3596
3 1203 1202 1204
3 1862 1901 2194
3 4018 4016 4025
3 1375 1373 5324
3 912 911 913
3 2061 2060 2190
3 3982 3570 3983
3 3222 3504 5405
3 1862 1860 1901
3 1340 1341 1342
3 5425 5399 5426
3 3660 2458 5321
3 3682 3683 3684
3 1205 1204 1206
3 1915 1912 3044
3 1886 5174 5320
3 1662 1661 1663
3 5766 1934 5771
3 921 2483 5316
3 1719 1749 1848
3 1879 1880 2234
3 2304 2303 2305
3 1223 1222 1224
3 5161 5384 5401
3 2302 2301 2303
3 4975 5423 5484
3 1252 1250 5452
3 1390 4710 5492
3 3195 2861 5489
3 2954 3422 3835
3 2780 2779 5377
3 3018 3145 3859
3 1488 1527 5354
3 2191 2190 2359
3 1972 52 5214
3 2232 1911 2285
3 5163 5161 5401
3 2367 2366 3005
3 1396 1397 1398
3 2089 901 5467
3 1738 1736 5602
3 1527 1831 5354
3 718 717 5370
3 2628 2637 2638
3 2051 2049 5415
3 2304 2305 2306
3 2042 1044 5362
3 3377 5810 5822
3 3737 3735 4685
3 1980 1979 1981
3 3758 6025 6028
3 1343 1450 2537
3 1862 5043 5420
3 907 1005 2506
3 896 898 899
3 2520 2833 5264
3 2756 3053 3054
3 1124 1125 1126
3 2306 2898 5376
3 1201 1195 1202
3 2039 2079 2166
3 2902 3710 3711
3 1302 1303 1304
3 2460 2864 5321
3 2225 1941 5320
3 5239 3676 5387
3 2430 4421 5490
3 1658 1656 1659
3 2743 2742 2744
3 906 907 908
3 3068 4094 4095
3 2059 2058 2060
3 2036 1424 5285
3 1345 1342 5056
3 1875 1696 5434
3 3097 2773 5400
3 3006 3005 3635
3 1090 2331 5328
3 3800 4196 4197
3 2200 2328 5224
3 3835 3422 3885
3 3307 5534 5619
3 3645 4132 5887
3 4646 2752 4648
3 899 900 1006
3 212 213 2069
3 1636 1634 1712
3 732 706 5364
3 1348 1395 1396
3 2063 2084 5408
3 2219 2033 5387
3 1858 1860 1862
3 2351 2968 2969
3 1861 2199 5337
3 1211 1210 1212
3 224 225 651
3 1338 1339 1340
3 1166 1165 1169
3 53 54 1042
3 1538 1375 5324
3 2297 2948 5277
3 2060 2058 2882
3 1401 1398 5235
3 1660 1659 1661
3 1398 1397 5235
3 1051 3235 5325
3 2537 2538 2539
3 1373 2071 5324
3 1402 1404 2076
3 1428 1430 5429
3 5410 4305 5949
3 2302 2303 2304
3 2334 5812 5866
3 1213 1212 1214
3 5340 3668 5375
3 897 895 980
3 3366 1405 3396
3 2596 2595 2742
3 906 905 907
3 706 707 708
3 2519 2513 5369
3 1715 5317 5540
3 1149 1092 5328
3 2257 2301 2302
3 701 699 2074
3 3250 3249 3251
3 1021 1051 5325
3 2308 2310 5329
3 2513 2512 5369
3 2298 2901 2902
3 3277 3278 3279
3 721 718 5370
3 3005 2366 3264
3 1426 1439 5285
3 2954 2791 3422
3 4955 4916 5486
3 2594 2593 2595
3 1641 1755 3248
3 2812 2919 2920
3 1820 2341 5343
3 1221 1220 1222
3 1960 1962 2256
3 1755 1642 5332
3 1209 1208 1210
3 1305 1296 1729
3 3681 2826 3682
3 1304 1337 1338
3 1215 1214 1216
3 2037 5235 5405
3 690 692 2296
3 2295 2916 2917
3 2260 2477 5412
3 3786 2976 3787
3 2586 2584 2587
3 1391 1390 5492
3 822 823 824
3 2735 3702 5306
3 1642 1726 5332
3 1420 1423 5330
3 1154 1153 1165
3 3707 3773 5541
3 1430 5246 5429
3 5015 5354 5461
3 2166 2167 2297
3 2915 3383 3716
3 1987 157 5297
3 2884 2304 5376
3 280 1967 5431
3 1092 1090 5328
3 1891 966 1894
3 904 905 906
3 3248 1755 3249
3 2077 1023 5325
3 2975 2337 2976
3 2359 2190 2360
3 2810 3048 3549
3 2540 2542 2544
3 2728 3067 3091
3 4329 2974 4332
3 704 705 706
3 2698 3093 5542
3 3318 3317 3319
3 1161 1182 5433
3 211 212 5379
3 1735 1739 1840
3 5286 3195 5489
3 1442 1447 5484
3 2422 2420 5441
3 2726 2727 2728
3 3593 3591 3594
3 2388 2390 5311
3 2632 2631 2641
3 1219 1218 1220
3 1384 1381 1599
3 1346 1347 1348
3 2917 3583 3609
3 2531 2530 2532
3 3091 3597 4130
3 957 955 5403
3 225 226 5352
3 2592 2591 2593
3 2682 3441 5630
3 1467 1466 5351
3 2403 2401 5475
3 1399 1398 1400
3 5208 1820 5343
3 1726 2032 5332
3 1453 1391 5492
3 1785 1786 1787
3 3238 2036 5285
3 1879 2234 3269
3 1029 1099 5362
3 3250 3251 3252
3 2349 2348 5323
3 705 703 748
3 3968 3967 3969
3 2056 2057 5443
3 1138 1083 1139
3 2508 3238 5366
3 1344 1345 1346
3 2178 5408 5538
3 1694 5331 5434
3 661 662 665
3 1436 1438 5423
3 1901 1860 5337
3 1399 3366 5473
3 5243 3290 5533
3 2297 2167 2298
3 3589 5267 5446
3 2533 2532 2607
3 2682 2612 2933
3 3269 4131 4133
3 725 723 5358
3 1148 1147 1153
3 3204 4908 5442
3 3572 2817 3741
3 702 703 704
3 2364 2363 3023
3 1619 1618 1620
3 1217 1216 1218
3 757 727 5347
3 4944 1156 5458
3 706 708 5364
3 2608 2607 2609
3 5267 2031 5446
3 1122 1123 1124
3 723 2078 5358
3 2488 2486 5495
3 3538 2967 4644
3 4231 4323 5444
3 2783 2780 5377
3 2756 2548 2937
3 2787 2785 3003
3 2999 2373 3076
3 3092 3038 3744
3 2078 721 5370
3 828 830 880
3 210 211 977
3 2485 3261 5472
3 3110 3577 3996
3 5959 1947 5989
3 1399 1400 1405
3 1009 987 3233
3 2414 2815 3094
3 866 1245 5044
3 4972 5412 5459
3 3312 3311 3389
3 2039 1006 2079
3 3400 1550 5432
3 3010 3331 3332
3 2433 5563 5638
3 3053 2937 3423
3 1509 1124 5211
3 1299 1464 5416
3 2131 5249 5408
3 65 66 604
3 2335 1983 2336
3 1406 1407 1513
3 3620 3049 3871
3 2827 3069 4044
3 1120 1121 1122
3 2590 2589 2591
3 708 707 709
3 2798 2796 5360
3 5235 3222 5405
3 2588 2587 2589
3 3269 2234 4131
3 3240 2042 5362
3 2032 1804 5438
3 1169 1165 1651
3 3349 1268 5411
3 91 92 610
3 2338 2988 3040
3 2913 2143 3265
3 2728 2729 3067
3 2610 2609 2616
3 1118 1119 1120
3 2512 2515 5369
3 2178 2063 5408
3 4675 4673 5742
3 4383 4384 5552
3 2294 5185 5597
3 5534 2110 5619
3 5331 5180 5434
3 899 898 900
3 2223 2100 2224
3 226 227 2072
3 3225 3602 6109
3 2630 2629 2631
3 2624 2611 3728
3 700 701 702
3 2514 2510 5366
3 2084 2131 5408
3 904 903 905
3 1178 1409 5393
3 1053 1030 1083
3 3239 2770 5441
3 2617 2616 2618
3 1567 1568 1569
3 900 898 901
3 2619 2618 2629
3 897 980 3480
3 3248 3249 3250
3 1396 1398 1399
3 3634 3211 5450
3 1696 1694 5434
3 2510 2508 5366
3 3235 1140 5393
3 4649 4648 4650
3 3603 3076 3933
3 822 821 823
3 1586 1655 1656
3 1785 1784 1786
3 903 2089 5395
3 4836 1509 5211
3 2859 2255 5573
3 1116 1117 1118
3 2392 2394 5334
3 2080 1659 5496
3 3631 3889 4164
3 2652 2650 3077
3 3695 3696 4218
3 706 705 707
3 3840 2798 5360
3 88 89 1086
3 4908 2030 5547
3 2581 2580 2583
3 4948 4658 5449
3 2099 2095 2100
3 3434 3433 3436
3 1005 905 5395
3 3226 5442 5466
3 3004 3917 5360
3 3666 5303 5421
3 2796 3004 5360
3 3121 2770 3239
3 1907 2295 5512
3 2925 3873 5455
3 2361 2359 2817
3 1146 1145 1147
3 1550 1549 5432
3 3434 3437 3535
3 1182 2075 5433
3 736 671 737
3 2605 3695 4204
3 4635 4383 5552
3 3787 2976 3788
3 1466 2529 2605
3 2166 2079 2167
3 2779 3630 3631
3 4975 5484 5518
3 1269 1267 5544
3 3365 3363 5719
3 2524 2522 5394
3 1504 1503 1505
3 5209 5316 5472
3 3400 5432 5546
3 1943 2225 5380
3 3037 2804 3038
3 3647 5301 5557
3 4971 4972 5459
3 2931 3041 5641
3 2058 2051 5415
3 1156 1144 5458
3 704 703 705
3 2546 2548 2756
3 2646 2643 3424
3 3045 3044 3065
3 5347 725 5358
3 3007 2246 5390
3 959 965 5454
3 3211 5203 5457
3 2082 1943 5380
3 1583 1585 1586
3 2390 3147 5311
3 3787 3788 3789
3 3320 3319 3321
3 3046 3619 3725
3 1439 1428 5429
3 834 836 2088
3 85 86 626
3 1716 5271 5432
3 698 699 700
3 2489 2957 5495
3 1804 1845 5438
3 3304 3302 3305
3 4387 4390 5553
3 2246 2244 5390
3 3102 2388 5311
3 3749 3234 5485
3 2341 2824 5343
3 2545 2543 2546
3 1379 5058 5482
3 2180 3722 5407
3 2205 2353 2354
3 3597 4054 4136
3 3419 2932 3627
3 2348 3050 5323
3 2791 2789 5404
3 1343 1342 1344
3 717 3541 5370
3 993 957 5403
3 4437 862 5983
3 1414 1416 5389
3 3272 2680 5635
3 697 695 744
3 2304 2306 5376
3 2354 2816 2835
3 2779 2744 3630
3 4313 982 4711
3 765 988 1835
3 838 840 865
3 5545 3262 5566
3 1036 1011 5391
3 984 1832 5463
3 5013 1715 5622
3 5250 1599 5482
3 1506 1505 1517
3 2396 2398 5344
3 702 701 703
3 54 55 5355
3 902 903 904
3 3273 3274 3275
3 3434 3436 3437
3 71 72 1477
3 2271 5391 5537
3 2542 2541 2543
3 1918 783 4241
3 1144 2271 5458
3 3547 3987 4154
3 868 867 869
3 2336 1983 2363
3 2522 5264 5394
3 3333 3305 3935
3 5054 755 5571
3 1301 1237 1302
3 1573 1575 1834
3 2170 2350 2351
3 1137 1136 1145
3 1549 1716 5432
3 2540 2538 2541
3 693 691 2090
3 3147 2392 5334
3 1346 1348 2086
3 3746 3753 3895
3 1416 5330 5389
3 4012 4011 4030
3 3585 3616 3617
3 1242 1207 3307
3 2053 2046 5418
3 3266 3265 3267
3 1464 1641 5416
3 2658 2656 3072
3 2818 3080 5481
3 5348 4231 5444
3 700 699 701
3 3115 3625 4168
3 1147 1145 1545
3 3091 3067 3597
3 2679 3379 5390
3 1140 1178 5393
3 1880 2229 5385
3 3053 3423 3621
3 2579 2578 2580
3 887 886 888
3 900 901 902
3 2835 3492 3493
3 2394 3130 5334
3 1390 1385 5040
3 2803 2633 2804
3 2740 4376 5356
3 3738 2539 5359
3 2902 3712 5402
3 3691 3307 3693
3 2803 3037 3039
3 2936 3502 3503
3 2756 2937 3053
3 5188 5015 5461
3 4538 4537 5521
3 2537 1450 2538
3 4031 4030 4032
3 755 749 5571
3 1126 1125 1136
3 1472 1587 1588
3 3583 2916 3584
3 228 229 766
3 3631 3630 3889
3 1131 1158 1159
3 1581 1582 1583
3 1142 1036 5391
3 5166 1999 5478
3 2605 2529 3695
3 1917 835 4636
3 3092 3964 4077
3 1007 984 5463
3 3813 3061 3919
3 89 90 5430
3 1840 1841 1900
3 2779 3631 5377
3 2252 2294 5588
3 2433 5293 5563
3 388 389 1896
3 2551 1196 5460
3 229 230 5409
3 3059 2817 3572
3 217 2068 5298
3 2093 2091 3306
3 3337 3335 3649
3 1264 1262 1271
3 5533 3290 5575
3 2569 2567 2570
3 2742 2595 2979
3 387 388 5413
3 685 683 2101
3 5316 2483 5472
3 2575 2574 2578
3 1609 1611 1850
3 887 888 966
3 1980 1981 1983
3 1031 1054 1100
3 3638 4057 4076
3 2037 5405 5406
3 4658 4659 5449
3 2044 3240 5418
3 1236 1200 1237
3 3697 904 5392
3 1875 5434 5508
3 1477 72 4777
3 3130 2396 5344
3 1205 1206 5382
3 902 901 903
3 2068 218 5299
3 3323 3321 3324
3 1236 1301 1515
3 4833 1948 4834
3 998 1018 5407
3 1466 2605 5351
3 5453 3705 5516
3 4550 4549 4551
3 1114 1115 1116
3 3317 1605 5626
3 2680 2245 5572
3 2536 2809 3656
3 1340 1342 1343
3 1197 1199 3313
3 3234 5369 5485
3 3315 3295 5609
3 1011 3247 5391
3 2948 2298 5402
3 2348 3049 3050
3 2234 1880 5385
3 1924 827 4576
3 2270 2682 5464
3 5637 1809 5719
3 5450 3211 5457
3 1564 1562 5736
3 3297 3794 5593
3 2244 2679 5390
3 965 1541 5454
3 3572 3741 3909
3 2638 2639 2640
3 4376 4379 5356
3 1381 1379 5482
3 2143 1894 5464
3 1466 1285 2529
3 2169 2316 2337
3 906 909 5392
3 2539 2538 2540
3 3531 3519 4259
3 5417 1829 5589
3 2925 2924 3731
3 870 869 871
3 1173 1139 1174
3 2824 3681 5343
3 1417 1414 5389
3 1596 1595 1763
3 5508 3245 5545
3 2426 2430 5490
3 2366 2082 5380
3 3030 2524 5394
3 976 989 5471
3 1845 1879 5438
3 1586 1585 1655
3 2573 2572 2574
3 3050 3620 3920
3 3273 1833 3274
3 3080 4011 4012
3 1191 4521 5589
3 890 892 3314
3 3428 3427 3433
3 1124 1123 1125
3 1964 2818 5481
3 2545 2546 5388
3 888 886 889
3 2099 2223 3292
3 5423 1438 5484
3 2917 2916 3583
3 1112 1113 1114
3 1551 5306 5477
3 980 895 5322
3 1285 1109 5488
3 5378 884 5491
3 1018 2180 5407
3 3247 993 5403
3 1343 1344 1450
3 1102 1103 1104
3 219 619 5299
3 3890 3015 3892
3 3268 3267 3439
3 1655 1585 1833
3 1856 1858 5420
3 872 871 873
3 846 848 862
3 2542 2543 2545
3 2047 2052 5510
3 1829 1189 5589
3 5391 3247 5537
3 1104 1105 1106
3 3609 3583 3951
3 873 871 874
3 3809 3194 5612
3 2398 3123 5344
3 2423 1205 5382
3 2092 2093 2094
3 1515 2091 2092
3 2229 2726 5385
3 5472 3261 5547
3 1981 2286 5435
3 2483 2485 5472
3 2455 3210 5584
3 2571 2570 2572
3 2162 223 5353
3 3918 3030 5394
3 2295 1908 2915
3 4421 4871 5490
3 3277 3279 3281
3 5201 1856 5420
3 1848 1865 5327
3 2337 2316 3010
3 999 998 5407
3 2882 2058 5415
3 2298 2902 5402
3 989 999 5471
3 2593 2591 3075
3 3292 3296 3297
3 2641 2631 3421
3 2400 2402 5374
3 753 774 1994
3 2094 2095 2096
3 698 697 699
3 90 91 5383
3 3146 2576 4523
3 2831 2301 5570
3 1438 1442 5484
3 1306 1275 1307
3 689 687 738
3 1110 1111 1112
3 1106 1107 1110
3 2705 2349 5323
3 5500 755 5519
3 2046 2044 5418
3 2178 4643 5614
3 1406 1307 1407
3 896 897 898
3 842 844 2102
3 1583 1582 1585
3 3094 3095 3995
3 904 906 5392
3 3297 3557 3793
3 696 697 698
3 1232 1230 1539
3 3686 2881 5575
3 5369 2515 5485
3 2169 2168 2316
3 1579 1580 1581
3 1226 1224 1465
3 2861 3159 5489
3 2885 3694 5590
3 1541 971 5494
3 5408 5249 5538
3 53 1042 5214
3 1756 1597 2276
3 5372 5255 5522
3 1274 1273 1275
3 4421 4424 4871
3 4634 3647 5557
3 1125 1123 1392
3 5497 3292 5593
3 2540 2541 2542
3 1735 1840 5567
3 885 886 887
3 2899 2505 5606
3 905 903 5395
3 3357 4176 5636
3 2348 2238 3049
3 3702 5236 5477
3 3010 3332 3924
3 741 2482 5571
3 3750 4043 5578
3 850 852 2103
3 2559 2198 2560
3 2224 2633 2803
3 2236 2217 2802
3 2486 2489 5495
3 4012 4030 4031
3 3092 3744 3964
3 754 755 5500
3 902 3697 5422
3 745 737 746
3 3882 3963 6632
3 1764 1763 1907
3 2336 2363 2364
3 3709 5179 5699
3 55 2 3770
3 2709 2707 2799
3 2427 2425 5397
3 1561 1562 1563
3 4807 4804 5636
3 1272 1271 1273
3 1581 1580 1582
3 1006 900 5422
3 2589 2587 2985
3 3652 2851 5584
3 3422 2791 5404
3 2624 3728 3729
3 894 895 896
3 1199 1198 1200
3 792 790 793
3 1206 1207 1208
3 2188 1837 2434
3 3007 5390 5531
3 1122 1121 1123
3 858 861 2108
3 1109 1096 5488
3 1617 1618 1619
3 896 895 897
3 1220 1218 1311
3 2049 2047 5510
3 1240 1238 1604
3 5415 2049 5510
3 872 877 1183
3 3686 5575 5588
3 854 856 859
3 2147 2145 2371
3 3123 2400 5374
3 1242 3691 3692
3 5306 3702 5477
3 3551 4353 5504
3 2640 2674 2675
3 2295 2915 2916
3 1120 1119 1121
3 5001 5500 5519
3 1338 1340 5453
3 2565 2564 2566
3 2168 1848 5327
3 1064 4751 5511
3 2404 2406 5386
3 1858 1862 5420
3 2756 3054 5388
3 2189 5497 5593
3 1193 1194 1195
3 2112 2168 2169
3 911 908 5528
3 3037 3038 3092
3 1118 1117 1119
3 1191 1192 1193
3 1302 1304 1418
3 2540 2544 5359
3 864 867 868
3 1189 1190 1191
3 3024 3023 5312
3 4754 4757 4761
3 2515 2681 5485
3 2121 2098 2189
3 3354 3355 3816
3 3679 5461 5533
3 3585 3026 3616
3 5432 5271 5546
3 1533 1350 1686
3 3391 3392 5731
3 3264 2366 5380
3 694 695 696
3 1599 1381 5482
3 1641 3248 5416
3 2807 2534 2828
3 2112 1848 2168
3 1349 1174 1350
3 2729 2827 5439
3 1318 1459 2243
3 1187 1188 1189
3 5434 5180 5508
3 2563 2562 2564
3 207 208 1410
3 894 893 895
3 3274 3277 5502
3 971 976 5494
3 1907 1908 2295
3 2402 3114 5374
3 2561 2560 2562
3 882 884 885
3 2629 2618 3410
3 4802 1958 5530
3 2137 2135 2275
3 2099 2100 2223
3 3289 5518 5525
3 2444 4642 5647
3 1974 5013 5503
3 3783 3101 4070
3 2125 2123 2277
3 5588 2294 5597
3 1655 1833 3273
3 3191 3646 5520
3 1214 1212 1276
3 1185 1186 1187
3 1183 1184 1185
3 2112 4862 5548
3 917 915 5564
3 5525 3671 5590
3 3638 3040 4057
3 1687 1686 1758
3 889 886 5378
3 3438 3328 3478
3 2364 3023 3024
3 3005 3264 5447
3 3398 3397 5507
3 1518 1517 1519
3 224 651 5353
3 2546 2756 5388
3 2664 2662 3063
3 3369 3370 3945
3 900 902 5422
3 1236 1237 1301
3 892 893 894
3 3050 3049 3620
3 2635 3031 5596
3 3259 4975 5518
3 907 2506 5528
3 2803 2804 3037
3 2715 2713 2989
3 816 818 963
3 868 870 3316
3 752 746 753
3 3067 2729 5439
3 3876 3795 3954
3 1206 1204 1207
3 2060 2882 5451
3 5723 4795 5738
3 3642 2423 5382
3 3924 3332 3925
3 1513 1514 1593
3 4963 3706 5717
3 5054 5571 5609
3 3114 2404 5386
3 1199 1200 1236
3 3260 5001 5519
3 3428 3433 3434
3 692 693 694
3 2539 2540 5359
3 1119 1117 2104
3 696 695 697
3 3776 2732 5596
3 1879 3269 5438
3 5169 917 5564
3 2360 2190 5451
3 1495 1494 4660
3 3080 4012 5481
3 2616 2609 3390
3 2270 2611 2612
3 680 682 1098
3 1100 1101 1102
3 1116 1115 1117
3 3635 3005 5447
3 2956 3395 3837
3 895 893 5322
3 1617 1616 1618
3 3379 4049 5531
3 3292 2223 3296
3 3098 2412 5603
3 1595 1467 5351
3 5266 5372 5522
3 2607 2532 3372
3 4916 1047 5486
3 2094 2093 2095
3 1520 1519 1521
3 2425 3642 5397
3 2418 5656 5778
3 5390 3379 5531
3 2150 2151 2215
3 2092 2091 2093
3 2096 2095 2099
3 686 688 761
3 1522 1521 1540
3 2529 1285 5488
3 3920 3620 4073
3 1894 966 2269
3 800 799 801
3 788 789 790
3 3164 3105 4148
3 3297 3296 3557
3 2079 1006 5422
3 1343 2537 5453
3 1515 1301 2091
3 3893 3242 3894
3 6060 3553 6603
3 2911 5785 5800
3 3690 5266 5522
3 5209 5472 5547
3 5294 3671 5525
3 4209 4522 5563
3 3516 3518 3534
3 1659 1656 5496
3 3265 2143 5464
3 1194 1192 1196
3 3241 5625 5649
3 5180 3243 5508
3 798 797 799
3 1719 1848 2112
3 1759 1758 1866
3 4856 5750 5789
3 976 5471 5494
3 2530 2427 5397
3 3691 3693 4162
3 690 691 692
3 1636 1712 5315
3 1242 3307 3691
3 1864 2626 5620
3 1907 1763 1908
3 1892 1866 1895
3 5398 764 5562
3 2215 2216 2365
3 1257 1255 2376
3 2612 2611 2624
3 2406 3103 5386
3 1344 1346 5424
3 2620 3027 3029
3 2803 3039 5517
3 996 831 4793
3 212 2069 5379
3 1869 1870 2150
3 1288 1277 1711
3 694 693 695
3 4704 1830 5882
3 1609 1850 5595
3 1894 2269 2270
3 2365 2620 5524
3 868 869 870
3 885 884 886
3 872 873 877
3 2676 3570 3982
3 2602 2695 5542
3 5378 5491 5623
3 2190 2060 5451
3 3 61 2201
3 1208 1207 1242
3 651 225 5352
3 2408 2410 5414
3 1447 5294 5525
3 2925 3731 3732
3 231 232 1180
3 1715 5540 5622
3 3407 3713 5652
3 870 871 872
3 688 689 690
3 1770 3317 3318
3 5043 3330 5633
3 2877 5243 5533
3 3069 3547 5465
3 5667 2077 5700
3 1191 1190 1192
3 1193 1192 1194
3 892 891 893
3 4673 4674 5724
3 2580 2578 3022
3 2553 2554 2555
3 1189 1188 1190
3 1754 1556 4170
3 701 2074 5456
3 2435 2434 2534
3 2976 2337 5448
3 3275 3274 5502
3 3288 5435 5565
3 3061 3059 5469
3 3965 3894 3966
3 2672 3368 3369
3 3696 2529 5488
3 3493 3854 3855
3 2074 699 5483
3 692 691 693
3 1735 1552 1739
3 2749 2226 2750
3 1202 1195 2110
3 4208 4209 5563
3 908 907 5528
3 4040 4039 4041
3 1187 1186 1188
3 4541 4538 5521
3 4219 4907 5673
3 1185 1184 1186
3 1773 1721 5569
3 1983 1981 5435
3 3277 3281 5502
3 2359 2360 5480
3 4022 4020 4023
3 5491 2869 5623
3 1183 877 1184
3 3741 2817 5480
3 2827 4044 5439
3 3318 3319 3320
3 1114 1113 1115
3 3679 5533 5575
3 674 676 1335
3 665 666 670
3 3193 5520 5774
3 3250 5314 5579
3 2363 1983 5435
3 3608 4955 5529
3 5041 5637 5719
3 5255 2880 5522
3 686 687 688
3 875 879 3358
3 3012 2671 3013
3 2757 3411 5565
3 3478 3328 4729
3 1654 2070 5569
3 3871 3049 5499
3 690 689 691
3 2956 2719 3395
3 977 211 5379
3 1197 1196 1198
3 897 3480 5467
3 3603 3933 4004
3 3289 5525 5590
3 5461 2877 5533
3 748 703 5456
3 1197 1198 1199
3 1450 1344 5424
3 2300 4815 5648
3 4384 4387 5552
3 3103 2408 5414
3 1047 1131 5486
3 1348 1396 5473
3 3512 3513 5468
3 3660 5321 5540
3 5563 4522 5638
3 3361 2750 3362
3 3040 2988 5536
3 3059 3572 5469
3 3706 3707 5541
3 1188 1186 1589
3 3417 3416 3427
3 820 821 822
3 3788 2976 5448
3 1184 877 2333
3 688 687 689
3 2270 2269 2611
3 2432 2157 5617
3 5173 2444 5647
3 3323 3451 3452
3 5317 3660 5540
3 888 889 890
3 226 2072 5352
3 1797 1810 1811
3 5321 3687 5540
3 1936 4532 5740
3 1104 1103 1105
3 1112 1111 1113
3 1656 1655 5496
3 4218 2847 5770
3 3602 4292 5558
3 802 801 803
3 3001 3838 5016
3 796 795 797
3 2670 2197 2671
3 2811 2557 2812
3 1579 1578 1580
3 5208 5343 5572
3 1502 1504 5726
3 3018 2677 3145
3 703 701 5456
3 2728 3091 5556
3 3320 3321 3323
3 890 891 892
3 1042 54 5355
3 5301 1596 5557
3 3235 5139 5535
3 2337 3010 5448
3 1840 1900 5745
3 1106 1105 1107
3 3003 2785 5539
3 686 685 687
3 1904 3299 3300
3 2410 3098 5414
3 5684 4573 5712
3 1110 1107 1111
3 901 898 5467
3 3323 3324 3451
3 1115 1113 1177
3 3326 3328 3438
3 1865 2205 5327
3 5251 1875 5545
3 684 685 686
3 2075 5416 5579
3 2785 2783 5539
3 2574 2572 2939
3 681 679 733
3 1340 1343 5453
3 776 778 779
3 2099 3292 5497
3 4710 3398 5735
3 1875 5508 5545
3 1494 1722 2553
3 780 782 975
3 1594 1514 1605
3 2698 2700 3093
3 2810 2668 3048
3 2295 2917 5512
3 3756 3007 5531
3 641 640 645
3 3010 3924 5448
3 3560 2920 3568
3 2338 2285 2988
3 1960 2256 5530
3 1396 1399 5473
3 3332 3740 5527
3 3415 3414 3416
3 1736 1735 5567
3 2783 5377 5539
3 4044 3069 5465
3 1094 1149 5613
3 1958 1960 5530
3 5757 1757 5795
3 1111 1107 2111
3 2098 2096 5497
3 3561 3364 3562
3 4859 5764 5787
3 206 207 5445
3 5337 2199 5561
3 1083 1030 5526
3 697 744 5483
3 2030 5209 5547
3 2925 3732 3873
3 869 3293 5437
3 2817 2359 5480
3 5838 3414 5852
3 3503 3938 3939
3 4132 5385 5556
3 1894 2270 5464
3 1795 1796 1797
3 898 897 5467
3 1105 1103 1152
3 5394 5264 5578
3 2080 5496 5601
3 915 1333 5564
3 1009 3233 5526
3 1131 1159 5486
3 1606 1605 1770
3 3233 5399 5425
3 1210 1208 5476
3 1638 1636 5315
3 3001 3782 3838
3 890 889 891
3 1793 1794 1795
3 1508 1559 2869
3 1194 1196 1197
3 2086 1348 5473
3 3073 4068 4069
3 1721 1654 5569
3 871 869 5437
3 5249 3599 5538
3 4037 4039 4040
3 1346 2086 5424
3 2844 1827 5690
3 4858 4859 5787
3 4751 4754 5511
3 1102 1101 1103
3 3272 5635 5663
3 3547 4154 5465
3 789 2536 5462
3 2595 2593 5493
3 3919 3061 5469
3 655 657 658
3 5629 5167 5678
3 2901 2167 5598
3 5590 3694 5606
3 2238 2236 5499
3 3318 3320 3322
3 3837 3395 3884
3 699 697 5483
3 3873 3732 3961
3 883 1508 5491
3 1513 1407 1514
3 2151 1870 2253
3 2620 2216 2621
3 794 793 795
3 749 741 5571
3 2100 2095 5514
3 3602 5558 6094
3 1053 1083 1138
3 4090 4200 5697
3 4285 1919 5645
3 1655 3273 5496
3 1577 1578 1579
3 1563 1564 1565
3 5633 3330 5665
3 1904 1773 3299
3 5343 3681 5572
3 2062 2178 5614
3 1315 1292 1757
3 3839 3816 4065
3 5271 2622 5546
3 1405 1400 5628
3 3943 3783 3944
3 650 654 655
3 3307 1207 5534
3 1593 1514 1594
3 3027 2621 3028
3 1086 89 5430
3 804 803 805
3 966 888 5487
3 820 819 821
3 5385 2726 5556
3 5377 4165 5539
3 3780 3028 3861
3 3068 3585 4094
3 2224 2803 5517
3 3452 3451 4056
3 2555 2556 2558
3 882 883 884
3 5323 3921 5513
3 1869 1811 1870
3 670 671 736
3 2686 3026 3068
3 1676 4289 5929
3 2223 2224 5517
3 2077 5325 5535
3 5012 2256 5670
3 5604 2836 5696
3 2988 2285 3350
3 4273 2859 5573
3 2286 2757 5565
3 2243 1459 2672
3 5293 4208 5563
3 2726 2728 5556
3 2707 2705 5513
3 1275 1273 1640
3 873 874 875
3 5403 5217 5582
3 5435 2286 5565
3 5400 3676 5581
3 2686 2684 3025
3 3725 3619 3726
3 2881 3679 5575
3 861 864 5505
3 1810 1796 2240
3 2979 2595 5493
3 1552 1453 5586
3 3417 3427 3428
3 2541 2538 5506
3 1969 6133 6148
3 5518 1447 5525
3 810 812 1097
3 2620 3029 5524
3 3402 3401 3414
3 2093 3306 5514
3 5325 3235 5535
3 2153 5251 5566
3 2096 2099 5497
3 684 683 685
3 648 649 650
3 2556 2554 2557
3 3859 3145 4221
3 2812 2920 3560
3 3313 1199 5501
3 91 610 5383
3 3918 5394 5578
3 1594 1605 1606
3 1791 1792 1793
3 685 2101 5498
3 655 658 672
3 5541 3773 5720
3 2851 2455 5584
3 744 695 5509
3 5241 3238 5576
3 2199 5224 5561
3 2837 3105 3164
3 3309 3310 3311
3 3404 4858 5803
3 693 2090 5509
3 5251 5545 5566
3 1588 1587 5548
3 879 881 882
3 1253 1912 1915
3 2214 4363 5577
3 766 229 5409
3 5244 5604 5696
3 1138 1139 1173
3 3164 4149 4223
3 2593 3075 5493
3 753 1994 5562
3 1236 1515 5501
3 3417 3428 3536
3 882 881 883
3 1439 5345 5576
3 1100 1054 1101
3 3389 3544 5226
3 2215 2151 2216
3 388 1896 5413
3 5416 3248 5579
3 1304 1338 5516
3 3740 3331 5696
3 233 234 2087
3 2988 3350 3351
3 3676 2153 5581
3 2538 1450 5506
3 1453 5492 5586
3 3549 3048 4002
3 875 874 878
3 3025 4360 4361
3 1402 2076 5628
3 2365 2216 2620
3 675 673 1836
3 2153 5566 5581
3 4903 5337 5561
3 3013 3242 3893
3 879 878 881
3 798 799 800
3 3385 3384 3401
3 875 878 879
3 1841 1739 2883
3 1301 1302 5523
3 3041 4006 5641
3 1787 1788 1789
3 3703 5672 5711
3 793 5462 5676
3 894 4887 5585
3 5220 5167 5629
3 1208 1242 5476
3 1789 1790 1791
3 2079 5422 5598
3 1242 3692 5476
3 1302 1418 5523
3 3290 2252 5588
3 2150 1870 2151
3 1761 1760 1902
3 3933 3076 3934
3 3353 2240 3354
3 3068 3026 3585
3 2591 2589 5515
3 1318 2243 5411
3 682 683 684
3 806 805 807
3 752 753 5562
3 3330 3347 5665
3 800 801 802
3 1794 1792 2235
3 1031 1053 1054
3 2090 691 5532
3 132 133 5779
3 3049 2238 5499
3 4064 1455 4066
3 2564 2562 2805
3 1565 1566 1567
3 3671 2885 5590
3 2236 2802 5499
3 646 647 648
3 5400 5581 5654
3 2189 2098 5497
3 5285 1439 5576
3 55 3770 5355
3 90 5383 5430
3 2670 3012 3476
3 1508 2869 5491
3 3306 2091 5523
3 1587 1719 5548
3 1834 1575 5583
3 1615 1616 1617
3 5575 3290 5588
3 655 654 657
3 2732 2635 5596
3 4966 1099 5667
3 2301 2300 5570
3 3773 3911 5587
3 650 649 654
3 1349 1533 1534
3 6068 1660 6154
3 5422 3697 5598
3 5540 3687 5622
3 3510 3419 3511
3 1533 1686 1687
3 3560 3568 3826
3 1010 1030 1031
3 1204 1202 5534
3 1407 1307 2113
3 818 819 820
3 3027 3028 3780
3 1837 1738 5602
3 1173 1174 1349
3 648 647 649
3 4258 5766 5771
3 888 890 5487
3 3075 2591 5515
3 638 3965 6552
3 2806 2279 3981
3 2799 2707 5513
3 2534 2434 3661
3 3796 3877 5712
3 1911 1909 5580
3 205 206 2345
3 5441 2850 5600
3 892 894 5585
3 3362 3364 3561
3 1893 2197 2198
3 1199 1236 5501
3 2285 1911 5580
3 1759 1892 1893
3 738 687 5498
3 3354 3816 3839
3 3717 3718 5730
3 2626 3084 5620
3 5862 4371 6336
3 2354 2835 2836
3 5488 1096 5613
3 3094 3995 4075
3 1349 1350 1533
3 2795 2924 2925
3 2589 2985 5515
3 3694 3686 5597
3 646 645 647
3 736 737 745
3 3303 3301 3384
3 2705 5323 5513
3 2620 2621 3027
3 802 803 804
3 988 1009 1010
3 3780 3861 4372
3 1338 5453 5516
3 745 746 752
3 874 871 5437
3 2245 5208 5572
3 2108 861 5505
3 3510 3511 3512
3 2095 2093 5514
3 3686 5588 5597
3 1594 1606 1607
3 1575 1576 1577
3 648 650 2552
3 5264 3750 5578
3 1825 1769 5605
3 2070 1638 5315
3 2504 2899 5655
3 796 797 798
3 689 738 5532
3 2680 5572 5635
3 3247 5403 5582
3 680 681 682
3 2505 3289 5606
3 2686 3025 3026
3 2731 2195 2795
3 1450 5424 5506
3 2999 3603 5662
3 1025 2077 5667
3 3359 4140 5656
3 816 817 818
3 1138 1173 2115
3 4002 3048 4003
3 3238 5285 5576
3 3164 4148 4149
3 1499 1495 4660
3 3319 3317 5574
3 1615 1614 1616
3 1687 1758 1759
3 695 693 5509
3 2412 2414 5603
3 3248 3250 5579
3 1418 1304 5516
3 2719 2717 5549
3 1494 1492 1722
3 2302 2884 5670
3 4754 4761 5511
3 864 868 5505
3 1270 1318 5411
3 1412 1417 5659
3 818 817 819
3 682 681 683
3 1101 1054 3360
3 2749 2750 3361
3 890 3314 5487
3 3233 5425 5526
3 2256 2257 5670
3 765 764 987
3 988 987 1009
3 3296 2223 5517
3 1099 1027 5667
3 4897 5693 5762
3 5496 3273 5601
3 640 3866 5748
3 5552 4387 5553
3 1010 1009 1030
3 4675 5742 5764
3 1759 1866 1892
3 804 805 806
3 765 987 988
3 1031 1030 1053
3 1540 2116 2117
3 1909 5512 5580
3 1577 1576 1578
3 1797 1796 1810
3 3073 2675 3270
3 1570 1748 5715
3 3299 1773 5569
3 3710 2901 5658
3 2243 2672 2673
3 2553 1722 2554
3 2076 1404 5659
3 3925 3332 5527
3 3424 4486 5928
3 687 685 5498
3 3696 5488 5613
3 1537 4827 5867
3 1795 1794 1796
3 3893 3894 3965
3 3314 892 5585
3 5152 3240 5639
3 678 679 680
3 5185 5652 5688
3 2269 966 5487
3 798 800 2114
3 816 815 817
3 2670 2671 3012
3 3295 5054 5609
3 2556 2557 2811
3 1840 1739 1841
3 814 815 816
3 3389 3311 3544
3 1810 2240 3353
3 1719 2112 5548
3 1197 3313 5555
3 3068 4095 5664
3 868 3316 5505
3 808 807 809
3 4221 3145 4222
3 1818 1864 5620
3 3616 3026 5479
3 2506 3797 5615
3 2640 2675 3073
3 2085 2062 5614
3 3194 3193 5612
3 4057 3040 5536
3 2813 3581 3582
3 3309 2558 3310
3 2117 2226 2227
3 5842 4877 5874
3 806 807 808
3 3415 3416 3417
3 2988 3351 5536
3 3727 5721 5780
3 2091 1301 5523
3 680 679 681
3 1573 1574 1575
3 2555 2554 2556
3 1207 1204 5534
3 3026 3025 5479
3 1571 1569 1572
3 1540 1521 2116
3 814 813 815
3 872 1183 5554
3 3000 2999 5662
3 641 645 646
3 6162 5310 6190
3 1195 1194 5555
3 691 689 5532
3 1503 1501 1744
3 794 795 796
3 4661 3308 5692
3 804 806 970
3 1793 1792 1794
3 884 883 5491
3 5581 3430 5654
3 2227 2749 2751
3 5389 3685 5646
3 2253 1870 5608
3 1915 3044 3045
3 1417 5389 5646
3 3239 5441 5600
3 812 813 814
3 676 677 678
3 4382 963 6169
3 2167 2079 5598
3 2626 2628 3084
3 812 811 813
3 3300 3301 3302
3 5690 3650 5783
3 1770 3318 5560
3 5201 5420 5633
3 1096 1094 5613
3 5579 5314 5650
3 792 793 794
3 5701 4687 5740
3 3385 3402 3403
3 3286 3548 3931
3 678 677 679
3 3316 870 5554
3 3273 3275 5601
3 5420 5043 5633
3 5856 4175 5870
3 3476 3012 3573
3 2189 4573 5684
3 1571 1572 1573
3 1400 1402 5628
3 810 809 811
3 3430 3431 5654
3 5537 3247 5582
3 5528 2506 5673
3 1615 1617 1805
3 4918 2433 5638
3 909 967 5702
3 790 789 5462
3 760 764 765
3 810 811 812
3 1519 1517 1809
3 5436 4441 5718
3 2668 2666 5550
3 791 790 792
3 5192 39 5707
3 1189 1191 5589
3 2198 2197 2670
3 2605 4204 5677
3 3716 4175 5856
3 3292 3297 5593
3 2110 1195 5555
3 1893 1892 2197
3 3687 4300 5622
3 1919 2170 5645
3 676 675 677
3 1202 2110 5534
3 5193 5242 5686
3 1575 1574 1576
3 4804 3357 5636
3 2101 683 5591
3 3343 3341 3719
3 2598 1593 5470
3 3073 3270 4068
3 1900 1841 2195
3 2578 2574 5559
3 2434 1837 5602
3 3402 3414 3415
3 877 873 5543
3 3705 3738 5616
3 40 1081 5707
3 674 675 676
3 2117 2116 2226
3 3350 2285 5580
3 808 809 810
3 3121 3239 5660
3 1575 1577 5583
3 1903 1902 2684
3 3349 5671 6147
3 2495 4963 5694
3 794 796 973
3 2170 2351 5645
3 3356 2857 5642
3 3315 5629 5678
3 3650 3974 5783
3 3315 5609 5629
3 2901 5598 5658
3 5654 3431 5661
3 1787 1786 1788
3 4557 4558 5756
3 3724 3717 5746
3 870 872 5554
3 1030 1009 5526
3 3782 3783 3943
3 1791 1790 1792
3 3240 5362 5639
3 2188 2435 5698
3 4176 3356 5796
3 3015 2795 5455
3 3685 4808 5646
3 1903 2686 5664
3 1823 1827 2843
3 3963 3345 4163
3 2909 2132 5721
3 2687 2504 5655
3 3602 6094 6109
3 2536 3656 5462
3 4815 5481 5648
3 3561 3562 3852
3 5041 2116 5637
3 2917 3609 5689
3 5576 5345 5674
3 3395 2719 5549
3 674 673 675
3 3370 3368 5762
3 760 752 764
3 1908 1763 5594
3 3289 5590 5606
3 2227 2226 2749
3 5241 5576 5674
3 1573 1572 1574
3 3404 5803 5816
3 4997 5201 5633
3 3842 3923 5732
3 5244 5327 5604
3 1789 1788 1790
3 146 11 3820
3 764 752 5562
3 1194 1197 5555
3 5665 3347 5686
3 1561 1563 1887
3 3022 2578 5559
3 1593 1594 5470
3 5606 3694 5688
3 3393 3404 5816
3 672 658 673
3 672 673 674
3 3693 3307 5619
3 882 885 5568
3 745 752 760
3 788 790 791
3 4117 2375 5806
3 2158 1802 2159
3 2560 2198 5551
3 4657 4656 5738
3 5371 1608 5618
3 1739 1552 5586
3 3385 3401 3402
3 873 875 5543
3 3800 3113 4196
3 2795 2925 5455
3 2482 5220 5629
3 3265 5464 5630
3 793 790 5462
3 3383 5594 5677
3 4814 4813 5675
3 3681 3682 5635
3 2574 2939 5559
3 3717 5730 5746
3 207 1410 5445
3 61 62 5474
3 3267 3265 5630
3 3809 5612 5791
3 1607 1606 1608
3 4901 3394 5832
3 2075 5579 5650
3 3303 3384 3385
3 3300 3299 3301
3 6198 5277 6207
3 1895 3574 5649
3 5397 4687 5701
3 2795 2195 2924
3 3210 5173 5647
3 5481 4012 5648
3 5572 3681 5635
3 4997 5633 5665
3 1595 5351 5594
3 3046 3618 3619
3 3493 3855 4201
3 3782 3101 3783
3 1613 1612 1614
3 5139 3373 5760
3 3728 2611 5682
3 3618 4173 5999
3 5362 1099 5639
3 4111 762 4129
3 4858 5787 5803
3 2414 3094 5603
3 1900 2731 5825
3 2516 2604 5720
3 5415 5510 5675
3 3358 879 5568
3 2883 1739 5586
3 4236 3531 4259
3 5193 5686 5710
3 2615 1903 5664
3 1763 1595 5594
3 3661 5567 5745
3 681 733 5591
3 3394 3393 5826
3 5670 2884 5724
3 3318 3322 5560
3 879 882 5568
3 1870 1811 5608
3 2333 877 5543
3 665 670 1336
3 875 3358 5543
3 5794 4533 5814
3 1268 1270 5411
3 3817 2187 3912
3 5652 3713 5655
3 3394 5826 5832
3 5185 3407 5652
3 784 786 2140
3 4907 5528 5673
3 1613 1614 1615
3 3935 3305 3936
3 5598 3697 5658
3 5216 5378 5623
3 3048 2668 5550
3 4966 5667 5700
3 2677 2214 5577
3 2248 5193 5710
3 1915 3045 3046
3 2820 2322 2821
3 1811 1810 5608
3 5464 2682 5630
3 994 2418 5778
3 3302 3301 3303
3 791 2187 3420
3 3619 3618 4067
3 3661 2434 5602
3 1404 1412 5659
3 2384 2386 5729
3 3627 2932 5641
3 5118 5119 5744
3 4962 2384 5729
3 3902 3901 5788
3 645 640 5748
3 1784 1782 1878
3 3001 3101 3782
3 3376 3359 5656
3 2242 5685 5932
3 2671 2197 5625
3 2351 2969 3650
3 3713 3714 5704
3 6284 4904 6310
3 3373 3727 5772
3 1892 1895 5625
3 3294 3121 5660
3 2638 2640 5607
3 3001 2820 3101
3 1251 1253 5653
3 1790 1788 1884
3 1903 2684 2686
3 2205 2354 5604
3 2843 2844 3220
3 3337 3649 5706
3 653 2943 2944
3 4012 4031 5648
3 2687 5655 5704
3 3097 5654 5661
3 4673 5724 5742
3 2670 3476 5551
3 683 681 5591
3 2151 2253 5599
3 2121 2189 5684
3 1567 1569 1571
3 2198 2670 5551
3 5433 2075 5650
3 2692 2247 5737
3 2277 2123 5684
3 3372 4533 5794
3 2621 2216 5599
3 2700 2837 5610
3 3145 2677 5577
3 5635 3682 5663
3 3046 3725 5653
3 3046 3045 3618
3 5760 3373 5772
3 1054 1053 5592
3 4813 3902 5765
3 4557 5756 5773
3 2603 3450 3913
3 3801 3097 5661
3 5327 2205 5604
3 4889 2613 5761
3 1761 1902 1903
3 4683 3225 5679
3 5776 4113 5830
3 3715 5674 5694
3 3360 1054 5592
3 3097 5400 5654
3 3715 5241 5674
3 4856 1973 5750
3 4177 4179 5825
3 5704 3714 5716
3 1027 1025 5667
3 4625 4624 5804
3 1606 1770 5618
3 791 792 2187
3 2762 2820 3001
3 3073 4069 5607
3 2269 5487 5682
3 1605 1514 5626
3 1097 812 5611
3 2604 5541 5720
3 3697 5392 5658
3 2436 5681 5697
3 3025 4361 5479
3 1731 4997 5665
3 1594 1607 5470
3 5732 3923 5737
3 5772 3727 5780
3 2216 2151 5599
3 3714 3930 5716
3 2739 3539 5906
3 2279 1825 5605
3 3093 2700 5610
3 4123 4124 5837
3 2899 5652 5655
3 2248 5710 5732
3 1501 1499 5624
3 2240 1796 5621
3 3682 3684 5663
3 5625 1895 5649
3 2628 2638 5627
3 5693 2615 5762
3 5609 2482 5629
3 4003 3048 5550
3 3724 5746 5761
3 3094 4075 5603
3 2354 2836 5604
3 3393 5816 5826
3 1053 1138 5592
3 2345 206 5445
3 5715 3704 5752
3 3041 4005 4006
3 1761 1903 2615
3 3421 4475 5903
3 2892 5250 5763
3 812 814 5611
3 1514 1407 5626
3 5580 5512 5689
3 5510 4814 5675
3 1794 2235 5621
3 4730 5506 5672
3 3164 4223 5610
3 2158 2159 2160
3 5761 2613 5781
3 1609 1608 1610
3 4660 4661 5624
3 5849 4527 5863
3 2762 2322 2820
3 5487 3314 5682
3 1607 1608 1609
3 3727 3352 5753
3 4827 4828 5789
3 3372 2532 5701
3 1471 4526 5814
3 1138 2115 5592
3 1810 3353 5608
3 641 646 1507
3 4624 1730 5782
3 2257 2302 5670
3 4253 4254 5685
3 5739 2614 5797
3 4900 4901 5681
3 4218 3696 5723
3 2837 3164 5610
3 3574 4598 5683
3 147 148 2133
3 5470 1607 5595
3 2530 5397 5701
3 4222 3145 5577
3 3709 5699 5757
3 5655 3713 5704
3 5167 1830 5678
3 5674 3215 5694
3 5880 4498 5891
3 642 5010 6316
3 1611 1610 1612
3 5597 5185 5688
3 3718 5582 5730
3 3390 4527 5849
3 1407 2113 5626
3 3710 5658 5702
3 5582 5217 5730
3 3650 2969 3974
3 3901 3903 5805
3 2603 2600 3450
3 1349 1534 5640
3 5711 3366 5767
3 2640 3073 5607
3 1521 1519 5637
3 3349 5411 5671
3 1770 5560 5618
3 5773 3376 5782
3 3345 3343 5634
3 1796 1794 5621
3 5594 5351 5677
3 84 6 653
3 3689 4966 5700
3 1275 1640 5695
3 2321 2322 2762
3 5788 3901 5805
3 2932 2931 5641
3 5345 3215 5674
3 2969 3805 5722
3 3350 5580 5689
3 3378 3730 5777
3 2686 3068 5664
3 1611 1612 1613
3 2115 1173 5640
3 1914 4299 6144
3 3137 4697 5793
3 5339 5875 5894
3 2197 1892 5625
3 1008 1022 5775
3 1731 5665 5686
3 5506 5424 5672
3 1934 1249 5747
3 1608 1606 5618
3 2201 61 5474
3 6284 3552 6295
3 2123 2121 5684
3 3410 4498 5880
3 3420 2187 3817
3 1260 1263 5808
3 5351 2605 5677
3 62 63 1085
3 145 146 5680
3 5763 4789 5777
3 3294 5660 5687
3 5242 1731 5686
3 1245 1247 5766
3 3763 3294 5687
3 5585 3166 5734
3 800 802 5631
3 3215 2495 5694
3 6211 5402 6218
3 1253 1915 5653
3 1173 1349 5640
3 2113 1307 5695
3 2243 2673 5671
3 2351 3650 5645
3 2882 5415 5675
3 3313 4892 5733
3 2130 2128 5780
3 6279 1899 6295
3 3305 3302 5651
3 806 808 5643
3 4545 2102 6029
3 1058 807 5839
3 5750 4700 5789
3 1744 1501 5624
3 5179 1722 5699
3 792 794 5632
3 3339 3337 5706
3 4897 1555 5693
3 4134 3153 5868
3 2116 1521 5637
3 5012 5670 5724
3 1307 1275 5695
3 4776 3306 5743
3 5424 2086 5672
3 2611 2269 5682
3 2114 800 5631
3 3256 3376 5773
3 3582 3967 3968
3 3892 3015 5455
3 1499 4660 5624
3 1589 5836 5873
3 3084 2628 5627
3 5906 3539 5920
3 4199 2222 5776
3 5649 3574 5683
3 5473 3366 5711
3 3628 4981 5802
3 1827 4285 5690
3 1519 1809 5637
3 3384 3301 5691
3 4363 2188 5698
3 2930 2929 2931
3 1689 1760 1761
3 2911 2287 5785
3 2235 1792 5666
3 970 806 5643
3 3263 4667 5809
3 795 793 5676
3 3331 5244 5696
3 3981 2279 5605
3 2930 2931 2932
3 3302 3303 5651
3 5686 3347 5710
3 4121 5806 5889
3 1722 1492 5699
3 2600 2598 5669
3 1607 1609 5595
3 3126 4990 5705
3 5411 2243 5671
3 3134 3137 5793
3 2120 2122 5812
3 805 4492 5839
3 3220 3221 4050
3 1492 1461 5699
3 1405 5628 5796
3 5421 637 6566
3 3709 5757 5795
3 2506 5615 5673
3 39 40 5707
3 1609 1610 1611
3 2638 5607 5627
3 3695 4218 5770
3 3343 3719 5634
3 5335 2687 5704
3 3411 3814 6547
3 1748 1823 5715
3 3418 2932 3419
3 3341 3339 5668
3 2532 2530 5701
3 3703 5711 5767
3 4718 4717 5824
3 2957 6140 6145
3 4796 4798 5813
3 4163 3345 5634
3 5694 4963 5717
3 1902 1760 5830
3 3085 4033 6215
3 5672 2086 5711
3 1687 5436 5718
3 3286 3931 4468
3 5335 5704 5716
3 2734 3777 5807
3 4573 3796 5712
3 3728 5682 5734
3 3112 4177 5825
3 5658 5392 5702
3 3722 2748 5791
3 3257 5186 5708
3 1266 3349 5808
3 4160 3763 5709
3 794 973 5632
3 3347 5042 5710
3 3694 5597 5688
3 5392 909 5702
3 2321 2161 2322
3 1149 4795 5723
3 1792 1790 5666
3 1533 1687 5718
3 2187 792 5632
3 4698 4700 5750
3 4919 1988 5820
3 3287 4152 5754
3 2375 2311 5806
3 2613 3380 5781
3 3763 5687 5709
3 786 788 5657
3 4558 5650 5756
3 5221 3628 5802
3 1915 3046 5653
3 5229 4698 5750
3 2441 4825 6065
3 1567 1571 5727
3 5485 2681 5755
3 3755 3416 5838
3 2077 5535 5700
3 3936 3305 5651
3 3418 3419 3510
3 6135 1914 6144
3 1504 1676 5726
3 5512 2917 5689
3 5460 5895 5942
3 3375 4294 5725
3 1251 5653 5747
3 2604 3715 5717
3 5653 3725 5747
3 5859 4705 5936
3 5196 3263 5809
3 5586 5492 5735
3 3872 5335 5716
3 3377 5194 5810
3 4099 3391 5731
3 2598 5470 5669
3 2869 1559 5749
3 5985 3117 6087
3 2161 2159 2865
3 3719 3341 5668
3 2681 2516 5720
3 2843 3220 3704
3 1315 1757 5757
3 1152 5975 6008
3 2132 2130 5721
3 5710 5042 5732
3 3912 2187 5632
3 5613 1149 5723
3 4059 3494 6129
3 1933 4497 5863
3 4674 5012 5724
3 2681 5587 5755
3 5031 5025 6083
3 2086 5473 5711
3 3380 3387 5797
3 5569 2070 5691
3 5785 3730 5800
3 999 5407 5774
3 5042 3842 5732
3 5781 3380 5797
3 1561 1887 5749
3 3614 4330 5986
3 5650 5314 5756
3 1790 1884 5666
3 144 145 769
3 1562 2242 5736
3 2386 3102 5729
3 5032 5030 6519
3 3632 5819 5823
3 710 1330 5833
3 1887 1563 5728
3 5810 3721 5822
3 5675 4813 5765
3 1802 1754 5741
3 5765 3902 5788
3 1640 1273 5769
3 5217 1815 5730
3 3752 3745 5842
3 1262 1259 5798
3 5520 999 5774
3 1534 1533 5718
3 3299 5569 5691
3 3716 3383 5835
3 2882 5675 5765
3 5612 3722 5791
3 2924 5786 5829
3 2160 2161 2321
3 2909 5721 5753
3 3390 2609 5794
3 1712 5838 5852
3 5277 2948 6207
3 2364 3024 5854
3 2607 3372 5794
3 5470 5595 5669
3 5812 4162 5866
3 3363 5041 5719
3 788 791 5657
3 2247 2248 5737
3 4795 4657 5738
3 3387 3454 5739
3 4687 1936 5740
3 5682 3314 5734
3 5058 4789 5763
3 5628 4176 5796
3 5730 1815 5746
3 3301 3299 5691
3 1249 1251 5747
3 2110 5555 5733
3 6340 3802 6586
3 4868 4870 5751
3 2883 5507 5786
3 5721 3727 5753
3 791 3420 5657
3 5119 743 5744
3 5555 3313 5733
3 214 652 5821
3 4433 2103 5954
3 4049 1069 6407
3 1563 1565 5728
3 1565 1567 5727
3 2248 5732 5737
3 5523 1418 5743
3 5364 708 5833
3 3974 2969 5722
3 3413 4640 5873
3 3450 2600 5669
3 5546 3733 5818
3 3715 5694 5717
3 1822 645 5748
3 4825 2441 6070
3 6207 2948 6211
3 1502 5726 5758
3 1555 1689 5693
3 2069 213 5821
3 1841 2883 5786
3 4128 2176 6396
3 83 84 5644
3 3166 2040 5811
3 2159 1802 5741
3 2140 786 5657
3 2924 2195 5786
3 3733 5308 5843
3 5482 5058 5763
3 1823 2843 5715
3 2883 5586 5735
3 2884 5376 5742
3 5039 6143 6151
3 4624 5782 5804
3 1815 5254 5746
3 5668 3339 5706
3 3937 3975 3977
3 3696 5613 5723
3 3090 3087 4096
3 5619 2110 5733
3 3426 2946 3818
3 3711 3710 5841
3 4074 3488 6024
3 2333 4820 5836
3 1418 5616 5743
3 3314 5585 5734
3 3384 5691 5792
3 5805 3903 5827
3 2259 2367 5844
3 149 150 1004
3 700 702 5837
3 3370 5815 5860
3 3555 4718 5865
3 146 3820 5680
3 4212 1476 5962
3 2160 2159 2161
3 2930 2932 3418
3 1973 5229 5750
3 5815 4095 5860
3 5567 1840 5745
3 1559 1561 5749
3 62 1085 5474
3 1761 2615 5693
3 5843 5308 5847
3 2914 3703 5767
3 5492 4710 5735
3 2241 251 5858
3 1689 1761 5693
3 2106 4589 5823
3 3352 3400 5753
3 1754 4170 5741
3 1284 4575 5892
3 5699 1461 5757
3 3153 3150 5868
3 3306 5523 5743
3 3399 2776 5847
3 94 95 1590
3 1503 1744 5790
3 5724 2884 5742
3 3724 5761 5781
3 3822 3905 3937
3 3749 5485 5755
3 4930 4940 5893
3 1565 5727 5728
3 5691 2070 5792
3 3358 4818 5768
3 1461 1315 5757
3 2222 2813 5776
3 5746 5254 5761
3 2947 3426 3822
3 5402 3712 6218
3 5314 3255 5756
3 3151 4539 5868
3 4682 4322 5944
3 5104 5134 6405
3 1456 4474 5891
3 1569 1570 5752
3 5254 4889 5761
3 4557 5773 5782
3 2805 2562 5817
3 2544 2542 5848
3 963 4382 6166
3 3008 3757 5855
3 5376 2898 5764
3 3691 4162 5840
3 4256 4258 5771
3 5775 1022 5936
3 5756 3255 5773
3 4776 5743 5831
3 5898 4429 5911
3 2441 6065 6101
3 4204 3120 5835
3 5742 5376 5764
3 3689 5760 5772
3 606 365 5871
3 5250 5482 5763
3 2544 5842 5874
3 1247 1934 5766
3 2948 5402 6211
3 859 4444 5934
3 4277 3093 5801
3 1589 1186 5836
3 1184 2333 5836
3 1712 1634 5853
3 3368 4897 5762
3 2894 3689 5772
3 5451 2882 5765
3 5764 2898 5787
3 3366 3396 5767
3 1273 1271 5769
3 4140 4632 5778
3 5734 3166 5811
3 2944 2946 2947
3 2560 5551 5817
3 5777 3730 5785
3 3937 3905 3975
3 3689 5700 5760
3 3006 3910 5870
3 5535 5139 5760
3 4204 3695 5770
3 2336 2364 5845
3 2915 3716 5856
3 2934 4776 5831
3 3410 2618 5849
3 2928 2927 2929
3 5339 2914 5875
3 3255 3256 5773
3 3399 5847 5855
3 1572 1569 5752
3 2616 3390 5849
3 3584 2916 5856
3 3401 3384 5792
3 2813 3582 5776
3 1317 4223 5879
3 2108 4429 5898
3 4789 3378 5777
3 985 1008 5775
3 3728 5734 5811
3 2894 5772 5780
3 5818 3733 5843
3 4615 4618 5937
3 2865 2159 5741
3 5407 3722 5774
3 5786 5507 5829
3 3985 3983 6193
3 4619 4620 5981
3 2128 2894 5780
3 5700 5535 5760
3 4121 4117 5806
3 4621 4414 5941
3 2370 2305 5878
3 4321 4320 5922
3 1730 4557 5782
3 5083 3724 5781
3 2303 2831 5878
3 2843 3704 5715
3 3386 2911 5800
3 5733 4892 5828
3 1809 1517 5834
3 4025 4084 5869
3 4426 4443 5911
3 4318 4319 5922
3 2287 2892 5785
3 4828 4856 5789
3 3582 3968 4113
3 3822 3426 3905
3 5741 4170 5850
3 2466 2467 5886
3 3968 3969 3970
3 4472 4601 5885
3 2947 2946 3426
3 4892 4891 5828
3 1050 2927 2928
3 2909 5753 5818
3 3074 5128 6158
3 5743 5616 5831
3 3374 3709 5795
3 3173 6165 6338
3 862 4437 6015
3 2844 5690 5783
3 3333 3935 5884
3 2749 3361 5846
3 5083 5781 5797
3 3386 5800 5807
3 2898 5329 5787
3 1830 768 5882
3 3133 3134 5793
3 5302 2934 5851
3 4023 4020 5869
3 2748 3552 5791
3 2614 5083 5797
3 4485 4486 5914
3 2615 5664 5815
3 334 4676 5907
3 2103 4433 5964
3 3091 4130 5887
3 1505 1503 5790
3 5864 3726 5909
3 4475 1928 5914
3 3133 5793 5799
3 5619 5733 5828
3 638 333 5907
3 3628 3133 5799
3 1271 1262 5798
3 2609 2607 5794
3 2274 6057 6064
3 4369 4359 5943
3 2360 5451 5788
3 3769 5897 5938
3 4487 4593 5941
3 143 144 5784
3 4701 5859 5867
3 3396 1405 5796
3 2944 3781 5644
3 2333 5543 5768
3 2360 5788 5805
3 5451 5765 5788
3 2963 4716 6085
3 3730 5122 5800
3 2934 5831 5851
3 5543 3358 5768
3 4018 4025 5869
3 1276 1212 5877
3 6210 1041 6446
3 5769 1271 5798
3 5124 5127 6644
3 769 145 5680
3 6003 3455 6006
3 5753 3400 5818
3 5836 4820 5873
3 5038 5037 5896
3 4891 2334 5866
3 1788 1786 5872
3 1263 1266 5808
3 3720 5221 5802
3 3644 3645 5892
3 2309 2307 5889
3 3725 3726 5864
3 3414 3401 5852
3 3370 5762 5815
3 4930 5893 6108
3 3731 2924 5829
3 3611 3993 5950
3 1210 5476 5877
3 5800 5122 5807
3 5787 5329 5803
3 5122 2734 5807
3 5329 2906 5803
3 2070 5315 5792
3 3421 2631 5880
3 626 4291 6370
3 1746 1616 5897
3 4254 4256 5909
3 4247 4028 6010
3 4344 4345 5952
3 2629 3410 5880
3 2195 1841 5786
3 3649 3335 5884
3 5062 132 5779
3 2311 2309 5806
3 5803 2906 5816
3 2910 5196 5809
3 4339 1956 6012
3 84 653 5644
3 4553 2088 6119
3 2910 5809 5810
3 5194 2910 5810
3 2928 2929 2930
3 5961 3440 5978
3 2525 2739 5901
3 2334 2120 5812
3 6085 4716 6093
3 3721 2106 5822
3 4435 4437 5983
3 4233 3961 6242
3 2461 4796 5813
3 4533 1471 5814
3 5480 2360 5805
3 3316 4430 5883
3 5782 3376 5804
3 2865 5741 5850
3 5822 2106 5823
3 81 82 1468
3 2461 5813 5824
3 3371 5049 5904
3 3463 3769 5912
3 3958 3485 5904
3 809 1058 5935
3 4417 3612 5950
3 80 81 5759
3 3729 3728 5811
3 3731 5829 5845
3 1930 6003 6006
3 2282 2172 5908
3 2946 2943 5713
3 2944 2943 2946
3 4548 865 6073
3 4701 4702 5859
3 5361 4343 6132
3 5 80 3810
3 4413 4412 5944
3 213 214 5821
3 3435 3412 5819
3 2731 3112 5825
3 1988 4921 5820
3 2906 5265 5816
3 2562 2560 5817
3 936 938 5916
3 1589 5259 5895
3 5828 4891 5866
3 4612 4611 5937
3 5762 2615 5815
3 5702 967 5841
3 2102 4545 6061
3 5845 2364 5854
3 3412 3377 5822
3 6024 3488 6057
3 5460 1190 5895
3 4033 1798 6219
3 3376 5656 5804
3 4705 5775 5936
3 3412 5822 5823
3 4717 2461 5824
3 4153 630 6052
3 859 856 5898
3 5664 4095 5815
3 3424 2643 5903
3 4444 4423 5954
3 858 2108 5898
3 2943 2945 5713
3 4433 4432 5983
3 4676 1061 6018
3 5798 1259 5951
3 1214 1276 5900
3 2821 2322 5881
3 2641 3421 5903
3 1024 1537 5936
3 4877 5302 5874
3 3400 5546 5818
3 5677 4204 5835
3 4223 4149 5879
3 3093 5610 5801
3 1782 1780 5876
3 3582 4113 5776
3 1188 1589 5895
3 5826 2876 5832
3 5816 5265 5826
3 5515 6364 6483
3 5265 2876 5826
3 5610 4223 5801
3 2685 4113 5969
3 4130 3597 5918
3 708 710 5833
3 4778 1013 6304
3 3961 4232 6572
3 1799 5890 5912
3 1760 4199 5830
3 2876 3637 5832
3 1799 5371 5890
3 5302 5851 5874
3 2892 5777 5785
3 1505 5790 5834
3 2029 700 5837
3 4904 1854 6310
3 1517 1505 5834
3 3439 4680 5987
3 3741 5480 5827
3 1630 1970 5925
3 4065 1918 6495
3 4431 4433 5954
3 5817 5551 5926
3 3395 5549 5905
3 1186 1184 5836
3 4299 624 6139
3 2646 3424 5928
3 3692 3691 5840
3 1311 1218 5921
3 682 684 5913
3 5480 5805 5827
3 3745 4877 5842
3 2909 5818 5843
3 2089 6093 6110
3 3788 4045 6012
3 6019 3553 6060
3 4276 5959 5989
3 5829 3397 5845
3 3077 2650 5931
3 2203 2909 5843
3 5875 5642 5894
3 5558 4709 6063
3 2664 3063 5923
3 5838 1712 5853
3 4132 5556 5887
3 3401 5792 5852
3 4518 4046 6039
3 3416 3414 5838
3 4378 1057 6177
3 5507 3397 5829
3 202 3610 6001
3 3881 5524 6489
3 1110 1952 5962
3 5505 3316 5883
3 4081 4080 5981
3 3120 2259 5844
3 1625 1627 5990
3 5277 6198 6200
3 1476 1106 5962
3 5601 6553 6573
3 6012 1956 6213
3 142 143 2127
3 2658 3072 5940
3 985 5775 5882
3 3063 2662 5933
3 3818 2946 5713
3 4338 3704 5888
3 2103 852 5934
3 4700 4701 5867
3 2203 5843 5847
3 3397 2336 5845
3 854 859 5934
3 2652 3077 5947
3 3693 5619 5828
3 1634 1632 5853
3 997 813 5966
3 851 1921 5982
3 807 805 5839
3 3072 2656 5946
3 972 853 5982
3 3752 5842 5848
3 5842 2544 5848
3 5616 3738 5831
3 5831 3738 5851
3 1174 1139 5959
3 6166 4382 6275
3 4224 4225 6026
3 6367 613 6595
3 3769 3461 5917
3 4053 4052 6443
3 3433 3427 5955
3 5550 2666 5923
3 3755 5838 5853
3 2776 2203 5847
3 4867 4868 5995
3 4746 5367 5978
3 3433 5955 5977
3 2032 5309 5958
3 6058 5739 6104
3 3962 3501 6026
3 4680 4679 5987
3 3726 3619 5932
3 655 672 5930
3 5111 6459 6482
3 3469 3468 5861
3 2618 2616 5849
3 2751 2749 5846
3 4530 4597 6027
3 5713 2945 5714
3 2542 2545 5848
3 1821 201 6001
3 5051 1992 6598
3 637 5051 6598
3 3693 5828 5866
3 2147 2371 5953
3 5332 2032 5958
3 3365 5719 5972
3 5792 5315 5852
3 3451 5968 6164
3 1614 1612 5938
3 2552 650 5930
3 3383 5677 5835
3 4544 4545 6029
3 4111 3534 6168
3 3738 5359 5851
3 6311 1828 6315
3 5895 5259 5942
3 4170 4171 5850
3 5315 1712 5852
3 1057 4378 6181
3 2933 5558 6063
3 1257 2376 5951
3 653 2944 5644
3 2275 2135 5956
3 3429 3543 5970
3 1220 1311 5957
3 2125 2277 5956
3 5847 5308 5855
3 3506 3872 5973
3 4596 4517 6027
3 4348 4347 5971
3 4765 4758 6179
3 2161 2865 5881
3 5951 2376 5971
3 3732 3731 5854
3 5127 3698 6433
3 4827 5789 5867
3 3502 3962 6014
3 251 252 5858
3 6096 3530 6226
3 865 4548 6088
3 3710 5702 5841
3 3753 3752 5910
3 5308 3008 5855
3 144 769 5784
3 5414 3098 5924
3 2916 2915 5856
3 1828 4878 6315
3 4020 4018 5869
3 2942 6 6369
3 5452 4368 6009
3 4528 4529 6005
3 5371 5618 5857
3 4126 4015 6047
3 4702 4705 5859
3 3723 3474 6005
3 862 848 5964
3 4527 1933 5863
3 3803 6245 6251
3 6347 600 6357
3 5685 3726 5932
3 850 2103 5964
3 653 2942 2943
3 2235 3997 6517
3 3803 3555 5865
3 745 760 5948
3 5708 5186 5958
3 3448 3449 6008
3 1465 1224 5967
3 3775 4160 5862
3 3150 3151 5868
3 3451 3324 5968
3 5771 5864 5909
3 1336 670 5945
3 624 5062 6103
3 3119 3117 5985
3 36 37 5988
3 3945 3370 5860
3 3875 6401 6470
3 4299 6139 6144
3 4175 3006 5870
3 3704 3220 5888
3 3764 6082 6113
3 3326 3438 5968
3 3422 5404 5979
3 5120 1079 5996
3 4162 3693 5866
3 5618 5560 5857
3 6553 4932 6573
3 365 366 5871
3 3672 4365 6577
3 3406 3771 5997
3 3929 3408 5997
3 1152 1103 5975
3 658 657 5974
3 4149 4325 5879
3 151 12 3432
3 5560 3322 5861
3 2069 5821 6465
3 3900 4810 6041
3 2943 2942 2945
3 1934 5747 5864
3 3360 5440 5975
3 3498 3784 6042
3 4820 3413 5873
3 5851 5359 5874
3 4350 5798 5951
3 4628 4627 6016
3 3841 3840 6002
3 5192 5401 6596
3 6009 4368 6062
3 2343 6040 6042
3 3920 4073 6567
3 4107 3655 6232
3 665 1336 5963
3 5819 3412 5823
3 3760 6048 6056
3 1101 3360 5975
3 4680 3439 6011
3 977 5862 6336
3 4550 4553 6119
3 2078 5370 5991
3 616 4043 6591
3 713 711 6007
3 1226 1465 5998
3 5857 5560 5861
3 5912 3769 5938
3 4516 4515 6039
3 1212 1210 5877
3 3754 5339 5894
3 3731 5845 5854
3 369 370 6021
3 6121 1987 6418
3 4315 4312 6059
3 4437 4436 6029
3 1539 1230 6000
3 3216 4007 6526
3 5359 2544 5874
3 2305 2303 5878
3 3754 5894 5901
3 2115 5410 5949
3 5595 1850 5960
3 3335 3333 5884
3 2362 5341 6045
3 3828 2984 6297
3 1884 1788 5872
3 2880 2155 6023
3 384 3058 6050
3 3779 3778 6043
3 5789 4700 5867
3 3776 6083 6173
3 4453 5817 5926
3 6116 3774 6124
3 3396 5642 5875
3 1878 1782 5876
3 2959 2958 6033
3 880 4503 6175
3 3436 3433 5977
3 5925 1970 5955
3 1740 4680 6055
3 5901 2739 5906
3 5499 2802 5980
3 4665 4666 6077
3 5627 5607 5929
3 3761 4987 6054
3 4575 3644 5892
3 1809 5834 5972
3 2631 2629 5880
3 1232 1539 6013
3 5085 3943 6513
3 1677 383 6050
3 4189 5714 6396
3 4473 4472 5885
3 3869 4097 6599
3 3439 3267 6011
3 3471 3496 6040
3 6232 3655 6286
3 768 985 5882
3 4267 1086 6419
3 2102 844 6015
3 846 862 6015
3 4401 4402 6066
3 2984 6287 6297
3 6234 970 6484
3 5848 2545 5910
3 1604 1238 6020
3 4015 4017 6047
3 2984 2466 5886
3 5014 3473 6048
3 3436 5977 5993
3 5592 2115 5949
3 4024 4249 6047
3 3655 4107 6243
3 3752 5848 5910
3 2088 4553 6146
3 3939 3941 6045
3 2133 4169 6378
3 4289 5627 5929
3 4503 880 6178
3 975 782 6022
3 5771 1934 5864
3 2108 5505 5883
3 2322 2161 5881
3 3461 3459 5917
3 2274 5216 6057
3 3468 3465 5890
3 4987 4986 6054
3 2307 2370 5889
3 5556 3091 5887
3 4313 4711 6066
3 5853 1632 5925
3 1152 5361 6032
3 2869 5749 6024
3 3446 6004 6006
3 2225 4869 6074
3 6043 3778 6069
3 4498 1456 5891
3 1240 1604 6036
3 3828 6297 6306
3 2343 2342 6056
3 5630 3441 6011
3 3468 5857 5861
3 1619 2035 6046
3 6519 5030 6627
3 648 2552 6017
3 4940 4941 5893
3 5178 2368 6058
3 4546 4548 6073
3 2368 2129 6058
3 2241 3946 6634
3 2111 1107 6032
3 4853 4854 6077
3 1711 1277 6038
3 5747 3725 5864
3 4545 4543 6073
3 4007 3216 6530
3 5975 5440 6008
3 653 6 2942
3 1105 1152 6032
3 4825 4823 6065
3 810 1097 6034
3 4554 4555 6178
3 3482 3747 6065
3 4954 4396 6084
3 5890 3465 5912
3 2914 5767 5875
3 83 5644 5927
3 3444 3436 5993
3 5779 2928 6030
3 3569 4266 6117
3 3477 5038 5896
3 3281 4921 6266
3 5118 5206 6597
3 1288 1711 6049
3 5522 2880 6035
3 5767 3396 5875
3 4368 1762 6062
3 3477 5896 5899
3 5894 2857 5901
3 4861 6325 6337
3 1190 1188 5895
3 3848 3847 6076
3 784 2140 6022
3 3755 5853 5925
3 5049 3477 5899
3 5062 5779 6030
3 856 858 5898
3 865 840 6061
3 3446 3444 6004
3 3505 3462 6079
3 1216 1214 5900
3 4402 1056 6089
3 4405 2111 6132
3 81 1468 5759
3 1658 1660 6068
3 1757 1292 6053
3 1507 646 6017
3 842 2102 6061
3 3444 5993 6004
3 2441 2438 6070
3 1928 4485 5914
3 2857 2525 5901
3 3844 3708 6072
3 1805 1617 6046
3 5107 5104 6405
3 4153 6052 6393
3 3385 3403 6051
3 5615 3797 6037
3 1616 1614 5897
3 4124 4122 5939
3 1947 5425 5989
3 5821 3887 6465
3 6325 3178 6337
3 3803 5865 6245
3 3810 80 5759
3 5893 2794 6108
3 3464 3467 6079
3 5276 4088 6072
3 3792 5985 6087
3 2832 4598 6194
3 3220 4050 5888
3 2643 2641 5903
3 3485 3371 5904
3 5642 2857 5894
3 5643 808 6034
3 4320 4318 5922
3 4002 4003 5902
3 4488 4489 6089
3 82 83 5927
3 2165 2272 6082
3 2964 2963 6087
3 3365 5972 6043
3 5371 5857 5890
3 5651 3303 6051
3 4393 4602 6084
3 3423 3754 5906
3 3884 3395 5905
3 3465 3463 5912
3 4649 4654 6214
3 5917 3459 5994
3 4429 4426 5911
3 4092 4064 5915
3 3562 3364 6069
3 2172 964 5908
3 4663 4664 6136
3 4319 1516 6176
3 2127 143 5784
3 5749 4074 6024
3 333 334 5907
3 1627 1629 6107
3 5908 964 5916
3 1762 4369 6080
3 3507 3458 6100
3 1746 5897 5917
3 3460 3505 6100
3 5380 2225 6074
3 2545 5388 5910
3 964 936 5916
3 3455 3446 6006
3 624 6103 6139
3 4341 4405 6132
3 1930 4595 6003
3 3503 3939 6045
3 4072 3104 6130
3 2947 3822 6019
3 1098 682 5913
3 386 387 6086
3 3423 5906 5920
3 4489 1917 6118
3 1216 5900 5921
3 2715 2989 6078
3 5550 5923 6176
3 4534 3774 6116
3 4577 981 6136
3 1468 5927 6060
3 4067 3618 5999
3 3774 4534 6122
3 4595 1746 5994
3 2068 5299 6076
3 3797 1005 6111
3 4576 4577 6138
3 4375 4382 6169
3 3597 4136 5918
3 3450 5669 5960
3 4826 6068 6154
3 4904 6284 6295
3 2958 2440 6101
3 4572 1953 6631
3 2673 4243 6206
3 4933 4929 6108
3 3522 3530 6096
3 2701 2702 6130
3 3621 3423 5920
3 2088 836 6088
3 5549 2717 6078
3 1218 1216 5921
3 2666 2664 5923
3 5004 6106 6225
3 4548 4547 6119
3 3533 3742 6112
3 838 865 6088
3 3494 2810 6129
3 4348 5971 6009
3 2933 2612 6094
3 3764 4855 6120
3 4636 4637 6118
3 5897 3769 5917
3 2040 5310 6162
3 5985 3792 6075
3 204 205 6095
3 650 655 5930
3 6171 5091 6377
3 5834 4356 5972
3 1632 1630 5925
3 5558 2933 6094
3 3487 2723 6116
3 2648 2646 5928
3 3203 4534 6116
3 3456 3507 6123
3 13 156 6121
3 5409 230 6098
3 2126 1777 6185
3 2174 3774 6122
3 2928 2930 6030
3 2787 3003 6106
3 5404 2789 6106
3 780 975 6091
3 4364 1177 6160
3 5943 2379 5952
3 3389 5226 6090
3 2101 6375 6386
3 4654 1392 6214
3 5857 3468 5890
3 2662 2660 5933
3 3509 3447 6123
3 2650 2648 5931
3 2089 5467 6093
3 4793 4794 6131
3 231 1180 6098
3 4794 1924 6138
3 1468 82 5927
3 2570 4450 6202
3 2834 5032 6519
3 1969 4888 6133
3 4637 996 6131
3 2648 5928 5931
3 641 1507 6052
3 1022 1024 5936
3 4611 4615 5937
3 2379 4344 5952
3 4359 2379 5943
3 4595 5994 6003
3 6062 1762 6080
3 4593 4621 5941
3 2660 2658 5940
3 852 854 5934
3 4113 3968 5969
3 3594 3591 6112
3 4606 652 6354
3 4412 4682 5944
3 2551 5460 5942
3 5395 6110 6111
3 5933 2660 5940
3 6127 3055 6551
3 4070 3101 6115
3 4620 4081 5981
3 2656 2654 5946
3 2551 5942 5961
3 3445 3509 6134
3 5551 3476 5926
3 798 2114 6099
3 1771 4198 6203
3 1612 1799 5938
3 2654 2652 5947
3 5644 3781 5927
3 3619 4067 5932
3 3612 3611 5950
3 4405 4216 6160
3 5607 4069 5929
3 1746 5917 5994
3 3403 3402 6102
3 5259 3470 5942
3 2957 2693 6140
3 3535 3437 6134
3 811 809 5935
3 3542 4364 6160
3 670 736 5945
3 4502 4500 6177
3 973 796 6099
3 5946 2654 5947
3 736 745 5948
3 5813 4798 6218
3 5039 4824 6143
3 5034 5035 6149
3 3562 6069 6090
3 5942 3470 5961
3 5312 6031 6582
3 5886 2467 6278
3 6158 5128 6212
3 2984 5886 6287
3 1662 1673 6154
3 3814 5026 6547
3 4423 4431 5954
3 5016 3838 6543
3 3417 3536 6125
3 3491 6508 6649
3 3434 3535 6142
3 2111 4405 6153
3 2149 2147 5953
3 6110 3479 6111
3 3783 4070 6141
3 4655 2104 6184
3 1259 1257 5951
3 3427 3755 5955
3 4350 5951 5971
3 5955 1970 5977
3 5705 4991 6114
3 811 5935 5966
3 4243 3979 6206
3 4256 5771 5909
3 5367 2551 5961
3 5062 6030 6103
3 834 2088 6146
3 3553 4161 6603
3 1757 6053 6261
3 5186 5332 5958
3 2352 4094 6308
3 3538 4655 6184
3 5945 736 5948
3 3360 5592 5949
3 2135 2125 5956
3 4432 4435 5983
3 1779 2176 6185
3 3536 3428 6142
3 5591 6371 6375
3 4379 4378 6177
3 2820 2821 6115
3 4766 4765 6187
3 1067 356 6163
3 1222 1220 5957
3 357 5003 6163
3 2689 3074 6158
3 5071 2874 6158
3 1139 1947 5959
3 3630 6156 6457
3 4005 1850 6545
3 3630 2744 6156
3 1316 1462 6186
3 4742 4739 6157
3 2742 2979 6156
3 3470 3440 5961
3 1799 5912 5938
3 1060 4096 6359
3 5178 6058 6104
3 5114 5107 6641
3 1177 1113 6153
3 3530 4297 5965
3 658 5974 6276
3 2584 2583 6161
3 822 1057 6181
3 1111 2111 6153
3 4377 4374 6169
3 3165 2283 6167
3 6133 3545 6148
3 1106 1110 5962
3 3173 3174 6165
3 4364 3537 6184
3 1057 824 6182
3 880 830 6159
3 3549 4302 6129
3 661 665 5963
3 2328 4114 6260
3 6260 4114 6307
3 1177 4364 6172
3 5413 1896 6499
3 848 850 5964
3 744 6420 6428
3 2985 2587 6161
3 5110 5138 6388
3 5968 4345 6164
3 1222 5957 5967
3 4689 1966 6497
3 2950 3014 6171
3 3754 5901 5906
3 326 327 6183
3 816 963 6166
3 3324 3326 5968
3 2193 6397 6524
3 3431 3429 5970
3 1224 1222 5967
3 2614 5739 6058
3 3534 3518 6168
3 3863 3864 6472
3 5049 5899 6314
3 4347 4350 5971
3 6458 3858 6464
3 1970 5342 5977
3 4262 4261 5976
3 3755 5925 5955
3 4089 3506 5973
3 1795 4269 6219
3 828 880 6175
3 1957 4746 5978
3 813 811 5966
3 2374 3085 6215
3 5669 5595 5960
3 6223 3836 6290
3 5926 3476 6018
3 2104 1117 6172
3 6057 3488 6064
3 4269 2372 6215
3 5097 5096 6189
3 4967 372 6192
3 373 1971 6192
3 1957 5978 5987
3 1798 1793 6219
3 963 818 6180
3 94 1590 6092
3 657 661 5974
3 6472 3864 6474
3 1103 1101 5975
3 3821 3489 6188
3 3798 3288 6197
3 1115 1177 6172
3 5722 3805 6174
3 381 382 6195
3 4061 4062 6147
3 661 5963 5974
3 4504 4503 6178
3 738 6392 6400
3 4351 1545 6238
3 5977 5342 5993
3 3885 3422 5979
3 36 5988 6368
3 2074 6435 6439
3 853 851 5982
3 3912 5632 6071
3 5611 814 6166
3 4345 972 6164
3 3712 5813 6218
3 5322 2274 6064
3 3983 3570 6193
3 2104 4655 6201
3 5509 6411 6420
3 4679 1957 5987
3 1994 774 6191
3 2275 5956 6187
3 197 1041 6210
3 4330 4331 5986
3 3871 5499 5980
3 1953 196 6210
3 5902 4003 6186
3 4243 2673 6217
3 4053 6443 6529
3 5059 3435 6114
3 5719 1809 5972
3 6140 5035 6145
3 4726 4335 6249
3 3453 3119 5985
3 5916 938 6324
3 5896 5037 6319
3 5456 6439 6444
3 37 602 5988
3 1718 1625 5990
3 776 779 6191
3 6004 4578 6006
3 3459 3457 5994
3 5657 3420 6067
3 5405 3504 6198
3 2572 2570 6202
3 3931 3548 6205
3 3541 3858 5992
3 1119 2104 6201
3 5991 3541 5992
3 5425 5426 5989
3 5370 3541 5991
3 1079 5117 5996
3 3580 5305 6204
3 6205 3819 6327
3 1745 4578 6004
3 3408 3406 5997
3 5927 3781 6060
3 3747 5615 6037
3 4352 4351 6238
3 5536 3351 6600
3 5322 6064 6075
3 4647 4646 6214
3 3474 4528 6005
3 6448 1071 6454
3 980 5322 6075
3 5342 1745 5993
3 5447 3264 5995
3 1228 1226 5998
3 5498 2101 6386
3 2963 6085 6087
3 4578 1930 6006
3 1392 1123 6208
3 4854 997 6365
3 5994 3457 6003
3 1230 1228 6000
3 6143 1673 6151
3 5993 1745 6004
3 3968 3970 5969
3 2926 8 6288
3 5920 3539 6170
3 1228 5998 6000
3 3915 3971 6220
3 4385 4296 6220
3 3942 3841 6002
3 733 6361 6371
3 4721 4720 6236
3 3457 3455 6003
3 4045 4339 6012
3 5651 6051 6365
3 6257 2192 6433
3 3558 3800 6342
3 201 202 6001
3 2101 5591 6375
3 4248 4247 6010
3 5565 3411 6197
3 711 1071 6007
3 4768 4766 6187
3 4436 4544 6029
3 748 5456 6444
3 4862 4107 6232
3 5532 6400 6408
3 5483 744 6428
3 4461 4462 6228
3 2376 5452 6009
3 5923 4319 6176
3 4348 6009 6062
3 6093 4716 6110
3 619 220 6137
3 3892 4205 6273
3 646 648 6017
3 3880 6289 6578
3 5679 6162 6190
3 4627 4630 6016
3 1234 1232 6013
3 1392 4654 6231
3 367 1069 6229
3 3938 3502 6014
3 3825 5886 6278
3 5498 6386 6392
3 3784 6023 6042
3 782 784 6022
3 844 846 6015
3 5115 5114 6227
3 4073 306 6567
3 5456 2074 6439
3 253 612 6230
3 3789 3788 6012
3 5972 4356 6043
3 370 628 6021
3 1300 1472 6223
3 738 5498 6392
3 3913 6340 6586
3 2074 5483 6435
3 5483 6428 6435
3 744 5509 6420
3 1238 1234 6020
3 5440 3448 6008
3 2155 2343 6023
3 3476 3573 6018
3 2090 6408 6411
3 3815 3508 6221
3 1234 6013 6020
3 3267 5630 6011
3 3501 4224 6026
3 3789 6012 6213
3 2673 2672 6217
3 3998 1992 6651
3 4695 1651 6268
3 3950 3949 6260
3 3781 2947 6019
3 5305 2358 6025
3 1836 6276 6296
3 286 609 6246
3 5532 738 6400
3 4597 4596 6027
3 5093 620 6240
3 3926 3699 6244
3 1966 285 6246
3 2994 3655 6243
3 4228 4250 6380
3 4109 4110 6226
3 6025 2358 6028
3 3700 4721 6244
3 4653 4652 6238
3 5623 2869 6024
3 6028 3690 6035
3 2358 3690 6028
3 5140 5313 6237
3 1125 1392 6231
3 2090 5532 6408
3 1545 1145 6235
3 2721 2971 6241
3 3865 3035 6241
3 5463 1832 6236
3 4628 6016 6444
3 3322 5368 6097
3 1545 4351 6254
3 3479 2959 6033
3 3701 3926 6249
3 3466 3469 6253
3 967 910 6245
3 6165 3831 6338
3 2184 2230 6247
3 5395 2089 6110
3 1107 1105 6032
3 6040 2343 6056
3 6002 3840 6417
3 4142 4009 6081
3 2971 2320 6247
3 3690 5522 6035
3 4515 4518 6039
3 3496 3498 6042
3 1243 1240 6036
3 808 810 6034
3 4696 4695 6268
3 5355 3770 6031
3 404 405 6252
3 3554 3803 6255
3 914 1332 6251
3 1277 1243 6038
3 5591 733 6371
3 3271 3272 6250
3 5971 2376 6009
3 3473 3471 6040
3 4017 4024 6047
3 6440 4630 6451
3 270 271 6256
3 5995 3264 6074
3 30 2192 6257
3 743 29 6257
3 3768 4128 6401
3 3903 3900 6041
3 804 970 6234
3 3961 3732 6242
3 4367 3627 6298
3 1243 6036 6038
3 6052 4225 6393
3 4921 4922 6266
3 4356 3779 6043
3 5509 2090 6411
3 5714 2945 6401
3 3799 3566 6268
3 5341 3503 6045
3 4531 1729 6293
3 4732 1899 6279
3 3925 5527 6531
3 2230 2164 6258
3 1462 5902 6186
3 630 641 6052
3 6328 4331 6348
3 1147 1545 6254
3 4598 3957 6194
3 4309 4895 6461
3 2923 5014 6048
3 1617 1619 6046
3 2163 1714 6262
3 1351 1352 6265
3 4692 4531 6293
3 1290 1288 6049
3 1651 1165 6259
3 3817 3912 6044
3 3365 6043 6069
3 2923 6048 6054
3 1651 4695 6281
3 3442 1740 6055
3 4986 2923 6054
3 383 384 6050
3 1588 5548 6232
3 2342 3760 6056
3 6145 5036 6155
3 1292 1290 6053
3 5631 802 6234
3 3540 3836 6286
3 4709 3442 6063
3 2930 3418 6030
3 5751 1954 6239
3 5274 6474 6488
3 3951 6210 6446
3 3303 3385 6051
3 4694 4693 6293
3 5623 6024 6057
3 2840 4227 6477
3 2072 227 6263
3 4711 4401 6066
3 5926 6018 6199
3 228 766 6263
3 1290 6049 6053
3 4298 4246 6092
3 2129 2614 6058
3 5368 4315 6097
3 5111 1727 6459
3 4440 3908 6216
3 5679 3729 6162
3 2645 2215 6289
3 4312 4313 6059
3 3435 5705 6114
3 5504 6145 6155
3 3680 3559 6261
3 2802 2217 6272
3 3825 3348 6287
3 4729 4348 6062
3 4300 3659 6278
3 1169 1651 6281
3 6022 2140 6380
3 4965 3165 6306
3 2993 5127 6647
3 5127 5124 6647
3 840 842 6061
3 4110 6096 6226
3 4466 4467 6364
3 1729 1296 6285
3 756 6460 6475
3 5224 2328 6260
3 713 6007 6460
3 4236 4259 6352
3 3613 3614 6296
3 8 134 6288
3 3442 6055 6063
3 5216 5623 6057
3 1729 4531 6305
3 4448 4447 6349
3 1836 673 6276
3 2972 2929 6340
3 1077 263 6300
3 405 406 6299
3 4009 4034 6081
3 6037 2958 6101
3 6033 3797 6111
3 3579 4229 6336
3 1159 1158 6290
3 1410 4093 6570
3 3830 5896 6319
3 1929 1789 6363
3 4071 2087 6587
3 1791 1798 6363
3 3488 3453 6064
3 3085 3086 6356
3 4823 3482 6065
3 3559 4623 6292
3 337 338 6317
3 3849 5298 6496
3 1305 1729 6305
3 3603 4004 6359
3 1742 1658 6068
3 3959 5916 6324
3 2983 3828 6312
3 4145 4106 6322
3 2768 2281 6314
3 3364 3365 6069
3 1742 6068 6070
3 2438 1742 6070
3 4028 4026 6353
3 2956 3837 6313
3 3568 2920 6302
3 269 270 6320
3 5661 3431 6271
3 4543 4546 6073
3 1646 5357 6319
3 5974 3994 6276
3 3484 3831 6325
3 3176 3179 6321
3 4282 4283 6366
3 1673 6143 6154
3 220 221 6137
3 940 1937 6324
3 3563 3808 6311
3 3708 5276 6072
3 5858 252 6230
3 3904 3848 6076
3 5035 6140 6149
3 4100 4102 6343
3 6292 4623 6302
3 2207 5860 6294
3 6064 3453 6075
3 4729 6062 6080
3 6031 5312 6521
3 2741 4037 6282
3 5641 4006 6298
3 369 6021 6541
3 3729 5811 6162
3 2812 3560 6309
3 4094 3585 6308
3 5213 5162 6333
3 5871 366 6229
3 3264 5380 6074
3 4666 4853 6077
3 4205 3892 6372
3 652 4606 6633
3 4106 1066 6360
3 3596 5431 6170
3 4061 6147 6206
3 4951 4949 6345
3 3767 3875 6370
3 6313 3837 6326
3 3805 3806 6291
3 3462 3464 6079
3 3923 4100 6343
3 5956 4768 6187
3 2717 2715 6078
3 5431 1967 6170
3 1954 4677 6383
3 4562 3351 6485
3 5865 967 6245
3 159 14 6327
3 3520 3522 6096
3 2193 1785 6397
3 5632 973 6071
3 401 2000 6344
3 2078 5991 6472
3 6149 3443 6151
3 4291 4290 6370
3 5992 3858 6458
3 2140 5657 6067
3 2291 2165 6082
3 5023 5178 6104
3 3443 5039 6151
3 155 13 6346
3 5861 3322 6097
3 5025 1080 6083
3 93 94 6092
3 5527 1084 6531
3 4396 4393 6084
3 3351 4562 6600
3 5023 6104 6113
3 3568 6302 6313
3 6304 1013 6449
3 1062 314 6358
3 2665 2741 6282
3 2272 5023 6113
3 3560 3826 6550
3 3480 3792 6085
3 1787 1929 6397
3 675 1836 6328
3 6082 3764 6120
3 1066 290 6360
3 1056 4488 6089
3 3117 2964 6087
3 261 262 6355
3 291 4769 6360
3 6273 4205 6576
3 387 5413 6086
3 3478 4729 6080
3 6425 3933 6606
3 2793 2794 6351
3 5988 5074 6368
3 3826 4511 6550
3 836 838 6088
3 6053 3680 6261
3 3778 3389 6090
3 3584 4572 6631
3 5138 2767 6388
3 779 780 6091
3 3480 6085 6093
3 4331 4327 6361
3 6069 3778 6090
3 216 5298 6354
3 230 231 6098
3 205 2345 6095
3 652 215 6354
3 5502 3281 6266
3 605 359 6362
3 733 679 6348
3 5467 3480 6093
3 1822 5748 6264
3 766 5409 6527
3 4048 4358 6105
3 2612 2624 6094
3 6030 3418 6103
3 3795 3793 6357
3 5513 3921 6318
3 3458 3460 6100
3 3607 6279 6295
3 4945 1969 6148
3 1993 35 6368
3 6127 3856 6374
3 2645 3973 6492
3 4096 5662 6359
3 1629 1674 6107
3 2291 6120 6124
3 3822 3937 6491
3 4362 3970 6341
3 2440 2441 6101
3 1700 4945 6152
3 796 798 6099
3 2789 2787 6106
3 5036 1700 6155
3 2940 5016 6404
3 669 4097 6376
3 4929 4930 6108
3 5854 3024 6242
3 6094 2624 6109
3 4945 6148 6152
3 3402 3415 6102
3 3774 2291 6124
3 6104 3454 6113
3 4716 3479 6110
3 5504 2957 6145
3 3591 3533 6112
3 660 4205 6372
3 1700 6152 6155
3 2927 3802 6340
3 4411 3491 6126
3 1005 5395 6111
3 3454 3764 6113
3 6261 3559 6292
3 6007 1071 6448
3 2624 3729 6109
3 3570 3569 6117
3 4855 3670 6120
3 3852 3562 6209
3 3024 5312 6582
3 4547 4550 6119
3 2723 3203 6116
3 3418 3510 6103
3 4960 3036 6398
3 5995 4868 6239
3 5107 6237 6641
3 740 4603 6421
3 1917 4636 6118
3 3985 6234 6484
3 6120 3670 6124
3 667 4571 6391
3 5886 3825 6287
3 156 1987 6121
3 235 236 6127
3 3500 3497 6377
3 3866 3867 6540
3 3207 2174 6122
3 3447 3456 6123
3 2373 2233 6373
3 3101 2820 6115
3 1073 5086 6271
3 3670 3487 6124
3 6102 3415 6125
3 3104 2701 6130
3 4915 4914 6646
3 3207 6122 6128
3 4150 3904 6525
3 325 326 6387
3 4946 3207 6128
3 1918 4241 6495
3 5986 4331 6328
3 5973 3872 6588
3 4983 2175 6389
3 4343 4341 6132
3 4946 6128 6133
3 3415 3417 6125
3 2826 2825 6382
3 5455 3873 6372
3 5739 3454 6104
3 203 15 6534
3 2810 3549 6129
3 5103 5105 6388
3 3934 3076 6373
3 1080 4951 6173
3 5468 3534 6135
3 4888 4946 6133
3 3598 3739 6384
3 15 204 6534
3 5215 5214 6390
3 4078 10 6507
3 2176 4188 6396
3 3437 3445 6134
3 3989 3766 6406
3 2692 5737 6343
3 4959 4960 6398
3 6156 4569 6457
3 3953 3874 6137
3 996 4793 6131
3 4941 4958 6398
3 6016 4630 6440
3 5468 6135 6144
3 2087 234 6374
3 3520 6096 6168
3 981 4663 6136
3 4991 2000 6563
3 637 5131 6566
3 3925 6531 6643
3 5310 2299 6190
3 3782 3943 6381
3 3843 3638 6422
3 2693 3443 6140
3 1992 5051 6651
3 6190 2299 6200
3 4450 4448 6202
3 5051 5050 6651
3 1924 4576 6138
3 3510 3512 6139
3 3428 3434 6142
3 6025 3759 6204
3 5899 2768 6314
3 3944 3783 6141
3 4205 60 6576
3 1926 330 6415
3 4960 4961 6528
3 4824 4826 6143
3 6103 3510 6139
3 2137 2275 6394
3 6016 748 6444
3 3592 3593 6419
3 3469 5861 6097
3 2278 5140 6405
3 612 6002 6417
3 5035 5036 6145
3 3545 3481 6148
3 6051 4854 6365
3 2253 4112 6574
3 832 834 6146
3 3512 5468 6144
3 2299 5277 6200
3 5920 6170 6323
3 3879 3756 6407
3 6148 3481 6152
3 3620 3871 6403
3 5068 6149 6151
3 1673 5068 6151
3 3801 5661 6410
3 75 76 6425
3 3481 3551 6152
3 336 337 6416
3 5068 5034 6149
3 3075 5515 6483
3 5990 4236 6352
3 6152 3551 6155
3 1660 1662 6154
3 2149 5953 6272
3 4511 1949 6550
3 6139 3512 6144
3 3907 3734 6431
3 1113 1111 6153
3 3736 3953 6431
3 5010 3571 6316
3 5791 3552 6284
3 3107 3386 6424
3 394 740 6421
3 4372 2369 6463
3 2744 2742 6156
3 5531 4049 6407
3 2794 5893 6351
3 3551 5504 6155
3 3957 4108 6194
3 1916 4365 6455
3 3817 6044 6481
3 970 5643 6150
3 4747 668 6447
3 4914 4725 6646
3 22 1727 6432
3 832 6146 6159
3 1004 4167 6430
3 5360 3917 6417
3 2369 671 6463
3 6090 5226 6209
3 1067 4164 6565
3 6023 2343 6042
3 3964 3744 6426
3 4739 4740 6157
3 5905 1062 6358
3 617 353 6442
3 6044 3912 6607
3 3746 3895 6426
3 389 390 6436
3 4500 4379 6177
3 4216 3542 6160
3 4760 4748 6456
3 3469 6059 6253
3 4630 4629 6454
3 644 4779 6523
3 2661 2663 6471
3 3409 3857 6448
3 4555 4504 6178
3 2874 2689 6158
3 3479 6033 6111
3 6085 3792 6087
3 6007 3857 6460
3 2627 2625 6481
3 830 832 6159
3 4163 1334 6637
3 3992 2603 6586
3 65 604 6437
3 666 1312 6463
3 1615 1805 6427
3 6174 3805 6291
3 1777 1779 6185
3 2587 2584 6161
3 3762 3775 6465
3 88 1086 6438
3 3518 3520 6168
3 705 748 6440
3 356 357 6163
3 2535 3034 6458
3 265 614 6453
3 3980 1884 6630
3 3751 4271 6464
3 3473 6040 6056
3 385 17 6538
3 4769 600 6347
3 1071 709 6451
3 4250 6022 6380
3 63 64 6450
3 5134 5104 6610
3 6067 3420 6477
3 17 386 6538
3 4468 3931 6557
3 4007 3355 6517
3 3971 3914 6436
3 24 5120 6459
3 1727 23 6459
3 1076 275 6462
3 360 361 6466
3 5707 1081 6487
3 4265 3556 6592
3 4056 3451 6164
3 3174 3178 6165
3 2 56 6585
3 4454 4453 6199
3 315 316 6468
3 6018 1061 6199
3 3909 3741 6449
3 5811 2040 6162
3 3772 3844 6467
3 2764 3888 6500
3 5447 5995 6239
3 2283 3829 6167
3 756 715 6460
3 814 816 6166
3 5991 3863 6472
3 4374 4375 6169
3 5162 5163 6487
3 6021 3879 6541
3 3453 5985 6075
3 3781 6019 6060
3 3539 3596 6170
3 4225 3860 6393
3 3472 2950 6171
3 5072 5074 6476
3 3770 2 6585
3 4439 4440 6216
3 2938 3078 6478
3 2150 2645 6492
3 3914 3811 6499
3 4261 1946 6511
3 7 3615 6516
3 3777 3776 6173
3 5373 3824 6270
3 4758 4759 6179
3 1117 1115 6172
3 1836 5986 6328
3 2811 4585 6504
3 5860 4095 6294
3 6291 3806 6399
3 5274 5347 6474
3 327 631 6183
3 1946 240 6511
3 826 828 6175
3 2601 2603 6508
3 2709 2799 6473
3 294 295 6498
3 5163 5707 6487
3 241 1084 6511
3 3824 3823 6280
3 818 820 6180
3 2233 1869 6492
3 3036 4960 6528
3 826 6175 6182
3 4607 1985 6543
3 6180 820 6181
3 6021 628 6303
3 2133 148 6430
3 6393 3860 6402
3 1004 150 6395
3 5092 5093 6503
3 4268 4291 6438
3 2145 2139 6486
3 3903 6041 6304
3 824 826 6182
3 3491 2694 6508
3 820 822 6181
3 2808 3216 6526
3 6280 3823 6283
3 3823 3825 6283
3 4093 4370 6570
3 4684 644 6414
3 5979 605 6362
3 3537 3538 6184
3 1516 1316 6186
3 6270 3824 6280
3 4864 4865 6522
3 4156 3987 6527
3 1084 242 6531
3 3854 4071 6587
3 6083 1080 6173
3 4003 5550 6176
3 615 5095 6518
3 209 4229 6555
3 3997 3425 6526
3 2836 4262 6510
3 5008 5009 6529
3 4438 4439 6580
3 2637 2627 6607
3 6402 3859 6409
3 4203 2029 6196
3 332 638 6552
3 2448 2834 6519
3 4562 4561 6600
3 76 77 6568
3 614 5973 6588
3 3747 6037 6101
3 3740 5696 6510
3 3831 3832 6338
3 2953 3036 6528
3 3832 3959 6339
3 4935 4933 6233
3 4602 740 6536
3 4606 4604 6633
3 3489 3666 6188
3 1069 368 6541
3 609 287 6556
3 5096 1076 6189
3 3351 3350 6485
3 612 254 6539
3 149 1004 6430
3 774 776 6191
3 390 391 6535
3 5112 3062 6542
3 421 1 6542
3 1 20 6542
3 3310 2558 6504
3 6059 4313 6253
3 5026 1972 6547
3 3748 3749 6533
3 244 747 6643
3 396 2028 6536
3 3860 3859 6402
3 740 395 6536
3 372 373 6192
3 4683 6190 6200
3 6338 3832 6339
3 382 1677 6195
3 3844 6072 6320
3 3816 4007 6530
3 5689 3609 6485
3 2556 2811 6504
3 4365 1771 6203
3 355 1067 6565
3 4723 4726 6623
3 306 307 6567
3 5406 6198 6207
3 6383 4677 6515
3 1334 5676 6637
3 380 381 6571
3 2809 3882 6632
3 5123 5124 6644
3 3572 3909 6654
3 5970 1073 6271
3 3765 3673 6577
3 4844 4861 6337
3 255 256 6640
3 621 5088 6636
3 403 607 6563
3 2000 402 6563
3 3829 3830 6329
3 208 209 6555
3 5406 5405 6198
3 3504 4683 6200
3 2977 3100 6642
3 3543 3246 6638
3 277 616 6591
3 5837 4124 6196
3 260 261 6595
3 6342 3800 6490
3 1992 407 6598
3 408 637 6598
3 5230 5033 6609
3 3031 2452 6627
3 399 400 6614
3 4842 4843 6335
3 1121 1119 6201
3 4880 1491 6331
3 3499 3500 6615
3 1491 4842 6332
3 3288 5565 6197
3 3548 3819 6205
3 4582 4581 6620
3 4683 5679 6190
3 2713 2711 6558
3 1850 1611 6545
3 1082 392 6604
3 2939 2572 6202
3 6091 4028 6353
3 6332 4842 6335
3 4801 5406 6207
3 3583 3584 6631
3 6312 3829 6329
3 3845 3600 6506
3 5502 6266 6429
3 4753 2371 6621
3 3979 4061 6206
3 1332 5373 6270
3 6331 1491 6332
3 610 92 6589
3 4097 5149 6376
3 5621 2235 6517
3 4879 4880 6334
3 4458 4461 6584
3 6508 3992 6649
3 11 147 6629
3 4048 6105 6301
3 6071 973 6592
3 4933 6108 6233
3 1121 6201 6208
3 3590 3592 6434
3 4880 6331 6334
3 95 7 6516
3 4410 4411 6560
3 611 305 6593
3 4603 4389 6421
3 4801 6207 6211
3 14 160 6412
3 1123 1121 6208
3 3896 3845 6594
3 4800 6211 6218
3 1750 1828 6330
3 6528 4961 6638
3 4800 4801 6211
3 3075 6483 6602
3 4229 209 6537
3 5226 1059 6209
3 196 197 6210
3 656 4607 6381
3 3791 5257 6514
3 2029 5837 6196
3 5599 2253 6574
3 5074 5071 6212
3 4798 4800 6218
3 4004 3933 6425
3 3820 11 6629
3 151 3432 6395
3 3980 3883 6613
3 2372 2374 6215
3 1956 4684 6213
3 2291 6082 6120
3 5247 2692 6532
3 5870 3910 6626
3 3450 5960 6549
3 4646 4649 6214
3 3310 6504 6620
3 3216 4841 6628
3 3801 6410 6544
3 10 142 6507
3 16 237 6554
3 3508 4181 6221
3 5980 4760 6456
3 651 5352 6216
3 209 210 6537
3 3828 6167 6312
3 3909 6449 6571
3 6143 4826 6154
3 4227 6067 6477
3 5084 1986 6269
3 3831 6165 6325
3 5716 3930 6588
3 2672 3369 6217
3 5104 5103 6610
3 3859 4221 6409
3 6140 3443 6149
3 6409 4221 6413
3 236 16 6554
3 4296 3915 6220
3 1793 1795 6219
3 6523 4779 6634
3 5053 5784 6624
3 3034 5992 6458
3 2370 5878 6224
3 4008 6257 6433
3 3857 6007 6448
3 1899 4904 6295
3 3997 2235 6611
3 6264 3881 6489
3 1854 1750 6330
3 6267 1159 6290
3 3886 2972 6549
3 6217 3369 6222
3 1472 1588 6223
3 3369 3945 6222
3 748 6016 6440
3 3362 3561 6548
3 5074 5988 6476
3 4462 4465 6228
3 4652 4352 6238
3 4381 2738 6648
3 3078 5996 6478
3 1990 5115 6227
3 4720 5463 6236
3 366 367 6229
3 3500 6377 6503
3 252 253 6230
3 3873 3961 6572
3 4878 4879 6334
3 1136 1125 6231
3 3806 4337 6399
3 3836 6223 6286
3 6044 2627 6481
3 3999 5059 6617
3 5548 4862 6232
3 1136 6231 6235
3 1145 1136 6235
3 802 804 6234
3 5313 3870 6237
3 3943 3944 6513
3 5965 4297 6653
3 6529 5009 6618
3 4453 5926 6199
3 4984 3759 6615
3 4221 3815 6413
3 3272 5663 6618
3 620 4984 6240
3 5976 3740 6510
3 3035 2721 6241
3 619 6137 6525
3 2327 2994 6243
3 4843 4844 6337
3 3699 3700 6244
3 5960 3886 6549
3 6002 612 6539
3 3571 4954 6316
3 3556 6071 6592
3 5524 3881 6578
3 910 912 6245
3 2327 6243 6248
3 3562 6090 6209
3 6092 1590 6653
3 285 286 6246
3 2320 2184 6247
3 2627 6044 6607
3 6276 3994 6296
3 235 6127 6374
3 2328 2327 6248
3 6245 912 6251
3 4335 3701 6249
3 3743 3271 6250
3 5126 2993 6647
3 2663 2665 6282
3 912 914 6251
3 607 404 6252
3 5855 3757 6650
3 3467 3466 6253
3 3852 6209 6387
3 4868 5751 6239
3 5238 3554 6255
3 1153 1147 6254
3 779 6091 6353
3 271 615 6256
3 3809 6284 6310
3 3891 3890 6512
3 29 30 6257
3 5878 4496 6224
3 625 5099 6560
3 3818 4189 6524
3 2275 6179 6394
3 6183 631 6379
3 2164 2163 6258
3 3800 4197 6490
3 1153 6254 6259
3 3616 5479 6423
3 3858 756 6475
3 634 6425 6606
3 1165 1153 6259
3 4895 1822 6264
3 3566 4696 6268
3 2467 4300 6278
3 3949 5224 6260
3 1714 1554 6262
3 4922 4936 6266
3 227 228 6263
3 4382 4381 6275
3 3472 6171 6377
3 6262 1554 6265
3 1554 1351 6265
3 3836 3564 6267
3 4079 4138 6404
3 6277 4733 6279
3 4409 4410 6269
3 5305 6025 6204
3 3565 4733 6277
3 6267 3564 6274
3 3621 5920 6323
3 6397 3976 6524
3 6216 3908 6559
3 3862 2926 6288
3 600 293 6505
3 3809 5791 6284
3 6076 3847 6496
3 4178 3891 6509
3 3564 3565 6274
3 4733 4732 6279
3 2217 2149 6272
3 6274 3565 6277
3 4950 601 6601
3 4000 4001 6344
3 5238 6270 6280
3 3732 5854 6242
3 673 658 6276
3 2992 5238 6280
3 1175 1169 6281
3 5355 6031 6521
3 3810 5759 6441
3 2992 6280 6283
3 6072 1075 6320
3 3659 2992 6283
3 6342 3820 6378
3 3890 3892 6273
3 5939 2370 6224
3 1175 6281 6285
3 2799 6157 6473
3 3655 3540 6286
3 4037 4040 6282
3 627 6174 6291
3 3348 3589 6287
3 4180 4178 6479
3 1296 1175 6285
3 5795 1757 6261
3 1832 5274 6488
3 134 625 6288
3 6239 1954 6383
3 2215 2365 6289
3 5297 627 6291
3 4693 4692 6293
3 3909 6195 6654
3 1158 1300 6290
3 6287 3589 6297
3 3557 4145 6322
3 3994 3613 6296
3 3552 3607 6295
3 4095 4094 6294
3 3530 5965 6226
3 5893 4941 6351
3 4047 4048 6301
3 3589 5446 6297
3 3374 6292 6302
3 406 1992 6299
3 263 264 6300
3 628 4968 6303
3 3570 6117 6193
3 2920 3374 6302
3 6509 3891 6512
3 1352 1305 6305
3 5795 6261 6292
3 3627 5641 6298
3 4677 667 6515
3 5446 4965 6306
3 3884 5905 6358
3 6297 5446 6306
3 6174 627 6327
3 1086 5430 6419
3 4114 3789 6307
3 3585 3617 6308
3 3808 3809 6310
3 5231 6311 6315
3 604 6221 6437
3 2072 6263 6580
3 5231 3563 6311
3 6170 1967 6323
3 338 751 6317
3 3749 6189 6533
3 2811 2812 6309
3 1884 3980 6613
3 3229 2983 6312
3 4623 2956 6313
3 5661 6271 6410
3 6203 3765 6577
3 2281 2282 6314
3 3834 5231 6315
3 5228 642 6316
3 1677 5469 6654
3 5037 1646 6319
3 6302 4623 6313
3 6108 2794 6233
3 1075 269 6320
3 3178 3176 6321
3 4861 3484 6325
3 1967 4747 6323
3 6165 3178 6325
3 2799 5513 6318
3 3568 6313 6326
3 6423 5479 6502
3 3229 6312 6329
3 627 159 6327
3 3374 5795 6292
3 6092 4246 6589
3 938 940 6324
3 4337 3617 6418
3 4371 3579 6336
3 6137 3874 6525
3 6167 3829 6312
3 4259 4252 6352
3 5357 3229 6329
3 3826 3568 6326
3 5032 2834 6609
3 4447 4457 6349
3 677 675 6328
3 3819 6174 6327
3 3833 3834 6331
3 2834 5213 6333
3 5279 3833 6332
3 5279 6332 6335
3 3058 6086 6350
3 93 6092 6589
3 6331 3834 6334
3 3833 6331 6332
3 4298 6092 6653
3 3179 5279 6335
3 5346 3173 6338
3 4726 6258 6623
3 1918 4065 6628
3 5827 3903 6304
3 5346 6338 6339
3 1937 5346 6339
3 3500 6240 6615
3 3844 6256 6467
3 5149 3821 6376
3 2929 2927 6340
3 4467 4570 6364
3 3275 5502 6429
3 3843 5445 6570
3 6421 4389 6604
3 4949 4950 6345
3 400 401 6344
3 4093 1410 6555
3 677 6328 6348
3 664 155 6346
3 5026 3814 6601
3 5493 3075 6602
3 6479 4178 6509
3 3906 3801 6544
3 4779 2241 6634
3 3793 3557 6347
3 4026 4029 6353
3 3813 3919 6350
3 3431 5970 6271
3 160 633 6412
3 679 677 6348
3 4041 4039 6561
3 3036 2793 6351
3 215 216 6354
3 262 1077 6355
3 5680 3820 6342
3 5737 3923 6343
3 3086 3089 6356
3 3885 5979 6362
3 5524 3029 6489
3 6209 1059 6387
3 4329 4333 6375
3 3954 3795 6357
3 5662 3603 6359
3 6333 5230 6609
3 314 315 6358
3 4327 4328 6361
3 5297 6291 6399
3 4290 3767 6370
3 290 291 6360
3 359 360 6362
3 6361 4328 6371
3 6371 4329 6375
3 1808 4282 6366
3 6266 4936 6429
3 4280 1926 6520
3 6476 602 6596
3 152 2231 6619
3 3845 6506 6594
3 3862 6126 6649
3 1789 1791 6363
3 6478 5117 6597
3 5988 602 6476
3 6188 3666 6566
3 6375 4333 6386
3 6322 4769 6347
3 4169 3558 6378
3 35 36 6368
3 1718 6352 6469
3 5807 3777 6452
3 5112 21 6432
3 4328 4329 6371
3 5996 5117 6478
3 3054 3053 6564
3 6126 625 6560
3 3753 5919 6497
3 3353 3354 6546
3 6205 14 6412
3 4197 5053 6624
3 3871 5980 6456
3 5919 4689 6497
3 85 626 6369
3 3827 3616 6423
3 3936 5651 6365
3 5821 652 6633
3 5479 4361 6502
3 2068 6076 6496
3 3386 5807 6452
3 610 4135 6434
3 6255 1332 6270
3 3029 3027 6494
3 234 235 6374
3 4569 617 6457
3 3076 2373 6373
3 3892 5455 6372
3 3881 3880 6578
3 1718 5990 6352
3 4055 2035 6579
3 5748 3866 6540
3 5759 1468 6603
3 651 6216 6559
3 631 4281 6379
3 5130 669 6376
3 6264 5748 6540
3 3497 3472 6377
3 6252 3999 6617
3 6474 3864 6488
3 6300 264 6453
3 3942 6002 6539
3 1884 5872 6630
3 6490 4197 6624
3 3275 6429 6553
3 6460 3857 6475
3 5984 634 6606
3 3875 3768 6401
3 6414 644 6523
3 3683 2826 6382
3 3780 6493 6494
3 3838 3782 6381
3 3887 5821 6633
3 1990 6227 6599
3 2127 4138 6507
3 4189 2193 6524
3 3027 3780 6494
3 3683 6382 6385
3 4182 4153 6393
3 1059 325 6387
3 3635 5447 6383
3 3780 4372 6493
3 4333 4334 6386
3 3600 3598 6384
3 2073 4182 6402
3 4334 4483 6392
3 6392 4483 6400
3 4051 3683 6385
3 6352 4252 6469
3 306 4073 6593
3 2175 4874 6389
3 5105 5110 6388
3 5445 1410 6570
3 3910 6391 6626
3 3617 3827 6418
3 6349 4457 6480
3 4571 4572 6391
3 4934 2080 6573
3 3847 3849 6496
3 6502 4361 6569
3 5214 1042 6390
3 3615 5965 6516
3 4182 6393 6402
3 6220 3971 6535
3 4158 4157 6445
3 150 151 6395
3 6403 611 6593
3 5120 5996 6482
3 4188 4189 6396
3 1785 1787 6397
3 2073 6402 6409
3 2139 2137 6394
3 4958 4959 6398
3 5611 6275 6561
3 6386 4334 6392
3 3757 6303 6650
3 6316 4954 6616
3 6367 3791 6514
3 6359 4004 6568
3 1987 5297 6399
3 4483 4477 6400
3 6223 1588 6286
3 4135 3590 6434
3 6364 4570 6483
3 3766 3765 6406
3 4494 2940 6404
3 4479 4481 6420
3 4138 4078 6507
3 6400 4477 6408
3 6378 3820 6629
3 4968 3399 6650
3 4073 3620 6403
3 6289 2365 6578
3 5134 2278 6405
3 6411 4479 6420
3 6310 1854 6330
3 4181 4180 6479
3 4599 2073 6409
3 4477 4478 6408
3 3931 6205 6412
3 6408 4478 6411
3 3756 5531 6407
3 6420 4481 6428
3 4229 4093 6555
3 6611 5666 6613
3 4599 6409 6413
3 4478 4479 6411
3 5086 5087 6410
3 3836 6267 6290
3 3609 3951 6446
3 6530 3216 6628
3 6315 4878 6334
3 604 4599 6413
3 1061 336 6416
3 3593 4267 6419
3 3561 6379 6548
3 6372 3873 6572
3 2692 6343 6532
3 634 75 6425
3 330 331 6415
3 5228 6316 6616
3 3638 4076 6422
3 5827 6304 6449
3 393 394 6421
3 1971 4840 6506
3 3840 5360 6417
3 6221 4181 6437
3 602 5192 6596
3 3814 3107 6424
3 6376 3821 6645
3 3984 3985 6484
3 5680 6342 6490
3 6265 1352 6646
3 3055 4260 6551
3 6435 4671 6439
3 5117 5118 6597
3 4482 4671 6435
3 3089 3553 6491
3 4936 4937 6429
3 3744 3746 6426
3 4572 3584 6626
3 6321 4843 6337
3 4481 4482 6428
3 3883 6611 6613
3 3734 3736 6431
3 4161 3090 6441
3 5238 6255 6270
3 148 149 6430
3 6269 1986 6513
3 21 22 6432
3 5109 5112 6432
3 1613 1615 6427
3 3698 4008 6433
3 3789 6213 6307
3 64 65 6437
3 5050 3998 6651
3 1896 389 6436
3 5383 610 6434
3 6428 4482 6435
3 12 152 6619
3 4671 4670 6439
3 6439 4670 6444
3 87 88 6438
3 4361 4362 6569
3 3635 6383 6515
3 5103 6388 6610
3 1180 4514 6445
3 4241 3622 6495
3 6389 4874 6522
3 707 705 6440
3 4670 4628 6444
3 353 354 6442
3 1041 4562 6446
3 1068 5007 6443
3 4454 6199 6416
3 3807 6448 6454
3 4629 3807 6454
3 5447 6239 6383
3 5872 3586 6630
3 668 4690 6447
3 6390 1042 6521
3 707 6440 6451
3 3807 3409 6448
3 4283 1916 6455
3 4271 2830 6464
3 2830 6458 6464
3 4759 4755 6621
3 709 707 6451
3 4748 611 6456
3 293 294 6505
3 264 265 6453
3 4535 1718 6469
3 6357 600 6505
3 5996 3078 6482
3 1085 63 6450
3 4308 4309 6461
3 2830 2535 6458
3 671 666 6463
3 6377 5091 6503
3 2140 6067 6380
3 5130 6376 6645
3 6263 3988 6580
3 3889 3630 6457
3 23 24 6459
3 3354 3839 6546
3 4252 3785 6469
3 715 713 6460
3 3887 3762 6465
3 275 276 6462
3 361 1068 6466
3 3911 3772 6467
3 5601 3275 6553
3 664 6423 6502
3 316 629 6468
3 5124 5126 6647
3 2738 2661 6471
3 2945 2942 6470
3 6199 1061 6416
3 4755 4753 6621
3 6410 5087 6544
3 3874 4150 6525
3 2625 2840 6481
3 3857 3751 6475
3 6271 5086 6410
3 5358 2078 6472
3 6415 331 6552
3 2711 2709 6473
3 5347 5358 6474
3 5358 6472 6474
3 4457 4458 6480
3 1949 4587 6550
3 6429 4937 6553
3 5075 5072 6476
3 6495 3622 6500
3 3835 3885 6581
3 3741 5827 6449
3 4570 4564 6483
3 3663 2938 6478
3 6449 1013 6571
3 6424 4950 6601
3 3907 5353 6559
3 6443 5007 6529
3 1613 6427 6545
3 2087 6374 6587
3 3053 3621 6564
3 3420 3817 6477
3 6504 4585 6620
3 6465 3775 6622
3 2371 2145 6486
3 6551 4260 6652
3 3908 3907 6559
3 4036 4035 6612
3 1081 5230 6487
3 3864 3865 6488
3 1312 4308 6493
3 4535 6469 6579
3 6157 4740 6473
3 6275 4041 6561
3 393 6421 6604
3 3622 2764 6500
3 3888 4112 6501
3 1869 2150 6492
3 295 1065 6498
3 3808 6310 6330
3 3811 3813 6499
3 3350 5689 6485
3 6493 4308 6494
3 3895 3753 6497
3 6442 354 6565
3 5298 2068 6496
3 3837 3884 6590
3 3834 6315 6334
3 4707 664 6502
3 6336 4229 6537
3 6370 3875 6635
3 3178 6321 6337
3 5091 5092 6503
3 5257 5247 6514
3 6326 6590 6625
3 2603 3913 6586
3 2080 5601 6573
3 3878 4468 6557
3 6258 2163 6623
3 2694 2601 6508
3 6179 4759 6394
3 4040 4041 6648
3 6469 3785 6579
3 2558 2556 6504
3 3355 5621 6517
3 6019 3822 6491
3 386 6086 6538
3 240 241 6511
3 5127 6433 6644
3 1986 5085 6513
3 4511 3826 6625
3 751 4455 6562
3 6462 276 6591
3 60 3 6576
3 237 3055 6554
3 3910 3635 6515
3 3557 6322 6347
3 5095 5097 6518
3 1946 4201 6652
3 769 5680 6490
3 3 2201 6576
3 3966 3990 6520
3 4874 4864 6522
3 2450 2448 6519
3 1085 6479 6509
3 3425 2808 6526
3 4260 1946 6652
3 5696 2836 6510
3 6498 1065 6608
3 3948 3950 6523
3 4262 5976 6510
3 3610 203 6534
3 2201 5474 6512
3 3987 3986 6527
3 5075 6476 6596
3 4954 6084 6616
3 1042 5355 6521
3 6483 4564 6602
3 3553 6019 6491
3 210 977 6537
3 3663 6478 6597
3 204 6095 6534
3 3244 2953 6528
3 5474 1085 6509
3 5474 6509 6512
3 5007 5008 6529
3 4370 3843 6570
3 242 243 6531
3 2231 6341 6619
3 3881 6264 6540
3 4707 6502 6569
3 4102 4104 6532
3 1068 6443 6581
3 4065 3816 6530
3 4035 3984 6612
3 3058 385 6538
3 6445 4157 6605
3 3932 3748 6533
3 3022 5559 6584
3 3827 6121 6418
3 3361 3362 6548
3 395 396 6536
3 391 1082 6535
3 1590 95 6516
3 3933 3934 6606
3 254 255 6539
3 3867 3881 6540
3 368 369 6541
3 3062 421 6542
3 5087 621 6544
3 3821 6188 6645
3 4937 4932 6553
3 1972 5215 6547
3 142 2127 6507
3 4232 660 6572
3 77 1060 6568
3 1352 4915 6646
3 331 332 6552
3 3855 3856 6551
3 1611 1613 6545
3 1985 4079 6543
3 4399 3298 6583
3 6189 1076 6533
3 287 288 6556
3 1410 208 6555
3 3777 6345 6452
3 2450 6519 6627
3 3913 3450 6549
3 601 5026 6601
3 1082 6220 6535
3 3948 6523 6634
3 2989 2713 6558
3 307 1063 6567
3 6531 243 6643
3 402 403 6563
3 3298 5599 6574
3 354 355 6565
3 5353 651 6559
3 3244 6528 6638
3 2231 4707 6569
3 3988 4438 6580
3 6213 4684 6414
3 1013 380 6571
3 3666 5421 6566
3 6346 3827 6423
3 56 1923 6585
3 3785 4055 6579
3 2035 4535 6579
3 5666 1884 6613
3 1097 5611 6561
3 3298 6574 6583
3 3856 3854 6587
3 4266 4265 6592
3 3673 3672 6577
3 2365 5524 6578
3 4157 4156 6605
3 1065 4767 6608
3 4053 6529 6618
3 305 306 6593
3 3432 12 6619
3 4365 6203 6577
3 6195 1677 6654
3 3361 6548 6639
3 629 4511 6625
3 4840 663 6594
3 276 277 6591
3 4561 4560 6600
3 5703 1808 6575
3 92 93 6589
3 613 260 6595
3 6227 5114 6641
3 4564 4565 6602
3 3802 3992 6586
3 5206 3663 6597
3 407 408 6598
3 5401 5075 6596
3 5121 1990 6599
3 3556 2637 6607
3 3883 3997 6611
3 1180 6445 6605
3 4281 4280 6639
3 4841 1918 6628
3 3855 6551 6652
3 392 393 6604
3 769 6490 6624
3 6098 1180 6605
3 3558 6342 6378
3 4585 4582 6620
3 5033 5032 6609
3 6548 4281 6639
3 2767 5134 6610
3 3872 5716 6588
3 5663 4053 6618
3 642 399 6614
3 3759 3499 6615
3 4604 3887 6633
3 2028 5228 6616
3 4724 4723 6623
3 3992 3862 6649
3 2452 2450 6627
3 4297 4298 6653
3 5088 5094 6636
3 3656 2809 6632
3 3946 3948 6634
3 243 244 6643
3 256 1078 6640
3 3951 3583 6631
3 3246 3244 6638
3 5379 2069 6622
3 3678 2977 6642
3 2192 5123 6644
3 1991 5130 6645
3 2235 5666 6611
3 5846 3361 6639
3 5676 3656 6637
3 6242 3024 6582
3 5469 3572 6654
3 6326 3837 6590
3 6307 6213 6414
3 147 2133 6629
3 5059 6114 6617
3 4201 3855 6652
3 3656 6632 6637
3 3934 5984 6606
3 6317 751 6562
3 3950 6307 6414
3 970 6150 6484
3 4725 6265 6646
3 6343 4102 6532
3 6086 3058 6538
3 4280 5846 6639
3 6501 3353 6546
3 3950 6414 6523
3 6461 3029 6494
3 6256 615 6467
3 5784 769 6624
3 3584 5870 6626
3 664 6346 6423
3 3984 6484 6612
3 6095 3610 6534
3 3399 5855 6650
3 2942 6369 6470
3 6240 4984 6615
3 6126 3491 6649
3 6084 2028 6616
3 3055 6127 6554
3 1060 6359 6568
3 660 6372 6572
3 6031 4233 6582
3 6384 1971 6506
3 6127 236 6554
3 6345 4950 6452
3 6484 6150 6612
3 6506 4840 6594
3 6590 629 6625
3 4411 6126 6560
3 4895 6264 6489
3 1468 6060 6603
3 6450 4181 6479
3 6114 607 6617
3 6303 4968 6650
3 4156 6098 6605
3 6188 1991 6645
3 1808 6366 6575
3 2201 6273 6576
3 2133 6378 6629
3 6433 2192 6644
3 6388 2767 6610
3 4233 6242 6582
3 3954 6357 6505
3 6150 4036 6612
3 2834 6333 6609
3 977 6336 6537
3 6486 4759 6621
3 4104 6367 6514
3 6374 3856 6587
3 3600 6384 6506
3 3885 6466 6581
3 3621 6447 6564
3 1085 6450 6479
3 3870 6227 6641
3 4308 6461 6494
3 3884 6468 6590
3 6471 4040 6648
3 6379 4281 6548
3 607 6252 6617
3 6237 3870 6641
3 626 6370 6635
3 6341 3432 6619
3 6391 4572 6626
3 5559 6480 6584
3 3826 6326 6625
3 4073 6403 6593
3 6447 4690 6564
3 6369 626 6635
3 3888 6501 6546
3 3814 6424 6601
3 2069 6465 6622
3 6466 1068 6581
3 6468 629 6590
3 6480 4458 6584
3 6470 6369 6635
3 2371 6486 6621
3 3875 6470 6635
3 2738 6471 6648
3 4065 6530 6628
3 6668 6706 6743
3 6706 6668 6742
3 6751 6741 6789
3 124 123 6765
3 6661 6686 6687
3 6661 6684 6686
3 6659 84 6714
3 6677 6751 6789
3 6741 6751 6752
3 6704 6705 6752
3 6704 6752 6763
3 6706 6742 6756
3 6742 6663 6756
3 6705 6741 6752
3 6719 6731 6787
3 6731 6719 6757
3 118 117 6726
3 84 6 6714
3 6758 6662 6767
3 6741 6705 6781
3 6708 6672 6727
3 6762 6692 6775
3 6711 6683 6755
3 6776 6677 6789
3 6748 6758 6767
3 6682 6776 6789
3 6762 6735 6766
3 6683 6711 6791
3 6735 6736 6766
3 6676 118 6726
3 6735 6762 6775
3 6674 6710 6745
3 6659 6714 6785
3 75 6713 6770
3 6713 75 6777
3 6729 6709 6783
3 6726 117 6764
3 92 93 6754
3 6709 6729 6788
3 3 61 96
3 6708 6727 6760
3 6745 6710 6794
3 6686 6685 6743
3 88 89 6725
3 6747 6704 6763
3 6672 6708 6788
3 6687 6686 6688
3 6754 93 6782
3 6680 6738 6739
3 6704 6747 6778
3 6688 6686 6743
3 6722 6670 6724
3 6670 88 6725
3 6724 6670 6725
3 6706 6688 6743
3 6 85 6714
3 6703 6702 6769
3 6738 6680 6749
3 110 6671 6727
3 6670 6722 6750
3 112 6672 6728
3 6703 6769 6774
3 6727 6671 6760
3 6747 6707 6778
3 6722 6716 6750
3 114 6667 6731
3 6667 6728 6729
3 6682 97 6759
3 6710 6707 6794
3 108 6668 6730
3 6707 6747 6794
3 6738 6676 6739
3 6702 6736 6769
3 6714 6669 6715
3 6672 111 6727
3 102 6660 6737
3 6667 113 6728
3 6729 6720 6787
3 119 6676 6738
3 6712 6695 6732
3 6687 6688 6689
3 112 111 6672
3 110 109 6671
3 6684 6661 6772
3 6671 109 6730
3 6655 6712 6786
3 6689 6691 6733
3 114 113 6667
3 85 6669 6714
3 106 6663 6742
3 6716 6669 6750
3 6661 6687 6761
3 120 6738 6749
3 6664 115 6731
3 6695 6697 6732
3 6663 105 6734
3 98 6682 6740
3 111 110 6727
3 103 102 6737
3 113 112 6728
3 120 119 6738
3 6736 6702 6766
3 6734 6657 6735
3 119 118 6676
3 6694 6712 6713
3 6673 6740 6741
3 115 114 6731
3 6660 101 6744
3 6712 6655 6770
3 6694 6695 6712
3 108 107 6668
3 6701 6710 6711
3 116 115 6664
3 104 6657 6734
3 6735 6657 6736
3 6691 6693 6694
3 98 97 6682
3 6656 68 6745
3 85 86 6669
3 106 105 6663
3 109 108 6730
3 6673 99 6740
3 6691 6694 6733
3 6697 6701 6732
3 6668 107 6742
3 104 103 6657
3 100 6673 6744
3 6701 6711 6732
3 6697 6699 6701
3 69 70 6674
3 6715 6717 6718
3 69 6674 6745
3 100 99 6673
3 102 101 6660
3 105 104 6734
3 6694 6693 6695
3 99 98 6740
3 6701 6707 6710
3 6694 6713 6733
3 6718 6720 6748
3 6657 103 6737
3 101 100 6744
3 6701 6699 6707
3 107 106 6742
3 6718 6719 6720
3 67 68 6656
3 6720 6719 6787
3 68 69 6745
3 6669 86 6750
3 67 6656 6746
3 6700 6703 6704
3 121 6749 6754
3 66 67 6746
3 6746 6656 6747
3 6695 6696 6697
3 6697 6698 6699
3 6691 6692 6693
3 6689 6690 6691
3 6736 6657 6737
3 86 87 6750
3 65 66 6665
3 6689 6688 6690
3 6704 6703 6705
3 121 120 6749
3 6665 66 6746
3 64 65 6751
3 63 64 6677
3 6695 6693 6696
3 87 6670 6750
3 6708 6709 6788
3 73 74 6655
3 6699 6698 6700
3 6697 6696 6698
3 76 77 6658
3 65 6665 6751
3 87 88 6670
3 6691 6690 6692
3 78 79 6661
3 6705 6703 6774
3 6700 6702 6703
3 6751 6665 6752
3 6700 6698 6702
3 6677 64 6751
3 71 72 6683
3 6723 6722 6724
3 6718 6717 6719
3 6705 6774 6781
3 6690 6688 6706
3 90 91 6680
3 6723 6724 6726
3 6723 6726 6764
3 6715 6716 6717
3 6715 6669 6716
3 83 84 6659
3 6721 6716 6722
3 6743 6685 6792
3 81 82 6662
3 6708 6679 6709
3 80 81 6753
3 6684 6685 6686
3 5 80 6666
3 6721 6722 6723
3 6682 6759 6776
3 6678 6666 6679
3 73 6655 6755
3 6717 6716 6721
3 6675 6681 6684
3 6683 72 6755
3 122 121 6754
3 6684 6681 6685
3 6780 6730 6792
3 72 73 6755
3 97 96 6759
3 6748 6659 6785
3 81 6662 6753
3 6731 6667 6787
3 6678 6679 6708
3 6666 80 6753
3 6690 6706 6756
3 6739 6725 6784
3 6675 6678 6681
3 6709 6773 6783
3 6729 6728 6788
3 6679 6666 6753
3 6692 6690 6756
3 5 6666 6675
3 116 6664 6764
3 6680 6739 6784
3 6675 6666 6678
3 6760 6671 6780
3 6717 6721 6757
3 6693 6692 6762
3 6725 6739 6771
3 6736 6737 6769
3 6725 89 6784
3 6710 6674 6791
3 6664 6731 6757
3 6746 6747 6763
3 6658 77 6761
3 78 6661 6761
3 6719 6717 6757
3 6752 6665 6763
3 6718 6748 6785
3 6663 6734 6775
3 6712 6732 6786
3 6689 6733 6790
3 6733 6658 6790
3 6678 6708 6760
3 6740 6682 6789
3 6748 6720 6758
3 6702 6698 6766
3 6673 6741 6781
3 6714 6715 6785
3 6659 6748 6767
3 70 4 6768
3 6671 6730 6780
3 79 5 6772
3 4 71 6768
3 74 75 6770
3 61 62 6759
3 122 6754 6782
3 6700 6704 6778
3 6707 6699 6778
3 6713 6712 6770
3 6747 6656 6794
3 6709 6679 6773
3 75 76 6777
3 6685 6780 6792
3 6711 6710 6791
3 63 6677 6776
3 83 6659 6767
3 6662 82 6767
3 6681 6678 6760
3 6756 6663 6775
3 6749 6680 6779
3 96 61 6759
3 6692 6756 6775
3 6680 91 6779
3 90 6680 6784
3 6658 6733 6777
3 6676 6726 6771
3 6773 6758 6783
3 77 78 6761
3 6724 6725 6771
3 6733 6713 6777
3 6696 6693 6762
3 5 6675 6772
3 123 94 6765
3 95 124 6765
3 6665 6746 6763
3 6757 6721 6793
3 6696 6762 6766
3 6674 6768 6791
3 117 116 6764
3 6768 6683 6791
3 6720 6729 6783
3 6664 6757 6793
3 6698 6696 6766
3 6681 6760 6780
3 94 123 6782
3 6674 70 6768
3 93 94 6782
3 6726 6724 6771
3 82 83 6767
3 6737 6660 6769
3 6730 6668 6792
3 6753 6662 6773
3 6661 79 6772
3 6754 6749 6779
3 6769 6660 6774
3 71 6683 6768
3 6662 6758 6773
3 6759 62 6776
3 6739 6676 6771
3 6755 6655 6786
3 92 6754 6779
3 6728 6672 6788
3 6668 6743 6792
3 6655 74 6770
3 123 122 6782
3 6660 6744 6774
3 6764 6664 6793
3 6734 6735 6775
3 6711 6755 6786
3 6675 6684 6772
3 62 63 6776
3 6774 6744 6781
3 6699 6700 6778
3 76 6658 6777
3 91 92 6779
3 6715 6718 6785
3 6658 6761 6790
3 6744 6673 6781
3 6667 6729 6787
3 6685 6681 6780
3 6732 6711 6786
3 89 90 6784
3 6687 6689 6790
3 6741 6740 6789
3 6679 6753 6773
3 6758 6720 6783
3 6656 6745 6794
3 6721 6723 6793
3 6761 6687 6790
3 6723 6764 6793
3 94 95 6765
3 7 124 95
3 566 8261 567
3 6807 8676 8183
3 6916 8176 8175
3 6922 9125 8212
3 8596 8597 6829
3 8206 9075 6936
3 8831 8899 7600
3 8597 8598 6829
3 8212 9125 8136
3 8269 8858 8270
3 6869 9085 8197
3 8269 9088 8858
3 8355 9122 8150
3 8188 9054 8874
3 8156 8222 7745
3 469 8534 470
3 6871 9122 8355
3 6864 8248 8246
3 8518 8519 6926
3 8184 8185 6852
3 9085 9180 8920
3 34 8254 33
3 430 8360 431
3 8162 8194 8046
3 8378 8518 6926
3 8159 9215 6805
3 6864 9232 8248
3 8676 9087 8183
3 8234 9124 6878
3 8165 9206 6907
3 8621 8848 8620
3 7990 8898 8438
3 8222 8300 7745
3 431 8360 6880
3 9150 9152 6832
3 8198 9085 8920
3 8205 9075 8206
3 6839 8779 8428
3 7992 8978 8489
3 8197 9085 8198
3 8469 8777 6929
3 6930 8323 8188
3 6876 8266 426
3 6907 8675 8165
3 6857 8761 8618
3 6857 9179 8761
3 8663 9033 8128
3 6874 9118 8204
3 8898 8899 8438
3 8178 8184 6933
3 8046 9107 8162
3 7750 8497 7941
3 8212 9152 9150
3 8253 9211 8254
3 7665 9224 8565
3 426 8266 427
3 8105 8497 7750
3 8386 9029 7706
3 7939 8534 8532
3 28 8519 27
3 129 8196 128
3 8532 8533 7939
3 8254 9211 8255
3 6867 9147 8249
3 159 8234 6878
3 8185 9142 6852
3 7745 8224 8156
3 567 8261 6857
3 8205 9104 6830
3 6916 9035 8176
3 8874 9054 8011
3 8169 8225 6823
3 8180 8314 6833
3 6940 9043 8210
3 8210 9160 6940
3 8633 9111 8260
3 6939 8236 134
3 8170 9262 6904
3 8980 9124 8234
3 6805 9098 8159
3 6810 8173 8171
3 7693 9303 8240
3 7743 9326 8224
3 6872 8202 8200
3 8221 8628 8627
3 8565 8800 7665
3 9277 9303 7693
3 8317 8995 6840
3 128 8196 6815
3 8653 9032 8144
3 8181 8687 6919
3 8338 9040 7932
3 8315 8899 8831
3 6877 8309 438
3 6910 8209 8207
3 8192 8680 6918
3 8558 8902 8390
3 6969 8300 8222
3 8553 8636 6897
3 8634 9129 7890
3 8490 9153 8147
3 9137 9162 8151
3 8171 8191 6810
3 6840 9186 8317
3 8221 8627 6895
3 8239 8240 8237
3 8553 8637 8636
3 6874 9225 9061
3 8167 8228 6889
3 8582 9263 8624
3 8175 8177 6916
3 8620 8848 6894
3 470 8534 6856
3 8532 8534 469
3 8599 8747 7616
3 6920 8673 8174
3 8435 8436 7985
3 8211 8896 6813
3 6837 8254 34
3 33 8254 6925
3 6896 8261 566
3 7600 8899 8898
3 9061 9225 8143
3 8244 9117 8157
3 8351 9265 9102
3 8351 9102 6834
3 8188 8874 6930
3 8098 9104 8205
3 584 8368 585
3 8850 9269 8163
3 8239 9244 8240
3 8380 8502 7556
3 8669 9206 9112
3 8354 9198 9023
3 8193 8691 6798
3 7932 9230 8338
3 9035 9197 8176
3 438 8309 439
3 8015 8643 8642
3 8489 8978 7996
3 8184 9148 6933
3 7942 9326 7743
3 8232 9147 6867
3 8565 9224 8567
3 8649 8762 8146
3 6833 8315 8180
3 6847 9153 8490
3 8379 8502 8380
3 6904 9262 8656
3 7992 8489 8305
3 6939 8237 8236
3 6855 9162 9137
3 7743 8224 7745
3 8390 9132 8558
3 8161 9215 8159
3 8214 8661 6909
3 6889 9151 8167
3 8174 8674 6920
3 7939 9220 8534
3 9061 9118 6874
3 14 8234 159
3 8166 9206 8165
3 8920 9005 8199
3 8634 9111 8633
3 7978 9220 7939
3 6930 8324 8323
3 6808 9033 8663
3 7462 9005 8920
3 6929 9020 8469
3 8182 8679 6811
3 6823 8456 8169
3 8155 9013 6890
3 7445 8502 8379
3 30 8520 29
3 183 8674 182
3 8177 9098 6805
3 8264 9149 9099
3 8410 8848 8621
3 8428 9270 6839
3 8218 8924 6796
3 7445 8379 8195
3 6851 9198 8354
3 6872 9106 8202
3 6926 8519 28
3 27 8519 6835
3 6904 9051 8170
3 6805 9207 8177
3 8416 9265 8350
3 7438 8291 8199
3 7980 9030 7978
3 6806 9197 9035
3 6910 9101 8209
3 8031 9074 8366
3 26 8322 25
3 9030 9220 7978
3 8253 8254 6837
3 8350 9056 8416
3 134 8236 8
3 8624 8625 8582
3 6967 9182 8339
3 6880 8360 8359
3 9112 9206 8166
3 584 9255 8368
3 9108 9224 7960
3 7706 9268 8386
3 8632 9129 8634
3 8469 9221 8777
3 8779 8966 8428
3 8199 9005 7438
3 8624 9263 8623
3 7912 8701 8678
3 6931 9269 8850
3 8339 9230 6967
3 6918 8681 8192
3 6890 9190 8155
3 7985 9240 8435
3 7536 8392 8391
3 8128 9226 8663
3 587 8850 588
3 6921 9136 8688
3 8678 8701 8615
3 7574 9189 9114
3 8249 9091 6867
3 8627 8628 6818
3 8366 9240 8031
3 7381 8349 7281
3 6965 9120 6962
3 6796 9174 8218
3 8291 9011 8190
3 7989 8304 7872
3 8252 8253 6837
3 8274 9062 8277
3 8215 8349 7381
3 8703 9152 7762
3 6921 9296 9136
3 8289 9103 8003
3 9135 9158 7919
3 8385 9029 8386
3 6865 9088 8269
3 7438 9011 8291
3 8204 9252 6874
3 6875 9245 8258
3 508 9215 9143
3 8168 9161 6862
3 6862 9279 8168
3 8495 9070 8843
3 8258 9183 6875
3 9115 9263 7740
3 8381 9095 7382
3 8192 9249 8680
3 8597 8747 8599
3 7282 8381 7284
3 8405 8955 6838
3 6965 9117 8244
3 7762 9267 8703
3 8143 9052 8112
3 9134 9262 7958
3 8407 8850 8163
3 8497 8498 7941
3 8081 9142 8380
3 6829 8603 8596
3 7286 8303 7288
3 8187 8258 6937
3 6919 9080 8181
3 8211 9171 8896
3 7288 8303 8302
3 8269 9191 6865
3 6913 9087 8676
3 6835 8322 26
3 129 9047 8196
3 6868 8850 8407
3 8649 9057 8762
3 8407 8849 6868
3 7288 8302 7290
3 7556 9275 8380
3 7386 8289 8190
3 8190 9011 7386
3 9039 9138 8123
3 6924 8465 8464
3 8277 9062 6866
3 8144 9302 8653
3 8293 9277 8018
3 6811 9121 8182
3 7705 8990 8456
3 8843 9292 8495
3 9099 9149 6846
3 8314 9258 6833
3 8567 9224 9108
3 8106 9110 8940
3 6836 8520 30
3 8001 9188 8230
3 8195 8381 7445
3 8018 9184 8293
3 6825 9032 8653
3 8216 8217 6859
3 9114 9189 8122
3 9052 9199 8112
3 8167 9151 6849
3 6852 9148 8184
3 6810 8989 8173
3 6848 8491 8413
3 8636 8637 6821
3 6920 8674 183
3 182 8674 6799
3 6877 9006 8309
3 7616 9342 8599
3 8181 9234 8687
3 8015 9344 8643
3 8623 9263 9115
3 442 9137 8186
3 6838 9177 8405
3 6937 9054 8187
3 8187 9054 8188
3 8656 9262 9134
3 6913 9226 9087
3 8340 9040 8338
3 101 8603 100
3 8671 9112 7811
3 7382 9095 8304
3 8339 9048 8337
3 6933 9171 8178
3 8244 9120 6965
3 9143 9215 8161
3 7 9146 9097
3 8230 9188 8229
3 29 8520 6926
3 8421 9114 8122
3 8101 8786 8659
3 7381 8344 8215
3 8172 8191 8171
3 6876 9248 8266
3 6849 9292 8167
3 8130 9076 8686
3 7872 8304 7874
3 8380 9142 8185
3 588 8850 6868
3 6931 8850 587
3 8866 8965 8328
3 8350 9265 8351
3 6798 9100 8193
3 8492 9271 7993
3 430 9246 8360
3 7281 8349 7279
3 590 9113 9089
3 6850 9210 9188
3 8690 9109 8142
3 8230 9158 9135
3 8597 8599 8598
3 7386 9103 8289
3 7783 8652 8651
3 8344 9066 8342
3 7382 8303 7286
3 8303 8304 7989
3 8186 9309 442
3 7939 8533 7898
3 7445 8381 7282
3 8135 9094 8539
3 8296 9180 9085
3 8142 9296 8690
3 8338 9230 8339
3 8156 8224 8093
3 8193 9250 8691
3 8105 8979 8494
3 8093 8224 8148
3 7284 8381 7382
3 7374 8346 7287
3 7993 9200 8492
3 8887 8960 8311
3 8246 9123 6864
3 8219 8949 7952
3 8391 9119 7536
3 8266 9099 427
3 7811 9337 8671
3 8214 9336 8661
3 8343 8346 7374
3 8233 8949 8219
3 8675 9108 8165
3 8225 9247 6823
3 8122 9154 8421
3 6859 8822 8216
3 8255 9064 8256
3 8940 9110 8110
3 8456 8990 8169
3 8296 9083 7983
3 8168 9039 8123
3 7290 8302 7377
3 8491 9170 8413
3 6865 9191 8324
3 8436 9082 7985
3 7898 8533 8001
3 8280 9008 8275
3 7705 8456 8133
3 8600 9209 8598
3 6844 8494 8226
3 8776 9131 8154
3 8629 9218 8127
3 7890 9042 8634
3 7377 8302 8220
3 7703 8736 8394
3 8517 8800 8565
3 8686 9234 8130
3 8220 8866 7377
3 8231 8261 6896
3 9063 9096 7848
3 8275 9008 7951
3 6924 9140 8465
3 8494 8979 8226
3 8493 9190 6890
3 8321 9122 6871
3 8673 9036 8174
3 6936 9126 8206
3 6931 9205 9139
3 7688 8602 8601
3 100 8603 6829
3 6901 8603 101
3 6804 9138 9039
3 8157 9117 8222
3 6897 9090 8553
3 8261 9179 6857
3 8197 9235 6869
3 6836 9242 9241
3 8220 8965 8866
3 6830 9075 8205
3 6896 8259 8231
3 8628 9218 6818
3 8539 9250 8135
3 7374 8347 8343
3 8324 9288 6865
3 9209 9300 8598
3 9188 9210 8229
3 8126 8326 8265
3 6939 8238 8237
3 8031 9240 7985
3 160 8234 14
3 8495 9292 6849
3 7381 9066 8344
3 8347 9031 8283
3 7287 8346 7285
3 8678 9067 7912
3 6863 9056 8350
3 8392 9132 8390
3 8227 9326 7942
3 8146 9291 8649
3 9209 9305 6873
3 8105 9243 8497
3 8339 9182 9048
3 8228 8229 6889
3 9301 9326 8227
3 7726 8868 8822
3 9139 9269 6931
3 8029 8866 8328
3 7295 8810 7298
3 6909 9077 8214
3 9097 9146 8133
3 6891 9070 8495
3 9251 9320 8241
3 6985 8267 6987
3 8218 9174 8217
3 8260 9253 8633
3 8243 8272 7431
3 6818 9218 8629
3 8272 8929 7856
3 6987 8267 7083
3 8254 8255 6925
3 8242 8810 7294
3 8275 9062 8274
3 7557 9320 9251
3 8937 8972 7173
3 8493 9333 9190
3 8315 8831 8180
3 8322 9284 25
3 7083 8267 8250
3 8078 9142 8081
3 8638 9350 8145
3 8359 9069 6880
3 8265 8326 8263
3 8625 8953 8582
3 8651 9164 7783
3 8600 9305 9209
3 8243 8929 8272
3 8263 8326 7548
3 8257 8944 8318
3 8175 9049 8177
3 7925 8953 8625
3 8250 8281 7083
3 8394 8736 8004
3 7703 8394 8231
3 7578 8320 8318
3 8642 9093 8015
3 7856 8278 8272
3 7854 8278 7856
3 8189 9237 6814
3 8659 9145 8101
3 7952 8949 7720
3 8235 8937 7720
3 6832 9152 8703
3 8635 9212 8137
3 7374 9031 8347
3 7694 8271 8034
3 7431 8810 8243
3 7851 8977 7854
3 8257 8375 7229
3 8262 8263 7548
3 7949 9065 9028
3 7578 8971 8320
3 8318 8944 7578
3 9089 9113 8299
3 8340 8535 6853
3 8496 8498 8497
3 6843 8498 8496
3 8323 8324 8100
3 7296 8419 7293
3 7854 8977 8278
3 8 8236 133
3 7229 8944 8257
3 8305 8489 6892
3 8222 9117 6969
3 7648 8280 8275
3 8268 8270 7695
3 7962 9350 8657
3 6841 9131 8776
3 8183 9214 6807
3 6895 9115 8221
3 8029 8987 8866
3 7294 8987 8242
3 7983 9180 8296
3 8242 8987 8029
3 6814 9289 8189
3 8210 9248 6876
3 7548 8279 8262
3 8273 8276 7574
3 8282 8419 7296
3 7270 8273 7574
3 6938 8234 160
3 6813 9202 8211
3 7613 9058 7612
3 8235 8972 8937
3 8690 9296 6921
3 6918 9019 8681
3 7294 8810 7295
3 8822 8868 8216
3 8599 8600 8598
3 8558 9127 8902
3 7296 8290 8282
3 7720 8949 8235
3 10 6881 141
3 7266 8280 7648
3 7726 8822 8161
3 8043 8374 8370
3 7298 8810 7431
3 7731 8288 7734
3 7534 8973 8507
3 8362 9319 8287
3 8282 8290 7741
3 8557 9004 8552
3 7847 8959 7850
3 161 8285 6938
3 8421 9275 7556
3 7695 8332 8268
3 8344 8345 8215
3 8284 8332 7717
3 7734 8288 8281
3 7165 8279 7237
3 8370 8375 8043
3 6947 8983 6945
3 7695 8271 7694
3 8267 9021 8251
3 6833 9060 8315
3 8199 8291 8008
3 7904 8997 7903
3 8285 8286 6938
3 8370 8374 8369
3 8270 8271 7695
3 7717 8332 7470
3 6876 9160 8210
3 8778 9020 6929
3 7382 8304 8303
3 6953 8325 7659
3 7850 8959 8307
3 7293 8419 7291
3 7734 8281 7736
3 8369 8374 7172
3 7717 8333 8284
3 6884 8292 132
3 7736 8281 8250
3 6853 8535 520
3 8375 8919 7229
3 8681 9096 9063
3 6970 8300 6969
3 8212 9150 6922
3 7715 8306 8298
3 8286 8980 6938
3 8387 8391 8389
3 6872 8294 529
3 133 8236 6884
3 6945 8983 8232
3 7083 8281 7922
3 7561 8306 7715
3 7731 8906 8288
3 6941 8301 436
3 8370 8919 8375
3 7237 8279 7548
3 9021 9026 8251
3 8281 8288 7922
3 7974 8289 8003
3 532 8295 6869
3 7973 8345 7970
3 8022 8330 8329
3 8334 8335 6870
3 8412 8895 7426
3 7165 8400 8279
3 8158 8246 8245
3 8211 8312 7873
3 8231 8394 8261
3 8022 8329 7725
3 8246 8248 8247
3 8645 9057 8649
3 8274 8277 8276
3 9174 9322 8217
3 6837 9050 8252
3 8285 8287 8286
3 7648 8274 8273
3 8333 8586 8060
3 8290 8412 7741
3 7470 8332 7695
3 7728 8906 7731
3 8240 9244 7693
3 8327 8937 7173
3 7725 8329 8297
3 7622 8967 7623
3 6997 8725 8372
3 522 8334 6870
3 6882 8296 8295
3 8202 9106 8204
3 8145 9223 8638
3 8297 8329 7746
3 8243 8810 8242
3 8003 9103 8349
3 8363 8997 7904
3 8228 8230 8229
3 7266 7648 7268
3 8372 8725 8371
3 6981 8327 7173
3 7873 8312 7870
3 7561 8433 8306
3 7715 8849 8407
3 161 6938 160
3 8283 8836 8347
3 538 8351 6834
3 6973 8300 6970
3 8044 8375 8257
3 8387 8389 8388
3 7415 8356 7902
3 10 8092 6881
3 8012 8406 7651
3 8487 8982 7929
3 7623 8403 8098
3 6866 9084 8277
3 8356 8357 7902
3 6962 9120 6961
3 8100 8420 8323
3 7268 8273 7270
3 7654 8326 8126
3 7746 8399 8297
3 8043 8375 8044
3 8036 8404 8035
3 6949 9008 8280
3 8255 8256 6925
3 7850 8977 7851
3 7559 9004 8557
3 8274 8276 8273
3 519 8353 6853
3 8215 8345 7973
3 544 8388 6886
3 7648 8273 7268
3 8286 9208 8980
3 8036 8563 8404
3 8374 8442 7172
3 8027 8359 8358
3 6799 9109 8690
3 7702 8405 8313
3 6983 8327 6981
3 8027 8358 7573
3 8681 9063 8192
3 7717 8586 8333
3 7970 8345 7663
3 8051 8393 7724
3 8347 8462 8343
3 8336 8337 8335
3 8389 8392 8390
3 7167 8484 7080
3 6957 8280 7266
3 7648 8275 8274
3 6862 8285 162
3 543 8388 544
3 7270 7574 7272
3 8198 8199 8008
3 8599 9342 8601
3 8483 8484 7167
3 6961 8325 6955
3 8008 8291 8006
3 8246 8247 8245
3 8051 8574 8393
3 6892 9009 8305
3 8342 9066 8346
3 8334 8535 8336
3 8371 8725 7886
3 8290 8895 8412
3 8453 8563 8036
3 6953 7659 6951
3 6862 8287 8285
3 6939 8985 8238
3 8445 8574 8051
3 8238 8239 8237
3 8336 8535 8340
3 8348 8399 7177
3 530 8294 6882
3 131 8292 6858
3 7727 8916 8352
3 7080 8484 7085
3 7714 8836 8283
3 7719 8422 7953
3 6882 8295 531
3 435 6941 436
3 8334 8336 8335
3 8960 9312 8311
3 7712 8465 8429
3 7838 8923 8826
3 133 6884 132
3 7172 8442 8331
3 22 8355 6935
3 7623 8967 8403
3 7241 8422 7719
3 7863 8328 7866
3 8313 8404 7702
3 7477 8454 7581
3 8338 8339 8337
3 8367 8368 6942
3 8316 8393 7773
3 6851 8354 517
3 8379 8380 8185
3 8359 8360 8116
3 8006 8190 7976
3 6955 8325 6953
3 8298 8849 7715
3 7525 8916 7727
3 8035 8404 8313
3 453 9009 6892
3 7743 7745 7249
3 8341 8342 7704
3 8006 8291 8190
3 7742 7743 7249
3 7867 8310 7977
3 7866 7867 7865
3 8323 8420 7998
3 8048 8767 8395
3 8780 9177 6838
3 7584 8415 8048
3 7724 8393 8316
3 8047 8485 8484
3 525 6874 526
3 8200 9231 6872
3 7260 8982 8487
3 7974 8003 7973
3 8179 8379 8185
3 437 8301 6877
3 6911 9297 8191
3 8292 8293 6858
3 528 6872 529
3 7241 7718 7168
3 8372 8884 6997
3 7863 7865 7864
3 6960 6961 6955
3 7846 8959 7847
3 7167 8486 8483
3 7862 7863 7861
3 7869 8311 8310
3 7093 8431 7091
3 8388 8389 6886
3 8268 8332 8032
3 7547 8326 7654
3 8248 8249 8247
3 530 6882 531
3 162 8285 161
3 8364 8536 7082
3 8347 8836 8462
3 8331 8442 8037
3 8394 9179 8261
3 522 6870 523
3 7863 7866 7865
3 9028 9065 8090
3 7443 8433 7561
3 8241 9237 8189
3 7241 7719 7718
3 8556 8992 8559
3 8462 8836 7606
3 521 8334 522
3 8050 8536 8364
3 8486 8905 8049
3 7868 7869 7867
3 7161 8400 7165
3 532 6869 533
3 535 6863 536
3 6935 8396 21
3 519 6853 520
3 7976 8289 7974
3 7654 8126 7988
3 7244 8444 7557
3 6879 8366 8365
3 8400 8461 8279
3 6835 9072 8322
3 7651 8406 7702
3 7276 8421 7556
3 8415 8767 8048
3 7430 8880 7428
3 8120 8219 7952
3 6863 8350 536
3 6871 9284 8321
3 7719 7952 7720
3 8037 8454 8331
3 8599 8601 8600
3 6938 8980 8234
3 8341 8344 8342
3 7913 8932 7945
3 56 8921 6883
3 7610 8341 7704
3 7842 8357 7844
3 56 6883 2
3 7972 7974 7973
3 8179 8185 8184
3 8637 9299 8000
3 131 6858 130
3 7266 7268 7267
3 8423 8926 7935
3 8126 8210 7988
3 7972 7973 7970
3 8356 8952 7846
3 7862 8328 7863
3 516 8373 6851
3 8358 8359 8116
3 7870 8312 7869
3 7466 7649 7465
3 7719 7720 7718
3 7649 8114 7713
3 9154 9275 8421
3 7867 7977 7865
3 8032 8332 8284
3 6975 7249 6973
3 8017 8027 7573
3 7177 8852 8348
3 8560 8917 8555
3 7869 8310 7867
3 8408 8859 7888
3 6879 8365 581
3 7781 8956 7913
3 7218 8926 8423
3 8336 8338 8337
3 7844 8357 8356
3 8264 8266 8265
3 8500 8739 8395
3 7217 8922 8900
3 6928 8966 8779
3 8360 8361 8116
3 7859 8362 8023
3 7779 8418 7781
3 8429 8466 7712
3 7424 8824 8398
3 8395 8739 8048
3 7428 8412 7426
3 8060 8446 8333
3 7781 8418 8414
3 7920 8917 8560
3 8094 8158 8157
3 6796 8382 513
3 8341 8345 8344
3 8365 8367 6942
3 8009 8211 7873
3 7833 8514 7836
3 8029 8328 7862
3 7069 8510 7071
3 8625 9025 7925
3 7663 8345 8341
3 7936 9016 9007
3 6834 8383 539
3 542 8384 6816
3 8279 8461 8262
3 8384 8386 6816
3 7536 9281 8392
3 7860 7861 7859
3 8932 8939 7945
3 6949 8280 6957
3 7872 7873 7870
3 7874 8009 7873
3 6883 8921 8194
3 163 6862 162
3 7274 8421 7276
3 7091 8431 7166
3 6985 9021 8267
3 7068 8440 7066
3 7649 8358 8116
3 8115 8264 8263
3 132 8292 131
3 6926 8520 8378
3 8352 8906 7727
3 7953 8120 7952
3 7581 8454 8037
3 7746 8889 8399
3 7866 7868 7867
3 7663 8341 7610
3 7153 8369 7172
3 7173 8439 6979
3 7860 7862 7861
3 6883 8111 2
3 6957 7266 7265
3 7713 8461 7465
3 518 8354 8353
3 8190 8289 7976
3 436 8301 437
3 7087 8510 7069
3 7649 8116 8114
3 8350 8351 537
3 8116 8361 8114
3 518 8353 519
3 7232 8461 8400
3 8417 8509 7087
3 7292 8987 7294
3 8297 8399 8348
3 7446 8992 8556
3 7998 8420 7588
3 8952 8959 7846
3 8657 9134 7962
3 7173 8972 8439
3 7233 7465 7232
3 7268 7270 7269
3 7168 8327 6983
3 529 8294 530
3 7868 7870 7869
3 7100 8935 8852
3 7869 8312 8311
3 8114 8115 7713
3 7886 8467 8371
3 8010 8178 8009
3 8397 8975 7442
3 7761 8486 7759
3 7736 7949 7737
3 6816 8388 543
3 7169 7241 7168
3 8003 8349 8215
3 7649 7713 7465
3 7744 7942 7743
3 8391 8392 8389
3 537 8351 538
3 531 8295 532
3 8509 8510 7087
3 8453 8791 8473
3 7256 8466 8427
3 7441 8470 8446
3 8514 8859 8408
3 8240 9303 6884
3 22 6935 21
3 7548 8326 7547
3 21 8396 20
3 8158 8245 8244
3 7556 8502 7278
3 7610 7704 7608
3 6885 8385 8384
3 437 6877 438
3 8366 8367 8365
3 8342 8346 8343
3 8053 8571 8555
3 8179 8184 8178
3 7156 7157 7155
3 6871 8355 23
3 7727 8906 7728
3 7776 8870 7779
3 7174 8454 7477
3 7237 7548 7547
3 8250 8251 7949
3 8010 8179 8178
3 8060 8586 8425
3 7249 8300 6973
3 7087 8784 8417
3 7147 8876 7174
3 7975 7976 7974
3 8427 8466 8429
3 7830 8432 7832
3 8075 8975 8397
3 8052 8540 8501
3 7779 8870 8418
3 7872 7874 7873
3 7832 8432 8430
3 7082 8835 8364
3 6975 7742 7249
3 8376 8501 7935
3 8398 8824 7902
3 582 6942 583
3 8826 8923 8398
3 8440 8536 8050
3 582 8365 6942
3 7857 7860 7859
3 7678 8407 8163
3 7953 8189 8120
3 8188 8323 7998
3 8446 8470 8333
3 7177 8431 7093
3 8399 8889 8431
3 8413 8492 6848
3 7160 7161 7159
3 8537 9012 8083
3 8484 8485 7085
3 7385 8433 7443
3 7734 7736 7735
3 8333 8470 8284
3 7547 7654 7577
3 7237 7547 7258
3 8005 8006 7976
3 7863 7864 7861
3 7611 8467 7262
3 8433 8862 8306
3 8424 8862 8433
3 8083 9014 8084
3 7736 7737 7735
3 7428 8880 8412
3 8401 8451 7256
3 7157 7159 7158
3 8036 8791 8453
3 8386 8387 6816
3 7165 7237 7228
3 7742 7744 7743
3 8264 8265 8263
3 7827 8854 7830
3 7971 7972 7970
3 6951 8983 6947
3 6964 6965 6962
3 7232 8400 7162
3 7714 8283 8282
3 7161 7165 7163
3 9053 9227 8111
3 7066 8440 7074
3 8417 8784 8522
3 7537 7604 7603
3 7842 8826 8357
3 8438 9183 7990
3 7233 7466 7465
3 7256 8427 8401
3 7654 7988 7687
3 6887 8373 515
3 8052 8501 8376
3 8003 8215 7973
3 7220 7232 7162
3 7969 7970 7663
3 8262 8461 7713
3 8411 8441 7074
3 7602 8470 7448
3 7466 8358 7649
3 8056 8563 8453
3 7836 8514 8408
3 8476 8592 8057
3 8458 8739 8500
3 7608 8462 7606
3 7202 8574 8445
3 9012 9014 8083
3 7609 7610 7608
3 514 8382 6887
3 580 8435 6879
3 7702 8406 8405
3 7874 8010 8009
3 8483 8486 7761
3 8051 8783 8445
3 7766 8451 7768
3 8187 8188 7998
3 6981 7173 6979
3 7830 8854 8432
3 7607 7608 7606
3 8283 9031 8419
3 7832 8514 7833
3 7720 8937 7718
3 540 8383 6885
3 6885 8384 541
3 8238 8241 8239
3 7759 8486 8049
3 7604 7714 7603
3 8475 8823 7202
3 7947 8811 8448
3 7379 8424 7385
3 8060 8425 7372
3 8447 8818 8056
3 7167 8905 8486
3 7857 7859 7858
3 440 6855 441
3 8434 8801 7774
3 8540 8833 7887
3 8044 8257 8118
3 8426 8797 7937
3 7244 7557 7242
3 8545 8559 8548
3 7886 8856 7205
3 202 6937 201
3 7604 8836 7714
3 8257 8318 8118
3 7669 8099 8032
3 7074 8440 8411
3 8357 8398 7902
3 7154 7155 7153
3 516 6851 517
3 6803 9334 8771
3 8900 8922 7922
3 7715 8407 7678
3 8099 8269 8268
3 8408 8923 7838
3 8371 8467 7611
3 7875 8029 7862
3 7068 8536 8440
3 7561 7715 7678
3 7162 8400 7161
3 579 8436 8435
3 7537 7603 7457
3 7443 7561 7560
3 7550 7669 7602
3 24 6871 23
3 7563 7612 7611
3 7465 8461 7232
3 7856 7857 7855
3 8364 8958 7765
3 8049 8905 8510
3 7662 7663 7610
3 8441 8743 8692
3 7561 7678 7560
3 8385 8386 8384
3 514 6887 515
3 7719 7953 7952
3 7157 7158 7155
3 7736 8250 7949
3 7569 8478 8125
3 7150 7151 7149
3 8328 8965 7866
3 7765 8967 7622
3 7441 8446 7435
3 23 8355 22
3 7563 8409 7613
3 8424 8433 7385
3 8662 9121 6811
3 8571 8817 7418
3 8448 8811 7514
3 7854 7856 7855
3 7073 7168 6983
3 7718 8327 7168
3 7658 8443 8031
3 7536 7537 7457
3 536 8350 537
3 7612 7904 7903
3 7955 8996 8047
3 8043 8044 8042
3 7605 7606 7604
3 8445 8783 8474
3 8007 8008 8006
3 7766 8541 8451
3 7935 8926 8376
3 538 6834 539
3 542 6816 543
3 540 6885 541
3 7151 7153 7152
3 512 6796 513
3 7955 8999 8996
3 7550 7602 7448
3 6875 8438 8437
3 7731 7734 7732
3 7174 8876 8454
3 7151 7152 7149
3 8197 8198 8008
3 7669 8420 8100
3 7101 8476 8057
3 7774 8801 7393
3 8455 8853 8835
3 6975 8439 7742
3 8343 8462 7704
3 8041 8043 8042
3 8552 9004 8556
3 7913 8956 8932
3 8052 8833 8540
3 8342 8343 7704
3 7669 8032 7602
3 7854 7855 7853
3 7734 7735 7732
3 7107 8474 7199
3 7161 7163 7159
3 7549 7550 7448
3 8099 8268 8032
3 7095 8852 7177
3 8284 8470 7602
3 8283 8419 8282
3 7113 8475 7202
3 7457 8880 7430
3 7563 7611 7262
3 7133 8447 8056
3 7768 8451 8401
3 7669 8100 8099
3 7447 7448 7441
3 7824 8472 7826
3 7470 7694 7469
3 8590 8591 7417
3 517 8354 518
3 7544 8444 7244
3 8452 8584 7887
3 7997 7998 7588
3 7826 8472 8471
3 8017 8131 8027
3 7278 8502 7280
3 7573 8358 7466
3 8389 8390 6886
3 7851 7854 7853
3 7752 8522 7485
3 7887 8584 7493
3 8034 8299 8298
3 8692 8693 8441
3 7562 7563 7262
3 8546 8559 8545
3 7389 8797 8426
3 7391 7469 7390
3 7154 7156 7155
3 8590 8763 8513
3 7728 7731 7730
3 7157 7160 7159
3 7903 8997 8372
3 580 6879 581
3 200 6875 199
3 6988 8759 6986
3 7563 7613 7612
3 8269 8270 8268
3 6968 6969 6966
3 8250 8267 8251
3 6875 8437 199
3 7326 8617 8513
3 7448 8470 7441
3 8852 8935 8348
3 7470 7695 7694
3 7456 7457 7430
3 8430 8514 7832
3 7391 7470 7469
3 7678 8163 7679
3 8513 8617 8512
3 7375 8425 7388
3 8053 8817 8571
3 7839 8826 7842
3 515 8373 516
3 7638 8543 8450
3 8056 8818 8563
3 7694 8034 8033
3 8555 8917 8053
3 7612 7903 7611
3 7264 8991 6956
3 7476 8458 7146
3 8503 8506 8481
3 7557 8422 7242
3 7202 8823 8574
3 8411 8743 8441
3 8287 9161 8362
3 8441 8693 8523
3 7375 7388 7378
3 7417 8763 8590
3 577 8481 6861
3 7160 7162 7161
3 7771 8463 8107
3 7398 8570 8543
3 7821 8798 7824
3 7388 7390 7378
3 7943 8227 7942
3 8958 8967 7765
3 7388 7391 7390
3 8044 8118 8117
3 513 8382 514
3 7210 8897 8879
3 7366 7367 7365
3 7566 8478 7569
3 7220 7233 7232
3 7824 8798 8472
3 539 8383 540
3 541 8384 542
3 7166 8889 7480
3 7155 8369 7153
3 8616 9033 6808
3 544 6886 545
3 7443 7560 7475
3 7363 8449 7387
3 7119 8541 7766
3 7360 7361 7359
3 581 8365 582
3 8107 8995 7773
3 7525 7727 7599
3 7775 8808 8477
3 8453 8473 7132
3 7712 8466 7595
3 8511 8787 7354
3 8136 8999 7955
3 7550 8420 7669
3 7731 7732 7730
3 8417 8522 7752
3 8591 8857 7417
3 130 9047 129
3 8288 8900 7922
3 7375 7378 7376
3 7529 8808 7775
3 7791 8806 7792
3 7964 8529 8468
3 7372 8425 7371
3 8468 8529 7508
3 6861 8436 578
3 7262 8467 7209
3 7714 8282 7741
3 8543 8570 8450
3 7151 8828 7154
3 7523 8916 7525
3 7364 7365 7363
3 7440 7441 7435
3 8588 8855 8587
3 8592 8841 8057
3 7103 8476 7101
3 7109 8474 7107
3 7115 8475 7113
3 7135 8447 7133
3 579 8435 580
3 7941 8954 7749
3 8512 8617 7877
3 7704 8462 7608
3 7370 7371 7369
3 8552 8556 8550
3 7483 8460 7061
3 8399 8431 7177
3 8431 8889 7166
3 8993 9000 8104
3 8594 8901 8593
3 7153 7172 7152
3 8451 8541 7175
3 7361 7363 7362
3 8725 8856 7886
3 8545 8548 7535
3 509 6859 510
3 8548 8560 8555
3 8458 8500 7141
3 8468 8713 8531
3 8473 8791 8508
3 7562 8409 7563
3 7901 8787 8511
3 7588 8420 7550
3 197 6833 196
3 7483 8522 8460
3 7595 8466 7255
3 7871 7872 7870
3 7371 8425 7375
3 8531 8713 7664
3 7792 8529 7964
3 8464 8465 7712
3 7508 8713 8468
3 7367 7369 7368
3 8504 8507 8506
3 7146 8458 7143
3 7433 8060 7372
3 8555 8571 7535
3 7727 7728 7599
3 7594 7690 7689
3 7011 8579 7008
3 8041 8042 8040
3 8504 8506 8503
3 7151 7154 7153
3 7147 7174 7146
3 7385 7443 7436
3 576 8503 8481
3 7371 7375 7373
3 8523 8693 8524
3 7485 8522 7483
3 7174 7476 7146
3 7493 8584 7491
3 7737 7739 7738
3 8041 8374 8043
3 8474 8783 7199
3 8115 8263 8262
3 7883 8811 7947
3 7174 7477 7476
3 8318 8320 8319
3 8548 8555 7535
3 8317 9186 6923
3 8473 8508 7127
3 7379 7385 7383
3 7255 8466 7256
3 7826 8854 7827
3 7711 8464 7712
3 8390 8902 6886
3 7811 8903 7807
3 8480 8482 7089
3 7694 8033 7469
3 7770 8463 7771
3 8329 8330 7690
3 7132 8473 7129
3 7797 8773 7800
3 7800 8846 7883
3 7537 7605 7604
3 7887 8833 8452
3 7178 8578 7181
3 7680 8469 7716
3 7491 8799 7198
3 7477 7581 7580
3 7847 7850 7849
3 7456 7536 7457
3 455 8488 6847
3 457 8490 6888
3 6888 8491 458
3 463 8495 6849
3 6844 8493 448
3 6843 8496 444
3 8496 8497 6893
3 8522 8784 8460
3 7358 7359 7357
3 577 6861 578
3 7089 8482 7049
3 7775 8870 7776
3 7089 8744 8480
3 8041 8442 8374
3 8501 8540 7497
3 8459 8903 7811
3 7818 8528 7820
3 7581 7707 7580
3 7480 7594 7592
3 8049 8509 7756
3 7792 8806 8529
3 7008 8579 7006
3 6815 8621 8620
3 7820 8528 8525
3 3 8457 60
3 8040 8518 8378
3 8049 8510 8509
3 6906 8515 194
3 7238 7566 7239
3 7914 8901 8594
3 7594 7689 7592
3 7479 8527 7090
3 7091 7166 7090
3 7447 7549 7448
3 7361 7362 7359
3 8835 8853 7892
3 7199 7238 7200
3 7859 8023 7858
3 7072 8455 7082
3 7997 8187 7998
3 7768 7770 7769
3 6886 8902 545
3 7851 7853 7852
3 7361 7364 7363
3 7597 8012 7651
3 7175 8541 7124
3 8034 8298 8033
3 7253 7597 7254
3 7800 8773 8526
3 7844 7846 7845
3 7766 7768 7767
3 8513 8763 7326
3 7171 7255 7175
3 8038 8041 8040
3 7170 7253 7176
3 7256 8451 7175
3 7569 8125 7680
3 8550 8559 8546
3 7422 8545 7535
3 7181 8578 7185
3 7396 8570 7398
3 7850 7851 7849
3 7764 7765 7622
3 521 8535 8334
3 8459 8904 8903
3 7090 8527 7081
3 7440 7447 7441
3 7566 7569 7239
3 7358 7360 7359
3 7364 7366 7365
3 6892 8489 8488
3 7771 8107 7773
3 8879 8897 8054
3 7367 7368 7365
3 7101 8057 7100
3 7238 7239 7200
3 578 8436 579
3 6991 8759 6988
3 7857 7858 7855
3 7567 7723 7566
3 7770 7771 7769
3 7600 8851 8831
3 8125 8469 7680
3 6856 8521 471
3 8050 8364 7765
3 7255 7256 7175
3 7597 7651 7254
3 6797 8504 8503
3 7768 7769 7767
3 7253 7254 7176
3 8038 8442 8041
3 8153 8154 7723
3 7378 8424 7379
3 7143 8458 7141
3 7367 7370 7369
3 8307 8977 7850
3 7072 7082 7070
3 7724 8153 7723
3 7107 7199 7106
3 8316 8317 8153
3 7620 7764 7622
3 8013 8252 8012
3 8401 8402 7770
3 8402 8463 7770
3 7635 8855 8588
3 7477 7580 7478
3 7199 7200 7106
3 7202 8445 7112
3 576 8481 577
3 7711 7712 7595
3 7476 8739 8458
3 7113 7202 7112
3 8097 8464 7711
3 7482 7595 7255
3 7077 8527 8455
3 7766 7767 7118
3 7171 7175 7124
3 6850 8533 8532
3 8056 8453 7132
3 8427 8428 8402
3 7170 7176 7138
3 7844 8356 7846
3 7433 8446 8060
3 7596 7711 7595
3 7395 7774 7393
3 8976 8988 7591
3 8035 8097 7711
3 7119 7766 7118
3 7620 7622 7621
3 7125 7171 7124
3 7099 7100 7097
3 7133 8056 7132
3 7139 7170 7138
3 7581 7708 7707
3 7076 7077 7072
3 8565 8567 8566
3 7065 7066 7064
3 7071 7072 7070
3 190 8566 6860
3 7261 7262 7209
3 8542 8785 7517
3 7351 8768 7396
3 8888 8901 7914
3 8554 8557 8552
3 7276 7556 7278
3 8195 8379 8179
3 7095 7177 7093
3 7170 8500 8395
3 199 8437 198
3 7062 7064 7063
3 7785 8699 8530
3 7069 7070 7068
3 7846 7847 7845
3 7903 8372 8371
3 7086 7091 7090
3 7086 7090 7081
3 7370 7372 7371
3 7105 7106 7103
3 8530 8699 8059
3 7514 8837 8448
3 8551 8552 8550
3 7477 7478 7476
3 7877 8544 8512
3 7580 7584 7478
3 8482 8694 7049
3 7145 7146 7143
3 7111 7112 7109
3 7216 8088 6991
3 8577 8578 7178
3 7371 7373 7369
3 7756 8509 7754
3 7818 8751 8528
3 7842 7844 7843
3 7280 8502 7445
3 8037 8038 7708
3 8037 8442 8038
3 7117 7118 7115
3 7165 7228 7163
3 7148 7149 7147
3 7067 7068 7066
3 7123 7124 7121
3 7955 8047 7763
3 8510 8905 7071
3 7129 8473 7127
3 7131 7132 7129
3 7137 7138 7135
3 8425 8586 7388
3 195 6906 194
3 7362 8797 7359
3 8566 8567 6860
3 7080 7081 7077
3 7166 7480 7479
3 7171 8508 7482
3 7290 7377 7292
3 6912 8539 8538
3 7062 7065 7064
3 7207 7886 7205
3 7779 7781 7780
3 7077 8455 7072
3 60 8457 6936
3 8047 8484 8483
3 7815 8751 7818
3 8556 8559 8550
3 8376 8377 7640
3 7781 7913 7780
3 7933 8423 7935
3 7549 7588 7550
3 7581 8037 7708
3 7933 7935 7631
3 7392 7393 7360
3 8584 8799 7491
3 7280 7445 7282
3 7422 7535 7420
3 7390 8424 7378
3 8067 8785 8542
3 7746 8329 7690
3 6892 8488 454
3 6847 8490 456
3 6891 8495 462
3 445 8496 6893
3 449 8493 6890
3 459 8491 6848
3 7523 7525 7524
3 7389 8426 7936
3 8694 8794 7201
3 7170 8395 7253
3 7121 8541 7119
3 7597 8013 8012
3 7099 7101 7100
3 8699 8732 8059
3 7238 7567 7566
3 7361 8801 7364
3 8441 8523 7074
3 6850 8532 468
3 7620 8743 7764
3 8549 8550 8546
3 7733 8499 8218
3 7624 8544 7464
3 7601 8397 7442
3 7607 7609 7608
3 8352 8916 8054
3 7768 8401 7770
3 8693 8775 8524
3 8013 8253 8252
3 7972 7975 7974
3 7839 7842 7841
3 7820 8798 7821
3 7651 7702 7652
3 7900 8737 7878
3 7771 7773 7772
3 191 8566 190
3 7081 8527 7077
3 7171 7482 7255
3 8515 8516 6817
3 7058 8577 7178
3 7085 7086 7081
3 7764 8050 7765
3 7567 7724 7723
3 7139 8500 7170
3 7724 8316 8153
3 7145 7147 7146
3 7763 8483 7761
3 7105 7107 7106
3 8054 8916 8879
3 7495 8540 7887
3 7426 8895 7302
3 6912 8538 573
3 8401 8427 8402
3 7569 7680 7570
3 7759 8049 7756
3 7482 7596 7595
3 8427 8429 8428
3 7237 7258 7228
3 7519 7523 7521
3 7596 8035 7711
3 7125 8508 7171
3 8035 8313 8097
3 8059 8732 8714
3 7111 7113 7112
3 7877 8746 7409
3 463 6849 464
3 461 6891 462
3 443 6843 444
3 445 6893 446
3 453 6892 454
3 457 6888 458
3 459 6848 460
3 467 6850 468
3 451 6845 452
3 465 6889 466
3 470 6856 471
3 447 6844 448
3 449 6890 450
3 455 6847 456
3 7836 7838 7837
3 7758 8750 8562
3 7354 8787 7355
3 7754 8509 8417
3 7480 7592 7481
3 7680 7716 7681
3 7117 7119 7118
3 7516 8728 7182
3 7794 8576 7796
3 7547 7577 7258
3 7844 7845 7843
3 7123 7125 7124
3 7166 7479 7090
3 8562 8750 8208
3 7050 8694 7053
3 7131 7133 7132
3 8085 8931 8025
3 7716 8022 7725
3 7137 7139 7138
3 7618 7620 7619
3 7594 7746 7690
3 7355 7357 7356
3 7061 8460 7062
3 7396 8768 8570
3 7225 8720 7896
3 8583 8737 7900
3 8512 8544 7624
3 8524 8775 8578
3 7207 8467 7886
3 7728 7730 7729
3 7138 8447 7135
3 7065 7067 7066
3 6797 8503 575
3 575 8503 576
3 7118 8475 7115
3 7363 7387 7362
3 7061 7062 7060
3 7779 7780 7778
3 7764 8743 8411
3 7558 7631 7497
3 7112 8474 7109
3 7883 8846 8811
3 7723 8478 7566
3 6797 8505 8504
3 7754 8417 7752
3 7755 7756 7754
3 8480 8806 7791
3 7357 7389 7356
3 8576 8734 7796
3 8568 8728 7516
3 472 8521 6922
3 7836 8408 7838
3 7757 7759 7756
3 8561 8612 7878
3 8047 8483 7763
3 8831 8851 7910
3 7622 7623 7621
3 7497 8540 7495
3 8692 8743 7618
3 60 6936 59
3 7106 8476 7103
3 7640 8579 7011
3 7878 8612 7500
3 7378 7379 7376
3 8530 8611 7785
3 7071 7076 7072
3 7677 8604 8145
3 7631 8501 7497
3 7636 8537 8083
3 7937 8797 7362
3 8038 8040 8039
3 7842 7843 7841
3 7420 8571 7418
3 8395 8767 7253
3 7069 7071 7070
3 7495 7887 7493
3 7067 7069 7068
3 194 8515 193
3 193 8515 6817
3 8430 8859 8514
3 7753 7754 7752
3 7597 8767 8013
3 7525 7599 7598
3 7354 7355 7353
3 7496 7497 7495
3 7124 8541 7121
3 7954 7955 7763
3 7487 7752 7485
3 7776 7779 7778
3 7185 8775 7247
3 7762 7763 7761
3 7092 7093 7091
3 7364 8801 8434
3 7943 8233 8227
3 7076 7080 7077
3 7398 8543 7400
3 7632 7933 7631
3 7179 7483 7061
3 7796 8773 7797
3 454 8488 455
3 456 8490 457
3 444 8496 445
3 458 8491 459
3 462 8495 463
3 448 8493 449
3 7884 8590 8513
3 7238 8783 7567
3 8038 8039 7708
3 7896 8720 7899
3 7625 8569 7923
3 7625 7923 7884
3 7355 7358 7357
3 7833 7836 7835
3 7062 7063 7060
3 7141 8500 7139
3 7195 8790 8769
3 6917 8684 8683
3 7064 8523 7063
3 7760 7761 7759
3 7355 7356 7353
3 7625 7884 7624
3 7638 8537 7636
3 6802 8686 8685
3 468 8532 469
3 6917 8683 8682
3 192 8564 191
3 8714 8732 7179
3 7464 8544 7413
3 7261 7562 7262
3 471 8521 472
3 7365 8449 7363
3 6902 8648 8647
3 7615 8692 7618
3 7794 8733 8576
3 7552 8733 7794
3 7836 7837 7835
3 7484 7485 7483
3 7830 7832 7831
3 7157 8909 7160
3 7127 8508 7125
3 7402 8511 7354
3 7494 7495 7493
3 7838 7839 7837
3 573 8538 574
3 7049 8694 7050
3 7459 7638 7636
3 7529 7775 7646
3 8088 8759 6991
3 8578 8775 7185
3 7535 8571 7420
3 7860 7875 7862
3 8013 8767 8415
3 7284 7382 7286
3 7693 8444 7544
3 7070 8536 7068
3 7527 7624 7464
3 7935 8501 7631
3 7094 7095 7093
3 8617 8746 7877
3 8564 8566 191
3 7749 8927 7747
3 7775 7776 7646
3 7605 7607 7606
3 7389 7936 7784
3 7878 8737 8561
3 8795 8802 7958
3 7148 7150 7149
3 6802 8685 173
3 7066 7074 7064
3 7179 7484 7483
3 7492 7493 7491
3 6824 8646 8645
3 7814 8723 8575
3 7692 8891 8871
3 472 6922 473
3 7500 8612 7498
3 7527 7625 7624
3 7096 7097 7095
3 7832 7833 7831
3 7487 7753 7752
3 6832 8703 8702
3 7899 7979 7978
3 7459 7636 7587
3 7515 8808 7529
3 7793 8604 7677
3 7053 8694 7201
3 7671 8890 8872
3 7884 8513 8512
3 7979 7981 7980
3 7793 8607 8572
3 8609 8610 7406
3 7498 8724 7189
3 8516 8517 6817
3 7827 7830 7829
3 7814 8751 7815
3 8033 8862 7469
3 7526 7527 7464
3 8482 8794 8694
3 6820 8624 8623
3 8647 8648 8646
3 7745 8300 7249
3 7636 8083 7637
3 6902 8647 121
3 7461 8545 7422
3 7567 8783 8051
3 8040 8378 8039
3 7753 7755 7754
3 7486 8580 7487
3 7246 8607 7183
3 7755 7757 7756
3 7651 7652 7254
3 8517 8565 8564
3 8572 8595 7793
3 7178 7180 7057
3 7810 8723 7814
3 8659 8660 8658
3 7367 8839 7370
3 8527 8853 8455
3 7771 7772 7769
3 7259 8730 7212
3 7824 7826 7825
3 7182 8728 7180
3 7059 8714 7179
3 7614 8692 7615
3 7060 8577 7058
3 7080 7085 7081
3 7473 8731 7214
3 7176 8447 7138
3 7802 8710 8585
3 7185 7247 7246
3 7830 7831 7829
3 8154 8478 7723
3 7923 8591 8590
3 7626 8569 7625
3 7098 7099 7097
3 6820 8623 8622
3 8756 8762 7589
3 8377 8579 7640
3 7614 8693 8692
3 7463 7464 7413
3 7486 7487 7485
3 7181 7185 7183
3 7223 7491 7198
3 7782 8588 8587
3 7767 8475 7118
3 7708 8589 7707
3 7375 7376 7373
3 7884 8512 7624
3 6899 8626 554
3 8861 8864 8070
3 7517 8785 7516
3 6908 8659 8658
3 7411 7877 7409
3 8645 8649 8644
3 7394 7395 7393
3 8572 8607 7246
3 7615 7618 7617
3 7923 8590 7884
3 7396 7397 7350
3 8445 8474 7112
3 7915 8730 7259
3 6824 8645 8644
3 7185 7246 7183
3 173 8685 172
3 7351 7396 7350
3 7947 8448 8129
3 7389 7784 7356
3 7916 8731 7473
3 8069 8762 8756
3 7480 7481 7479
3 7821 7824 7823
3 8744 8806 8480
3 7678 7679 7560
3 8069 8748 7555
3 7400 8543 7459
3 7782 8587 7503
3 7496 7558 7497
3 7489 8580 7486
3 7102 7103 7101
3 7406 8709 8609
3 8612 8724 7498
3 8769 8790 8061
3 8044 8117 8042
3 8609 8709 8695
3 8209 8562 8208
3 7797 7800 7799
3 7826 7827 7825
3 7818 7820 7819
3 7800 7883 7799
3 7180 8735 7057
3 7178 7181 7180
3 7569 7570 7239
3 7200 8476 7106
3 7411 8544 7877
3 7405 8722 8711
3 121 8647 120
3 7913 7945 7944
3 8585 8613 7802
3 7802 8613 7397
3 7802 8715 8710
3 7806 8594 8593
3 58 6830 57
3 7400 7459 7458
3 7200 8592 8476
3 7636 7637 7587
3 7401 8715 7399
3 7397 8613 7350
3 7824 7825 7823
3 8207 8208 7686
3 8538 8539 8505
3 7059 7179 7061
3 7201 8794 8530
3 7515 7529 7528
3 8685 8686 8684
3 7502 7900 7878
3 7796 7797 7795
3 7396 7398 7397
3 8632 8634 8633
3 7194 8742 8734
3 7794 7796 7795
3 7086 7092 7091
3 7247 7614 7565
3 7502 7878 7500
3 554 8626 555
3 7527 8581 7626
3 7511 7515 7513
3 7028 8708 7026
3 7183 8607 7184
3 8208 8580 7686
3 7181 7182 7180
3 7702 8404 7652
3 7459 8543 7638
3 7357 8797 7389
3 7815 7818 7817
3 8052 8376 7640
3 7247 7564 7246
3 7847 7849 7848
3 8644 8649 6903
3 7154 8828 7226
3 7805 7806 7804
3 8575 8758 8751
3 7818 7819 7817
3 8064 8723 8711
3 8670 8673 8672
3 7773 8393 7772
3 7797 7799 7798
3 7820 7821 7819
3 8182 8606 7787
3 7459 7587 7458
3 7488 7489 7486
3 7628 7889 7803
3 7492 7494 7493
3 8711 8722 8064
3 7787 8606 7656
3 8575 8723 8064
3 7484 7486 7485
3 8207 8209 8208
3 7527 7626 7625
3 8632 8633 8631
3 7223 7492 7491
3 7757 7760 7759
3 7499 7500 7498
3 7104 7105 7103
3 8672 8673 6920
3 8651 8652 8650
3 7501 7502 7500
3 7184 7517 7516
3 7620 7621 7619
3 7628 8605 7889
3 7956 8069 7555
3 7628 7803 7627
3 8318 8319 8118
3 8669 8671 8670
3 7463 7526 7464
3 6898 8632 8631
3 6857 8618 568
3 568 8618 569
3 7349 8608 7352
3 7399 8715 7802
3 7425 7426 7302
3 7789 7791 7790
3 7543 7793 7677
3 7554 8542 7517
3 7552 7794 7661
3 8642 8643 8641
3 7494 7496 7495
3 7183 7184 7182
3 7543 7554 7517
3 6905 8651 8650
3 8664 8666 8665
3 570 8619 6798
3 7201 8530 8059
3 7184 7516 7182
3 7392 7394 7393
3 7108 7109 7107
3 7810 7814 7813
3 7181 7183 7182
3 7791 7792 7790
3 8669 8670 6801
3 7542 7627 7468
3 7806 8593 7804
3 8658 8660 6812
3 8208 8750 8580
3 7684 7782 7503
3 7353 8768 7351
3 7789 7790 7788
3 8718 8719 7186
3 8668 8669 6801
3 7801 8480 7791
3 7509 8733 7552
3 8618 8619 569
3 7686 8580 7489
3 7655 8016 7686
3 7794 7795 7661
3 7655 7686 7489
3 7677 7962 7554
3 7889 8609 7803
3 8640 8642 8641
3 7184 7543 7517
3 7788 8700 8152
3 7889 8610 8609
3 7543 7677 7554
3 7606 8836 7604
3 7814 7815 7813
3 8677 8678 6914
3 8016 8207 7686
3 184 8672 6920
3 7786 7789 7788
3 7490 7655 7489
3 7964 8468 8172
3 7191 7498 7189
3 7502 8587 7900
3 8026 8085 8025
3 8610 8757 7406
3 8650 8652 6826
3 7786 7787 7656
3 7656 8606 7655
3 7801 8482 8480
3 7402 8608 8593
3 8581 8582 7626
3 7542 7628 7627
3 7677 8145 7962
3 8260 8696 7709
3 7488 7490 7489
3 8631 8633 6819
3 7526 8581 7527
3 7348 8608 7349
3 7618 8743 7620
3 8664 8665 6809
3 7062 8460 7065
3 7792 7964 7963
3 7503 8587 7502
3 7490 7656 7655
3 7058 7178 7057
3 8468 8531 8172
3 7788 8152 7787
3 8062 8068 7051
3 7899 8720 7979
3 6900 8642 8640
3 6911 8666 8664
3 8152 8182 7787
3 7786 7788 7787
3 7031 8708 7028
3 7352 8608 7402
3 7655 8606 8016
3 185 8672 184
3 7541 7542 7468
3 7564 8573 8572
3 8640 8641 6827
3 8061 8808 8769
3 7468 8715 7401
3 8066 8719 8718
3 7629 8605 7628
3 7499 7501 7500
3 7191 7499 7498
3 7509 7552 7551
3 7785 7786 7656
3 8542 8795 8067
3 8585 8710 8695
3 8411 8440 8050
3 7405 7804 7348
3 7714 7741 7603
3 8068 8707 7051
3 8728 8735 7180
3 7584 8048 7478
3 7505 7509 7507
3 7964 8172 8171
3 8585 8695 7344
3 7501 7503 7502
3 8561 8717 7037
3 7114 7115 7113
3 7792 7963 7790
3 8595 8604 7793
3 7558 7632 7631
3 7543 8607 7793
3 569 8619 570
3 8542 8802 8795
3 7808 8723 7810
3 7964 8171 7963
3 7883 7947 7946
3 7352 7353 7351
3 7053 7201 7055
3 7196 8760 7023
3 7804 8608 7348
3 7797 7798 7795
3 6904 8656 8655
3 567 6857 568
3 570 6798 571
3 128 6815 127
3 126 8620 6894
3 565 6896 566
3 571 8691 572
3 6895 8627 558
3 561 8629 6898
3 6821 8635 552
3 6822 8630 548
3 6897 8636 550
3 6820 8622 556
3 110 8639 6900
3 102 8638 6901
3 118 8644 6903
3 6905 8650 113
3 6903 8654 117
3 114 8653 6905
3 6900 8640 109
3 6904 8655 105
3 557 8622 6895
3 549 8630 6897
3 126 6894 125
3 553 8635 6899
3 559 8627 6818
3 551 8636 6821
3 6898 8631 562
3 6818 8629 560
3 555 6820 556
3 557 6895 558
3 561 6898 562
3 553 6899 554
3 547 6822 548
3 551 6821 552
3 563 8631 6819
3 559 6818 560
3 563 6819 564
3 558 8627 559
3 6798 8691 571
3 549 6897 550
3 572 8691 6912
3 6826 8639 111
3 116 8654 6825
3 6825 8653 115
3 6828 8638 103
3 6824 8644 119
3 112 8650 6826
3 111 8639 110
3 560 8629 561
3 104 8655 6828
3 108 8640 6827
3 113 8650 112
3 115 8653 114
3 103 8638 102
3 117 8654 116
3 119 8644 118
3 112 6826 111
3 116 6825 115
3 127 8620 126
3 110 6900 109
3 118 6903 117
3 100 6829 99
3 102 6901 101
3 114 6905 113
3 124 6823 123
3 106 6904 105
3 120 6824 119
3 122 6902 121
3 108 6827 107
3 105 8655 104
3 104 6828 103
3 109 8640 108
3 552 8635 553
3 550 8636 551
3 548 8630 549
3 556 8622 557
3 193 6817 192
3 506 6805 507
3 6815 8620 127
3 190 6860 189
3 504 6916 505
3 187 8668 186
3 189 8675 188
3 502 6806 503
3 492 6914 493
3 484 6915 485
3 490 6809 491
3 478 6812 479
3 480 6910 481
3 486 6810 487
3 574 6797 575
3 494 6808 495
3 482 6811 483
3 496 6913 497
3 488 6911 489
3 498 6807 499
3 500 6909 501
3 171 8682 170
3 167 8680 166
3 175 8687 174
3 179 8688 178
3 562 8631 563
3 188 6907 187
3 6860 8675 189
3 168 6918 167
3 170 6803 169
3 172 6917 171
3 166 6804 165
3 174 6802 173
3 176 6919 175
3 180 6921 179
3 181 8690 180
3 182 6799 181
3 184 6920 183
3 186 6801 185
3 177 8689 176
3 178 6800 177
3 501 8661 502
3 188 8675 6907
3 6907 8668 187
3 497 8676 498
3 499 8667 500
3 502 8661 6806
3 6909 8661 501
3 6807 8667 499
3 186 8668 6801
3 500 8667 6909
3 6913 8676 497
3 498 8676 6807
3 170 8682 6803
3 166 8680 6804
3 174 8687 6802
3 6917 8682 171
3 6918 8680 167
3 6919 8687 175
3 6921 8688 179
3 178 8688 6800
3 496 8663 6913
3 6808 8663 495
3 490 8664 6809
3 6910 8662 481
3 6799 8690 181
3 6800 8689 177
3 180 8690 6921
3 176 8689 6919
3 495 8663 496
3 489 8664 490
3 6809 8677 491
3 6911 8664 489
3 482 8662 6811
3 492 8677 6914
3 491 8677 492
3 484 8679 6915
3 481 8662 482
3 6811 8679 483
3 483 8679 484
3 572 6912 573
3 7413 8544 7411
3 7542 7629 7628
3 8734 8742 8065
3 8477 8808 8061
3 7789 7801 7791
3 8259 8260 7709
3 7352 7354 7353
3 7405 7805 7804
3 7490 7785 7656
3 7455 7633 7586
3 8656 8657 8655
3 7075 7187 7043
3 8063 8561 7037
3 7110 7111 7109
3 7786 8611 7789
3 8655 8657 6828
3 7805 7807 7806
3 7684 7783 7782
3 7808 7810 7809
3 7552 7661 7660
3 7467 7468 7401
3 7393 8801 7360
3 7120 7121 7119
3 7247 8775 7614
3 7579 7876 7248
3 7184 8607 7543
3 7435 8446 7433
3 7189 8724 7187
3 7345 8585 7344
3 8670 8672 6801
3 7957 8076 7876
3 7188 7189 7187
3 6801 8672 185
3 8171 8173 7963
3 7187 8704 7043
3 7815 7817 7816
3 7564 8572 7246
3 7810 7813 7812
3 7762 7954 7763
3 7509 7551 7507
3 7785 8611 7786
3 7193 8071 7031
3 7345 8613 8585
3 7349 7352 7351
3 7201 8059 7055
3 7047 7089 7049
3 7789 8611 7801
3 7075 7188 7187
3 7618 7619 7617
3 7821 7823 7822
3 7045 8697 7047
3 8066 8733 8719
3 7833 7835 7834
3 7352 7402 7354
3 7808 7809 7807
3 7126 7127 7125
3 7957 8170 8076
3 7349 7351 7350
3 7505 8719 7509
3 8576 8733 8066
3 6824 8647 8646
3 8062 8568 8068
3 7790 8700 7788
3 7552 7660 7551
3 7579 7957 7876
3 8573 8596 8595
3 6817 8564 192
3 7190 7191 7189
3 8032 8284 7602
3 478 8658 6812
3 477 8658 478
3 7078 7196 7023
3 7134 7135 7133
3 7047 8697 7089
3 8609 8695 7803
3 7144 7145 7143
3 7508 7880 7506
3 7140 7141 7139
3 8695 8710 7803
3 7042 7045 7044
3 7883 7946 7799
3 8573 8595 8572
3 7349 7350 7347
3 7350 8613 7347
3 7346 7405 7348
3 8063 8612 8561
3 7045 8712 8697
3 7455 8753 7633
3 7044 7075 7043
3 7488 8699 7490
3 7039 7186 7041
3 7047 7049 7048
3 7827 7829 7828
3 7191 7553 7499
3 7947 8129 8128
3 7188 7190 7189
3 7216 8363 8088
3 7467 7541 7468
3 7876 8706 7248
3 7490 8699 7785
3 7045 7046 7044
3 7579 7958 7957
3 7047 7048 7046
3 7192 7630 7250
3 7815 7816 7813
3 7045 7047 7046
3 7956 8146 8069
3 8173 8700 7963
3 7399 7802 7397
3 7805 7808 7807
3 7346 8722 7405
3 7398 7399 7397
3 7250 7579 7248
3 7186 7505 7504
3 7803 8710 7627
3 7190 8706 7191
3 7963 8700 7790
3 7541 8696 7542
3 7042 7044 7043
3 7042 7043 7040
3 7507 7508 7506
3 7650 7684 7503
3 7508 8529 7880
3 7044 8698 7075
3 7810 7812 7809
3 7404 7409 7332
3 7661 7912 7660
3 7709 8696 7541
3 7198 8799 7196
3 7192 7248 7190
3 7116 7117 7115
3 7505 7507 7506
3 8024 8025 7916
3 7347 8613 7345
3 7248 8706 7190
3 7348 7349 7347
3 7046 8698 7044
3 7188 7192 7190
3 7809 7811 7807
3 7033 7194 7035
3 7186 7504 7041
3 7660 7664 7551
3 7036 7039 7038
3 7343 7346 7345
3 7776 7778 7777
3 7403 8575 8064
3 7630 8067 7250
3 8549 8551 8550
3 7505 7506 7504
3 476 6908 477
3 8593 8608 7804
3 7191 8706 7553
3 7542 8696 7629
3 7340 7403 7342
3 7409 8746 7332
3 7192 7250 7248
3 7501 7650 7503
3 7038 8063 7037
3 7039 8718 7186
3 7193 8583 8071
3 7529 7646 7645
3 7650 8015 8014
3 7041 7042 7040
3 8900 8906 8352
3 7661 8701 7912
3 7122 7123 7121
3 6820 8626 8624
3 7039 7041 7040
3 7627 8715 7468
3 7039 7040 7038
3 7346 7347 7345
3 8710 8715 7627
3 7398 7400 7399
3 7817 8134 7816
3 8554 8558 8557
3 8573 8597 8596
3 7343 7344 7341
3 7551 8713 7507
3 7346 7348 7347
3 8524 8578 8577
3 7461 8546 8545
3 8525 8798 7820
3 7410 7411 7409
3 7703 7709 7541
3 7339 7406 7338
3 7821 7822 7819
3 7194 8576 8066
3 7795 8701 7661
3 7036 7037 7034
3 8695 8709 7344
3 8231 8259 7709
3 7128 7129 7127
3 7805 8711 7808
3 7451 7639 7576
3 7343 7345 7344
3 7075 8705 7188
3 7507 8713 7508
3 8575 8751 7814
3 7515 7528 7513
3 7405 8711 7805
3 7467 7703 7541
3 7036 7038 7037
3 7664 8713 7551
3 7136 7137 7135
3 7130 7131 7129
3 7403 8064 7342
3 8071 8708 7031
3 7142 7143 7141
3 7650 8014 7684
3 7400 7458 7401
3 7458 7467 7401
3 8134 8174 7816
3 7760 7762 7761
3 7954 8136 7955
3 7050 7051 7048
3 7247 7565 7564
3 7074 8523 7064
3 7798 8701 7795
3 7400 7401 7399
3 7703 8231 7709
3 7484 7488 7486
3 7042 8712 7045
3 7586 7890 7700
3 7192 8705 7630
3 7038 8704 8063
3 7040 8704 7038
3 7194 8066 7035
3 8523 8524 7063
3 7827 7828 7825
3 7994 7995 7915
3 7334 7407 7336
3 6908 8658 477
3 475 8702 476
3 7052 8062 7051
3 7358 7392 7360
3 8698 8705 7075
3 7048 8707 7046
3 7487 8750 7753
3 7224 7634 7252
3 7340 8729 7403
3 7337 7340 7339
3 7059 7061 7060
3 8069 8756 8748
3 7043 8704 7040
3 7032 7193 7031
3 7823 8141 7822
3 7097 8852 7095
3 7033 8742 7194
3 7504 8712 7041
3 7833 7834 7831
3 7041 8712 7042
3 555 8626 6820
3 7051 8707 7048
3 7553 8716 7499
3 7188 8705 7192
3 7799 8614 7798
3 7753 8750 7758
3 7049 7050 7048
3 7407 8525 7879
3 7035 7036 7034
3 7587 8736 7458
3 8751 8758 8528
3 8068 8745 8707
3 7339 8709 7406
3 7342 7343 7341
3 7340 7341 7339
3 7046 8707 8698
3 7050 7053 7052
3 7412 7413 7411
3 7340 7342 7341
3 7187 8724 8704
3 7186 8719 7505
3 7880 8727 7506
3 7499 8716 7501
3 8058 8452 7017
3 7961 8459 8166
3 8615 8701 7798
3 7056 7057 7054
3 7084 8526 8065
3 8039 8589 7708
3 7337 7338 7335
3 7700 8002 7585
3 7033 7035 7034
3 7484 8732 7488
3 7030 7033 7032
3 8587 8855 7900
3 7839 7841 7840
3 7197 7198 7196
3 8712 8727 8697
3 474 6832 475
3 7511 8769 7515
3 7650 8716 8015
3 7337 7339 7338
3 7030 7031 7028
3 7680 7681 7570
3 7614 7615 7565
3 8059 8714 7055
3 7501 8716 7650
3 7227 7747 7150
3 120 8647 6824
3 8063 8724 8612
3 7033 7034 7032
3 8551 8554 8552
3 7455 7586 7585
3 7341 8709 7339
3 8565 8566 8564
3 7036 8718 7039
3 8083 8084 7637
3 7454 7463 7413
3 7343 8722 7346
3 8711 8723 7808
3 8141 8142 7822
3 7700 8127 8002
3 7586 7700 7585
3 7632 7934 7933
3 8704 8724 8063
3 7344 8709 7341
3 7634 7635 7252
3 7819 8726 7817
3 7817 8726 8134
3 8064 8722 7342
3 8614 8615 7798
3 7030 7032 7031
3 7593 8046 8045
3 8062 8728 8568
3 7546 8070 7940
3 7053 7055 7054
3 7032 8717 7193
3 7776 7777 7646
3 7035 8718 7036
3 8614 8616 8615
3 8066 8718 7035
3 7025 8721 7027
3 7504 8727 8712
3 7546 7555 7251
3 7407 7879 7336
3 7467 8736 7703
3 7404 7410 7409
3 7947 8128 7946
3 7822 8726 7819
3 7823 8749 8141
3 7027 7084 7029
3 476 8702 6908
3 7050 7052 7051
3 8525 8528 7879
3 7342 8722 7343
3 7037 8717 7034
3 7506 8727 7504
3 7034 8717 7032
3 8719 8733 7509
3 7880 8744 8727
3 7697 7740 7526
3 7334 8755 7407
3 7412 7455 7454
3 6917 8685 8684
3 8561 8737 8717
3 7488 8732 8699
3 8871 8891 8072
3 7078 7197 7196
3 7052 8735 8062
3 7403 8758 8575
3 8788 8798 8525
3 7940 7956 7555
3 7328 7408 7330
3 8580 8750 7487
3 7415 8952 8356
3 7056 7059 7058
3 172 8685 6917
3 7082 8536 7070
3 7331 7334 7333
3 7056 8714 7059
3 8070 8144 7940
3 7222 7223 7198
3 8517 8564 6817
3 7336 7337 7335
3 7936 8450 7784
3 7412 7454 7413
3 7203 7640 7011
3 7838 8826 7839
3 7946 8614 7799
3 7455 7585 7454
3 7410 7412 7411
3 8004 8736 7587
3 7829 7999 7828
3 7451 8840 7639
3 7408 8471 7882
3 7193 8737 8583
3 7019 7195 7021
3 7027 8721 7084
3 7458 8736 7467
3 8142 8726 7822
3 7084 8065 7029
3 7194 8734 8576
3 7053 7054 7052
3 7334 7336 7335
3 8727 8744 8697
3 8085 8943 8931
3 7546 7940 7555
3 7333 7404 7332
3 7029 7030 7028
3 8062 8735 8728
3 6978 6979 6976
3 7583 7643 7572
3 7564 8747 8573
3 7334 7335 7333
3 8471 8854 7826
3 6832 8702 475
3 6960 6962 6961
3 7965 7966 7908
3 7337 8729 7340
3 7740 8581 7526
3 7059 7060 7058
3 8717 8737 7193
3 7404 7881 7410
3 7252 7546 7251
3 7338 8757 8738
3 8872 8890 8073
3 7418 8817 7314
3 7999 8213 7828
3 8707 8745 8698
3 7637 8004 7587
3 7658 8031 7985
3 7027 7029 7028
3 7056 7058 7057
3 7529 7645 7528
3 7672 7915 7259
3 7331 7332 7329
3 7027 7028 7026
3 7055 7056 7054
3 7331 7333 7332
3 7753 7758 7755
3 7699 7916 7473
3 7879 8729 7336
3 7514 7891 7512
3 7024 7078 7023
3 7224 7252 7251
3 7336 8729 7337
3 7057 8735 7054
3 7022 7025 7024
3 8697 8744 7089
3 7335 8738 7333
3 7079 7205 7003
3 7697 8221 7740
3 8573 8747 8597
3 7179 8732 7484
3 7197 7224 7222
3 7197 7222 7198
3 7055 8714 7056
3 7195 7511 7510
3 7338 8738 7335
3 7328 8782 7408
3 7463 7697 7526
3 7030 8742 7033
3 8738 8757 7881
3 7408 7882 7330
3 7333 8738 7404
3 7025 8754 8721
3 7913 7944 7780
3 8002 8740 7585
3 7022 7023 7020
3 7825 8749 7823
3 7025 7027 7026
3 7454 8740 7463
3 7716 7725 7681
3 8068 8764 8745
3 7224 7251 7222
3 8698 8745 8705
3 7022 7024 7023
3 8471 8472 7882
3 7054 8735 7052
3 8663 9226 6913
3 8452 8766 7017
3 7025 7026 7024
3 7437 7442 7395
3 8734 8773 7796
3 7619 7688 7617
3 7453 7667 7666
3 8705 8745 7630
3 7492 7589 7494
3 7538 7926 7532
3 7615 7616 7565
3 8065 8742 7029
3 7029 8742 7030
3 7961 8166 8165
3 7019 8790 7195
3 8058 8584 8452
3 8729 8758 7403
3 8708 8741 7026
3 7585 8740 7454
3 7407 8788 8525
3 8730 8803 7212
3 7224 8752 7634
3 7325 7328 7327
3 7511 7513 7512
3 7195 7510 7021
3 8526 8846 7800
3 7092 7094 7093
3 7931 8487 7929
3 8745 8764 7630
3 8568 8764 8068
3 7565 8747 7564
3 8903 8904 8594
3 7835 8130 7834
3 7416 7418 7314
3 7519 8879 7523
3 7979 7980 7978
3 7327 8617 7326
3 7463 8740 7697
3 7516 8785 8568
3 7330 7331 7329
3 7067 7087 7069
3 8731 8804 7214
3 7404 8738 7881
3 7828 8749 7825
3 7513 7514 7512
3 8524 8577 7063
3 8981 8992 7446
3 7024 8741 7078
3 7406 8757 7338
3 7322 7414 7324
3 7149 8876 7147
3 7962 8802 7554
3 7412 8753 7455
3 7026 8741 7024
3 7555 8748 7251
3 8377 8869 8579
3 7328 7329 7327
3 7879 8758 8729
3 7328 7330 7329
3 8357 8826 8398
3 7414 8430 7885
3 7222 8748 7223
3 7325 7326 7323
3 7063 8577 7060
3 7359 8797 7357
3 8302 8303 7989
3 7253 8767 7597
3 7839 7840 7837
3 8528 8758 7879
3 7203 8052 7640
3 7579 8795 7958
3 7615 7617 7616
3 8455 8835 7082
3 8028 8183 7674
3 7511 7512 7510
3 7021 7022 7020
3 7205 8856 7003
3 8611 8794 7801
3 7013 7204 7015
3 8526 8773 8065
3 7645 8028 7674
3 8213 8749 7828
3 7834 8765 7831
3 7645 7674 7528
3 7623 8098 7721
3 8130 8181 7834
3 7018 8058 7017
3 7419 7420 7418
3 7325 7327 7326
3 7453 7666 7665
3 7903 8371 7611
3 7094 7096 7095
3 7881 8753 7410
3 8067 8795 7250
3 574 8538 6797
3 7410 8753 7412
3 7199 8783 7238
3 8065 8773 8734
3 7016 7019 7018
3 7961 8165 7960
3 7251 8748 7222
3 7331 8755 7334
3 7829 8765 7999
3 7204 8477 8061
3 7016 7017 7014
3 8071 8842 8814
3 7616 8747 7565
3 7630 8764 8067
3 8146 8762 8069
3 7019 7021 7020
3 8530 8794 8611
3 8450 8570 7784
3 7316 7424 7318
3 7078 8752 7197
3 8610 8812 8789
3 8568 8785 8764
3 7831 8765 7829
3 7777 8772 7646
3 7242 8422 7241
3 7172 8331 7152
3 7099 7102 7101
3 7329 8746 7327
3 8013 8415 8253
3 8605 8812 7889
3 7583 8082 7643
3 7321 7417 7320
3 7778 8138 7777
3 97 6873 96
3 7391 7717 7470
3 7327 8746 8617
3 7223 8756 7492
3 7882 8755 7330
3 7496 7696 7558
3 7019 7020 7018
3 7096 7098 7097
3 7614 8775 8693
3 8181 8765 7834
3 8430 8432 7885
3 7332 8746 7329
3 8789 8812 7633
3 7319 7322 7321
3 7016 7018 7017
3 7330 8755 7331
3 7576 7925 7701
3 7322 8796 7414
3 7637 8761 8004
3 8748 8756 7223
3 7197 8752 7224
3 7022 8754 7025
3 7394 7437 7395
3 7764 8411 8050
3 8741 8752 7078
3 534 9235 8223
3 7452 7601 7442
3 7414 7885 7324
3 8472 8798 8788
3 7851 7852 7849
3 7437 7453 7452
3 7427 7428 7426
3 7021 8754 7022
3 6972 6973 6970
3 7510 8754 7021
3 8084 8761 7637
3 7492 8756 7589
3 8138 8214 7777
3 8764 8785 8067
3 7105 7108 7107
3 8511 8901 8888
3 7701 8000 7575
3 7319 7320 7317
3 8755 8788 7407
3 7408 8815 8471
3 7523 7524 7521
3 7145 7148 7147
3 7324 7325 7323
3 7388 8586 7391
3 8753 8789 7633
3 7646 8772 7645
3 7667 7914 7668
3 7176 8818 8447
3 7421 7422 7420
3 8214 8772 7777
3 7843 7959 7841
3 7360 8801 7361
3 7757 8101 7760
3 7728 7729 7599
3 7385 7436 7383
3 7875 8242 8029
3 7111 7114 7113
3 7667 7668 7666
3 7668 7960 7666
3 7204 8061 7015
3 7652 8818 7254
3 7209 8467 7207
3 7567 8051 7724
3 7880 8806 8744
3 7010 7013 7012
3 7322 7323 7321
3 520 8535 521
3 7018 8760 8058
3 7117 7120 7119
3 7596 8036 8035
3 7847 7848 7845
3 7322 7324 7323
3 7767 8823 8475
3 8588 8861 7635
3 8071 8814 8708
3 7123 7126 7125
3 7319 7321 7320
3 7733 8218 8217
3 7668 7961 7960
3 7023 8760 7020
3 7131 7134 7133
3 7137 7140 7139
3 8865 8870 8477
3 7772 8823 7769
3 6797 8538 8505
3 7020 8760 7018
3 7453 7665 7452
3 8169 8990 7934
3 7888 8923 8408
3 7102 7104 7103
3 8610 8789 8757
3 7195 8769 7511
3 7801 8794 8482
3 8508 8791 7482
3 7150 8828 7151
3 7701 8137 8000
3 7450 7461 7422
3 8499 8928 8924
3 8547 8549 8546
3 7196 8799 8760
3 7589 8774 7494
3 7310 7415 7312
3 7882 8788 8755
3 7250 8795 7579
3 7861 8362 7859
3 8095 8169 7934
3 7451 7576 7575
3 7013 8813 7204
3 7891 8805 7512
3 7015 7016 7014
3 7576 7701 7575
3 8472 8788 7882
3 7758 8786 7755
3 7586 8820 7890
3 7325 8782 7328
3 7390 8862 8424
3 7437 7452 7442
3 7321 8763 7417
3 8460 8784 7065
3 7108 7110 7109
3 8588 8864 8861
3 7554 8802 8542
3 7370 8839 7432
3 7084 8838 8526
3 7645 8772 8028
3 7013 7014 7012
3 7494 8774 7496
3 7424 7888 7318
3 7088 8414 7893
3 8757 8789 7881
3 8026 8226 8085
3 7355 8787 7358
3 7226 7927 7156
3 7881 8789 8753
3 7899 7978 7939
3 8570 8768 7784
3 7432 7433 7372
3 8140 8228 8167
3 7239 8592 7200
3 7945 8175 7944
3 33 6925 32
3 51 6841 50
3 43 6839 42
3 41 6924 40
3 27 6835 26
3 53 6929 52
3 29 6926 28
3 31 6836 30
3 35 6837 34
3 47 6840 46
3 37 6927 36
3 55 6842 54
3 49 6923 48
3 45 6928 44
3 39 6838 38
3 50 8776 49
3 44 8779 43
3 54 8778 53
3 52 8777 51
3 40 8780 39
3 46 8781 45
3 7012 7203 7011
3 7114 7116 7115
3 7582 8135 7698
3 7784 8768 7356
3 7013 7015 7014
3 7356 8768 7353
3 7416 7419 7418
3 7268 7269 7267
3 7206 7207 7205
3 7692 7992 7991
3 7671 7968 7967
3 7120 7122 7121
3 8135 8193 7698
3 8754 8805 8721
3 7323 8763 7321
3 7387 8087 7937
3 8024 8026 8025
3 7917 8140 8139
3 7632 8095 7934
3 7126 7128 7127
3 7853 8124 7852
3 7134 7136 7135
3 7896 7899 7898
3 7326 8763 7323
3 7140 7142 7141
3 7421 7451 7450
3 7128 7130 7129
3 7623 7721 7621
3 7965 7993 7966
3 7369 8479 7368
3 7994 7996 7995
3 7142 7144 7143
3 6883 8162 8111
3 7007 7088 7009
3 7076 7167 7080
3 7657 7910 7460
3 7324 8782 7325
3 7907 7917 7909
3 7263 7692 7691
3 7755 8786 7757
3 7525 7598 7524
3 7672 7994 7915
3 7257 7671 7670
3 7510 8805 8754
3 7313 7316 7315
3 7676 7693 7544
3 7699 8024 7916
3 7885 8782 7324
3 7010 7012 7011
3 7496 8774 7696
3 8042 8518 8040
3 8058 8799 8584
3 7414 8859 8430
3 8529 8806 7880
3 7010 7011 7008
3 7582 7698 7583
3 7318 7319 7317
3 7014 8766 7012
3 7449 7924 7641
3 7005 8793 7007
3 8769 8808 7515
3 7163 8919 7159
3 8815 8854 8471
3 7364 8434 7366
3 7016 8790 7019
3 7513 8837 7514
3 7478 8739 7476
3 7067 8784 7087
3 8103 8180 7910
3 7512 8805 7510
3 8782 8815 7408
3 7421 7450 7422
3 8760 8799 8058
3 7954 8212 8136
3 8950 8953 7925
3 8828 8927 7226
3 8095 8225 8169
3 7891 8838 8805
3 7419 7421 7420
3 7451 7575 7450
3 7928 7929 7927
3 7099 8816 7102
3 7065 8784 7067
3 7392 7901 7394
3 7453 8832 7667
3 7012 8766 7203
3 7582 7583 7572
3 7461 8547 8546
3 7158 8370 8369
3 7969 7971 7970
3 8911 8926 7218
3 8205 8206 7721
3 7017 8766 7014
3 7757 8786 8101
3 8414 8418 7893
3 7889 8812 8610
3 7450 8807 7461
3 7316 8824 7424
3 7748 7749 7747
3 7674 8837 7528
3 7737 7738 7735
3 7079 7206 7205
3 7619 8809 7688
3 8046 8403 8045
3 7979 8892 7981
3 8594 8904 7914
3 7633 8820 7586
3 7944 8821 7780
3 8814 8842 7634
3 8563 8818 7652
3 8583 8842 8071
3 7480 8889 7594
3 7315 7416 7314
3 7319 8796 7322
3 8061 8790 7015
3 7316 7318 7317
3 7609 7662 7610
3 8306 8862 8033
3 7783 8864 7782
3 7514 8811 7891
3 7015 8790 7016
3 7122 8803 7123
3 8163 8164 7679
3 7225 7895 7098
3 8387 8388 6816
3 7136 8804 7137
3 7856 8929 7857
3 7254 8818 7176
3 8574 8823 7772
3 8057 8935 7100
3 7266 7267 7265
3 7145 8819 7148
3 7316 7317 7315
3 7313 7315 7314
3 7416 7911 7419
3 7769 8823 7767
3 7845 8770 7843
3 7429 7430 7428
3 7392 8787 7901
3 7105 8825 7108
3 7358 8787 7392
3 8770 8771 7959
3 7434 7435 7433
3 7443 7475 7436
3 7780 8821 7778
3 7313 7314 7311
3 7452 8800 7601
3 7546 8861 8070
3 8605 8820 8812
3 8404 8563 7652
3 7725 8297 7894
3 7310 8873 7415
3 7635 8861 7252
3 7366 8839 7367
3 8398 8923 7424
3 7240 7591 7590
3 7394 8832 7437
3 7111 8827 7114
3 8805 8838 8721
3 7005 8863 8793
3 8393 8574 7772
3 7117 8829 7120
3 7088 7893 7009
3 7439 7440 7435
3 8000 8807 7575
3 8175 8176 7944
3 7899 7939 7898
3 7575 8807 7450
3 7896 7897 7895
3 7318 8796 7319
3 7131 8830 7134
3 7885 8815 8782
3 7778 8821 8138
3 7208 7209 7207
3 6999 7210 7001
3 7898 8001 7897
3 8048 8739 7478
3 7705 8132 7590
3 7843 8770 7959
3 8752 8814 7634
3 7007 8793 7088
3 7009 7010 7008
3 7096 7225 7098
3 7098 8816 7099
3 7888 8796 7318
3 7092 7215 7094
3 7415 7902 7312
3 7231 7905 7104
3 8838 8846 8526
3 7169 7242 7241
3 8547 8553 8549
3 7437 8832 7453
3 8477 8870 7775
3 8206 8809 7721
3 8432 8815 7885
3 7482 8791 7596
3 7705 8133 8132
3 7204 8865 8477
3 7665 8800 7452
3 7570 8592 7239
3 7461 8807 8547
3 7236 8074 7144
3 8452 8833 8766
3 8741 8814 8752
3 7320 8857 8792
3 8708 8814 8741
3 8140 8167 8139
3 7317 8792 7315
3 7475 8443 7658
3 8176 8821 7944
3 7104 8825 7105
3 8159 8160 7675
3 7144 8819 7145
3 7235 7906 7110
3 7732 8499 7730
3 8583 8855 8842
3 7110 8827 7111
3 7261 8847 7562
3 7968 8413 7967
3 7917 8139 7909
3 7102 7231 7104
3 7240 7261 7209
3 7444 7456 7430
3 7992 8305 7991
3 8454 8876 8331
3 7528 8837 7513
3 7671 7967 7670
3 7116 8829 7117
3 7225 7896 7895
3 7692 7991 7691
3 7230 8073 7116
3 7215 8892 8834
3 7130 8830 7131
3 7907 7908 7906
3 7211 7212 7122
3 7210 7519 7518
3 7909 7965 7908
3 7234 8072 7130
3 7966 8867 7908
3 7213 7214 7136
3 7203 8833 8052
3 7315 8792 7416
3 7320 8792 7317
3 7304 7423 7306
3 7123 8803 7126
3 7108 7235 7110
3 7137 8804 7140
3 7004 7079 7003
3 7901 8832 7394
3 7102 8816 7231
3 7896 7898 7897
3 7257 7259 7212
3 7007 7009 7008
3 7539 7710 7571
3 7670 7672 7259
3 8098 8205 7721
3 7263 7473 7214
3 7114 7230 7116
3 7691 7699 7473
3 7120 7211 7122
3 8721 8838 7084
3 7128 7234 7130
3 7134 7213 7136
3 7591 7705 7590
3 7672 8147 7994
3 7142 7236 7144
3 7431 8272 7918
3 7699 8155 8024
3 7312 7313 7311
3 7634 8842 7635
3 7725 7894 7681
3 7002 7005 7004
3 7100 8852 7097
3 7010 8813 7013
3 7621 8809 7619
3 8812 8820 7633
3 8432 8854 8815
3 7596 8791 8036
3 7571 7582 7572
3 7425 7427 7426
3 8448 8908 8129
3 7002 7003 7000
3 7231 7919 7905
3 7227 7748 7747
3 7747 8828 7150
3 7206 7208 7207
3 7212 8803 7122
3 7730 7733 7729
3 7208 7240 7209
3 7522 7921 7520
3 8792 8857 7911
3 6928 8779 44
3 6924 8780 40
3 53 8778 6929
3 49 8776 6923
3 6841 8776 50
3 6929 8777 52
3 6840 8781 46
3 51 8777 6841
3 43 8779 6839
3 6842 8778 54
3 45 8781 6928
3 39 8780 6838
3 7391 8586 7717
3 7214 8804 7136
3 7235 7907 7906
3 7848 8770 7845
3 7387 7937 7362
3 7907 7909 7908
3 8766 8833 7203
3 7206 7218 7208
3 7309 8053 7308
3 7571 7572 7540
3 7657 8103 7910
3 7211 7257 7212
3 7750 7941 7749
3 7662 7969 7663
3 7721 8809 7621
3 7257 7670 7259
3 7213 7263 7214
3 7240 7590 7261
3 7562 8847 8410
3 7748 7751 7750
3 57 8921 56
3 7263 7691 7473
3 7307 7310 7309
3 7108 8825 7235
3 7900 8855 8583
3 7007 7008 7006
3 7310 7312 7311
3 8297 8348 7894
3 7423 8307 8055
3 7370 7432 7372
3 7226 8927 7928
3 7114 8827 7230
3 8103 8314 8180
3 7924 8075 7641
3 7972 8416 7975
3 7009 8813 7010
3 7298 7431 7300
3 7120 8829 7211
3 7893 8813 7009
3 7368 8449 7365
3 7667 8888 7914
3 7005 7006 7004
3 7858 8907 7855
3 7519 7521 7520
3 7469 8862 7390
3 8180 8831 7910
3 8593 8901 7402
3 7134 8830 7213
3 7225 8834 8720
3 7002 7004 7003
3 7562 8410 8409
3 8842 8855 7635
3 6993 7217 6995
3 7895 8816 7098
3 8418 8870 8865
3 7148 7227 7150
3 7379 7383 7380
3 7421 8840 7451
3 7005 7007 7006
3 7416 8792 7911
3 6999 8897 7210
3 7440 7600 7447
3 7539 7540 7538
3 7744 7943 7942
3 7310 7311 7309
3 7751 8105 7750
3 8834 8892 8720
3 7217 8900 8352
3 8827 8867 7230
3 7094 8834 7096
3 7807 8903 7806
3 6968 6970 6969
3 7891 8846 8838
3 7592 7593 7481
3 7304 8885 7423
3 7307 7308 7305
3 7439 8851 7440
3 8299 8849 8298
3 7539 7571 7540
3 7729 8868 7599
3 8132 8847 7590
3 7657 8104 8103
3 7434 7439 7435
3 8074 8819 7144
3 7148 8819 7227
3 7905 8825 7104
3 8025 8914 7916
3 8412 8880 7741
3 7432 7434 7433
3 7910 8851 7460
3 7995 8913 7915
3 7471 7932 7673
3 7674 8908 8837
3 7479 8853 8527
3 7906 8827 7110
3 8847 8848 8410
3 7313 8824 7316
3 7210 7518 7001
3 7521 7522 7520
3 7930 7931 7929
3 8813 8865 7204
3 7906 8867 8827
3 8073 8829 7116
3 7434 7449 7439
3 7417 8857 7320
3 7961 8904 8459
3 7654 7687 7577
3 8811 8846 7891
3 7307 7309 7308
3 7911 8840 7419
3 8072 8830 7130
3 7598 7726 7675
3 7419 8840 7421
3 7252 8861 7546
3 7312 8824 7313
3 7217 8352 8054
3 7474 7573 7466
3 7730 8499 7733
3 7726 8161 8159
3 7073 7169 7168
3 7902 8824 7312
3 7641 7657 7460
3 7531 7534 7533
3 7449 7641 7460
3 7681 8841 7570
3 7096 8834 7225
3 7971 8416 7972
3 7449 7460 7439
3 7519 7520 7518
3 7373 8479 7369
3 7309 8817 8053
3 8320 8321 8319
3 7782 8864 8588
3 7215 8834 7094
3 7311 8817 7309
3 6996 6999 6998
3 8377 8926 8911
3 7984 8077 7568
3 7748 7750 7749
3 7533 7539 7538
3 8878 8913 7234
3 7160 8909 7219
3 8881 8914 7236
3 8796 8859 7414
3 7314 8817 7311
3 8414 8956 7781
3 7423 8055 7306
3 7427 7429 7428
3 8924 8928 8121
3 8115 8262 7713
3 7909 8843 7965
3 7303 7425 7302
3 6998 8725 6997
3 7929 8982 7927
3 7672 8844 8147
3 6979 8439 6976
3 7533 7538 7532
3 7897 8883 7895
3 7699 8845 8155
3 7429 7444 7430
3 8511 8888 7901
3 8377 8911 8869
3 7670 8844 7672
3 7914 8904 7668
3 7975 8005 7976
3 8837 8908 8448
3 7893 8865 8813
3 7691 8845 7699
3 7440 8851 7600
3 7590 8847 7261
3 592 8858 593
3 7990 7997 7588
3 7460 8851 7439
3 7444 7559 7456
3 7907 8886 7917
3 7001 7002 7000
3 7853 8907 8124
3 8086 8151 7931
3 8298 8306 8033
3 8980 9208 7977
3 8139 8843 7909
3 7301 7304 7303
3 7257 8890 7671
3 7598 7675 7524
3 7263 8891 7692
3 8963 8984 8449
3 7888 8859 8796
3 7726 8159 7675
3 7481 8853 7479
3 7560 8443 7475
3 7967 8844 7670
3 7991 8845 7691
3 7868 7871 7870
3 7894 8841 7681
3 8579 8869 7006
3 7570 8841 8592
3 7006 8869 7004
3 7384 7530 7380
3 8216 8868 7729
3 6999 7000 6998
3 7379 7380 7376
3 8202 8203 8201
3 7429 7446 7444
3 8418 8865 7893
3 8117 8518 8042
3 7270 7272 7271
3 6996 6997 6994
3 7531 7532 7530
3 8010 8195 8179
3 594 6865 595
3 6999 7001 7000
3 7599 8868 7598
3 6974 6975 6973
3 7988 8149 7687
3 7071 8905 7076
3 7593 7892 7481
3 7524 8877 7521
3 8331 8876 7152
3 7158 8369 7155
3 591 6795 592
3 7692 8871 7992
3 9024 9038 8021
3 7301 7302 7299
3 7671 8872 7968
3 8124 8192 7852
3 8860 8917 7920
3 7593 8045 7892
3 7004 8869 7079
3 7603 8880 7457
3 7306 7307 7305
3 7733 8216 7729
3 6996 6998 6997
3 7219 7220 7162
3 7540 9002 8994
3 8925 8941 7639
3 7128 8878 7234
3 7126 8878 7128
3 7383 7384 7380
3 7142 8881 7236
3 7908 8867 7906
3 7531 7533 7532
3 7140 8881 7142
3 6993 8922 7217
3 8803 8878 7126
3 8804 8881 7140
3 7917 8918 8140
3 7308 8917 8860
3 8132 8848 8847
3 7304 7305 7303
3 7384 7531 7530
3 7217 8054 6995
3 7431 7918 7300
3 8160 8877 7675
3 7425 7920 7427
3 7304 7306 7305
3 6980 6981 6979
3 8730 8913 8878
3 7002 8863 7005
3 7301 7303 7302
3 8730 8878 8803
3 588 6868 589
3 8731 8914 8881
3 8731 8881 8804
3 7475 7658 7568
3 7984 8119 8077
3 7594 8889 7746
3 7733 8217 8216
3 7449 8912 7924
3 7521 8877 7522
3 7739 8106 7738
3 7423 8936 8307
3 7892 8853 7481
3 7154 7226 7156
3 7748 8875 7751
3 8825 8886 7235
3 7675 8877 7524
3 7000 8856 6998
3 6987 7083 6989
3 6992 7216 6991
3 8829 8890 7211
3 6998 8856 8725
3 7156 8909 7157
3 8830 8891 7213
3 7003 8856 7000
3 7658 7985 7984
3 7402 8901 8511
3 7152 8876 7149
3 7598 8868 7726
3 7210 8879 7519
3 7231 8883 7919
3 7307 8873 7310
3 7229 8919 7163
3 6964 6966 6965
3 8839 8912 7432
3 6982 6983 6981
3 7905 8886 8825
3 7226 7928 7927
3 7549 7990 7588
3 7806 8903 8594
3 8272 8278 7918
3 8832 8888 7667
3 8819 8875 7227
3 8073 8890 8829
3 8072 8891 8830
3 7518 8863 7001
3 8158 8244 8157
3 7928 7930 7929
3 7432 8912 7434
3 7001 8863 7002
3 7303 8860 7425
3 7658 7984 7568
3 8079 8080 6854
3 7855 8907 7853
3 8720 8892 7979
3 8074 8875 8819
3 7235 8886 7907
3 596 6930 597
3 8569 8941 7923
3 6990 6993 6992
3 7377 8987 7292
3 8023 8168 8123
3 7211 8890 7257
3 7213 8891 7263
3 8591 8941 8925
3 6990 6991 6988
3 7297 8290 7296
3 7927 8909 7156
3 8485 8948 7085
3 7206 8911 7218
3 7860 8929 7875
3 7475 7568 7436
3 7668 8904 7961
3 6995 6996 6994
3 8816 8883 7231
3 6976 8439 6975
3 6993 6995 6994
3 7305 8860 7303
3 7926 8934 7532
3 7901 8888 8832
3 7227 8875 7748
3 7308 8860 7305
3 545 8902 546
3 8183 8908 7674
3 6993 6994 6992
3 8123 8907 7858
3 7376 8882 7373
3 8055 8873 7306
3 7895 8883 8816
3 7306 8873 7307
3 7545 8096 7948
3 7076 8905 7167
3 7436 8910 7383
3 6883 8194 8162
3 7270 7271 7269
3 7921 8915 7520
3 7722 8017 7573
3 7930 8086 7931
3 7085 8948 7086
3 7689 9327 9107
3 8886 8918 7917
3 8402 8966 8463
3 8863 8915 8793
3 8869 8911 7079
3 8591 8925 8857
3 7875 8929 8243
3 7300 7301 7299
3 137 6814 136
3 8047 8996 8485
3 7425 8860 7920
3 7088 8942 8414
3 8840 8925 7639
3 7079 8911 7206
3 8569 8953 8950
3 156 6813 13
3 586 6931 587
3 8200 8201 7685
3 8879 8916 7523
3 6990 6992 6991
3 7997 8258 8187
3 9 8893 137
3 7871 7989 7872
3 8288 8906 8900
3 8582 8953 7626
3 7295 7298 7297
3 7600 8898 7447
3 7530 8882 7380
3 13 8896 155
3 7380 8882 7376
3 7905 8918 8886
3 7295 7296 7293
3 8086 8186 8151
3 7159 8919 7158
3 7773 8995 8316
3 7301 8885 7304
3 8841 8935 8057
3 8423 8988 8976
3 8316 8995 8317
3 7915 8913 8730
3 138 6932 9
3 7568 8910 7436
3 7916 8914 8731
3 7741 8880 7603
3 8857 8925 7911
3 155 6933 154
3 7545 7676 7544
3 6996 8897 6999
3 8423 8976 7218
3 8397 8993 8075
3 7576 8950 7925
3 7738 8928 7735
3 7447 8898 7549
3 7424 8923 7888
3 7966 8930 8867
3 7679 8443 7560
3 7160 7219 7162
3 7605 7706 7607
3 6795 8858 592
3 8537 9007 8082
3 7383 8910 7384
3 8077 8910 7568
3 7518 8915 8863
3 139 8894 138
3 7373 8882 8479
3 7083 7922 6989
3 7295 7297 7296
3 597 8874 598
3 7434 8912 7449
3 8336 8340 8338
3 7298 7300 7299
3 6887 8940 8373
3 6992 8884 7216
3 7644 8933 7245
3 7948 8018 7676
3 7530 8934 8882
3 6997 8884 6994
3 8882 8934 8479
3 7919 8918 7905
3 7918 8885 7300
3 7236 8931 8074
3 7245 8933 7545
3 7520 8915 7518
3 140 6831 139
3 8023 8123 7858
3 153 6852 152
3 7732 8928 8499
3 8434 8946 7366
3 7921 8942 8915
3 7298 7299 7297
3 8376 8926 8377
3 7230 8930 8073
3 8054 8897 6995
3 8053 8917 7308
3 7300 8885 7301
3 6994 8884 6992
3 8321 8322 8319
3 8397 9000 8993
3 7092 8948 7215
3 7894 8935 8841
3 6838 8955 38
3 37 8955 6927
3 6995 8897 6996
3 7297 8895 8290
3 7735 8928 7732
3 7158 8919 8370
3 8499 8924 8218
3 8025 8931 8914
3 7387 8984 8087
3 6989 6990 6988
3 7219 7260 7220
3 7857 8929 7860
3 7774 8975 8969
3 8189 9251 8241
3 7549 8898 7990
3 6984 7073 6983
3 7747 8927 8828
3 7875 8243 8242
3 6987 6989 6988
3 7545 7948 7676
3 7995 8938 8913
3 7228 7229 7163
3 7928 8954 7930
3 8121 8928 7738
3 8434 8969 8946
3 7749 8954 8927
3 9003 9016 8426
3 8073 8930 8872
3 8560 8992 8981
3 8106 8121 7738
3 8005 8007 8006
3 8308 8309 7950
3 8198 8920 8199
3 6830 8921 57
3 7302 8895 7299
3 7911 8925 8840
3 8969 8975 8075
3 7243 7644 7245
3 7938 8021 7950
3 7522 8932 7921
3 8559 8992 8548
3 7531 8945 7534
3 7948 8019 8018
3 7685 8991 7264
3 7245 7545 7544
3 7280 7282 7281
3 7299 8895 7297
3 7278 7280 7279
3 7243 7244 7242
3 7245 7544 7244
3 8927 8954 7928
3 598 8011 599
3 8915 8942 8793
3 157 8887 156
3 8867 8930 7230
3 6987 6988 6986
3 6978 6980 6979
3 7442 8975 7395
3 7282 7284 7283
3 7864 8362 7861
3 8914 8931 7236
3 8021 8308 7950
3 7294 7295 7293
3 8082 9012 8537
3 7368 8963 8449
3 7233 7474 7466
3 6952 6953 6951
3 8885 8936 7423
3 7234 8938 8072
3 7292 7294 7293
3 7966 8964 8930
3 7471 8962 7932
3 8019 8020 8018
3 8195 9095 8381
3 7073 8957 7169
3 7522 8939 8932
3 7923 8941 8591
3 7934 8988 7933
3 9007 9016 8082
3 8348 8935 7894
3 8942 8956 8414
3 6972 6974 6973
3 8912 8946 7924
3 7577 7578 7258
3 428 6846 429
3 6915 8989 485
3 486 8989 6810
3 8931 8943 8074
3 7718 8937 8327
3 8873 8952 7415
3 6990 8922 6993
3 8030 8109 7683
3 8108 8196 8020
3 8019 8108 8020
3 8910 8945 7384
3 7926 8984 8963
3 7639 8950 7576
3 6982 6984 6983
3 8072 8938 8871
3 7993 8964 7966
3 7240 8976 7591
3 7532 8934 7530
3 8560 8981 7920
3 7169 8957 7243
3 7918 8936 8885
3 6985 6987 6986
3 8948 8986 7215
3 7292 7293 7291
3 8892 8986 7981
3 8839 8946 8912
3 8759 8970 6986
3 7086 8948 7092
3 425 6876 426
3 8392 9281 9132
3 8007 8197 8008
3 7218 8976 7208
3 8569 8950 8941
3 6971 6972 6970
3 6950 6951 6947
3 6977 8089 7164
3 7545 8933 8096
3 8278 8936 7918
3 6974 6976 6975
3 8793 8942 7088
3 6945 8232 6943
3 8077 8945 8910
3 7289 7374 7287
3 8877 8939 7522
3 8930 8964 8872
3 8230 9135 8001
3 6930 8874 597
3 6980 6982 6981
3 7276 7278 7277
3 7290 7292 7291
3 8309 9006 7950
3 7284 7286 7285
3 7243 7245 7244
3 7774 8969 8434
3 7626 8953 8569
3 7922 8922 6989
3 8226 8979 8085
3 137 8893 6814
3 6989 8922 6990
3 7286 7288 7287
3 8936 8977 8307
3 7288 7290 7289
3 7995 8978 8938
3 38 8955 37
3 6813 8896 13
3 7682 7683 7472
3 8913 8938 7234
3 8160 8939 8877
3 7384 8945 7531
3 7282 7283 7281
3 8835 8958 8364
3 8074 8943 8875
3 7280 7281 7279
3 6932 8893 9
3 7290 7291 7289
3 6985 6986 6984
3 6982 6985 6984
3 155 8896 6933
3 7284 7285 7283
3 8085 8979 8943
3 7288 7289 7287
3 7366 8946 8839
3 8220 8302 7989
3 7429 8981 7446
3 7744 8235 7943
3 8875 8943 7751
3 8946 8969 7924
3 8145 9350 7962
3 8223 9238 534
3 138 8894 6932
3 7662 8102 7969
3 7938 7950 7722
3 8938 8978 8871
3 7286 7287 7285
3 7169 7243 7242
3 8112 8113 7653
3 9064 9321 8256
3 8055 8952 8873
3 7540 8994 7538
3 7943 8949 8233
3 7657 8993 8104
3 8556 9004 7446
3 6977 6978 6976
3 7996 8978 7995
3 8075 8993 7641
3 8307 8959 8055
3 7937 9003 8426
3 6831 8894 139
3 8945 8973 7534
3 7920 8981 7427
3 7892 8958 8835
3 8089 8090 7164
3 8055 8959 8952
3 7643 9002 7572
3 7474 7722 7573
3 7871 8220 7989
3 7278 7279 7277
3 8428 8966 8402
3 8994 9002 8087
3 8030 8110 8109
3 8943 8979 7751
3 158 8960 157
3 7936 9007 8450
3 7474 7938 7722
3 6977 7164 6978
3 7642 7987 7986
3 8372 8997 8884
3 6967 6968 6966
3 8149 8150 7687
3 8045 8958 7892
3 7921 8956 8942
3 156 8887 6813
3 6963 6964 6962
3 7283 7381 7281
3 6968 6971 6970
3 8210 9043 7988
3 7638 9007 8537
3 8045 8967 8958
3 7659 8983 6951
3 8515 9010 8516
3 8941 8950 7639
3 8909 8982 7219
3 8479 8963 7368
3 598 8874 8011
3 8986 8996 7981
3 8403 8967 8045
3 7219 8982 7260
3 7866 8965 7868
3 9034 9058 7613
3 8207 9256 6910
3 8439 8972 7742
3 7260 8974 7220
3 7243 8957 7644
3 7274 7276 7275
3 8485 8986 8948
3 7926 8963 8934
3 7258 8944 7228
3 7924 8969 8075
3 8932 8956 7921
3 431 6880 432
3 451 9013 6845
3 6890 9013 450
3 8469 9020 7716
3 8125 9221 8469
3 143 6864 142
3 7272 7274 7273
3 6974 6977 6976
3 452 9009 453
3 8872 8964 7968
3 8449 8984 7387
3 8124 9249 8192
3 8077 8973 8945
3 8186 9137 8151
3 7945 9049 8175
3 7395 8975 7774
3 7228 8944 7229
3 12 6854 151
3 136 8985 135
3 8264 9099 8266
3 8278 8977 8936
3 432 8947 433
3 6959 6960 6955
3 7583 9012 8082
3 8884 8997 7216
3 423 6940 424
3 7682 8030 7683
3 7220 8974 7233
3 6954 6955 6953
3 8119 8973 8077
3 7471 7673 7472
3 7591 8990 7705
3 7673 8091 7682
3 6971 7471 7221
3 8092 8094 8093
3 151 8951 150
3 7737 9028 7739
3 8866 8987 7377
3 7208 8976 7240
3 7578 8944 7258
3 7276 7277 7275
3 149 6866 148
3 7446 9004 7444
3 6971 7221 6972
3 8934 8963 8479
3 7272 7273 7271
3 7696 9015 7558
3 6836 9241 8520
3 8598 9300 6829
3 7751 8979 8105
3 7673 7682 7472
3 7427 8981 7429
3 148 8961 147
3 6803 9019 169
3 168 9019 6918
3 6967 8962 6968
3 7632 9015 8095
3 8148 9046 6881
3 159 6878 158
3 146 6867 145
3 8984 8994 8087
3 7933 8988 8423
3 147 6934 11
3 8871 8978 7992
3 485 8989 486
3 6957 7265 7264
3 7927 8982 8909
3 6964 6967 6966
3 7471 7472 7221
3 7643 9016 9003
3 7215 8986 8892
3 7277 7386 7275
3 6968 8962 6971
3 7868 8965 7871
3 7934 8990 8988
3 8548 8992 8560
3 7647 7983 7982
3 8200 8202 8201
3 8202 8204 8203
3 7577 8971 7578
3 6949 6957 6956
3 7233 8974 7474
3 6986 8970 6984
3 8235 8949 7943
3 6972 8968 6974
3 7925 9025 7701
3 8487 9038 9024
3 6984 8970 7073
3 7687 8971 7577
3 6814 8985 136
3 7474 8974 7938
3 7641 8993 7657
3 157 8960 8887
3 8485 8996 8986
3 7538 8994 7926
3 8201 8991 7685
3 7274 7275 7273
3 8996 8999 7981
3 6946 6949 6948
3 7647 8998 7983
3 8088 9022 8759
3 8363 9037 8088
3 7742 8972 7744
3 6977 8968 8089
3 7216 8997 8363
3 6961 9128 8325
3 6952 6954 6953
3 7073 8970 8957
3 8094 8157 8156
3 7981 8999 7980
3 7601 9000 8397
3 7871 8965 8220
3 6934 7951 6944
3 6971 8962 7471
3 8150 8971 7687
3 7940 9032 7956
3 8614 9033 8616
3 8128 9033 7946
3 7744 8972 8235
3 504 9035 6916
3 6806 9035 503
3 8320 9122 8321
3 6950 6952 6951
3 7642 9017 7987
3 6959 9001 6960
3 8988 8990 7591
3 7269 7462 7267
3 7221 8968 6972
3 8507 9041 7534
3 7813 9036 7812
3 8174 9036 7816
3 8007 8223 8197
3 7572 9002 7540
3 6960 6963 6962
3 135 6939 134
3 165 9039 164
3 7643 9003 9002
3 7938 9024 8021
3 6974 8968 6977
3 7629 9042 8605
3 8087 9003 7937
3 8151 9038 7931
3 8450 9007 7638
3 7926 8994 8984
3 6821 9212 8635
3 8426 9016 7936
3 7539 9041 7710
3 7706 9029 7607
3 6954 6959 6955
3 7273 7438 7271
3 7164 9026 6978
3 8820 9042 7890
3 7444 9004 7559
3 8226 9333 6844
3 8113 9001 7653
3 7534 9041 7533
3 7864 9319 8362
3 6982 9021 6985
3 6954 7642 6959
3 6880 8947 432
3 6906 9010 8515
3 8157 8222 8156
3 6845 9009 452
3 7986 8112 7653
3 7265 7647 7264
3 6878 8960 158
3 7647 7685 7264
3 7950 9006 7722
3 7948 9034 8019
3 6957 7264 6956
3 6934 6943 11
3 8094 8156 8093
3 8419 9031 7291
3 7698 9012 7583
3 6854 8951 151
3 450 9013 451
3 7698 9014 9012
3 7642 7653 6959
3 7986 8143 8112
3 7982 8200 7685
3 8193 9014 7698
3 7642 7986 7653
3 8080 8951 6854
3 9120 9128 6961
3 6950 6958 6952
3 7683 9027 7472
3 6949 6956 6948
3 6960 9001 6963
3 7722 9006 8017
3 523 9052 524
3 8759 9022 8970
3 8088 9037 9022
3 6948 6950 6947
3 8363 9044 9037
3 7291 9031 7289
3 7558 9015 7632
3 8082 9016 7643
3 6946 6947 6945
3 6866 8961 148
3 8079 8122 8080
3 9028 9092 7739
3 140 9046 6831
3 7682 9023 8030
3 7690 9053 7689
3 6827 9051 107
3 106 9051 6904
3 7647 7982 7685
3 147 8961 6934
3 8295 9085 6869
3 7653 9001 6959
3 6944 6945 6943
3 7716 9020 8022
3 169 9019 168
3 6881 9046 141
3 8131 9069 8027
3 6927 9050 36
3 35 9050 6837
3 6946 6948 6947
3 9002 9003 8087
3 8970 9022 8957
3 6944 6946 6945
3 7267 8998 7265
3 9092 9110 7739
3 8196 9260 6815
3 8294 9083 6882
3 8093 8148 6881
3 8487 9024 7260
3 8203 9059 8201
3 8000 9212 8637
3 7271 9005 7269
3 8498 9071 7941
3 6934 6944 6943
3 6980 9021 6982
3 8092 8093 6881
3 8112 9199 8113
3 7701 9025 8137
3 8251 9065 7949
3 135 8985 6939
3 7904 9044 8363
3 7949 9028 7737
3 7265 8998 7647
3 7673 9040 8091
3 8091 9023 7682
3 6978 9026 6980
3 6946 9008 6949
3 8174 9273 8674
3 6856 9030 8521
3 7386 9011 7275
3 7221 9027 8968
3 8968 9027 8089
3 6858 9047 130
3 7607 9029 7609
3 9034 9068 8019
3 8437 9060 198
3 7683 9045 9027
3 7275 9011 7273
3 6934 8961 7951
3 7951 9008 6944
3 8109 9045 7683
3 7260 9024 8974
3 7462 8998 7267
3 8957 9022 7644
3 6923 9329 8317
3 7612 9058 7904
3 197 9060 6833
3 8293 9303 9277
3 8144 9032 7940
3 7946 9033 8614
3 6980 9026 9021
3 8217 9322 6859
3 7589 9057 8774
3 7472 9027 7221
3 8096 9034 7948
3 503 9035 504
3 7269 9005 7462
3 7816 9036 7813
3 7289 9031 7374
3 8409 9068 7613
3 9022 9037 7644
3 9053 9314 9227
3 6902 9247 8225
3 7580 9064 7584
3 7438 9005 7271
3 8602 9239 9126
3 7644 9037 8933
3 8974 9024 7938
3 7931 9038 8487
3 7273 9011 7438
3 8240 9345 8237
3 7849 9063 7848
3 6944 9008 6946
3 6950 9018 6958
3 8078 8079 6854
3 8605 9042 8820
3 7533 9041 7539
3 8158 9123 8246
3 7164 9065 9026
3 8177 9207 6916
3 8677 9067 8678
3 8665 9067 6809
3 6804 9039 165
3 6952 9017 6954
3 8192 9063 7852
3 7975 9056 8005
3 7932 9040 7673
3 7941 9071 8954
3 6948 9018 6950
3 9027 9045 8089
3 6954 9017 7642
3 8154 9329 8776
3 8991 9018 6956
3 7662 9055 8102
3 8621 9156 8410
3 8248 9091 8249
3 7951 9062 8275
3 9107 9327 8162
3 8078 9295 9142
3 8304 9095 7874
3 7965 9070 7993
3 6958 9017 6952
3 8118 9072 8117
3 6956 9018 6948
3 8346 9066 7285
3 8239 9320 8444
3 8443 9074 8031
3 6888 9170 8491
3 12 8078 6854
3 8410 9156 8409
3 7988 9043 8149
3 9037 9044 8933
3 6936 9075 59
3 8191 9217 6911
3 58 9075 6830
3 8134 9273 8174
3 8325 9133 7659
3 8689 9080 6919
3 7835 9076 8130
3 7840 9076 7837
3 8444 9244 8239
3 141 9046 140
3 6812 9259 9101
3 7613 9068 9034
3 8078 8081 8079
3 8849 9113 6868
3 9106 9252 8204
3 8322 9072 8319
3 8164 9074 7679
3 8089 9045 8090
3 8666 9217 8531
3 8933 9044 8096
3 8299 9113 8849
3 9018 9059 6958
3 8130 9234 8181
3 8160 9049 8939
3 7285 9066 7283
3 7930 9071 8086
3 8780 9317 9177
3 8076 9081 7876
3 6870 9052 523
3 8706 9081 7553
3 8181 9080 8765
3 7904 9058 9044
3 7629 9111 9042
3 36 9050 35
3 8778 9178 9020
3 7739 9110 8106
3 528 9106 6872
3 107 9051 106
3 9029 9055 7609
3 8628 9325 8002
3 8196 9047 8020
3 8615 9294 8678
3 8772 9077 8028
3 8939 9049 7945
3 8330 9053 7690
3 9133 9147 7659
3 422 9078 423
3 8973 9348 8507
3 433 9079 434
3 9026 9065 8251
3 8221 9325 8628
3 8518 9276 8519
3 590 9089 591
3 8683 9192 7959
3 8558 9132 8557
3 8549 9090 8551
3 9126 9264 8602
3 6884 9345 8240
3 8385 9055 9029
3 9001 9048 6963
3 8669 9112 8671
3 7574 9114 7272
3 8858 9088 593
3 8637 9212 6821
3 594 9088 6865
3 7582 9094 8135
3 8183 9087 8908
3 8191 9297 6810
3 7986 9061 8143
3 7710 9094 7571
3 9044 9058 8096
3 7274 9114 8421
3 8135 9250 8193
3 8991 9059 9018
3 7848 9096 8770
3 145 9091 144
3 8553 9299 8637
3 8113 9048 9001
3 7874 9095 8010
3 8601 9342 7688
3 8531 9217 8172
3 8416 9056 7975
3 152 9295 12
3 6812 9101 479
3 480 9101 6910
3 6830 9104 8921
3 427 9099 428
3 8150 9222 8355
3 6846 9149 8361
3 8092 9123 8094
3 7609 9055 7662
3 8951 9084 150
3 149 9084 6866
3 7689 9107 7592
3 9064 9211 7584
3 6896 9144 8259
3 6831 9301 8227
3 7593 9107 8046
3 6860 9108 8675
3 8762 9057 7589
3 8726 9109 8134
3 8349 9103 7279
3 9042 9111 8634
3 8603 9105 8596
3 7959 9334 8683
3 8619 9100 6798
3 8260 9111 8696
3 9128 9133 8325
3 8662 9256 9121
3 9052 9225 524
3 6969 9117 6966
3 7984 9082 8119
3 7 9097 124
3 8899 9308 8438
3 8492 9116 6848
3 8361 9149 8114
3 9081 9344 7553
3 198 9060 197
3 8309 9280 439
3 589 9113 590
3 7811 9112 8459
3 461 9116 6891
3 6848 9116 460
3 9199 9347 8113
3 8102 9102 7969
3 7536 9119 7537
3 9241 9242 8589
3 9056 9130 8005
3 8362 9161 8023
3 8182 9121 8606
3 8596 9105 8595
3 7279 9103 7277
3 7987 9061 7986
3 8126 9248 8210
3 8324 9191 8100
3 8622 9115 6895
3 8478 9131 8125
3 7852 9063 7849
3 6844 9169 8494
3 7707 9064 7580
3 8521 9125 6922
3 8115 9149 8264
3 7659 9147 8983
3 547 9127 6822
3 8027 9069 8359
3 8160 9098 9049
3 7890 9129 7700
3 7605 9119 7706
3 8902 9127 546
3 8266 9248 8265
3 6809 9067 8677
3 8182 9283 8679
3 8086 9175 8186
3 8001 9135 7897
3 6900 9093 8642
3 7962 9134 8802
3 441 9137 442
3 8090 9065 7164
3 8019 9068 8108
3 8213 9136 8749
3 7985 9082 7984
3 7283 9066 7381
3 6866 9062 8961
3 8203 9073 9059
3 6899 9141 8626
3 7983 9083 7982
3 8771 9219 6803
3 6839 9140 42
3 41 9140 6924
3 9049 9098 8177
3 8843 9070 7965
3 8507 9348 8506
3 8703 9145 8702
3 565 9144 6896
3 6819 9144 564
3 6908 9145 8659
3 8096 9058 9034
3 125 9146 7
3 8907 9138 8124
3 7956 9173 8146
3 8194 9236 8046
3 8630 9090 6897
3 8319 9072 8118
3 8201 9059 8991
3 8883 9135 7919
3 8143 9225 9052
3 9091 9232 144
3 6922 9150 473
3 474 9150 6832
3 8954 9071 7930
3 8660 9332 8562
3 6808 9185 8616
3 8228 9158 8230
3 6849 9151 464
3 465 9151 6889
3 12 9295 8078
3 8117 9276 8518
3 7679 9074 8443
3 7762 9152 7954
3 6827 9204 9051
3 8009 9171 8211
3 202 9163 6937
3 8147 9153 7994
3 6933 9148 154
3 8438 9308 8437
3 153 9148 6852
3 8256 9157 6925
3 6880 9069 8947
3 8140 9158 8228
3 59 9075 58
3 7837 9076 7835
3 9017 9073 7987
3 8961 9062 7951
3 31 9157 6836
3 6925 9157 32
3 8321 9284 8322
3 8214 9077 8772
3 8639 9093 6900
3 8193 9100 9014
3 8951 9159 9084
3 8405 9177 8313
3 8700 9165 8152
3 7783 9164 8864
3 512 9174 6796
3 8667 9077 6909
3 447 9169 6844
3 6893 9169 446
3 8070 9164 8144
3 8947 9079 433
3 6882 9083 8296
3 423 9078 6940
3 8007 9130 8223
3 9101 9259 8209
3 6844 9333 8493
3 8765 9080 7999
3 7876 9081 8706
3 7919 9158 8918
3 6884 9303 8292
3 6861 9082 8436
3 8165 9108 7960
3 150 9084 149
3 8413 9170 7967
3 8255 9211 9064
3 8296 9085 8295
3 8099 9191 8269
3 8940 9155 8106
3 8671 9181 8670
3 8353 9187 6853
3 6958 9073 9017
3 8229 9210 6889
3 8258 9245 6937
3 425 9160 6876
3 583 9255 19
3 9073 9118 7987
3 8643 9344 9081
3 19 9255 584
3 9079 9195 6941
3 6914 9185 493
3 494 9185 6808
3 6935 9086 8396
3 6863 9130 9056
3 20 9257 1
3 9020 9178 8022
3 47 9186 6840
3 6923 9186 48
3 7990 9183 7997
3 525 9225 6874
3 8034 9201 8299
3 9039 9279 164
3 7959 9192 7841
3 6940 9160 424
3 8155 9190 8024
3 6888 9310 9170
3 1 9257 422
3 8908 9087 8129
3 8203 9118 9073
3 8308 9162 6855
3 8137 9278 8635
3 18 9261 435
3 7660 9196 7664
3 8368 9255 6942
3 8786 9332 8659
3 6823 9097 8456
3 7865 9208 7864
3 8079 9154 8122
3 124 9097 6823
3 6874 9252 526
3 593 9088 594
3 8277 9159 8276
3 8176 9197 8821
3 8896 9171 6933
3 9051 9204 8170
3 8415 9211 8253
3 591 9089 6795
3 8172 9217 8191
3 8553 9090 8549
3 6964 9182 6967
3 8633 9253 6819
3 8109 9110 9092
3 434 9261 18
3 6930 9288 8324
3 8386 9268 8387
3 8771 9334 7959
3 8151 9162 9038
3 9014 9100 8084
3 8464 9317 6924
3 9059 9073 6958
3 8966 9168 8463
3 8668 9206 8669
3 506 9207 6805
3 6916 9207 505
3 6889 9210 466
3 467 9210 6850
3 8015 9093 8014
3 8090 9092 9028
3 7557 9251 8422
3 97 9209 6873
3 6879 9240 8366
3 6855 9280 8308
3 8002 9218 8628
3 7571 9094 7582
3 8403 9236 8098
3 8652 9213 6826
3 6937 9163 9054
3 6906 9258 8314
3 8776 9329 6923
3 507 9215 508
3 8021 9162 8308
3 6867 9091 145
3 533 9235 534
3 8506 9228 8481
3 8238 9237 8241
3 6928 9168 8966
3 8010 9095 8195
3 8168 9279 9039
3 8770 9096 8771
3 8012 9176 8406
3 8456 9097 8133
3 7783 9304 8652
3 8396 9343 9078
3 8429 9270 8428
3 6937 9245 201
3 8111 9227 2
3 9023 9198 8030
3 9015 9282 8095
3 163 9279 6862
3 200 9245 6875
3 7960 9224 7666
3 2 9227 55
3 6802 9234 8686
3 8109 9092 9045
3 8520 9241 8378
3 9054 9163 8011
3 6870 9199 9052
3 9045 9092 8090
3 6873 9305 9264
3 8378 9241 8039
3 440 9280 6855
3 6912 9250 8539
3 6823 9247 123
3 122 9247 6902
3 509 9143 6859
3 6833 9258 196
3 8131 9195 9069
3 534 9238 535
3 8225 9282 6902
3 11 9216 146
3 8206 9239 8809
3 24 9284 6871
3 8619 9254 9100
3 6859 9143 8822
3 195 9258 6906
3 8159 9098 8160
3 8276 9189 7574
3 9086 9343 8396
3 8361 9246 6846
3 7958 9262 7957
3 7740 9263 8581
3 6859 9322 510
3 8380 9275 8081
3 6828 9350 8638
3 7760 9267 7762
3 8317 9329 8153
3 8595 9105 8604
3 8716 9344 8015
3 8689 9229 9080
3 7688 9342 7617
3 8413 9271 8492
3 9077 9214 8028
3 442 9309 443
3 8682 9334 6803
3 7809 9337 7811
3 9043 9086 8149
3 6901 9105 8603
3 8648 9282 9015
3 8649 9291 6903
3 8305 9172 7991
3 8562 9332 7758
3 479 9101 480
3 428 9099 6846
3 6810 9297 487
3 488 9297 6911
3 8653 9302 6905
3 6887 9155 8940
3 7456 9281 7536
3 6829 9300 99
3 7968 9271 8413
3 7697 9325 8221
3 7684 9304 7783
3 8002 9325 8740
3 8150 9122 8971
3 8547 9299 8553
3 9126 9239 8206
3 7953 9251 8189
3 6858 9184 9047
3 8167 9292 8139
3 8000 9299 8807
3 8018 9277 7676
3 7969 9102 7971
3 8104 9313 8103
3 6865 9288 595
3 6846 9246 429
3 8639 9213 9093
3 15 9266 203
3 596 9288 6930
3 8921 9104 8194
3 8624 9141 8625
3 9047 9184 8020
3 8136 9316 8999
3 599 9266 15
3 6943 9216 11
3 143 9232 6864
3 8311 9312 8310
3 8204 9118 8203
3 9048 9182 6963
3 7592 9107 7593
3 7277 9103 7386
3 8567 9108 6860
3 6967 9230 8962
3 527 9106 528
3 8142 9109 8726
3 9009 9172 8305
3 7993 9271 8964
3 9010 9313 8104
3 9006 9166 8017
3 6839 9270 9140
3 8110 9110 8109
3 508 9143 509
3 8248 9232 9091
3 8696 9111 7629
3 142 9290 10
3 9084 9159 8277
3 9159 9189 8276
3 7601 9167 9000
3 10 9290 8092
3 9175 9309 8186
3 8971 9122 8320
3 8459 9112 8166
3 8211 9202 8312
3 8623 9115 8622
3 6868 9113 589
3 8294 9231 9083
3 8761 9179 8004
3 6877 9166 9006
3 8223 9235 8197
3 6915 9165 8989
3 6814 9237 8985
3 3 9306 8457
3 9082 9228 8119
3 8774 9193 7696
3 96 9306 3
3 8656 9134 8657
3 8221 9115 7740
3 8094 9123 8158
3 8360 9246 8361
3 460 9116 461
3 8249 9147 9133
3 7272 9114 7274
3 6966 9117 6965
3 9093 9213 8014
3 8138 9336 8214
3 6893 9243 9169
3 7537 9119 7605
3 8310 9124 7977
3 6875 9183 8438
3 8606 9121 8016
3 586 9205 6931
3 8989 9165 8173
3 6932 9331 9315
3 8245 9120 8244
3 8147 9310 8490
3 8299 9201 9089
3 8382 9155 6887
3 9164 9302 8144
3 8671 9337 9181
3 9046 9301 6831
3 9116 9200 6891
3 9090 9233 8551
3 8654 9173 6825
3 8457 9126 6936
3 6853 9187 8340
3 8504 9194 8507
3 9315 9331 8219
3 8245 9128 9120
3 9119 9268 7706
3 546 9127 547
3 8227 9349 6831
3 8659 9332 8660
3 8678 9294 6914
3 8557 9132 7559
3 7700 9129 8127
3 8247 9128 8245
3 8848 9274 6894
3 9176 9323 8406
3 8998 9346 7983
3 7977 9124 8980
3 8367 9139 8368
3 8368 9205 585
3 8383 9339 9203
3 8154 9131 8478
3 9157 9242 6836
3 8353 9340 9187
3 8802 9134 7958
3 6855 9137 441
3 8249 9133 8247
3 8625 9141 9025
3 7897 9135 8883
3 8505 9324 9194
3 8703 9267 9145
3 8749 9136 8141
3 9233 9352 8554
3 8005 9130 8007
3 8667 9214 9077
3 8517 9167 8800
3 42 9140 41
3 9069 9195 8947
3 8247 9133 9128
3 8123 9138 8907
3 8626 9141 8624
3 9030 9125 8521
3 8127 9272 8629
3 6867 9216 8232
3 6825 9173 9032
3 8800 9167 7601
3 6885 9203 8385
3 8983 9147 8232
3 6861 9228 9082
3 8822 9143 8161
3 8114 9149 8115
3 564 9144 565
3 8017 9166 8131
3 8702 9145 6908
3 6894 9146 125
3 154 9148 153
3 9100 9254 8084
3 9080 9229 7999
3 8507 9194 9041
3 9057 9193 8774
3 8497 9243 6893
3 9087 9226 8129
3 6872 9231 8294
3 6862 9161 8287
3 473 9150 474
3 6924 9317 8780
3 9196 9330 7664
3 8137 9212 8000
3 9167 9307 9000
3 464 9151 465
3 7954 9152 8212
3 6842 9178 8778
3 7994 9153 7996
3 8409 9156 9068
3 6800 9351 9229
3 7987 9118 9061
3 9203 9339 8102
3 6822 9352 9233
3 8533 9188 8001
3 9086 9222 8149
3 9173 9291 8146
3 8463 9168 8107
3 8684 9192 8683
3 6935 9222 9086
3 9194 9324 7710
3 8098 9236 9104
3 8665 9196 9067
3 8106 9155 8121
3 8311 9202 8887
3 8237 9345 8236
3 7991 9172 8845
3 6910 9256 8662
3 8252 9176 8012
3 8684 9318 9192
3 32 9157 31
3 8918 9158 8140
3 8494 9243 8105
3 6843 9175 8498
3 8301 9166 6877
3 8152 9283 8182
3 8383 9203 6885
3 9229 9351 8213
3 8505 9194 8504
3 8761 9254 8618
3 527 9252 9106
3 424 9160 425
3 8219 9331 8233
3 9165 9283 8152
3 8022 9178 8330
3 8081 9154 8079
3 9019 9219 8681
3 8023 9161 8168
3 8308 9280 8309
3 8635 9278 6899
3 8534 9220 6856
3 9048 9347 8337
3 9193 9328 7696
3 203 9163 202
3 8312 9202 8311
3 8173 9165 8700
3 8108 9260 8196
3 9068 9156 8108
3 8864 9164 8070
3 8516 9167 8517
3 8488 9287 6847
3 9083 9231 7982
3 6911 9217 8666
3 9125 9316 8136
3 9195 9311 6941
3 8781 9168 6928
3 446 9169 447
3 8178 9171 8009
3 8858 9286 8270
3 8385 9203 9055
3 8602 9305 8601
3 8265 9248 8126
3 9102 9265 7971
3 6899 9278 9141
3 8127 9218 8002
3 7967 9170 8844
3 8630 9233 9090
3 8645 9193 9057
3 9071 9175 8086
3 8340 9187 9040
3 9036 9181 7812
3 8271 9201 8034
3 9264 9305 8602
3 9032 9173 7956
3 8133 9274 8132
3 8490 9310 6888
3 511 9174 512
3 8004 9179 8394
3 8080 9159 8951
3 8313 9177 8097
3 6927 9176 9050
3 9121 9256 8016
3 8492 9200 9116
3 8519 9276 6835
3 9038 9162 8021
3 8670 9181 8673
3 8531 9330 8666
3 6850 9188 8533
3 9050 9176 8252
3 8080 9189 9159
3 8293 9184 6858
3 9192 9318 7840
3 6914 9294 9185
3 6845 9172 9009
3 9140 9270 8465
3 8020 9184 8018
3 8604 9223 8145
3 7997 9183 8258
3 6902 9282 8648
3 6963 9182 6964
3 8382 9285 9155
3 585 9205 586
3 493 9185 494
3 48 9186 47
3 6898 9272 8632
3 8601 9305 8600
3 8551 9233 8554
3 8100 9191 8099
3 8562 9259 8660
3 8024 9190 8026
3 8315 9308 8899
3 7996 9287 8489
3 7841 9192 7840
3 8314 9313 6906
3 9172 9293 8845
3 8673 9181 9036
3 9139 9335 8164
3 8646 9193 8645
3 9067 9196 7912
3 8028 9214 8183
3 9136 9296 8141
3 8236 9345 6884
3 6842 9314 9178
3 8367 9335 9139
3 9040 9187 8091
3 8391 9268 9119
3 7664 9330 8531
3 8335 9199 6870
3 8122 9189 8080
3 9041 9194 7710
3 6927 9323 9176
3 7912 9196 7660
3 8821 9197 8138
3 8092 9290 9123
3 8170 9204 8076
3 8030 9198 8110
3 9168 9298 8107
3 6800 9229 8689
3 9070 9200 7993
3 8516 9307 9167
3 8113 9347 9048
3 8224 9326 8148
3 8681 9219 9096
3 6819 9253 9144
3 7584 9211 8415
3 6845 9293 9172
3 9132 9281 7559
3 9201 9286 6795
3 8641 9204 6827
3 8506 9348 9228
3 8355 9222 6935
3 9155 9285 8121
3 8629 9272 6898
3 6906 9313 9010
3 8887 9202 6813
3 8498 9175 9071
3 7983 9346 9180
3 6907 9206 8668
3 8651 9302 9164
3 7977 9208 7865
3 505 9207 506
3 9055 9203 8102
3 98 9209 97
3 8781 9298 9168
3 466 9210 467
3 7707 9321 9064
3 8232 9216 6943
3 7693 9244 8444
3 9181 9337 7812
3 8373 9338 6851
3 9131 9221 8125
3 8354 9340 8353
3 9178 9314 8330
3 6826 9213 8639
3 9145 9267 8101
3 9105 9223 8604
3 8271 9286 9201
3 9170 9310 8844
3 7688 9239 8602
3 511 9322 9174
3 6807 9214 8667
3 9177 9317 8097
3 6805 9215 507
3 9169 9243 8494
3 8132 9274 8848
3 9187 9340 8091
3 6803 9219 9019
3 8652 9304 9213
3 6901 9223 9105
3 8661 9336 6806
3 8335 9347 9199
3 8110 9338 8940
3 8985 9237 8238
3 8680 9249 6804
3 9190 9333 8026
3 8618 9254 8619
3 146 9216 6867
3 8646 9328 9193
3 6843 9309 9175
3 8777 9221 6841
3 8256 9242 9157
3 9208 9319 7864
3 8638 9223 6901
3 8046 9236 8403
3 8940 9338 8373
3 6869 9235 533
3 524 9225 525
3 7666 9224 7665
3 8481 9228 6861
3 535 9238 6863
3 8129 9226 8128
3 8149 9222 8150
3 9204 9341 8076
3 55 9227 6842
3 8962 9230 7932
3 8674 9273 6799
3 9166 9311 8131
3 7999 9229 8213
3 435 9261 6941
3 6822 9233 8630
3 144 9232 143
3 8924 9285 6796
3 8406 9323 8405
3 7696 9328 9015
3 8489 9287 8488
3 8687 9234 6802
3 6878 9312 8960
3 6941 9311 8301
3 8435 9240 6879
3 6796 9285 8382
3 8444 9320 7557
3 9023 9340 8354
3 98 9300 9209
3 8641 9341 9204
3 8396 9257 20
3 8039 9241 8589
3 8809 9239 7688
3 9138 9249 8124
3 8422 9251 7953
3 6856 9220 9030
3 8405 9323 8955
3 8947 9195 9079
3 201 9245 200
3 123 9247 122
3 6891 9200 9070
3 429 9246 430
3 7982 9231 8200
3 9163 9266 8011
3 8107 9298 8995
3 9060 9308 8315
3 526 9252 527
3 6942 9255 583
3 9089 9201 6795
3 8691 9250 6912
3 9130 9238 8223
3 9015 9328 8648
3 8209 9259 8562
3 8259 9253 8260
3 8387 9268 8391
3 8465 9270 8429
3 8233 9349 8227
3 6815 9260 8621
3 6847 9287 9153
3 8084 9254 8761
3 8270 9286 8271
3 8894 9331 6932
3 8016 9256 8207
3 196 9258 195
3 8660 9259 6812
3 8589 9321 7707
3 7957 9262 8170
3 8581 9263 8582
3 9000 9307 8104
3 9109 9273 8134
3 8287 9319 8286
3 8920 9346 7462
3 8104 9307 9010
3 8164 9335 9074
3 8101 9267 7760
3 9146 9274 8133
3 8163 9269 8164
3 8162 9327 8111
3 7971 9265 8416
3 8665 9330 9196
3 8189 9289 8120
3 8301 9311 9166
3 8011 9266 599
3 9141 9278 9025
3 9072 9276 8117
3 164 9279 163
3 422 9257 9078
3 439 9280 440
3 8120 9315 8219
3 8845 9293 8155
3 7676 9277 7693
3 8679 9283 6915
3 8095 9282 8225
3 8995 9298 6840
3 7559 9281 7456
3 25 9284 24
3 6915 9283 9165
3 6835 9276 9072
3 9079 9261 434
3 8632 9272 9129
3 8964 9271 7968
3 8076 9341 9081
3 8292 9303 8293
3 595 9288 596
3 8437 9308 9060
3 6903 9291 8654
3 6873 9306 96
3 6834 9339 8383
3 9013 9293 6845
3 6852 9295 152
3 8121 9285 8924
3 6795 9286 8858
3 8616 9294 8615
3 8139 9292 8843
3 487 9297 488
3 8141 9296 8142
3 9127 9352 6822
3 8686 9318 8684
3 8337 9347 8335
3 8213 9351 9136
3 99 9300 98
3 8807 9299 8547
3 6905 9302 8651
3 6840 9298 8781
3 9010 9307 8516
3 8014 9304 7684
3 443 9309 6843
3 8893 9289 6814
3 7840 9318 9076
3 7710 9324 9094
3 7980 9316 9030
3 8097 9317 8464
3 8844 9310 8147
3 8103 9313 8314
3 8155 9293 9013
3 9096 9219 8771
3 8366 9335 8367
3 9156 9260 8108
3 510 9322 511
3 8539 9324 8505
3 9053 9327 7689
3 6864 9290 142
3 8153 9329 8154
3 8955 9323 6927
3 8740 9325 7697
3 8648 9328 8646
3 8666 9330 8665
3 8683 9334 8682
3 7758 9332 8786
3 8241 9320 8239
3 8026 9333 8226
3 8654 9291 9173
3 7812 9337 7809
3 8893 9315 9289
3 9025 9278 8137
3 8554 9352 8558
3 8643 9341 8641
3 7617 9342 7616
3 7553 9344 8716
3 8657 9350 6828
3 8688 9351 6800
3 9264 9306 6873
3 6932 9315 8893
3 9289 9315 8120
3 8999 9316 7980
3 8102 9339 9102
3 6831 9349 8894
3 8111 9327 9053
3 8119 9348 8973
3 9123 9290 6864
3 6940 9343 9043
3 8148 9301 9046
3 9139 9205 8368
3 8091 9340 9023
3 9142 9295 6852
3 8621 9260 9156
3 9144 9253 8259
3 7462 9346 8998
3 6941 9261 9079
3 9074 9335 8366
3 9185 9294 8616
3 9124 9312 6878
3 9078 9257 8396
3 8330 9314 9053
3 9104 9236 8194
3 8081 9275 9154
3 6841 9221 9131
3 8164 9269 9139
3 6804 9249 9138
3 9076 9318 8686
3 6863 9238 9130
3 9081 9341 8643
3 6799 9273 9109
3 8148 9326 9301
3 9043 9343 9086
3 6851 9338 9198
3 8457 9264 9126
3 6806 9336 9197
3 9030 9316 9125
3 9078 9343 6940
3 9094 9324 8539
3 9129 9272 8127
3 6894 9274 9146
3 9102 9339 6834
3 203 9266 9163
3 8310 9312 9124
3 9153 9287 7996
3 9180 9346 8920
3 8558 9352 9127
3 8894 9349 9331
3 9331 9349 8233
3 9228 9348 8119
3 9213 9304 8014
3 9136 9351 8688
3 8286 9319 9208
3 9242 9321 8589
3 8131 9311 9195
3 9227 9314 6842
3 9197 9336 8138
3 9198 9338 8110
3 8256 9321 9242
3 8457 9306 9264
1 17 18 386 387 388 389 390 391 392 393 394 395 396 397 398 399 400 401 402 403 404 405 406 407 408 409 410 411 412 413 414 415 416 417 418 419 420 421 422 423 424 425 426 427 428 429 430 431 432 433 434
15 16 19 204 205 206 207 208 209 210 211 212 213 214 215 216 217 218 219 220 221 222 223 224 225 226 227 228 229 230 231 232 233 234 235 236 584 585 586 587 588 589 590 591 592 593 594 595 596 597 598 599
16 17 237 238 239 240 241 242 243 244 245 246 247 248 249 250 251 252 253 254 255 256 257 258 259 260 261 262 263 264 265 266 267 268 269 270 271 272 273 274 275 276 277 278 279 280 281 282 283 284 285 286 287 288 289 290 291 292 293 294 295 296 297 298 299 300 301 302 303 304 305 306 307 308 309 310 311 312 313 314 315 316 317 318 319 320 321 322 323 324 325 326 327 328 329 330 331 332 333 334 335 336 337 338 339 340 341 342 343 344 345 346 347 348 349 350 351 352 353 354 355 356 357 358 359 360 361 362 363 364 365 366 367 368 369 370 371 372 373 374 375 376 377 378 379 380 381 382 383 384 385
18 19 435 436 437 438 439 440 441 442 443 444 445 446 447 448 449 450 451 452 453 454 455 456 457 458 459 460 461 462 463 464 465 466 467 468 469 470 471 472 473 474 475 476 477 478 479 480 481 482 483 484 485 486 487 488 489 490 491 492 493 494 495 496 497 498 499 500 501 502 503 504 505 506 507 508 509 510 511 512 513 514 515 516 517 518 519 520 521 522 523 524 525 526 527 528 529 530 531 532 533 534 535 536 537 538 539 540 541 542 543 544 545 546 547 548 549 550 551 552 553 554 555 556 557 558 559 560 561 562 563 564 565 566 567 568 569 570 571 572 573 574 575 576 577 578 579 580 581 582 583
1
1
1
1
1
1
1
1
1
1
1
1
1
1
1
1
1
1
1
1
1
1
1
1
1
1
1
1
1
1
1
1
1
1
1
1
1
1
1
1
1
1
1
1
1
1
1
1
1
1
1
1
1
1
1
1
1
1
1
1
1
1
1
1
1
1
1
1
1
1
1
1
1
1
1
1
1
1
1
1
1
1
1
1
1
1
1
1
1
1
1
1
1
1
1
1
1
1
1
1
1
1
1
1
1
1
1
1
1
1
1
1
1
1
1
1
1
1
1
1
1
1
1
1
1
1
1
1
1
1
1
1
1
1
1
1
1
1
1
1
1
1
1
1
1
1
1
1
1
1
1
1
1
1
1
1
1
1
1
1
1
1
1
1
1
1
1
1
1
1
1
1
1
1
1
1
1
1
1
1
1
1
1
1
1
1
1
1
1
1
1
1
1
1
1
1
1
1
1
1
1
1
1
1
1
1
1
1
1
1
1
1
1
1
1
1
1
1
1
1
1
1
1
1
1
1
1
1
1
1
1
1
1
1
1
1
1
1
1
1
1
1
1
1
1
1
1
1
1
1
1
1
1
1
1
1
1
1
1
1
1
1
1
1
1
1
1
1
1
1
1
1
1
1
1
1
1
1
1
1
1
1
1
1
1
1
1
1
1
1
1
1
1
1
1
1
1
1
1
1
1
1
1
1
1
1
1
1
1
1
1
1
1
1
1
1
1
1
1
1
1
1
1
1
1
1
1
1
1
1
1
1
1
1
1
1
1
1
1
1
1
1
1
1
1
1
1
1
1
1
1
1
1
1
1
1
1
1
1
1
1
1
1
1
1
1
1
1
1
1
1
1
1
1
1
1
1
1
1
1
1
1
1
1
1
1
1
1
1
1
1
1
1
1
1
1
1
1
1
1
1
1
1
1
1
1
1
1
1
1
1
1
1
1
1
1
1
1
1
1
1
1
1
1
1
1
1
1
1
1
1
1
1
1
1
1
1
1
1
1
1
1
1
1
1
1
1
1
1
1
1
1
1
1
1
1
1
1
1
1
1
1
1
1
1
1
1
1
1
1
1
1
1
1
1
1
1
1
1
1
1
1
1
1
1
1
1
1
1
1
1
1
1
1
1
1
1
1
1
1
1
1
1
1
1
1
1
1
1
1
1
1
1
1
1
1
1
1
1
1
1
1
1
1
1
1
1
1
1
1
1
1
1
1
1
1
1
1
1
1
1
1
1
1
1
1
1
1
1
1
1
1
1
1
1
1
1
1
1
1
1
1
1
1
1
1
1
1
1
1
1
1
1
1
1
1
1
1
1
1
1
1
1
1
1
1
1
1
1
1
1
1
1
1
1
1
1
1
1
1
1
1
1
1
1
1
1
1
1
1
1
1
1
1
1
1
1
1
1
1
1
1
1
1
1
1
1
1
1
1
1
1
1
1
1
1
1
1
1
1
1
1
1
1
1
1
1
1
1
1
1
1
1
1
1
1
1
1
1
1
1
1
1
1
1
1
1
1
1
1
1
1
1
1
1
1
1
1
1
1
1
1
1
1
1
1
1
1
1
1
1
1
1
1
1
1
1
1
1
1
1
1
1
1
1
1
1
1
1
1
1
1
1
1
1
1
1
1
1
1
1
1
1
1
1
1
1
1
1
1
1
1
1
1
1
1
1
1
1
1
1
1
1
1
1
1
1
1
1
1
1
1
1
1
1
1
1
1
1
1
1
1
1
1
1
1
1
1
1
1
1
1
1
1
1
1
1
1
1
1
1
1
1
1
1
1
1
1
1
1
1
1
1
1
1
1
1
1
1
1
1
1
1
1
1
1
1
1
1
1
1
1
1
1
1
1
1
1
1
1
1
1
1
1
1
1
1
1
1
1
1
1
1
1
1
1
1
1
1
1
1
1
1
1
1
1
1
1
1
1
1
1
1
1
1
1
1
1
1
1
1
1
1
1
1
1
1
1
1
1
1
1
1
1
1
1
1
1
1
1
1
1
1
1
1
1
1
1
1
1
1
1
1
1
1
1
1
1
1
1
1
1
1
1
1
1
1
1
1
1
1
1
1
1
1
1
1
1
1
1
1
1
1
1
1
1
1
1
1
1
1
1
1
1
1
1
1
1
1
1
1
1
1
1
1
1
1
1
1
1
1
1
1
1
1
1
1
1
1
1
1
1
1
1
1
1
1
1
1
1
1
1
1
1
1
1
1
1
1
1
1
1
1
1
1
1
1
1
1
1
1
1
1
1
1
1
1
1
1
1
1
1
1
1
1
1
1
1
1
1
1
1
1
1
1
1
1
1
1
1
1
1
1
1
1
1
1
1
1
1
1
1
1
1
1
1
1
1
1
1
1
1
1
1
1
1
1
1
1
1
1
1
1
1
1
1
1
1
1
1
1
1
1
1
1
1
1
1
1
1
1
1
1
1
1
1
1
1
1
1
1
1
1
1
1
1
1
1
1
1
1
1
1
1
1
1
1
1
1
1
1
1
1
1
1
1
1
1
1
1
1
1
1
1
1
1
1
1
1
1
1
1
1
1
1
1
1
1
1
1
1
1
1
1
1
1
1
1
1
1
1
1
1
1
1
1
1
1
1
1
1
1
1
1
1
1
1
1
1
1
1
1
1
1
1
1
1
1
1
1
1
1
1
1
1
1
1
1
1
1
1
1
1
1
1
1
1
1
1
1
1
1
1
1
1
1
1
1
1
1
1
1
1
1
1
1
1
1
1
1
1
1
1
1
1
1
1
1
1
1
1
1
1
1
1
1
1
1
1
1
1
1
1
1
1
1
1
1
1
1
1
1
1
1
1
1
1
1
1
1
1
1
1
1
1
1
1
1
1
1
1
1
1
1
1
1
1
1
1
1
1
1
1
1
1
1
1
1
1
1
1
1
1
1
1
1
1
1
1
1
1
1
1
1
1
1
1
1
1
1
1
1
1
1
1
1
1
1
1
1
1
1
1
1
1
1
1
1
1
1
1
1
1
1
1
1
1
1
1
1
1
1
1
1
1
1
1
1
1
1
1
1
1
1
1
1
1
1
1
1
1
1
1
1
1
1
1
1
1
1
1
1
1
1
1
1
1
1
1
1
1
1
1
1
1
1
1
1
1
1
1
1
1
1
1
1
1
1
1
1
1
1
1
1
1
1
1
1
1
1
1
1
1
1
1
1
1
1
1
1
1
1
1
1
1
1
1
1
1
1
1
1
1
1
1
1
1
1
1
1
1
1
1
1
1
1
1
1
1
1
1
1
1
1
1
1
1
1
1
1
1
1
1
1
1
1
1
1
1
1
1
1
1
1
1
1
1
1
1
1
1
1
1
1
1
1
1
1
1
1
1
1
1
1
1
1
1
1
1
1
1
1
1
1
1
1
1
1
1
1
1
1
1
1
1
1
1
1
1
1
1
1
1
1
1
1
1
1
1
1
1
1
1
1
1
1
1
1
1
1
1
1
1
1
1
1
1
1
1
1
1
1
1
1
1
1
1
1
1
1
1
1
1
1
1
1
1
1
1
1
1
1
1
1
1
1
1
1
1
1
1
1
1
1
1
1
1
1
1
1
1
1
1
1
1
1
1
1
1
1
1
1
1
1
1
1
1
1
1
1
1
1
1
1
1
1
1
1
1
1
1
1
1
1
1
1
1
1
1
1
1
1
1
1
1
1
1
1
1
1
1
1
1
1
1
1
1
1
1
1
1
1
1
1
1
1
1
1
1
1
1
1
1
1
1
1
1
1
1
1
1
1
1
1
1
1
1
1
1
1
1
1
1
1
1
1
1
1
1
1
1
1
1
1
1
1
1
1
1
1
1
1
1
1
1
1
1
1
1
1
1
1
1
1
1
1
1
1
1
1
1
1
1
1
1
1
1
1
1
1
1
1
1
1
1
1
1
1
1
1
1
1
1
1
1
1
1
1
1
1
1
1
1
1
1
1
1
1
1
1
1
1
1
1
1
1
1
1
1
1
1
1
1
1
1
1
1
1
1
1
1
1
1
1
1
1
1
1
1
1
1
1
1
1
1
1
1
1
1
1
1
1
1
1
1
1
1
1
1
1
1
1
1
1
1
1
1
1
1
1
1
1
1
1
1
1
1
1
1
1
1
1
1
1
1
1
1
1
1
1
1
1
1
1
1
1
1
1
1
1
1
1
1
1
1
1
1
1
1
1
1
1
1
1
1
1
1
1
1
1
1
1
1
1
1
1
1
1
1
1
1
1
1
1
1
1
1
1
1
1
1
1
1
1
1
1
1
1
1
1
1
1
1
1
1
1
1
1
1
1
1
1
1
1
1
1
1
1
1
1
1
1
1
1
1
1
1
1
1
1
1
1
1
1
1
1
1
1
1
1
1
1
1
1
1
1
1
1
1
1
1
1
1
1
1
1
1
1
1
1
1
1
1
1
1
1
1
1
1
1
1
1
1
1
1
1
1
1
1
1
1
1
1
1
1
1
1
1
1
1
1
1
1
1
1
1
1
1
1
1
1
1
1
1
1
1
1
1
1
1
1
1
1
1
1
1
1
1
1
1
1
1
1
1
1
1
1
1
1
1
1
1
1
1
1
1
1
1
1
1
1
1
1
1
1
1
1
1
1
1
1
1
1
1
1
1
1
1
1
1
1
1
1
1
1
1
1
1
1
1
1
1
1
1
1
1
1
1
1
1
1
1
1
1
1
1
1
1
1
1
1
1
1
1
1
1
1
1
1
1
1
1
1
1
1
1
1
1
1
1
1
1
1
1
1
1
1
1
1
1
1
1
1
1
1
1
1
1
1
1
1
1
1
1
1
1
1
1
1
1
1
1
1
1
1
1
1
1
1
1
1
1
1
1
1
1
1
1
1
1
1
1
1
1
1
1
1
1
1
1
1
1
1
1
1
1
1
1
1
1
1
1
1
1
1
1
1
1
1
1
1
1
1
1
1
1
1
1
1
1
1
1
1
1
1
1
1
1
1
1
1
1
1
1
1
1
1
1
1
1
1
1
1
1
1
1
1
1
1
1
1
1
1
1
1
1
1
1
1
1
1
1
1
1
1
1
1
1
1
1
1
1
1
1
1
1
1
1
1
1
1
1
1
1
1
1
1
1
1
1
1
1
1
1
1
1
1
1
1
1
1
1
1
1
1
1
1
1
1
1
1
1
1
1
1
1
1
1
1
1
1
1
1
1
1
1
1
1
1
1
1
1
1
1
1
1
1
1
1
1
1
1
1
1
1
1
1
1
1
1
1
1
1
1
1
1
1
1
1
1
1
1
1
1
1
1
1
1
1
1
1
1
1
1
1
1
1
1
1
1
1
1
1
1
1
1
1
1
1
1
1
1
1
1
1
1
1
1
1
1
1
1
1
1
1
1
1
1
1
1
1
1
1
1
1
1
1
1
1
1
1
1
1
1
1
1
1
1
1
1
1
1
1
1
1
1
1
1
1
1
1
1
1
1
1
1
1
1
1
1
1
1
1
1
1
1
1
1
1
1
1
1
1
1
1
1
1
1
1
1
1
1
1
1
1
1
1
1
1
1
1
1
1
1
1
1
1
1
1
1
1
1
1
1
1
1
1
1
1
1
1
1
1
1
1
1
1
1
1
1
1
1
1
1
1
1
1
1
1
1
1
1
1
1
1
1
1
1
1
1
1
1
1
1
1
1
1
1
1
1
1
1
1
1
1
1
1
1
1
1
1
1
1
1
1
1
1
1
1
1
1
1
1
1
1
1
1
1
1
1
1
1
1
1
1
1
1
1
1
1
1
1
1
1
1
1
1
1
1
1
1
1
1
1
1
1
1
1
1
1
1
1
1
1
1
1
1
1
1
1
1
1
1
1
1
1
1
1
1
1
1
1
1
1
1
1
1
1
1
1
1
1
1
1
1
1
1
1
1
1
1
1
1
1
1
1
1
1
1
1
1
1
1
1
1
1
1
1
1
1
1
1
1
1
1
1
1
1
1
1
1
1
1
1
1
1
1
1
1
1
1
1
1
1
1
1
1
1
1
1
1
1
1
1
1
1
1
1
1
1
1
1
1
1
1
1
1
1
1
1
1
1
1
1
1
1
1
1
1
1
1
1
1
1
1
1
1
1
1
1
1
1
1
1
1
1
1
1
1
1
1
1
1
1
1
1
1
1
1
1
1
1
1
1
1
1
1
1
1
1
1
1
1
1
1
1
1
1
1
1
1
1
1
1
1
1
1
1
1
1
1
1
1
1
1
1
1
1
1
1
1
1
1
1
1
1
1
1
1
1
1
1
1
1
1
1
1
1
1
1
1
1
1
1
1
1
1
1
1
1
1
1
1
1
1
1
1
1
1
1
1
1
1
1
1
1
1
1
1
1
1
1
1
1
1
1
1
1
1
1
1
1
1
1
1
1
1
1
1
1
1
1
1
1
1
1
1
1
1
1
1
1
1
1
1
1
1
1
1
1
1
1
1
1
1
1
1
1
1
1
1
1
1
1
1
1
1
1
1
1
1
1
1
1
1
1
1
1
1
1
1
1
1
1
1
1
1
1
1
1
1
1
1
1
1
1
1
1
1
1
1
1
1
1
1
1
1
1
1
1
1
1
1
1
1
1
1
1
1
1
1
1
1
1
1
1
1
1
1
1
1
1
1
1
1
1
1
1
1
1
1
1
1
1
1
1
1
1
1
1
1
1
1
1
1
1
1
1
1
1
1
1
1
1
1
1
1
1
1
1
1
1
1
1
1
1
1
1
1
1
1
1
1
1
1
1
1
1
1
1
1
1
1
1
1
1
1
1
1
1
1
1
1
1
1
1
1
1
1
1
1
1
1
1
1
1
1
1
1
1
1
1
1
1
1
1
1
1
1
1
1
1
1
1
1
1
1
1
1
1
1
1
1
1
1
1
1
1
1
1
1
1
1
1
1
1
1
1
1
1
1
1
1
1
1
1
1
1
1
1
1
1
1
1
1
1
1
1
1
1
1
1
1
1
1
1
1
1
1
1
1
1
1
1
1
1
1
1
1
1
1
1
1
1
1
1
1
1
1
1
1
1
1
1
1
1
1
1
1
1
1
1
1
1
1
1
1
1
1
1
1
1
1
1
1
1
1
1
1
1
1
1
1
1
1
1
1
1
1
1
1
1
1
1
1
1
1
1
1
1
1
1
1
1
1
1
1
1
1
1
1
1
1
1
1
1
1
1
1
1
1
1
1
1
1
1
1
1
1
1
1
1
1
1
1
1
1
1
1
1
1
1
1
1
1
1
1
1
1
1
1
1
1
1
1
1
1
1
1
1
1
1
1
1
1
1
1
1
1
1
1
1
1
1
1
1
1
1
1
1
1
1
1
1
1
1
1
1
1
1
1
1
1
1
1
1
1
1
1
1
1
1
1
1
1
1
1
1
1
1
1
1
1
1
1
1
1
1
1
1
1
1
1
1
1
1
1
1
1
1
1
1
1
1
1
1
1
1
1
1
1
1
1
1
1
1
1
1
1
1
1
1
1
1
1
1
1
1
1
1
1
1
1
1
1
1
1
1
1
1
1
1
1
1
1
1
1
1
1
1
1
1
1
1
1
1
1
1
1
1
1
1
1
1
1
1
1
1
1
1
1
1
1
1
1
1
1
1
1
1
1
1
1
1
1
1
1
1
1
1
1
1
1
1
1
1
1
1
1
1
1
1
1
1
1
1
1
1
1
1
1
1
1
1
1
1
1
1
1
1
1
1
1
1
1
1
1
1
1
1
1
1
1
1
1
1
1
1
1
1
1
1
1
1
1
1
1
1
1
1
1
1
1
1
1
1
1
1
1
1
1
1
1
1
1
1
1
1
1
1
1
1
1
1
1
1
1
1
1
1
1
1
1
1
1
1
1
1
1
1
1
1
1
1
1
1
1
1
1
1
1
1
1
1
1
1
1
1
1
1
1
1
1
1
1
1
1
1
1
1
1
1
1
1
1
1
1
1
1
1
1
1
1
1
1
1
1
1
1
1
1
1
1
1
1
1
1
1
1
1
1
1
1
1
1
1
1
1
1
1
1
1
1
1
1
1
1
1
1
1
1
1
1
1
1
1
1
1
1
1
1
1
1
1
1
1
1
1
1
1
1
1
1
1
1
1
1
1
1
1
1
1
1
1
1
1
1
1
1
1
1
1
1
1
1
1
1
1
1
1
1
1
1
1
1
1
1
1
1
1
1
1
1
1
1
1
1
1
1
1
1
1
1
1
1
1
1
1
1
1
1
1
1
1
1
1
1
1
1
1
1
1
1
1
1
1
1
1
1
1
1
1
1
1
1
1
1
1
1
1
1
1
1
1
1
1
1
1
1
1
1
1
1
1
1
1
1
1
1
1
1
1
1
1
1
1
1
1
1
1
1
1
1
1
1
1
1
1
1
1
1
1
1
1
1
1
1
1
1
1
1
1
1
1
1
1
1
1
1
1
1
1
1
1
1
1
1
1
1
1
1
1
1
1
1
1
1
1
1
1
1
1
1
1
1
1
1
1
1
1
1
1
1
1
1
1
1
1
1
1
1
1
1
1
1
1
1
1
1
1
1
1
1
1
1
1
1
1
1
1
1
1
1
1
1
1
1
1
1
1
1
1
1
1
1
1
1
1
1
1
1
1
1
1
1
1
1
1
1
1
1
1
1
1
1
1
1
1
1
1
1
1
1
1
1
1
1
1
1
1
1
1
1
1
1
1
1
1
1
1
1
1
1
1
1
1
1
1
1
1
1
1
1
1
1
1
1
1
1
1
1
1
1
1
1
1
1
1
1
1
1
1
1
1
1
1
1
1
1
1
1
1
1
1
1
1
1
1
1
1
1
1
1
1
1
1
1
1
1
1
1
1
1
1
1
1
1
1
1
1
1
1
1
1
1
1
1
1
1
1
1
1
1
1
1
1
1
1
1
1
1
1
1
1
1
1
1
1
1
1
1
1
1
1
1
1
1
1
1
1
1
1
1
1
1
1
1
1
1
1
1
1
1
1
1
1
1
1
1
1
1
1
1
1
1
1
1
1
1
1
1
1
1
1
1
1
1
1
1
1
1
1
1
1
1
1
1
1
1
1
1
1
1
1
1
1
1
1
1
1
1
1
1
1
1
1
1
1
1
1
1
1
1
1
1
1
1
1
1
1
1
1
1
1
1
1
1
1
1
1
1
1
1
1
1
1
1
1
1
1
1
1
1
1
1
1
1
1
1
1
1
1
1
1
1
1
1
1
1
1
1
1
1
1
1
1
1
1
1
1
1
1
1
1
1
1
1
1
1
1
1
1
1
1
1
1
1
1
1
1
1
1
1
1
1
1
1
1
1
1
1
1
1
1
1
1
1
1
1
1
1
1
1
1
1
1
1
1
1
1
1
1
1
1
1
1
1
1
1
1
1
1
1
1
1
1
1
1
1
1
1
1
1
1
1
1
1
1
1
1
1
1
1
1
1
1
1
1
1
1
1
1
1
1
1
1
1
1
1
1
1
1
1
1
1
1
1
1
1
1
1
1
1
1
1
1
1
1
1
1
1
1
1
1
1
1
1
1
1
1
1
1
1
1
1
1
1
1
1
1
1
1
1
1
1
1
1
1
1
1
1
1
1
1
1
1
1
1
1
1
1
1
1
1
1
1
1
1
1
1
1
1
1
1
1
1
1
1
1
1
1
1
1
1
1
1
1
1
1
1
1
1
1
1
1
1
1
1
1
1
1
1
1
1
1
1
1
1
1
1
1
1
1
1
1
1
1
1
1
1
1
1
1
1
1
1
1
1
1
1
1
1
1
1
1
1
1
1
1
1
1
1
1
1
1
1
1
1
1
1
1
1
1
1
1
1
1
1
1
1
1
1
1
1
1
1
1
1
1
1
1
1
1
1
1
1
1
1
1
1
1
1
1
1
1
1
1
1
1
1
1
1
1
1
1
1
1
1
1
1
1
1
1
1
1
1
1
1
1
1
1
1
1
1
1
1
1
1
1
1
1
1
1
1
1
1
1
1
1
1
1
1
1
1
1
1
1
1
1
1
1
1
1
1
1
1
1
1
1
1
1
1
1
1
1
1
1
1
1
1
1
1
1
1
1
1
1
1
1
1
1
1
1
1
1
1
1
1
1
1
1
1
1
1
1
1
1
1
1
1
1
1
1
1
1
1
1
1
1
1
1
1
1
1
1
1
1
1
1
1
1
1
1
1
1
1
1
1
1
1
1
1
1
1
1
1
1
1
1
1
1
1
1
1
1
1
1
1
1
1
1
1
1
1
1
1
1
1
1
1
1
1
1
1
1
1
1
1
1
1
1
1
1
1
1
1
1
1
1
1
1
1
1
1
1
1
1
1
1
1
1
1
1
1
1
1
1
1
1
1
1
1
1
1
1
1
1
1
1
1
1
1
1
1
1
1
1
1
1
1
1
1
1
1
1
1
1
1
1
1
1
1
1
1
1
1
1
1
1
1
1
1
1
1
1
1
1
1
1
1
1
1
1
1
1
1
1
1
1
1
1
1
1
1
1
1
1
1
1
1
1
1
1
1
1
1
1
1
1
1
1
1
1
1
1
1
1
1
1
1
1
1
1
1
1
1
1
1
1
1
1
1
1
1
1
1
1
1
1
1
1
1
1
1
1
1
1
1
1
1
1
1
1
1
1
1
1
1
1
1
1
1
1
1
1
1
1
1
1
1
1
1
1
1
1
1
1
1
1
1
1
1
1
1
1
1
1
1
1
1
1
1
1
1
1
1
1
1
1
1
1
1
1
1
1
1
1
1
1
1
1
1
1
1
1
1
1
1
1
1
1
1
1
1
1
1
1
1
1
1
1
1
1
1
1
1
1
1
1
1
1
1
1
1
1
1
1
1
1
1
1
1
1
1
1
1
1
1
1
1
1
1
1
1
1
1
1
1
1
1
1
1
1
1
1
1
1
1
1
1
1
1
1
1
1
1
1
1
1
1
1
1
1
1
1
1
1
1
1
1
1
1
1
1
1
1
1
1
1
1
1
1
1
1
1
1
1
1
1
1
1
1
1
1
1
1
1
1
1
1
1
1
1
1
1
1
1
1
1
1
1
1
1
1
1
1
1
1
1
1
1
1
1
1
1
1
1
1
1
1
1
1
1
1
1
1
1
1
1
1
1
1
1
1
1
1
1
1
1
1
1
1
1
1
1
1
1
1
1
1
1
1
1
1
1
1
1
1
1
1
1
1
1
1
1
1
1
1
1
1
1
1
1
1
1
1
1
1
1
1
1
1
1
1
1
1
1
1
1
1
1
1
1
1
1
1
1
1
1
1
1
1
1
1
1
1
1
1
1
1
1
1
1
1
1
1
1
1
1
1
1
1
1
1
1
1
1
1
1
1
1
1
1
1
1
1
1
1
1
1
1
1
1
1
1
1
1
1
1
1
1
1
1
1
1
1
1
1
1
1
1
1
1
1
1
1
1
1
1
1
1
1
1
1
1
1
1
1
1
1
1
1
1
1
1
1
1
1
1
1
1
1
1
1
1
1
1
1
1
1
1
1
1
1
1
1
1
1
1
1
1
1
1
1
1
1
1
1
1
1
1
1
1
1
1
1
1
1
1
1
1
1
1
1
1
1
1
1
1
1
1
1
1
1
1
1
1
1
1
1
1
1
1
1
1
1
1
1
1
1
1
1
1
1
1
1
1
1
1
1
1
1
1
1
1
1
1
1
1
1
1
1
1
1
1
1
1
1
1
1
1
1
1
1
1
1
1
1
1
1
1
1
1
1
1
1
1
1
1
1
1
1
1
1
1
1
1
1
1
1
1
1
1
1
1
1
1
1
1
1
1
1
1
1
1
1
1
1
1
1
1
1
1
1
1
1
1
1
1
1
1
1
1
1
1
1
1
1
1
1
1
1
1
1
1
1
1
1
1
1
1
1
1
1
1
1
1
1
1
1
1
1
1
1
1
1
1
1
1
1
1
1
1
1
1
1
1
1
1
1
1
1
1
1
1
1
1
1
1
1
1
1
1
1
1
1
1
1
1
1
1
1
1
1
1
1
1
1
1
1
1
1
1
1
1
1
1
1
1
1
1
1
1
1
1
1
1
1
1
1
1
1
1
1
1
1
1
1
1
1
1
1
1
1
1
1
1
1
1
1
1
1
1
1
1
1
1
1
1
1
1
1
1
1
1
1
1
1
1
1
1
1
1
1
1
1
1
1
1
1
1
1
1
1
1
1
1
1
1
1
1
1
1
1
1
1
1
1
1
1
1
1
1
1
1
1
1
1
1
1
1
1
1
1
1
1
1
1
1
1
1
1
1
1
1
1
1
1
1
1
1
1
1
1
1
1
1
1
1
1
1
1
1
1
1
1
1
1
1
1
1
1
1
1
1
1
1
1
1
1
1
1
1
1
1
1
1
1
1
1
1
1
1
1
1
1
1
1
1
1
1
1
1
1
1
1
1
1
1
1
1
1
1
1
1
1
1
1
1
1
1
1
1
1
1
1
1
1
1
1
1
1
1
1
1
1
1
1
1
1
1
1
1
1
1
1
1
1
1
1
1
1
1
1
1
1
1
1
1
1
1
1
1
1
1
1
1
1
1
1
1
1
1
1
1
1
1
1
1
1
1
1
1
1
1
1
1
1
1
1
1
1
1
1
1
1
1
1
1
1
1
1
1
1
1
1
1
1
1
1
1
1
1
1
1
1
1
1
1
1
1
1
1
1
1
1
1
1
1
1
1
1
1
1
1
1
1
1
1
1
1
1
1
1
1
1
1
1
1
1
1
1
1
1
1
1
1
1
1
1
1
1
1
1
1
1
1
1
1
1
1
1
1
1
1
1
1
1
1
1
1
1
1
1
1
1
1
1
1
1
1
1
1
1
1
1
1
1
1
1
1
1
1
1
1
1
1
1
1
1
1
1
1
1
1
1
1
1
1
1
1
1
1
1
1
1
1
1
1
1
1
1
1
1
1
1
1
1
1
1
1
1
1
1
1
1
1
1
1
1
1
1
1
1
1
1
1
1
1
1
1
1
1
1
1
1
1
1
1
1
1
1
1
1
1
1
1
1
1
1
1
1
1
1
1
1
1
1
1
1
1
1
1
1
1
1
1
1
1
1
1
1
1
1
1
1
1
1
1
1
1
1
1
1
1
1
1
1
1
1
1
1
1
1
1
1
1
1
1
1
1
1
1
1
1
1
1
1
1
1
1
1
1
1
1
1
1
1
1
1
1
1
1
1
1
1
1
1
1
1
1
1
1
1
1
1
1
1
1
1
1
1
1
1
1
1
1
1
1
1
1
1
1
1
1
1
1
1
1
1
1
1
1
1
1
1
1
1
1
1
1
1
1
1
1
1
1
1
1
1
1
1
1
1
1
1
1
1
1
1
1
1
1
1
1
1
1
1
1
1
1
1
1
1
1
1
1
1
1
1
1
1
1
1
1
1
1
1
1
1
1
1
1
1
1
1
1
1
1
1
1
1
1
1
1
1
1
1
1
1
1
1
1
1
1
1
1
1
1
1
1
1
1
1
1
1
1
1
1
1
1
1
1
1
1
1
1
1
1
1
1
1
1
1
1
1
1
1
1
1
1
1
1
1
1
1
1
1
1
1
1
1
1
1
1
1
1
1
1
1
1
1
1
1
1
1
1
1
1
1
1
1
1
1
1
1
1
1
1
1
1
1
1
1
1
1
1
1
1
1
1
1
1
1
1
1
1
1
1
1
1
1
1
1
1
1
1
1
1
1
1
1
1
1
1
1
1
1
1
1
1
1
1
1
1
1
1
1
1
1
1
1
1
1
1
1
1
1
1
1
1
1
1
1
1
1
1
1
1
1
1
1
1
1
1
1
1
1
1
1
1
1
1
1
1
1
1
1
1
1
1
1
1
1
1
1
1
1
1
1
1
1
1
1
1
1
1
1
1
1
1
1
1
1
1
1
1
1
1
1
1
1
1
1
1
1
1
1
1
1
1
1
1
1
1
1
1
1
1
1
1
1
1
1
1
1
1
1
1
1
1
1
1
1
1
1
1
1
1
1
1
1
1
1
1
1
1
1
1
1
1
1
1
1
1
1
1
1
1
1
1
1
1
1
1
1
1
1
1
1
1
1
1
1
1
1
1
1
1
1
1
1
1
1
1
1
1
1
1
1
1
1
1
1
1
1
1
1
1
1
1
1
1
1
1
1
1
1
1
1
1
1
1
1
1
1
1
1
1
1
1
1
1
1
1
1
1
1
1
1
1
1
1
1
1
1
1
1
1
1
1
1
1
1
1
1
1
1
1
1
1
1
1
1
1
1
1
1
1
1
1
1
1
1
1
1
1
1
1
1
1
1
1
1
1
1
1
1
1
1
1
1
1
1
1
1
1
1
1
1
1
1
1
1
1
1
1
1
1
1
1
1
1
1
1
1
1
1
1
1
1
1
1
1
1
1
1
1
1
1
1
1
1
1
1
1
1
1
1
1
1
1
1
1
1
1
1
1
1
1
1
1
1
1
1
1
1
1
1
1
1
1
1
1
1
1
1
1
1
1
1
1
1
1
1
1
1
1
1
1
1
1
1
1
1
1
1
1
1
1
1
1
1
1
1
1
1
1
1
1
1
1
1
1
1
1
1
1
1
1
1
1
1
1
1
1
1
1
1
1
1
1
1
1
1
1
1
1
1
1
1
1
1
1
1
1
1
1
1
1
1
1
1
1
1
1
1
1
1
1
1
1
1
1
1
1
1
1
1
1
1
1
1
1
1
1
1
1
1
1
1
1
1
1
1
1
1
1
1
1
1
1
1
1
1
1
1
1
1
1
1
1
1
1
1
1
1
1
1
1
1
1
1
1
1
1
1
1
1
1
1
1
1
1
1
1
1
1
1
1
1
1
1
1
1
1
1
1
1
1
1
1
1
1
1
1
1
1
1
1
1
1
1
1
1
1
1
1
1
1
1
1
1
1
1
1
1
1
1
1
1
1
1
1
1
1
1
1
1
1
1
1
1
1
1
1
1
1
1
1
1
1
1
1
1
1
1
1
1
1
1
1
1
1
1
1
1
1
1
1
1
1
1
1
1
1
1
1
1
1
1
1
1
1
1
1
1
1
1
1
1
1
1
1
1
1
1
1
1
1
1
1
1
1
1
1
1
1
1
1
1
1
1
1
1
1
1
1
1
1
1
1
1
1
1
1
1
1
1
1
1
1
1
1
1
1
1
1
1
1
1
1
1
1
1
1
1
1
1
1
1
1
1
1
1
1
1
1
1
1
1
1
1
1
1
1
1
1
1
1
1
1
1
1
1
1
1
1
1
1
1
1
1
1
1
1
1
1
1
1
1
1
1
1
1
1
1
1
1
1
1
1
1
1
1
1
1
1
1
1
1
1
1
1
1
1
1
1
1
1
1
1
1
1
1
1
1
1
1
1
1
1
1
1
1
1
1
1
1
1
1
1
1
1
1
1
1
1
1
1
1
1
1
1
1
1
1
1
1
1
1
1
1
1
1
1
1
1
1
1
1
1
1
1
1
1
1
1
1
1
1
1
1
1
1
1
1
1
1
1
1
1
1
1
1
1
1
1
1
1
1
1
1
1
1
1
1
1
1
1
1
1
1
1
1
1
1
1
1
1
1
1
1
1
1
1
1
1
1
1
1
1
1
1
1
1
1
1
1
1
1
1
1
1
1
1
1
1
1
1
1
1
1
1
1
1
1
1
1
1
1
1
1
1
1
1
1
1
1
1
1
1
1
1
1
1
1
1
1
1
1
1
1
1
1
1
1
1
1
1
1
1
1
1
1
1
1
1
1
1
1
1
1
1
1
1
1
1
1
1
1
1
1
1
1
1
1
1
1
1
1
1
1
1
1
1
1
1
1
1
1
1
1
1
1
1
1
1
1
1
1
1
1
1
1
1
1
1
1
1
1
1
1
1
1
1
1
1
1
1
1
1
1
1
1
1
1
1
1
1
1
1
1
1
1
1
1
1
1
1
1
1
1
1
1
1
1
1
1
1
1
1
1
1
1
1
1
1
1
1
1
1
1
1
1
1
1
1
1
1
1
1
1
1
1
1
1
1
1
1
1
1
1
1
1
1
1
1
1
1
1
1
1
1
1
1
1
1
1
1
1
1
1
1
1
1
1
1
1
1
1
1
1
1
1
1
1
1
1
1
1
1
1
1
1
1
1
1
1
1
1
1
1
1
1
1
1
1
1
1
1
1
1
1
1
1
1
1
1
1
1
1
1
1
1
1
1
1
1
1
1
1
1
1
1
1
1
1
1
1
1
1
1
1
1
1
1
1
1
1
1
1
1
1
1
1
1
1
1
1
1
1
1
1
1
1
1
1
1
1
1
1
1
1
1
1
1
1
1
1
1
1
1
1
1
1
1
1
1
1
1
1
1
1
1
1
1
1
1
1
1
1
1
1
1
1
1
1
1
1
1
1
1
1
1
1
1
1
1
1
1
1
1
1
1
1
1
1
1
1
1
1
1
1
1
1
1
1
1
1
1
1
1
1
1
1
1
1
1
1
1
1
1
1
1
1
1
1
1
1
1
1
1
1
1
1
1
1
1
1
1
1
1
1
1
1
1
1
1
1
1
1
1
1
1
1
1
1
1
1
1
1
1
1
1
1
1
1
1
1
1
1
1
1
1
1
1
1
1
1
1
1
1
1
1
1
1
1
1
1
1
1
1
1
1
1
1
1
1
1
1
1
1
1
1
1
1
1
1
1
1
1
1
1
1
1
1
1
1
1
1
1
1
1
1
1
1
1
1
1
1
1
1
1
1
1
1
1
1
1
1
1
1
1
1
1
1
1
1
1
1
1
1
1
1
1
1
1
1
1
1
1
1
1
1
1
1
1
1
1
1
1
1
1
1
1
1
1
1
1
1
1
1
1
1
1
1
1
1
1
1
1
1
1
1
1
1
1
1
1
1
1
1
1
1
1
1
1
1
1
1
1
1
1
1
1
1
1
1
1
1
1
1
1
1
1
1
1
1
1
1
1
1
1
1
1
1
1
1
1
1
1
1
1
1
1
1
1
1
1
1
1
1
1
1
1
1
1
1
1
1
1
1
1
1
1
1
1
1
1
1
1
1
1
1
1
1
1
1
1
1
1
1
1
1
1
1
1
1
1
1
1
1
1
1
1
1
1
1
1
1
1
1
1
1
1
1
1
1
1
1
1
1
1
1
1
1
1
1
1
1
1
1
1
1
1
1
1
1
1
1
1
1
1
1
1
1
1
1
1
1
1
1
1
1
1
1
1
1
1
1
1
1
1
1
1
1
1
1
1
1
1
1
1
1
1
1
1
1
1
1
1
1
1
1
1
1
1
1
1
1
1
1
1
1
1
1
1
1
1
1
1
1
1
1
1
1
1
1
1
1
1
1
1
1
1
1
1
1
1
1
1
1
1
1
1
1
1
1
1
1
1
1
1
1
1
1
1
1
1
1
1
1
1
1
1
1
1
1
1
1
1
1
1
1
1
1
1
1
1
1
1
1
1
1
1
1
1
1
1
1
1
1
1
1
1
1
1
1
1
1
1
1
1
1
1
1
1
1
1
1
1
1
1
1
1
1
1
1
1
1
1
1
1
1
1
1
1
1
1
1
1
1
1
1
1
1
1
1
1
1
1
1
1
1
1
1
1
1
1
1
1
1
1
1
1
1
1
1
1
1
1
1
1
1
1
1
1
1
1
1
1
1
1
1
1
1
1
1
1
1
1
1
1
1
1
1
1
1
1
1
1
1
1
1
1
1
1
1
1
1
1
1
1
1
1
1
1
1
1
1
1
1
1
1
1
1
1
1
1
1
1
1
1
1
1
1
1
1
1
1
1
1
1
1
1
1
1
1
1
1
1
1
1
1
1
1
1
1
1
1
1
1
1
1
1
1
1
1
1
1
1
1
1
1
1
1
1
1
1
1
1
1
1
1
1
1
1
1
1
1
1
1
1
1
1
1
1
1
1
1
1
1
1
1
1
1
1
1
1
1
1
1
1
1
1
1
1
1
1
1
1
1
1
1
1
1
1
1
1
1
1
1
1
1
1
1
1
1
1
1
1
1
1
1
1
1
1
1
1
1
1
1
1
1
1
1
1
1
1
1
1
1
1
1
1
1
1
1
1
1
1
1
1
1
1
1
1
1
1
1
1
1
1
1
1
1
1
1
1
1
1
1
1
1
1
1
1
1
1
1
1
1
1
1
1
1
1
1
1
1
1
1
1
1
1
1
1
1
1
1
1
1
1
1
1
1
1
1
1
1
1
1
1
1
1
1
1
1
1
1
1
1
1
1
1
1
1
1
1
1
1
1
1
1
1
1
1
1
1
1
1
1
1
1
1
1
1
1
1
1
1
1
1
1
1
1
1
1
1
1
1
1
1
1
1
1
1
1
1
1
1
1
1
1
1
1
1
1
1
1
1
1
1
1
1
1
1
1
1
1
1
1
1
1
1
1
1
1
1
1
1
1
1
1
1
1
1
1
1
1
1
1
1
1
1
1
1
1
1
1
1
1
1
1
1
1
1
1
1
1
1
1
1
1
1
1
1
1
1
1
1
1
1
1
1
1
1
1
1
1
1
1
1
1
1
1
1
1
1
1
1
1
1
1
1
1
1
1
1
1
1
1
1
1
1
1
1
1
1
1
1
1
1
1
1
1
1
1
1
1
1
1
1
1
1
1
1
1
1
1
1
1
1
1
1
1
1
1
1
1
1
1
1
1
1
1
1
1
1
1
1
1
1
1
1
1
1
1
1
1
1
1
1
1
1
1
1
1
1
1
1
1
1
1
1
1
1
1
1
1
1
1
1
1
1
1
1
1
1
1
1
1
1
1
1
1
1
1
1
1
1
1
1
1
1
1
1
1
1
1
1
1
1
1
1
1
1
1
1
1
1
1
1
1
1
1
1
1
1
1
1
1
1
1
1
1
1
1
1
1
1
1
1
1
1
1
1
1
1
1
1
1
1
1
1
1
1
1
1
1
1
1
1
1
1
1
1
1
1
1
1
1
1
1
1
1
1
1
1
1
1
1
1
1
1
1
1
1
1
1
1
1
1
1
1
1
1
1
1
1
1
1
1
1
1
1
1
1
1
1
1
1
1
1
1
1
1
1
1
1
1
1
1
1
1
1
1
1
1
1
1
1
1
1
1
1
1
1
1
1
1
1
1
1
1
1
1
1
1
1
1
1
1
1
1
1
1
1
1
1
1
1
1
1
1
1
1
1
1
1
1
1
1
1
1
1
1
1
1
1
1
1
1
1
1
1
1
1
1
1
1
1
1
1
1
1
1
1
1
1
1
1
1
1
1
1
1
1
1
1
1
1
1
1
1
1
1
1
1
1
1
1
1
1
1
1
1
1
1
1
1
1
1
1
1
1
1
1
1
1
1
1
1
1
1
1
1
1
1
1
1
1
1
1
1
1
1
1
1
1
1
1
1
1
1
1
1
1
1
1
1
1
1
1
1
1
1
1
1
1
1
1
1
1
1
1
1
1
1
1
1
1
1
1
1
1
1
1
1
1
1
1
1
1
1
1
1
1
1
1
1
1
1
1
1
1
1
1
1
1
1
1
1
1
1
1
1
1
1
1
1
1
1
1
1
1
1
1
1
1
1
1
1
1
1
1
1
1
1
1
1
1
1
1
1
1
1
1
1
1
1
1
1
1
1
1
1
1
1
1
1
1
1
1
1
1
1
1
1
1
1
1
1
1
1
1
1
1
1
1
1
1
1
1
1
1
1
1
1
1
1
1
1
1
1
1
1
1
1
1
1
1
1
1
1
1
1
1
1
1
1
1
1
1
1
1
1
1
1
1
1
1
1
1
1
1
1
1
1
1
1
1
1
1
1
1
1
1
1
1
1
1
1
1
1
1
1
1
1
1
1
1
1
1
1
1
1
1
1
1
1
1
1
1
1
1
1
1
1
1
1
1
1
1
1
1
1
1
1
1
1
1
1
1
1
1
1
1
1
1
1
1
1
1
1
1
1
1
1
1
1
1
1
1
1
1
1
1
1
1
1
1
1
1
1
1
1
1
1
1
1
1
1
1
1
1
1
1
1
1
1
1
1
1
1
1
1
1
1
1
1
1
1
1
1
1
1
1
1
1
1
1
1
1
1
1
1
1
1
1
1
1
1
1
1
1
1
1
1
1
1
1
1
1
1
1
1
1
1
1
1
1
1
1
1
1
1
1
1
1
1
1
1
1
1
1
1
1
1
1
1
1
1
1
1
1
1
1
1
1
1
1
1
1
1
1
1
1
1
1
1
1
1
1
1
1
1
1
1
1
1
1
1
1
1
1
1
1
1
1
1
1
1
1
1
1
1
1
1
1
1
1
1
1
1
1
1
1
1
1
1
1
1
1
1
1
1
1
1
1
1
1
1
1
1
1
1
1
1
1
1
1
1
1
1
1
1
1
1
1
1
1
1
1
1
1
1
1
1
1
1
1
1
1
1
1
1
1
1
1
1
1
1
1
1
1
1
1
1
1
1
1
1
1
1
1
1
1
1
1
1
1
1
1
1
1
1
1
1
1
1
1
1
1
1
1
1
1
1
1
1
1
1
1
1
1
1
1
1
1
1
1
1
1
1
1
1
1
1
1
1
1
1
1
1
1
1
1
1
1
1
1
1
1
1
1
1
1
1
1
1
1
1
1
1
1
1
1
1
1
1
1
1
1
1
1
1
1
1
1
1
1
1
1
1
1
1
1
1
1
1
1
1
1
1
1
1
1
1
1
1
1
1
1
1
1
1
1
1
1
1
1
1
1
1
1
1
1
1
1
1
1
1
1
1
1
1
1
1
1
1
1
1
1
1
1
1
1
1
1
1
1
1
1
1
1
1
1
1
1
1
1
1
1
1
1
1
1
1
1
1
1
1
1
1
1
1
1
1
1
1
1
1
1
1
1
1
1
1
1
1
1
1
1
1
1
1
1
1
1
1
1
1
1
1
1
1
1
1
1
1
1
1
1
1
1
1
1
1
1
1
1
1
1
1
1
1
1
1
1
1
1
1
1
1
1
1
1
1
1
1
1
1
1
1
1
1
1
1
1
1
1
1
1
1
1
1
1
1
1
1
1
1
1
1
1
1
1
1
1
1
1
1
1
1
1
1
1
1
1
1
1
1
1
1
1
1
1
1
1
1
1
1
1
1
1
1
1
1
1
1
1
1
1
1
1
1
1
1
1
1
1
1
1
1
1
1
1
1
1
1
1
1
1
1
1
1
1
1
1
1
1
1
1
1
1
1
1
1
1
1
1
1
1
1
1
1
1
1
1
1
1
1
1
1
1
1
1
1
1
1
1
1
1
1
1
1
1
1
1
1
1
1
1
1
1
1
1
1
1
1
1
1
1
1
1
1
1
1
1
1
1
1
1
1
1
1
1
1
1
1
1
1
1
1
1
1
1
1
1
1
1
1
1
1
1
1
1
1
1
1
1
1
1
1
1
1
1
1
1
1
1
1
1
1
1
1
1
1
1
1
1
1
1
1
1
1
1
1
1
1
1
1
1
1
1
1
1
1
1
1
1
1
1
1
1
1
1
1
1
1
1
1
1
1
1
1
1
1
1
1
1
1
1
1
1
1
1
1
1
1
1
1
1
1
1
1
1
1
1
1
1
1
1
1
1
1
1
1
1
1
1
1
1
1
1
1
1
1
1
1
1
1
1
1
1
1
1
1
1
1
1
1
1
1
1
1
1
1
1
1
1
1
1
1
1
1
1
1
1
1
1
1
1
1
1
1
1
1
1
1
1
1
1
1
1
1
1
1
1
1
1
1
1
1
1
1
1
1
1
1
1
1
1
1
1
1
1
1
1
1
1
1
1
1
1
1
1
1
1
1
1
1
1
1
1
1
1
1
1
1
1
1
1
1
1
1
1
1
1
1
1
1
1
1
1
1
1
1
1
1
1
1
1
1
1
1
1
1
1
1
1
1
1
1
1
1
1
1
1
1
1
1
1
1
1
1
1
1
1
1
1
1
1
1
1
1
1
1
1
1
1
1
1
1
1
1
1
1
1
1
1
1
1
1
1
1
1
1
1
1
1
1
1
1
1
1
1
1
1
1
1
1
1
1
1
1
1
1
1
1
1
1
1
1
1
1
1
1
1
1
1
1
1
1
1
1
1
1
1
1
1
1
1
1
1
1
1
1
1
1
1
1
1
1
1
1
1
1
1
1
1
1
1
1
1
1
1
1
1
1
1
1
1
1
1
1
1
1
1
1
1
1
1
1
1
1
1
1
1
1
1
1
1
1
1
1
1
1
1
1
1
1
1
1
1
1
1
1
1
1
1
1
1
1
1
1
1
1
1
1
1
1
1
1
1
1
1
1
1
1
1
1
1
1
1
1
1
1
1
1
1
1
1
1
1
1
1
1
1
1
1
1
1
1
1
1
1
1
1
1
1
1
1
1
1
1
1
1
1
1
1
1
1
1
1
1
1
1
1
1
1
1
1
1
1
1
1
1
1
1
1
1
1
1
1
1
1
1
1
1
1
1
1
1
1
1
1
1
1
1
1
1
1
1
1
1
1
1
1
1
1
1
1
1
1
1
1
1
1
1
1
1
1
1
1
1
1
1
1
1
1
1
1
1
1
1
1
1
1
1
1
1
1
1
1
1
1
1
1
1
1
1
1
1
1
1
1
1
1
1
1
1
1
1
1
1
1
1
1
1
1
1
1
1
1
1
1
1
1
1
1
1
1
1
1
1
1
1
1
1
1
1
1
1
1
1
1
1
1
1
1
1
1
1
1
1
1
1
1
1
1
1
1
1
1
1
1
1
1
1
1
1
1
1
1
1
1
1
1
1
1
1
1
1
1
1
1
1
1
1
1
1
1
1
1
1
1
1
1
1
1
1
1
1
1
1
1
1
1
1
1
1
1
1
1
1
1
1
1
1
1
1
1
1
1
1
1
1
1
1
1
1
1
1
1
1
1
1
1
1
1
1
1
1
1
1
1
1
1
1
1
1
1
1
1
1
1
1
1
1
1
1
1
1
1
1
1
1
1
1
1
1
1
1
1
1
1
1
1
1
1
1
1
1
1
1
1
1
1
1
1
1
1
1
1
1
1
1
1
1
1
1
1
1
1
1
1
1
1
1
1
1
1
1
1
1
1
1
1
1
1
1
1
1
1
1
1
1
1
1
1
1
1
1
1
1
1
1
1
1
1
1
1
1
1
1
1
1
1
1
1
1
1
1
1
1
1
1
1
1
1
1
1
1
1
1
1
1
1
1
1
1
1
1
1
1
1
1
1
1
1
1
1
1
1
1
1
1
1
1
1
1
1
1
1
1
1
1
1
1
1
1
1
1
1
1
1
1
1
1
1
1
1
1
1
1
1
1
1
1
1
1
1
1
1
1
1
1
1
1
1
1
1
1
1
1
1
1
1
1
1
1
1
1
1
1
1
1
1
1
1
1
1
1
1
1
1
1
1
1
1
1
1
1
1
1
1
1
1
1
1
1
1
1
1
1
1
1
1
1
1
1
1
1
1
1
1
1
1
1
1
1
1
1
1
1
1
1
1
1
1
1
1
1
1
1
1
1
1
1
1
1
1
1
1
1
1
1
1
1
1
1
1
1
1
1
1
1
1
1
1
1
1
1
1
1
1
1
1
1
1
1
1
1
1
1
1
1
1
1
1
1
1
1
1
1
1
1
1
1
1
1
1
1
1
1
1
1
1
1
1
1
1
1
1
1
1
1
1
1
1
1
1
1
1
1
1
1
1
1
1
1
1
1
1
1
1
1
1
1
1
1
1
1
1
1
1
1
1
1
1
1
1
1
1
1
1
1
1
1
1
1
1
1
1
1
1
1
1
1
1
1
1
1
1
1
1
1
1
1
1
1
1
1
1
1
1
1
1
1
1
1
1
1
1
1
1
1
1
1
1
1
1
1
1
1
1
1
1
1
1
1
1
1
1
1
1
1
1
1
1
1
1
1
1
1
1
1
1
1
1
1
1
1
1
1
1
1
1
1
1
1
1
1
1
1
1
1
1
1
1
1
1
1
1
1
1
1
1
1
1
1
1
1
1
1
1
1
1
1
1
1
1
1
1
1
1
1
1
1
1
1
1
1
1
1
1
1
1
1
1
1
1
1
1
1
1
1
1
1
1
1
1
1
1
1
1
1
1
1
1
1
1
1
1
1
1
1
1
1
1
1
1
1
1
1
1
1
1
1
1
1
1
1
1
1
1
1
1
1
1
1
1
1
1
1
1
1
1
1
1
1
1
1
1
1
1
1
1
1
1
1
1
1
1
1
1
1
1
1
1
1
1
1
1
1
1
1
1
1
1
1
1
1
1
1
1
1
1
1
1
1
1
1
1
1
1
1
1
1
1
1
1
1
1
1
1
1
1
1
1
1
1
1
1
1
1
1
1
1
1
1
1
1
1
1
1
1
1
1
1
1
1
1
1
1
1
1
1
1
1
1
1
1
1
1
1
1
1
1
1
1
1
1
1
1
1
1
1
1
1
1
1
1
1
1
1
1
1
1
1
1
1
1
1
1
1
1
1
1
1
1
1
1
1
1
1
1
1
1
1
1
1
1
1
1
1
1
1
1
1
1
1
1
1
1
1
1
1
1
1
1
1
1
1
1
1
1
1
1
1
1
1
1
1
1
1
1
1
1
1
1
1
1
1
1
1
1
1
1
1
1
1
1
1
1
1
1
1
1
1
1
1
1
1
1
1
1
1
1
1
1
1
1
1
1
1
1
1
1
1
1
1
1
1
1
1
1
1
1
1
1
1
1
1
1
1
1
1
1
1
1
1
1
1
1
1
1
1
1
1
1
1
1
1
1
1
1
1
1
1
1
1
1
1
1
1
1
1
1
1
1
1
1
1
1
1
1
1
1
1
1
1
1
1
1
1
1
1
1
1
1
1
1
1
1
1
1
1
1
1
1
1
1
1
1
1
1
1
1
1
1
1
1
1
1
1
1
1
1
1
1
1
1
1
1
1
1
1
1
1
1
1
1
1
1
1
1
1
1
1
1
1
1
1
1
1
1
1
1
1
1
1
1
1
1
1
1
1
1
1
1
1
1
1
1
1
1
1
1
1
1
1
1
1
1
1
1
1
1
1
1
1
1
1
1
1
1
1
1
1
1
1
1
1
1
1
1
1
1
1
1
1
1
1
1
1
1
1
1
1
1
1
1
1
1
1
1
1
1
1
1
1
1
1
1
1
1
1
1
1
1
1
1
1
1
1
1
1
1
1
1
1
1
1
1
1
1
1
1
1
1
1
1
1
1
1
1
1
1
1
1
1
1
1
1
1
1
1
1
1
1
1
1
1
1
1
1
1
1
1
1
1
1
1
1
1
1
1
1
1
1
1
1
1
1
1
1
1
1
1
1
1
1
1
1
1
1
1
1
1
1
1
1
1
1
1
1
1
1
1
1
1
1
1
1
1
1
1
1
1
1
1
1
1
1
1
1
1
1
1
1
1
1
1
1
1
1
1
1
1
1
1
1
1
1
1
1
1
1
1
1
1
1
1
1
1
1
1
1
1
1
1
1
1
1
1
1
1
1
1
1
1
1
1
1
1
1
1
1
1
1
1
1
1
1
1
1
1
1
1
1
1
1
1
1
1
1
1
1
1
1
1
1
1
1
1
1
1
1
1
1
1
1
1
1
1
1
1
1
1
1
1
1
1
1
1
1
1
1
1
1
1
1
1
1
1
1
1
1
1
1
1
1
1
1
1
1
1
1
1
1
1
1
1
1
1
1
1
1
1
1
1
1
1
1
1
1
1
1
1
1
1
1
1
1
1
1
1
1
1
1
1
1
1
1
1
1
1
1
1
1
1
1
1
1
1
1
1
1
1
1
1
1
1
1
1
1
1
1
1
1
1
1
1
1
1
1
1
1
1
1
1
1
1
1
1
1
1
1
1
1
1
1
1
1
1
1
1
1
1
1
1
1
1
1
1
1
1
1
1
1
1
1
1
1
1
1
1
1
1
1
1
1
1
1
1
1
1
1
1
1
1
1
1
1
1
1
1
1
1
1
1
1
1
1
1
1
1
1
1
1
1
1
1
1
1
1
1
1
1
1
1
1
1
1
1
1
1
1
1
1
1
1
1
1
1
1
1
1
1
1
1
1
1
1
1
1
1
1
1
1
1
1
1
1
1
1
1
1
1
1
1
1
1
1
1
1
1
1
1
1
1
1
1
1
1
1
1
1
1
1
1
1
1
1
1
1
1
1
1
1
1
1
1
1
1
1
1
1
1
1
1
1
1
1
1
1
1
1
1
1
1
1
1
1
1
1
1
1
1
1
1
1
1
1
1
1
1
1
1
1
1
1
1
1
1
1
1
1
1
1
1
1
1
1
1
1
1
1
1
1
1
1
1
1
1
1
1
1
1
1
1
1
1
1
1
1
1
1
1
1
1
1
1
1
1
1
1
1
1
1
1
1
1
1
1
1
1
1
1
1
1
1
1
1
1
1
1
1
1
1
1
1
1
1
1
1
1
1
1
1
1
1
1
1
1
1
1
1
1
1
1
1
1
1
1
1
1
1
1
1
1
1
1
1
1
1
1
1
1
1
1
1
1
1
1
1
1
1
1
1
1
1
1
1
1
1
1
1
1
1
1
1
1
1
1
1
1
1
1
1
1
1
1
1
1
1
1
1
1
1
1
1
1
1
1
1
1
1
1
1
1
1
1
1
1
1
1
1
1
1
1
1
1
1
1
1
1
1
1
1
1
1
1
1
1
1
1
1
1
1
1
1
1
1
1
1
1
1
1
1
1
1
1
1
1
1
1
1
1
1
1
1
1
1
1
1
1
1
1
1
1
1
1
1
1
1
1
1
1
1
1
1
1
1
1
1
1
1
1
1
1
1
1
1
1
1
1
1
1
1
1
1
1
1
1
1
1
1
1
1
1
1
1
1
1
1
1
1
1
1
1
1
1
1
1
1
1
1
1
1
1
1
1
1
1
1
1
1
1
1
1
1
1
1
1
1
1
1
1
1
1
1
1
1
1
1
1
1
1
1
1
1
1
1
1
1
1
1
1
1
1
1
1
1
1
1
1
1
1
1
1
1
1
1
1
1
1
1
1
1
1
1
1
1
1
1
1
1
1
1
1
1
1
1
1
1
1
1
1
1
1
1
1
1
1
1
1
1
1
1
1
1
1
1
1
1
1
1
1
1
1
1
1
1
1
1
1
1
1
1
1
1
1
1
1
1
1
1
1
1
1
1
1
1
1
1
1
1
1
1
1
1
1
1
1
1
1
1
1
1
1
1
1
1
1
1
1
1
1
1
1
1
1
1
1
1
1
1
1
1
1
1
1
1
1
1
1
1
1
1
1
1
1
1
1
1
1
1
1
1
1
1
1
1
1
1
1
1
1
1
1
1
1
1
1
1
1
1
1
1
1
1
1
1
1
1
1
1
1
1
1
1
1
1
1
1
1
1
1
1
1
1
1
1
1
1
1
1
1
1
1
1
1
1
1
1
1
1
1
1
1
1
1
1
1
1
1
1
1
1
1
1
1
1
1
1
1
1
1
1
1
1
1
1
1
1
1
1
1
1
1
1
1
1
1
1
1
1
1
1
1
1
1
1
1
1
1
1
1
1
1
1
1
1
1
1
1
1
1
1
1
1
1
1
1
1
1
1
1
1
1
1
1
1
1
1
1
1
1
1
1
1
1
1
1
1
1
1
1
1
1
1
1
1
1
1
1
1
1
1
1
1
1
1
1
1
1
1
1
1
1
1
1
1
1
1
1
1
1
1
1
1
1
1
1
1
1
1
1
1
1
1
1
1
1
1
1
1
1
1
1
1
1
1
1
1
1
1
1
1
1
1
1
1
1
1
1
1
1
1
1
1
1
1
1
1
1
1
1
1
1
1
1
1
1
1
1
1
1
1
1
1
1
1
1
1
1
1
1
1
1
1
1
1
1
1
1
1
1
1
1
1
1
1
1
1
1
1
1
1
1
1
1
1
1
1
1
1
1
1
1
1
1
1
1
1
1
1
1
1
1
1
1
1
1
1
1
1
1
1
1
1
1
1
1
1
1
1
1
1
1
1
1
1
1
1
1
1
1
1
1
1
1
1
1
1
1
1
1
1
1
1
1
1
1
1
1
1
1
1
1
1
1
1
1
1
1
1
1
1
1
1
1
1
1
1
1
1
1
1
1
1
1
1
1
1
1
1
1
1
1
1
1
1
1
1
1
1
1
1
1
1
1
1
1
1
1
1
1
1
1
1
1
1
2
2
2
2
2
2
2
2
2
2
2
2
2
2
2
2
2
2
2
2
2
2
2
2
2
2
2
2
2
2
2
2
2
2
2
2
2
2
2
2
2
2
2
2
2
2
2
2
2
2
2
2
2
2
2
2
2
2
2
2
2
2
2
2
2
2
2
2
2
2
2
2
2
2
2
2
2
2
2
2
2
2
2
2
2
2
2
2
2
2
2
2
2
2
2
2
2
2
2
2
2
2
2
2
2
2
2
2
2
2
2
2
2
2
2
2
2
2
2
2
2
2
2
2
2
2
2
2
2
2
2
2
2
2
2
2
2
2
2
2
2
2
2
2
2
2
2
2
2
2
2
2
2
2
2
2
2
2
2
2
2
2
2
2
2
2
2
2
2
2
2
2
2
2
2
2
2
2
2
2
2
2
2
2
2
2
2
2
2
2
2
2
2
2
2
2
2
2
2
2
2
2
2
2
2
2
2
2
2
2
2
2
2
2
2
2
2
2
2
2
2
2
2
2
2
2
2
2
2
2
2
2
2
2
2
2
2
2
2
2
2
2
2
2
2
2
2
2
2
2
2
2
2
2
2
2
2
2
2
2
2
2
2
2
2
2
2
2
2
2
2
2
2
2
2
2
2
2
2
2
2
2
2
2
2
2
2
2
2
2
2
2
2
2
2
2
2
2
2
2
2
2
2
2
2
2
2
2
2
2
2
2
2
2
2
2
2
2
2
2
2
2
2
2
2
2
2
2
2
2
2
2
2
2
2
2
2
2
2
2
2
2
2
2
2
2
2
3
3
3
3
3
3
3
3
3
3
3
3
3
3
3
3
3
3
3
3
3
3
3
3
3
3
3
3
3
3
3
3
3
3
3
3
3
3
3
3
3
3
3
3
3
3
3
3
3
3
3
3
3
3
3
3
3
3
3
3
3
3
3
3
3
3
3
3
3
3
3
3
3
3
3
3
3
3
3
3
3
3
3
3
3
3
3
3
3
3
3
3
3
3
3
3
3
3
3
3
3
3
3
3
3
3
3
3
3
3
3
3
3
3
3
3
3
3
3
3
3
3
3
3
3
3
3
3
3
3
3
3
3
3
3
3
3
3
3
3
3
3
3
3
3
3
3
3
3
3
3
3
3
3
3
3
3
3
3
3
3
3
3
3
3
3
3
3
3
3
3
3
3
3
3
3
3
3
3
3
3
3
3
3
3
3
3
3
3
3
3
3
3
3
3
3
3
3
3
3
3
3
3
3
3
3
3
3
3
3
3
3
3
3
3
3
3
3
3
3
3
3
3
3
3
3
3
3
3
3
3
3
3
3
3
3
3
3
3
3
3
3
3
3
3
3
3
3
3
3
3
3
3
3
3
3
3
3
3
3
3
3
3
3
3
3
3
3
3
3
3
3
3
3
3
3
3
3
3
3
3
3
3
3
3
3
3
3
3
3
3
3
3
3
3
3
3
3
3
3
3
3
3
3
3
3
3
3
3
3
3
3
3
3
3
3
3
3
3
3
3
3
3
3
3
3
3
3
3
3
3
3
3
3
3
3
3
3
3
3
3
3
3
3
3
3
3
3
3
3
3
3
3
3
3
3
3
3
3
3
3
3
3
3
3
3
3
3
3
3
3
3
3
3
3
3
3
3
3
3
3
3
3
3
3
3
3
3
3
3
3
3
3
3
3
3
3
3
3
3
3
3
3
3
3
3
3
3
3
3
3
3
3
3
3
3
3
3
3
3
3
3
3
3
3
3
3
3
3
3
3
3
3
3
3
3
3
3
3
3
3
3
3
3
3
3
3
3
3
3
3
3
3
3
3
3
3
3
3
3
3
3
3
3
3
3
3
3
3
3
3
3
3
3
3
3
3
3
3
3
3
3
3
3
3
3
3
3
3
3
3
3
3
3
3
3
3
3
3
3
3
3
3
3
3
3
3
3
3
3
3
3
3
3
3
3
3
3
3
3
3
3
3
3
3
3
3
3
3
3
3
3
3
3
3
3
3
3
3
3
3
3
3
3
3
3
3
3
3
3
3
3
3
3
3
3
3
3
3
3
3
3
3
3
3
3
3
3
3
3
3
3
3
3
3
3
3
3
3
3
3
3
3
3
3
3
3
3
3
3
3
3
3
3
3
3
3
3
3
3
3
3
3
3
3
3
3
3
3
3
3
3
3
3
3
3
3
3
3
3
3
3
3
3
3
3
3
3
3
3
3
3
3
3
3
3
3
3
3
3
3
3
3
3
3
3
3
3
3
3
3
3
3
3
3
3
3
3
3
3
3
3
3
3
3
3
3
3
3
3
3
3
3
3
3
3
3
3
3
3
3
3
3
3
3
3
3
3
3
3
3
3
3
3
3
3
3
3
3
3
3
3
3
3
3
3
3
3
3
3
3
3
3
3
3
3
3
3
3
3
3
3
3
3
3
3
3
3
3
3
3
3
3
3
3
3
3
3
3
3
3
3
3
3
3
3
3
3
3
3
3
3
3
3
3
3
3
3
3
3
3
3
3
3
3
3
3
3
3
3
3
3
3
3
3
3
3
3
3
3
3
3
3
3
3
3
3
3
3
3
3
3
3
3
3
3
3
3
3
3
3
3
3
3
3
3
3
3
3
3
3
3
3
3
3
3
3
3
3
3
3
3
3
3
3
3
3
3
3
3
3
3
3
3
3
3
3
3
3
3
3
3
3
3
3
3
3
3
3
3
3
3
3
3
3
3
3
3
3
3
3
3
3
3
3
3
3
3
3
3
3
3
3
3
3
3
3
3
3
3
3
3
3
3
3
3
3
3
3
3
3
3
3
3
3
3
3
3
3
3
3
3
3
3
3
3
3
3
3
3
3
3
3
3
3
3
3
3
3
3
3
3
3
3
3
3
3
3
3
3
3
3
3
3
3
3
3
3
3
3
3
3
3
3
3
3
3
3
3
3
3
3
3
3
3
3
3
3
3
3
3
3
3
3
3
3
3
3
3
3
3
3
3
3
3
3
3
3
3
3
3
3
3
3
3
3
3
3
3
3
3
3
3
3
3
3
3
3
3
3
3
3
3
3
3
3
3
3
3
3
3
3
3
3
3
3
3
3
3
3
3
3
3
3
3
3
3
3
3
3
3
3
3
3
3
3
3
3
3
3
3
3
3
3
3
3
3
3
3
3
3
3
3
3
3
3
3
3
3
3
3
3
3
3
3
3
3
3
3
3
3
3
3
3
3
3
3
3
3
3
3
3
3
3
3
3
3
3
3
3
3
3
3
3
3
3
3
3
3
3
3
3
3
3
3
3
3
3
3
3
3
3
3
3
3
3
3
3
3
3
3
3
3
3
3
3
3
3
3
3
3
3
3
3
3
3
3
3
3
3
3
3
3
3
3
3
3
3
3
3
3
3
3
3
3
3
3
3
3
3
3
3
3
3
3
3
3
3
3
3
3
3
3
3
3
3
3
3
3
3
3
3
3
3
3
3
3
3
3
3
3
3
3
3
3
3
3
3
3
3
3
3
3
3
3
3
3
3
3
3
3
3
3
3
3
3
3
3
3
3
3
3
3
3
3
3
3
3
3
3
3
3
3
3
3
3
3
3
3
3
3
3
3
3
3
3
3
3
3
3
3
3
3
3
3
3
3
3
3
3
3
3
3
3
3
3
3
3
3
3
3
3
3
3
3
3
3
3
3
3
3
3
3
3
3
3
3
3
3
3
3
3
3
3
3
3
3
3
3
3
3
3
3
3
3
3
3
3
3
3
3
3
3
3
3
3
3
3
3
3
3
3
3
3
3
3
3
3
3
3
3
3
3
3
3
3
3
3
3
3
3
3
3
3
3
3
3
3
3
3
3
3
3
3
3
3
3
3
3
3
3
3
3
3
3
3
3
3
3
3
3
3
3
3
3
3
3
3
3
3
3
3
3
3
3
3
3
3
3
3
3
3
3
3
3
3
3
3
3
3
3
3
3
3
3
3
3
3
3
3
3
3
3
3
3
3
3
3
3
3
3
3
3
3
3
3
3
3
3
3
3
3
3
3
3
3
3
3
3
3
3
3
3
3
3
3
3
3
3
3
3
3
3
3
3
3
3
3
3
3
3
3
3
3
3
3
3
3
3
3
3
3
3
3
3
3
3
3
3
3
3
3
3
3
3
3
3
3
3
3
3
3
3
3
3
3
3
3
3
3
3
3
3
3
3
3
3
3
3
3
3
3
3
3
3
3
3
3
3
3
3
3
3
3
3
3
3
3
3
3
3
3
3
3
3
3
3
3
3
3
3
3
3
3
3
3
3
3
3
3
3
3
3
3
3
3
3
3
3
3
3
3
3
3
3
3
3
3
3
3
3
3
3
3
3
3
3
3
3
3
3
3
3
3
3
3
3
3
3
3
3
3
3
3
3
3
3
3
3
3
3
3
3
3
3
3
3
3
3
3
3
3
3
3
3
3
3
3
3
3
3
3
3
3
3
3
3
3
3
3
3
3
3
3
3
3
3
3
3
3
3
3
3
3
3
3
3
3
3
3
3
3
3
3
3
3
3
3
3
3
3
3
3
3
3
3
3
3
3
3
3
3
3
3
3
3
3
3
3
3
3
3
3
3
3
3
3
3
3
3
3
3
3
3
3
3
3
3
3
3
3
3
3
3
3
3
3
3
3
3
3
3
3
3
3
3
3
3
3
3
3
3
3
3
3
3
3
3
3
3
3
3
3
3
3
3
3
3
3
3
3
3
3
3
3
3
3
3
3
3
3
3
3
3
3
3
3
3
3
3
3
3
3
3
3
3
3
3
3
3
3
3
3
3
3
3
3
3
3
3
3
3
3
3
3
3
3
3
3
3
3
3
3
3
3
3
3
3
3
3
3
3
3
3
3
3
3
3
3
3
3
3
3
3
3
3
3
3
3
3
3
3
3
3
3
3
3
3
3
3
3
3
3
3
3
3
3
3
3
3
3
3
3
3
3
3
3
3
3
3
3
3
3
3
3
3
3
3
3
3
3
3
3
3
3
3
3
3
3
3
3
3
3
3
3
3
3
3
3
3
3
3
3
3
3
3
3
3
3
3
3
3
3
3
3
3
3
3
3
3
3
3
3
3
3
3
3
3
3
3
3
3
3
3
3
3
3
3
3
3
3
3
3
3
3
3
3
3
3
3
3
3
3
3
3
3
3
3
3
3
3
3
3
3
3
3
3
3
3
3
3
3
3
3
3
3
3
3
3
3
3
3
3
3
3
3
3
3
3
3
3
3
3
3
3
3
3
3
3
3
3
3
3
3
3
3
3
3
3
3
3
3
3
3
3
3
3
3
3
3
3
3
3
3
3
3
3
3
3
3
3
3
3
3
3
3
3
3
3
3
3
3
3
3
3
3
3
3
3
3
3
3
3
3
3
3
3
3
3
3
3
3
3
3
3
3
3
3
3
3
3
3
3
3
3
3
3
3
3
3
3
3
3
3
3
3
3
3
3
3
3
3
3
3
3
3
3
3
3
3
3
3
3
3
3
3
3
3
3
3
3
3
3
3
3
3
3
3
3
3
3
3
3
3
3
3
3
3
3
3
3
3
3
3
3
3
3
3
3
3
3
3
3
3
3
3
3
3
3
3
3
3
3
3
3
3
3
3
3
3
3
3
3
3
3
3
3
3
3
3
3
3
3
3
3
3
3
3
3
3
3
3
3
3
3
3
3
3
3
3
3
3
3
3
3
3
3
3
3
3
3
3
3
3
3
3
3
3
3
3
3
3
3
3
3
3
3
3
3
3
3
3
3
3
3
3
3
3
3
3
3
3
3
3
3
3
3
3
3
3
3
3
3
3
3
3
3
3
3
3
3
3
3
3
3
3
3
3
3
3
3
3
3
3
3
3
3
3
3
3
3
3
3
3
3
3
3
3
3
3
3
3
3
3
3
3
3
3
3
3
3
3
3
3
3
3
3
3
3
3
3
3
3
3
3
3
3
3
3
3
3
3
3
3
3
3
3
3
3
3
3
3
3
3
3
3
3
3
3
3
3
3
3
3
3
3
3
3
3
3
3
3
3
3
3
3
3
3
3
3
3
3
3
3
3
3
3
3
3
3
3
3
3
3
3
3
3
3
3
3
3
3
3
3
3
3
3
3
3
3
3
3
3
3
3
3
3
3
3
3
3
3
3
3
3
3
3
3
3
3
3
3
3
3
3
3
3
3
3
3
3
3
3
3
3
3
3
3
3
3
3
3
3
3
3
3
3
3
3
3
3
3
3
3
3
3
3
3
3
3
3
3
3
3
3
3
3
3
3
3
3
3
3
3
3
3
3
3
3
3
3
3
3
3
3
3
3
3
3
3
3
3
3
3
3
3
3
3
3
3
3
3
3
3
3
3
3
3
3
3
3
3
3
3
3
3
3
3
3
3
3
3
3
3
3
3
3
3
3
3
3
3
3
3
3
3
3
3
3
3
3
3
3
3
3
3
3
3
3
3
3
3
3
3
3
3
3
3
3
3
3
3
3
3
3
3
3
3
3
3
3
3
3
3
3
3
3
3
3
3
3
3
3
3
3
3
3
3
3
3
3
3
3
3
3
3
3
3
3
3
3
3
3
3
3
3
3
3
3
3
3
3
3
3
3
3
3
3
3
3
3
3
3
3
3
3
3
3
3
3
3
3
3
3
3
3
3
3
3
3
3
3
3
3
3
3
3
3
3
3
3
3
3
3
3
3
3
3
3
3
3
3
3
3
3
3
3
3
3
3
3
3
3
3
3
3
3
3
3
3
3
3
3
3
3
3
3
3
3
3
3
3
3
3
3
3
3
3
3
3
3
3
3
3
3
3
3
3
3
3
3
3
3
3
3
3
3
3
3
3
3
3
3
3
3
3
3
3
3
3
3
3
3
3
3
3
3
3
3
3
3
3
3
3
3
3
3
3
3
3
3
3
3
3
3
3
3
3
3
3
3
3
3
3
3
3
3
3
3
3
3
3
3
3
3
3
3
3
3
3
3
3
3
3
3
3
3
3
3
3
3
3
3
3
3
3
3
3
3
3
3
3
3
3
3
3
3
3
3
3
3
3
3
3
3
3
3
3
3
3
3
3
3
3
3
3
3
3
3
3
3
3
3
3
3
3
3
3
3
3
3
3
3
3
3
3
3
3
3
3
3
3
3
3
3
3
3
3
3
3
3
3
3
3
3
3
3
3
3
3
3
3
3
3
3
3
3
3
3
3
3
3
3
3
3
3
3
3
3
3
3
3
3
3
3
3
3
3
3
3
3
3
3
3
3
3
3
3
3
3
3
3
3
3
3
3
3
3
3
3
3
3
3
3
3
3
3
3
3
3
3
3
3
3
3
3
3
3
3
3
3
3
3
3
3
3
3
3
3
3
3
3
3
3
3
3
3
3
3
3
3
3
3
3
3
3
3
3
3
3
3
3
3
3
3
3
3
3
3
3
3
3
3
3
3
3
3
3
3
3
3
3
3
3
3
3
3
3
3
3
3
3
3
3
3
3
3
3
3
3
3
3
3
3
3
3
3
3
3
3
3
3
3
3
3
3
3
3
3
3
3
3
3
3
3
3
3
3
3
3
3
3
3
3
3
3
3
3
3
3
3
3
3
3
3
3
3
3
3
3
3
3
3
3
3
3
3
3
3
3
3
3
3
3
3
3
3
3
3
3
3
3
3
3
3
3
3
3
3
3
3
3
3
3
3
3
3
3
3
3
3
3
3
3
3
3
3
3
3
3
3
3
3
3
3
3
3
3
3
3
3
3
3
3
3
3
3
3
3
3
3
3
3
3
3
3
3
3
3
3
3
3
3
3
3
3
3
3
3
3
3
3
3
3
3
3
3
3
3
3
3
3
3
3
3
3
3
3
3
3
3
3
3
3
3
3
3
3
3
3
3
3
3
3
3
3
3
3
3
3
3
3
3
3
3
3
3
3
3
3
3
3
3
3
3
3
3
3
3
3
3
3
3
3
3
3
3
3
3
3
3
3
3
3
3
3
3
3
3
3
3
3
3
3
3
3
3
3
3
3
3
3
3
3
3
3
3
3
3
3
3
3
3
3
3
3
3
3
3
3
3
3
3
3
3
3
3
3
3
3
3
3
3
3
3
3
3
3
3
3
3
3
3
3
3
3
3
3
3
3
3
3
3
3
3
3
3
3
3
3
3
3
3
3
3
3
3
3
3
3
3
3
3
3
3
3
3
3
3
3
3
3
3
3
3
3
3
3
3
3
3
3
3
3
3
3
3
3
3
3
3
3
3
3
3
3
3
3
3
3
3
3
3
3
3
3
3
3
3
3
3
3
3
3
3
3
3
3
3
3
3
3
3
3
3
3
3
3
3
3
3
3
3
3
3
3
3
3
3
3
3
3
3
3
3
3
3
3
3
3
3
3
3
3
3
3
3
3
3
3
3
3
3
3
3
3
3
3
3
3
3
3
3
3
3
3
3
3
3
3
3
3
3
3
3
3
3
3
3
3
3
3
3
3
3
3
3
3
3
3
3
3
3
3
3
3
3
3
3
3
3
3
3
3
3
3
3
3
3
3
3
3
3
3
3
3
3
3
3
3
3
3
3
3
3
3
3
3
3
3
3
3
3
3
3
3
3
3
3
3
3
3
3
3
3
3
3
3
3
3
3
3
3
3
3
3
3
3
3
3
3
3
3
3
3
3
3
3
3
3
3
3
3
3
3
3
3
3
3
3
3
3
3
3
3
3
3
3
3
3
3
3
3
3
3
3
3
3
3
3
3
3
3
3
3
3
3
3
3
3
3
3
3
3
3
3
3
3
3
3
3
3
3
3
3
3
3
3
3
3
3
3
3
3
3
3
3
3
3
3
3
3
3
3
3
3
3
3
3
3
3
3
3
3
3
3
3
3
3
3
3
3
3
3
3
3
3
3
3
3
3
3
3
3
3
3
3
3
3
3
3
3
3
3
3
3
3
3
3
3
3
3
3
3
3
3
3
3
3
3
3
3
3
3
3
3
3
3
3
3
3
3
3
3
3
3
3
3
3
3
3
3
3
3
3
3
3
3
3
3
3
3
3
3
3
3
3
3
3
3
3
3
3
3
3
3
3
3
3
3
3
3
3
3
3
3
3
3
3
3
3
3
3
3
3
3
3
3
3
3
3
3
3
3
3
3
3
3
3
3
3
3
3
3
3
3
3
3
3
3
3
3
3
3
3
3
3
3
3
3
3
3
3
3
3
3
3
3
3
3
3
3
3
3
3
3
3
3
3
3
3
3
3
3
3
3
3
3
3
3
3
3
3
3
3
3
3
3
3
3
3
3
3
3
3
3
3
3
3
3
3
3
3
3
3
3
3
3
3
3
3
3
3
3
3
3
3
3
3
3
3
3
3
3
3
3
3
3
3
3
3
3
3
3
3
3
3
3
3
3
3
3
3
3
3
3
3
3
3
3
3
3
3
3
3
3
3
3
3
3
3
3
3
3
3
3
3
3
3
3
3
3
3
3
3
3
3
3
3
3
3
3
3
3
3
3
3
3
3
3
3
3
3
3
3
3
3
3
3
3
3
3
3
3
3
3
3
3
3
3
3
3
3
3
3
3
3
3
3
3
3
3
3
3
3
3
3
3
3
3
3
3
3
3
3
3
3
3
3
3
3
3
3
3
3
3
3
3
3
3
3
3
3
3
3
3
3
3
3
3
3
3
3
3
3
3
3
3
3
3
3
3
3
3
3
3
3
3
3
3
3
3
3
3
3
3
3
3
3
3
3
3
3
3
3
3
3
3
3
3
3
3
3
3
3
3
3
3
3
3
3
3
3
3
3
3
3
3
3
3
3
3
3
3
3
3
3
3
3
3
3
3
3
3
3
3
3
3
3
3
3
3
3
3
3
3
3
3
3
3
3
3
3
3
3
3
3
3
3
3
3
3
3
3
3
3
3
3
3
3
3
3
3
3
3
3
3
3
3
3
3
3
3
3
3
3
3
3
3
3
3
3
3
3
3
3
3
3
3
3
3
3
3
3
3
3
3
3
3
3
3
3
3
3
3
3
3
3
3
3
3
3
3
3
3
3
3
3
3
3
3
3
3
3
3
3
3
3
3
3
3
3
3
3
3
3
3
3
3
3
3
3
3
3
3
3
3
3
3
3
3
3
3
3
3
3
3
3
3
3
3
3
3
3
3
3
3
3
3
3
3
3
3
3
3
3
3
3
3
3
3
3
3
3
3
3
3
3
3
3
3
3
3
3
3
3
3
3
3
3
3
3
3
3
3
3
3
3
3
3
3
3
3
3
3
3
3
3
3
3
3
3
3
3
3
3
3
3
3
3
3
3
3
3
3
3
3
3
3
3
3
3
3
3
3
3
3
3
3
3
3
3
3
3
3
3
3
3
3
3
3
3
3
3
3
3
3
3
3
3
3
3
3
3
3
3
3
3
3
3
3
3
3
3
3
3
3
3
3
3
3
3
3
3
3
3
3
3
3
3
3
3
3
3
3
3
3
3
3
3
3
3
3
3
3
3
3
3
3
3
3
3
3
3
3
3
3
3
3
3
3
3
3
3
3
3
3
3
3
3
3
3
3
3
3
3
3
3
3
3
3
3
3
3
3
3
3
3
3
3
3
3
3
3
3
3
3
3
3
3
3
3
3
3
3
3
3
3
3
3
3
3
3
3
3
3
3
3
3
3
3
3
3
3
3
3
3
3
3
3
3
3
3
3
3
3
3
3
3
3
3
3
3
3
3
3
3
3
3
3
3
3
3
3
3
3
3
3
3
3
3
3
3
3
3
3
3
3
3
3
3
3
3
3
3
3
3
3
3
3
3
3
3
3
3
3
3
3
3
3
3
3
3
3
3
3
3
3
3
3
3
3
3
3
3
3
3
3
3
3
3
3
3
3
3
3
3
3
3
3
3
3
3
3
3
3
3
3
3
3
3
3
3
3
3
3
3
3
3
3
3
3
3
3
3
3
3
3
3
3
3
3
3
3
3
3
3
3
3
3
3
3
3
3
3
3
3
3
3
3
3
3
3
3
3
3
3
3
3
3
3
3
3
3
3
3
3
3
3
3
3
3
3
3
3
3
3
3
3
3
3
3
3
3
3
3
3
3
3
3
3
3
3
3
3
3
3
3
3
3
3
3
3
3
3
3
3
3
3
3
3
3
3
3
3
3
3
3
3
3
3
3
3
3
3
3
3
3
3
3
3
3
3
3
3
3
3
3
3
3
3
3
3
3
3
3
3
3
3
3
3
3
3
3
3
3
3
3
3
3
3
3
3
3
3
3
3
3
3
3
3
3
3
3
3
3
3
3
3
3
3
3
3
3
3
3
3
3
3
3
3
3
3
3
3
3
3
3
3
3
3
3
3
3
3
3
3
3
3
3
3
3
3
3
3
3
3
3
3
3
3
3
3
3
3
3
3
3
3
3
3
3
3
3
3
3
3
3
3
3
3
3
3
3
3
3
3
3
3
3
3
3
3
3
3
3
3
3
3
3
3
3
3
3
3
3
3
3
3
3
3
3
3
3
3
3
3
3
3
3
3
3
3
3
3
3
3
3
3
3
3
3
3
3
3
3
3
3
3
3
3
3
3
3
3
3
3
3
3
3
3
3
3
3
3
3
3
3
3
3
3
3
3
3
3
3
3
3
3
3
3
3
3
3
3
3
3
3
3
3
3
3
3
3
3
3
3
3
3
3
3
3
3
3
3
3
3
3
3
3
3
3
3
3
3
3
3
3
3
3
3
3
3
3
3
3
3
3
3
3
3
3
3
3
3
3
3
3
3
3
3
3
3
3
3
3
3
3
3
3
3
3
3
3
3
3
3
3
3
3
3
3
3
3
3
3
3
3
3
3
3
3
3
3
3
3
3
3
3
3
3
3
3
3
3
3
3
3
3
3
3
3
3
3
3
3
3
3
3
3
3
3
3
3
3
3
3
3
3
3
3
3
3
3
3
3
3
3
3
3
3
3
3
3
3
3
3
3
3
3
3
3
3
3
3
3
3
3
3
3
3
3
3
3
3
3
3
3
3
3
3
3
3
3
3
3
3
3
3
3
3
3
3
3
3
3
3
3
3
3
3
3
3
3
3
3
3
3
3
3
3
3
3
3
3
3
3
3
3
3
3
3
3
3
3
3
3
3
3
3
3
3
3
3
3
3
3
3
3
3
3
3
3
3
3
3
3
3
3
3
3
3
3
3
3
3
3
3
3
3
3
3
3
3
3
3
3
3
3
3
3
3
3
3
3
3
3
3
3
3
3
3
3
3
3
3
3
3
3
3
3
3
3
3
3
3
3
3
3
3
3
3
3
3
3
3
3
3
3
3
3
3
3
3
3
3
3
3
3
3
3
3
3
3
3
3
3
3
3
3
3
3
3
3
3
3
3
3
3
3
3
3
3
3
3
3
3
3
3
3
3
3
3
3
3
3
3
3
3
3
3
3
3
3
3
3
3
3
3
3
3
3
3
3
3
3
3
3
3
3
3
3
3
3
3
3
3
3
3
3
3
3
3
3
3
3
3
3
3
3
3
3
3
3
3
3
3
3
3
3
3
3
3
3
3
3
3
3
3
3
3
3
3
3
3
3
3
3
3
3
3
3
3
3
3
3
3
3
3
3
3
3
3
3
3
3
3
3
3
3
3
3
3
3
3
3
3
3
3
3
3
3
3
3
3
3
3
3
3
3
3
3
3
3
3
3
3
3
3
3
3
3
3
3
3
3
3
3
3
3
3
3
3
3
3
3
3
3
3
3
3
3
3
3
3
3
3
3
3
3
3
3
3
3
3
3
3
3
3
3
3
3
3
3
3
3
3
3
3
3
3
3
3
3
3
3
3
3
3
3
3
3
3
3
3
3
3
3
3
3
3
3
3
3
3
3
3
3
3
3
3
3
3
3
3
3
3
3
3
3
3
3
3
3
3
3
3
3
3
3
3
3
3
3
3
3
3
3
3
3
3
3
3
3
3
3
3
3
3
3
3
3
3
3
3
3
3
3
3
3
3
3
3
3
3
3
3
3
3
3
3
3
3
3
3
3
3
3
3
3
3
3
3
3
3
3
3
3
3
3
3
3
3
3
3
3
3
3
3
3
3
3
3
3
3
3
3
3
3
3
3
3
3
3
3
