8110 4096 4
1.000000 1.000000
0.966255 1.000000
0.965065 0.977971
0.976908 0.966700
1.000000 0.968485
1.000000 0.934091
0.929946 1.000000
0.930986 0.975309
0.942813 0.967999
0.945290 0.947353
0.967829 0.940257
0.970724 0.935290
0.965854 0.918784
0.978321 0.901834
1.000000 0.902532
1.000000 0.868325
0.896959 1.000000
0.864312 1.000000
0.911994 0.965595
0.897259 0.973628
1.000000 0.837270
0.931426 0.935955
0.913229 0.943656
0.934227 0.916444
0.943216 0.911045
0.946790 0.887558
0.967175 0.883554
0.973577 0.869618
0.965072 0.854586
0.972446 0.837287
0.880606 0.964951
0.864206 0.973440
1.000000 0.805450
0.831162 1.000000
0.848681 0.964994
0.831109 0.974288
0.797727 1.000000
0.880753 0.941818
0.898196 0.934142
0.964817 0.824128
0.973009 0.805138
0.899867 0.910910
0.912515 0.904807
0.916701 0.882433
0.935352 0.877191
0.939879 0.855481
0.940299 0.823667
0.934170 0.847866
0.866793 0.933891
0.847977 0.942921
0.965164 0.792256
0.974412 0.772220
1.000000 0.772490
0.763960 1.000000
0.815034 0.964900
0.797556 0.974464
0.814988 0.945064
0.834113 0.934938
0.781497 0.965295
0.763526 0.975424
0.883296 0.902332
0.865930 0.910592
0.934059 0.815299
0.942349 0.791203
0.935528 0.781533
0.883324 0.876480
0.901972 0.870360
0.907143 0.847380
0.901645 0.839634
0.912561 0.814318
0.832593 0.914007
0.852199 0.903236
0.945101 0.757920
0.965415 0.758550
0.975553 0.738187
1.000000 0.738259
0.747801 0.966045
0.729225 0.977065
0.728561 1.000000
0.695053 1.000000
0.798875 0.934792
0.780892 0.944656
0.799301 0.917188
0.818298 0.905960
0.746623 0.946427
0.765966 0.936334
0.734345 0.938946
0.936816 0.746839
0.871686 0.869731
0.849714 0.881843
0.915951 0.746225
0.906767 0.767522
0.902949 0.801356
0.914216 0.779858
0.881534 0.836329
0.868316 0.850224
0.887473 0.801026
0.874677 0.817283
0.816094 0.885470
0.836628 0.874612
0.805452 0.879325
0.946193 0.723436
0.965297 0.723431
0.975781 0.703214
1.000000 0.703028
0.936922 0.712067
0.710305 0.963811
0.711865 0.950411
0.694428 0.973509
0.677529 0.965876
0.660638 0.977631
0.660178 1.000000
0.626467 1.000000
0.596697 1.000000
0.764740 0.914058
0.780517 0.904127
0.781895 0.890229
0.746471 0.906589
0.731606 0.920152
0.697847 0.935032
0.709434 0.912408
0.907447 0.734169
0.917157 0.712467
0.888662 0.733346
0.834336 0.852408
0.845579 0.843151
0.881146 0.765832
0.876576 0.756164
0.844240 0.820523
0.874791 0.781046
0.851676 0.786962
0.853307 0.813080
0.813680 0.846511
0.768926 0.875837
0.801410 0.857335
0.781572 0.852665
0.945548 0.687985
0.964599 0.687341
0.974851 0.667903
1.000000 0.667299
0.936514 0.677889
0.906771 0.698792
0.913549 0.680030
0.563351 1.000000
0.679679 0.936302
0.673999 0.944010
0.646633 0.943906
0.639580 0.964204
0.628349 0.968939
0.612422 0.961939
0.595083 0.972139
0.578664 0.964774
0.562306 0.975491
0.742745 0.889799
0.753533 0.875763
0.706298 0.904945
0.718043 0.884384
0.683765 0.898976
0.671057 0.913766
0.885692 0.701222
0.879255 0.720203
0.854866 0.749374
0.853738 0.722772
0.809839 0.824387
0.821307 0.814088
0.841049 0.758948
0.818824 0.791739
0.843311 0.781227
0.743544 0.855795
0.787544 0.819382
0.756120 0.839626
0.775736 0.842292
0.783111 0.811003
1.000000 0.632605
0.941925 0.652277
0.963147 0.650466
0.972472 0.632559
0.934927 0.645602
0.903067 0.665288
0.908003 0.650728
0.874507 0.687438
0.881022 0.669131
0.545468 0.967059
0.528526 0.978778
0.528035 1.000000
0.494498 1.000000
0.638652 0.929880
0.652259 0.911062
0.621276 0.927420
0.609074 0.938408
0.587238 0.933217
0.576239 0.943353
0.553525 0.937591
0.543276 0.948746
0.725260 0.853722
0.713432 0.872697
0.718482 0.840685
0.678791 0.881945
0.690921 0.867707
0.658290 0.877236
0.644319 0.893169
0.848057 0.717892
0.855203 0.690225
0.834754 0.718348
0.822918 0.751145
0.819792 0.736932
0.807182 0.784270
0.788144 0.792759
0.806340 0.765030
0.746786 0.819143
0.729588 0.820449
0.753663 0.809021
0.750325 0.791091
0.768568 0.775353
1.000000 0.597676
0.963157 0.615647
0.975249 0.596916
0.942424 0.613781
0.934400 0.621882
0.843285 0.679356
0.907398 0.616902
0.898224 0.634261
0.868590 0.653134
0.876305 0.634868
0.848305 0.656431
1.000000 0.560880
0.462558 1.000000
0.516783 0.942513
0.509454 0.965885
0.495577 0.971157
0.482201 0.963811
0.462758 0.974323
0.430070 1.000000
0.613831 0.903184
0.627389 0.890157
0.583501 0.911223
0.595103 0.899940
0.549845 0.919428
0.561326 0.906273
0.513531 0.936107
0.526537 0.913785
0.686116 0.849582
0.697526 0.836955
0.714088 0.802966
0.692837 0.817963
0.665537 0.844800
0.652332 0.858324
0.634166 0.854263
0.619905 0.867858
0.399405 1.000000
0.365896 1.000000
0.823129 0.684181
0.818934 0.700153
0.798626 0.707918
0.797883 0.727592
0.784826 0.737076
0.784772 0.754033
0.768866 0.766838
0.714689 0.794586
0.730917 0.782201
0.748224 0.752334
0.730215 0.764540
0.964864 0.578738
0.977697 0.560340
0.936150 0.589705
0.946808 0.577500
0.914583 0.587130
0.902335 0.603315
0.810726 0.670966
0.836412 0.644973
0.812583 0.654701
0.865884 0.618023
0.883334 0.599029
0.837125 0.631079
0.858241 0.616533
1.000000 0.522316
0.966160 0.541960
0.979503 0.522999
1.000000 0.485872
1.000000 0.452565
0.431023 0.968509
0.445327 0.963561
0.493227 0.930721
0.479510 0.944214
0.452769 0.935258
0.418142 0.961861
0.398229 0.972085
0.602672 0.864422
0.589099 0.877516
0.487576 0.912220
0.534904 0.882769
0.556655 0.888149
0.569642 0.873383
0.521340 0.901108
0.501368 0.896353
0.677783 0.811076
0.660685 0.824891
0.674856 0.794155
0.693887 0.779515
0.643662 0.818949
0.627750 0.832627
0.611372 0.828350
0.595783 0.842591
0.382712 0.963858
0.365201 0.974252
0.348433 0.965463
0.331342 0.976313
0.331386 1.000000
0.297171 1.000000
0.786207 0.679399
0.785123 0.697401
0.765143 0.706818
0.764223 0.726200
0.748677 0.736083
0.711219 0.752920
0.693485 0.765271
0.730677 0.725402
0.711367 0.737720
0.938193 0.555868
0.949747 0.541035
0.907248 0.567451
0.917951 0.554269
0.887127 0.565463
0.875789 0.580306
0.775471 0.668903
0.778071 0.649162
0.799246 0.642134
0.802272 0.621540
0.819614 0.616462
0.854429 0.578309
0.845015 0.593005
0.826296 0.595188
0.963387 0.502099
0.974160 0.486436
0.954357 0.503277
0.940439 0.522451
1.000000 0.417797
0.963993 0.464773
0.970986 0.451882
0.964817 0.436922
0.978372 0.417420
0.414890 0.939297
0.432536 0.926433
0.451676 0.933200
0.466227 0.907011
0.397060 0.931889
0.381364 0.943558
0.460370 0.895110
0.577946 0.838310
0.563637 0.855336
0.476571 0.874173
0.495048 0.878652
0.509596 0.862217
0.543357 0.850740
0.529572 0.867353
0.639476 0.799577
0.657437 0.785026
0.655211 0.769173
0.675664 0.754739
0.604699 0.806770
0.621525 0.792308
0.586267 0.801727
0.572009 0.823355
0.361385 0.934649
0.346955 0.945345
0.313212 0.949221
0.329004 0.938061
0.312764 0.965357
0.297311 0.975313
0.278472 0.965659
0.264364 0.973584
0.263911 1.000000
0.749129 0.695290
0.750773 0.675176
0.729394 0.705087
0.717288 0.698119
0.673385 0.736381
0.692046 0.723093
0.692564 0.713016
0.910097 0.532085
0.922112 0.520167
0.894014 0.529707
0.878606 0.545255
0.846530 0.560383
0.864377 0.542474
0.742179 0.666575
0.791164 0.612300
0.763944 0.636288
0.746967 0.642215
0.767567 0.619134
0.812038 0.579868
0.791526 0.591618
0.812664 0.573726
0.834634 0.557050
0.937005 0.468461
0.934134 0.484393
0.915605 0.495929
1.000000 0.350276
1.000000 0.381146
0.973121 0.383470
0.965672 0.399156
0.930817 0.460292
0.941956 0.430398
0.935838 0.433703
0.946440 0.402577
0.394430 0.912342
0.409747 0.899212
0.427072 0.904721
0.443744 0.890424
0.373638 0.904171
0.360394 0.915975
0.437151 0.869772
0.469220 0.858150
0.453645 0.854849
0.549382 0.818010
0.537184 0.832533
0.503750 0.844556
0.484586 0.839443
0.518019 0.829150
0.582079 0.793372
0.617983 0.773373
0.639078 0.759191
0.656968 0.728904
0.637631 0.744727
0.602916 0.765381
0.590173 0.769718
0.545060 0.800265
0.555103 0.787730
0.479318 0.825711
0.334744 0.905892
0.325942 0.916008
0.299440 0.914148
0.279925 0.942223
0.293335 0.936522
0.262850 0.932870
0.243830 0.950688
0.245260 0.964141
0.231482 0.975654
0.231987 1.000000
0.201336 1.000000
1.000000 0.317587
1.000000 0.282853
0.719600 0.668191
0.712360 0.678492
0.678251 0.696715
0.687958 0.676631
0.660337 0.698148
0.652117 0.711104
0.902193 0.491643
0.884453 0.507307
0.854979 0.522935
0.870145 0.504616
0.837526 0.520635
0.825497 0.535945
0.727833 0.629118
0.710988 0.646363
0.755450 0.604430
0.771026 0.579991
0.743529 0.603807
0.727080 0.622651
0.795792 0.553789
0.781733 0.555158
0.769782 0.575936
0.806930 0.534719
0.894852 0.469475
0.902534 0.459430
0.973902 0.316768
0.961687 0.337475
0.961348 0.364496
0.967080 0.349715
0.937205 0.370430
0.897726 0.435984
0.912787 0.400711
0.934994 0.393410
0.914452 0.424793
0.371507 0.886545
0.388325 0.873739
0.404820 0.878964
0.420662 0.864770
0.333889 0.893442
0.354311 0.877693
0.351836 0.863001
0.415812 0.847404
0.444268 0.831152
0.432668 0.829575
0.457619 0.819457
0.509640 0.806560
0.519947 0.795122
0.493160 0.805771
0.570693 0.756126
0.551969 0.770588
0.605954 0.736489
0.617825 0.732042
0.624930 0.709073
0.590548 0.729051
0.570129 0.742967
0.517103 0.775436
0.535056 0.762150
0.455493 0.798005
0.480333 0.788031
0.260487 0.923423
0.319042 0.881850
0.291617 0.902109
0.297493 0.888007
0.273276 0.903757
0.237391 0.913115
0.222507 0.926620
0.223513 0.938418
0.205636 0.954888
0.206195 0.965999
0.199660 0.973662
0.171571 0.973244
0.169610 1.000000
0.962834 0.297666
0.974717 0.282441
0.951160 0.297255
1.000000 0.248348
1.000000 0.218705
0.964917 0.259001
0.971116 0.249859
0.679960 0.661992
0.693234 0.643082
0.662200 0.660010
0.649586 0.678388
0.618357 0.698065
0.631205 0.677090
0.872193 0.468527
0.861594 0.488222
0.686443 0.628031
0.839075 0.486677
0.829316 0.502404
0.806569 0.501329
0.797722 0.519244
0.702259 0.606233
0.729302 0.580945
0.746673 0.566816
0.723995 0.580244
0.775535 0.520004
0.743944 0.542666
0.768553 0.537975
0.881583 0.429424
0.869447 0.435306
0.863081 0.454024
0.938766 0.331232
0.934716 0.313592
0.916890 0.306521
0.924160 0.346033
0.924318 0.359207
0.881909 0.403067
0.901022 0.371665
0.902704 0.394458
0.382642 0.849680
0.369894 0.846559
0.395958 0.840187
0.332251 0.852899
0.321623 0.858317
0.360279 0.827769
0.335956 0.830973
0.395823 0.817606
0.420371 0.811109
0.424783 0.796496
0.444151 0.789986
0.482979 0.775358
0.499206 0.766712
0.533008 0.744773
0.552885 0.731114
0.600494 0.695337
0.586181 0.709057
0.552060 0.717264
0.568807 0.704036
0.516864 0.735372
0.500027 0.743788
0.446091 0.767540
0.464107 0.759603
0.256839 0.883866
0.236189 0.897922
0.301546 0.849524
0.286116 0.867999
0.258042 0.875357
0.269684 0.866013
0.202659 0.915562
0.219334 0.887528
0.201922 0.899554
0.185779 0.940491
0.185412 0.928382
0.165513 0.956331
0.165048 0.965361
0.139435 0.975718
0.139654 1.000000
0.168079 0.916906
0.941175 0.261632
0.935525 0.274345
0.915685 0.281334
1.000000 0.186667
1.000000 0.155937
0.962831 0.223738
0.969532 0.216972
0.968491 0.187892
0.945276 0.223015
0.930773 0.243812
1.000000 0.121206
0.653167 0.643959
0.665042 0.623450
0.634095 0.642778
0.621812 0.660538
0.603185 0.658804
0.592340 0.673615
0.660637 0.614213
0.830959 0.468617
0.838502 0.455877
0.670058 0.592223
0.684094 0.589357
0.808170 0.468479
0.798938 0.487277
0.766798 0.507083
0.774717 0.485984
0.710272 0.564020
0.691270 0.566528
0.717458 0.543727
0.741170 0.540621
0.739501 0.508003
0.868121 0.394931
0.845251 0.408357
0.845103 0.418517
0.829342 0.434048
0.897784 0.330661
0.900211 0.316246
0.902995 0.274497
0.879344 0.296606
0.886485 0.338878
0.886942 0.363194
0.865661 0.373148
0.856349 0.367737
0.298671 0.839704
0.386225 0.809459
0.366340 0.813777
0.326717 0.820378
0.309424 0.822048
0.352831 0.796437
0.333460 0.800705
0.389942 0.786890
0.409386 0.780777
0.413788 0.762635
0.429917 0.756222
0.467318 0.741246
0.483046 0.733831
0.517627 0.713626
0.534178 0.706140
0.567152 0.672217
0.536746 0.683761
0.562152 0.679750
0.502628 0.704090
0.484935 0.712104
0.448896 0.728124
0.433255 0.735267
0.562531 0.654654
0.234011 0.859644
0.218808 0.872462
0.264848 0.837458
0.273032 0.831575
0.250438 0.835199
0.234252 0.848816
0.184892 0.889670
0.167578 0.899476
0.154477 0.891524
0.197552 0.861339
0.185145 0.869950
0.147782 0.929460
0.146909 0.937752
0.126637 0.950996
0.126188 0.965224
0.106679 0.975659
0.106433 1.000000
0.131429 0.912365
0.133290 0.901229
1.000000 0.082965
1.000000 0.043088
0.913367 0.241700
0.898456 0.261253
0.964059 0.183655
0.971600 0.155141
0.964105 0.145648
0.975543 0.120517
0.931976 0.203939
0.945794 0.183872
0.918532 0.203839
0.903875 0.223847
0.965209 0.107305
0.978686 0.082883
0.622854 0.621380
0.636020 0.608662
0.613111 0.620444
0.594865 0.641063
0.578634 0.636786
0.572675 0.622063
0.633428 0.586022
0.654975 0.578007
0.813002 0.431736
0.798861 0.452899
0.679462 0.554283
0.658343 0.559333
0.767098 0.473766
0.782269 0.451085
0.754029 0.471150
0.736923 0.505764
0.735450 0.487391
0.684072 0.534826
0.705419 0.529804
0.709994 0.512540
0.830002 0.394204
0.834208 0.375613
0.803531 0.415951
0.810105 0.399450
0.877985 0.254836
0.860366 0.311052
0.863804 0.332298
0.874538 0.296364
0.861342 0.273770
0.852571 0.342578
0.831017 0.338800
0.818884 0.359667
0.275846 0.810147
0.295904 0.803596
0.376008 0.774997
0.358575 0.780110
0.319860 0.785104
0.300256 0.790961
0.343557 0.764339
0.324510 0.770466
0.380570 0.754585
0.396439 0.748592
0.400822 0.729120
0.414815 0.722710
0.451974 0.708745
0.468397 0.701089
0.526610 0.674066
0.503484 0.683345
0.527390 0.657746
0.542500 0.646807
0.470411 0.681519
0.489537 0.672626
0.418373 0.703266
0.433927 0.695847
0.540985 0.625419
0.553016 0.616727
0.262095 0.798324
0.198855 0.842745
0.213847 0.834772
0.242462 0.804086
0.239556 0.810364
0.217013 0.818436
0.120664 0.886446
0.163645 0.860734
0.130667 0.864901
0.152607 0.870099
0.162895 0.841783
0.182836 0.832488
0.073471 1.000000
0.041316 1.000000
0.108514 0.936743
0.109840 0.922839
0.091055 0.947350
0.089914 0.964889
0.073670 0.973911
0.100293 0.887623
0.096449 0.910098
0.965253 0.067872
0.978546 0.042310
0.970196 0.032918
0.978785 0.000000
1.000000 0.000000
0.885919 0.221278
0.872141 0.238921
0.945431 0.144214
0.931575 0.163776
0.948624 0.106189
0.935822 0.127333
0.902873 0.183223
0.918624 0.163854
0.894455 0.183202
0.877621 0.203768
0.951089 0.068229
0.938565 0.091820
0.922422 0.090433
0.621780 0.578581
0.610470 0.580950
0.598559 0.602179
0.586241 0.602823
0.551221 0.592250
0.570929 0.585139
0.627869 0.551594
0.646741 0.548082
0.779940 0.417866
0.772022 0.435212
0.652001 0.526333
0.671386 0.521639
0.750733 0.436661
0.743260 0.450926
0.716003 0.474663
0.721826 0.453337
0.702371 0.479925
0.697191 0.497252
0.676402 0.502610
0.795659 0.381533
0.805190 0.361050
0.776711 0.384171
0.769347 0.401130
0.851073 0.234255
0.838167 0.250802
0.848078 0.271743
0.830025 0.289737
0.823699 0.324176
0.835619 0.305328
0.817088 0.285203
0.800930 0.322178
0.792608 0.347074
0.286463 0.773905
0.267250 0.778340
0.363951 0.741626
0.348079 0.747569
0.309886 0.753254
0.292435 0.757958
0.332284 0.733644
0.315210 0.739611
0.368264 0.721740
0.381011 0.715499
0.384839 0.697024
0.399420 0.689716
0.436751 0.677514
0.453753 0.669206
0.507023 0.644913
0.490696 0.654653
0.522453 0.618139
0.508320 0.626789
0.472454 0.642734
0.455851 0.651647
0.402561 0.672321
0.418681 0.664107
0.521548 0.594500
0.541063 0.586462
0.254761 0.765463
0.236726 0.767783
0.229954 0.783593
0.201705 0.803172
0.183678 0.810548
0.205963 0.787402
0.152605 0.834476
0.095491 0.882376
0.124137 0.852649
0.098928 0.856798
0.127125 0.843743
0.168631 0.801557
0.150472 0.813945
0.056584 0.964962
0.040558 0.973936
0.025273 0.966253
0.007485 0.977447
0.006881 1.000000
0.073029 0.916754
0.070919 0.933909
0.056710 0.943008
0.064126 0.906689
0.069301 0.881945
0.065504 0.877190
-0.026235 1.000000
-0.057707 1.000000
0.939148 0.055410
0.942035 0.033851
0.946433 0.030515
0.946384 -0.000000
1.000000 -0.043088
0.978546 -0.042310
0.946433 -0.030515
0.970196 -0.032918
0.845110 0.217968
0.860044 0.199946
0.853590 0.184712
0.914217 0.125171
0.902743 0.140795
0.907730 0.106649
0.890669 0.142071
0.876879 0.163604
0.867941 0.164393
0.888078 0.100911
0.889236 0.072674
0.910251 0.066087
0.912207 0.062383
0.615374 0.540941
0.591439 0.564385
0.597477 0.545017
0.575566 0.569925
0.539586 0.561076
0.558821 0.553909
0.620710 0.518274
0.638220 0.513570
0.746726 0.403718
0.740143 0.418917
0.643527 0.492979
0.662992 0.488491
0.717574 0.421910
0.711384 0.441100
0.691032 0.444324
0.684525 0.464140
0.668890 0.468840
0.764845 0.367914
0.771959 0.349090
0.742523 0.370845
0.736183 0.386895
0.825989 0.212934
0.817205 0.249050
0.811418 0.225851
0.809657 0.257502
0.794221 0.313373
0.796803 0.295628
0.788066 0.258553
0.781248 0.281619
0.767037 0.317117
0.761457 0.335020
0.277616 0.741457
0.263296 0.742758
0.347361 0.708726
0.336486 0.714781
0.290496 0.719079
0.298234 0.718863
0.314149 0.702645
0.364973 0.682894
0.350744 0.690589
0.383490 0.657841
0.368000 0.666243
0.437623 0.638429
0.421183 0.647098
0.488794 0.615261
0.473980 0.623566
0.509512 0.587624
0.490526 0.597200
0.439776 0.621760
0.456181 0.613032
0.386135 0.642493
0.402888 0.633544
0.529428 0.555405
0.507438 0.566310
0.496666 0.559874
0.251607 0.730858
0.233457 0.733520
0.225389 0.752863
0.197103 0.774199
0.206490 0.754041
0.176605 0.773197
0.166615 0.785103
0.116248 0.822489
0.134183 0.806434
0.088166 0.846916
0.069381 0.854097
0.106027 0.820083
0.089652 0.831912
0.140624 0.777441
0.130468 0.790208
0.035474 0.934046
0.022673 0.947161
-0.002677 0.940465
-0.011123 0.964848
-0.025100 0.969498
0.032706 0.917445
0.039192 0.908267
0.032702 0.884975
0.040582 0.875799
0.053908 0.843009
0.035733 0.852991
-0.037580 0.962607
-0.058754 0.974031
-0.093036 1.000000
-0.075100 0.964165
-0.093177 0.976453
-0.128294 1.000000
0.904641 0.036675
0.917352 0.026407
0.942035 -0.033851
0.915916 0.000000
0.917352 -0.026407
1.000000 -0.082965
0.965253 -0.067872
0.978686 -0.082883
0.951089 -0.068229
0.939148 -0.055410
0.820747 0.190365
0.833470 0.179801
0.849676 0.146300
0.830422 0.156666
0.875992 0.107577
0.872775 0.123414
0.852011 0.133428
0.856741 0.094105
0.875995 0.065029
0.859277 0.071419
0.877559 0.038309
0.887512 0.032556
0.605600 0.505860
0.563516 0.536204
0.589862 0.511124
0.584436 0.531995
0.525464 0.533766
0.536153 0.522608
0.553002 0.523710
0.610274 0.484358
0.630959 0.480459
0.706561 0.407502
0.712624 0.390033
0.636834 0.458569
0.652301 0.453969
0.685478 0.411076
0.678998 0.430458
0.658595 0.433854
0.738205 0.338126
0.731914 0.354873
0.708509 0.357775
0.702248 0.374950
0.803935 0.186082
0.792058 0.220356
0.789989 0.196394
0.778850 0.248723
0.781854 0.227654
0.756904 0.302459
0.762816 0.285701
0.750526 0.270184
0.756953 0.253204
0.734309 0.305762
0.727612 0.322459
0.276752 0.705260
0.257700 0.708933
0.313201 0.688777
0.331033 0.677097
0.282317 0.683718
0.296676 0.678616
0.348258 0.651702
0.332296 0.660939
0.350752 0.636051
0.367577 0.627303
0.405064 0.616855
0.421655 0.608044
0.472637 0.583656
0.457116 0.591952
0.474914 0.570305
0.441254 0.583739
0.423718 0.593602
0.388008 0.604460
0.370448 0.612064
0.503454 0.529171
0.493603 0.539394
0.460638 0.553964
0.471096 0.534881
0.245667 0.697270
0.220095 0.718089
0.226660 0.701550
0.204775 0.721153
0.195635 0.739134
0.168981 0.751607
0.178890 0.739756
0.150271 0.749777
0.138406 0.763767
0.106665 0.785845
0.098075 0.797559
0.055132 0.823867
0.069490 0.817383
0.075176 0.797695
0.113681 0.754179
0.101881 0.768577
-0.162065 1.000000
-0.194157 1.000000
-0.223803 1.000000
-0.006962 0.931892
0.005657 0.912899
-0.023629 0.928187
-0.041094 0.941969
0.000267 0.895550
0.011063 0.882790
0.004915 0.861509
0.023508 0.847788
0.038961 0.813881
0.019122 0.829393
-0.058917 0.934203
-0.076135 0.948789
-0.113213 0.964679
-0.127988 0.974832
-0.096513 0.937150
-0.112505 0.948455
-0.149517 0.964542
-0.161648 0.972934
-0.254670 1.000000
-0.284935 1.000000
-0.317563 1.000000
-0.350132 1.000000
-0.379362 1.000000
0.886405 0.000000
0.912207 -0.062383
0.904641 -0.036675
0.887512 -0.032556
1.000000 -0.121206
0.965209 -0.107305
0.975543 -0.120517
0.938565 -0.091820
0.948624 -0.106189
0.910251 -0.066087
0.922422 -0.090433
1.000000 -0.155937
1.000000 -0.186667
0.815672 0.149746
0.798195 0.160391
0.786859 0.156820
0.814026 0.127865
0.833448 0.115812
0.835142 0.103006
0.824148 0.090932
0.843100 0.061574
0.830189 0.066226
0.846682 0.036132
0.856653 0.030901
0.858384 0.000000
0.600863 0.474729
0.499356 0.509700
0.569379 0.495598
0.579039 0.476622
0.566196 0.496513
0.543578 0.486311
0.512457 0.496571
0.528031 0.500034
0.619604 0.445090
0.605766 0.450248
0.672574 0.395808
0.678874 0.377988
0.624866 0.423290
0.647077 0.420601
0.653970 0.399806
0.617101 0.414298
0.698336 0.342642
0.705646 0.324868
0.668627 0.363179
0.675879 0.344408
0.770761 0.189472
0.766694 0.171689
0.753939 0.205657
0.743040 0.235235
0.756140 0.216917
0.729792 0.272877
0.722710 0.288775
0.731697 0.235979
0.720021 0.257618
0.703377 0.291496
0.694621 0.308771
0.264916 0.670964
0.250317 0.675968
0.236254 0.665770
0.300370 0.653966
0.313127 0.648454
0.282244 0.644173
0.270074 0.649362
0.331922 0.621136
0.317639 0.627629
0.354508 0.597186
0.335921 0.604569
0.391137 0.583040
0.405619 0.577918
0.441958 0.555877
0.439249 0.559366
0.411725 0.561509
0.378129 0.574463
0.357660 0.582546
0.478489 0.504235
0.465644 0.522559
0.445747 0.518525
0.434487 0.532071
0.212829 0.684137
0.215550 0.673748
0.190272 0.693316
0.167177 0.714507
0.188083 0.702638
0.162491 0.713411
0.112244 0.743403
0.142118 0.728719
0.132335 0.725982
0.079575 0.764265
0.067383 0.786418
0.052541 0.784965
0.036884 0.801557
0.095727 0.731494
0.080691 0.735556
0.073758 0.752545
-0.184787 0.964170
-0.193837 0.971097
-0.220496 0.964755
-0.225103 0.969407
-0.253674 0.969641
-0.061893 0.919302
-0.021984 0.891570
-0.033751 0.901962
-0.043773 0.901219
-0.025206 0.867185
-0.009454 0.856525
-0.013316 0.833345
0.004002 0.822428
0.001735 0.800855
0.017400 0.791596
-0.096295 0.920339
-0.080848 0.910066
-0.133844 0.934887
-0.148581 0.944463
-0.114946 0.909044
-0.132104 0.919624
-0.169200 0.933636
-0.184278 0.942799
-0.258641 0.964740
-0.284949 0.972253
-0.296493 0.963346
-0.317260 0.973470
-0.335141 0.962305
-0.349751 0.971821
-0.412576 1.000000
-0.373835 0.962559
-0.409797 0.971790
-0.382387 0.972490
-0.441535 1.000000
0.877559 -0.038309
0.856653 -0.030901
0.846682 -0.036132
0.875995 -0.065029
0.889236 -0.072674
0.964105 -0.145648
0.971600 -0.155141
0.935822 -0.127333
0.945431 -0.144214
0.914217 -0.125171
0.907730 -0.106649
0.888078 -0.100911
1.000000 -0.218705
0.964059 -0.183655
0.969532 -0.216972
0.968491 -0.187892
1.000000 -0.248348
0.751745 0.164683
0.748335 0.148216
0.795415 0.118608
0.777475 0.132916
0.768436 0.131086
0.793458 0.099503
0.800508 0.091727
0.795720 0.065459
0.812199 0.055707
0.812455 0.035529
0.826201 0.027204
0.826576 0.000000
0.826201 -0.027204
0.586612 0.439192
0.569134 0.458904
0.473806 0.491299
0.487270 0.473119
0.506165 0.477252
0.540692 0.468675
0.553471 0.456020
0.519497 0.462760
0.584155 0.428795
0.595580 0.413427
0.645119 0.365211
0.637897 0.383926
0.624364 0.387699
0.606754 0.376947
0.587501 0.393324
0.666062 0.330183
0.675695 0.309768
0.635635 0.350313
0.646154 0.330139
0.734929 0.196136
0.732977 0.178625
0.716376 0.209581
0.716353 0.220983
0.688866 0.271121
0.692676 0.235790
0.699813 0.256245
0.676988 0.272168
0.664747 0.295187
0.715427 0.169121
0.202947 0.656980
0.248853 0.635965
0.215075 0.636933
0.237059 0.644060
0.250301 0.622983
0.285854 0.617541
0.296648 0.613437
0.272115 0.610934
0.304353 0.592447
0.319810 0.588776
0.327637 0.569455
0.343467 0.566895
0.381336 0.545643
0.403067 0.546158
0.377111 0.550066
0.413204 0.529503
0.351835 0.549027
0.452433 0.485363
0.440074 0.502122
0.418229 0.497704
0.407063 0.514723
0.176896 0.675865
0.186978 0.657102
0.150599 0.691339
0.159630 0.677112
0.132756 0.692521
0.102006 0.707487
0.123339 0.707857
0.095990 0.700271
0.045618 0.751685
0.018114 0.770334
0.040519 0.763641
0.064492 0.717408
0.075125 0.699888
0.053969 0.718659
0.041437 0.741468
-0.221242 0.944386
-0.203163 0.932558
-0.258538 0.945533
-0.238776 0.933867
-0.059432 0.881328
-0.080999 0.890635
-0.056012 0.867188
-0.043732 0.860333
-0.028570 0.827005
-0.042910 0.835015
0.006321 0.761236
-0.013122 0.793806
-0.029949 0.803017
-0.014739 0.771082
-0.114540 0.890884
-0.094062 0.881153
-0.152890 0.903286
-0.167905 0.911637
-0.150016 0.890954
-0.127970 0.880948
-0.186930 0.902051
-0.203931 0.912769
-0.296577 0.945092
-0.274508 0.934144
-0.334420 0.943792
-0.308942 0.935272
-0.375599 0.948639
-0.366183 0.936842
-0.342139 0.935988
-0.417279 0.962893
-0.442969 0.974085
-0.399976 0.939264
-0.416770 0.954281
-0.455168 0.965850
-0.475885 0.976684
-0.476029 1.000000
-0.510296 1.000000
0.812455 -0.035529
0.859277 -0.071419
0.843100 -0.061574
0.812199 -0.055707
0.830189 -0.066226
0.875992 -0.107577
0.856741 -0.094105
0.945794 -0.183872
0.931575 -0.163776
0.902743 -0.140795
0.918624 -0.163854
0.890669 -0.142071
0.872775 -0.123414
0.962831 -0.223738
0.971116 -0.249859
0.945276 -0.223015
0.931976 -0.203939
0.964917 -0.259001
0.974717 -0.282441
1.000000 -0.282853
0.714645 0.150638
0.731695 0.139563
0.754476 0.108998
0.730555 0.121337
0.766745 0.092749
0.756435 0.099971
0.780289 0.059904
0.768406 0.066842
0.779406 0.035123
0.793997 0.026583
0.794027 0.000000
0.793997 -0.026583
0.547258 0.435775
0.560847 0.421028
0.448391 0.473354
0.480953 0.458284
0.461289 0.454552
0.493679 0.440301
0.514495 0.444348
0.526590 0.430789
0.573852 0.389276
0.556950 0.404226
0.615030 0.349317
0.604258 0.362285
0.567690 0.370017
0.580245 0.355596
0.636440 0.315217
0.646957 0.294760
0.616871 0.314766
0.607012 0.327168
0.697906 0.196478
0.698252 0.180225
0.681153 0.230530
0.679833 0.207245
0.661282 0.257584
0.665794 0.238057
0.638510 0.282578
0.645137 0.262567
0.697505 0.140926
0.680193 0.151495
0.679909 0.168537
0.176900 0.642036
0.210678 0.626091
0.187101 0.623004
0.219897 0.609147
0.235381 0.607192
0.266673 0.588466
0.244732 0.587856
0.275683 0.577213
0.288043 0.576003
0.313852 0.553852
0.300645 0.554668
0.343709 0.533895
0.325312 0.533226
0.353693 0.518276
0.383915 0.511165
0.376360 0.519562
0.380509 0.491495
0.425365 0.466019
0.413135 0.484149
0.392155 0.479627
0.422627 0.457083
0.148573 0.657741
0.158083 0.641786
0.127584 0.658533
0.119807 0.672638
0.102634 0.675730
0.064424 0.679605
0.089427 0.664871
0.006436 0.742515
0.018474 0.733477
0.037793 0.703709
0.061362 0.678515
0.039228 0.690041
0.018529 0.713693
-0.221595 0.903430
-0.239380 0.914262
-0.274461 0.914761
-0.256492 0.904615
-0.093796 0.862381
-0.077447 0.852644
-0.014343 0.732543
-0.075650 0.834617
-0.061947 0.826379
-0.061446 0.804315
-0.045687 0.795493
-0.046584 0.772955
-0.028921 0.741171
-0.027895 0.763502
-0.111213 0.852013
-0.128072 0.862034
-0.170174 0.868561
-0.187773 0.880402
-0.166723 0.869153
-0.144338 0.852756
-0.222550 0.882558
-0.206755 0.872255
-0.308614 0.913583
-0.291101 0.904731
-0.402300 0.920101
-0.416634 0.913734
-0.324748 0.904219
-0.338842 0.910514
-0.385505 0.908739
-0.373123 0.912568
-0.356174 0.901394
-0.456501 0.946415
-0.438756 0.934306
-0.437501 0.926324
-0.472779 0.938560
-0.491718 0.952093
-0.492004 0.965017
-0.510285 0.976167
-0.544517 1.000000
-0.575513 1.000000
-0.527674 0.965733
-0.543494 0.973801
-0.610248 1.000000
-0.823102 1.000000
-0.855974 1.000000
-1.000000 1.000000
0.779406 -0.035123
0.780289 -0.059904
0.795720 -0.065459
0.835142 -0.103006
0.800508 -0.091727
0.824148 -0.090932
0.833448 -0.115812
0.852011 -0.133428
0.918532 -0.203839
0.902873 -0.183223
0.894455 -0.183202
0.876879 -0.163604
0.849676 -0.146300
0.867941 -0.164393
0.930773 -0.243812
0.941175 -0.261632
0.935525 -0.274345
0.913367 -0.241700
0.903875 -0.223847
0.962834 -0.297666
0.951160 -0.297255
0.973902 -0.316768
1.000000 -0.317587
1.000000 -0.350276
1.000000 -0.381146
0.915685 -0.281334
0.934716 -0.313592
0.916890 -0.306521
0.697077 0.122059
0.716683 0.111504
0.716703 0.093882
0.733620 0.083669
0.747396 0.058575
0.735724 0.065755
0.748580 0.034980
0.761289 0.027347
0.761393 0.000000
0.761289 -0.027347
0.522016 0.412041
0.540848 0.398016
0.454156 0.439413
0.433068 0.439320
0.485940 0.422426
0.460709 0.426650
0.510227 0.406594
0.488481 0.416388
0.547429 0.365827
0.536091 0.377521
0.575978 0.338014
0.585961 0.325621
0.552588 0.333892
0.542497 0.345441
0.607586 0.291470
0.614639 0.282632
0.578972 0.305199
0.589885 0.291888
0.662650 0.179277
0.662813 0.198150
0.646429 0.208435
0.645506 0.224326
0.627926 0.236114
0.609802 0.260569
0.627394 0.247776
0.682064 0.112421
0.662904 0.123163
0.662567 0.140200
0.645296 0.150592
0.644764 0.168670
0.148570 0.624666
0.180382 0.609686
0.160607 0.607746
0.207501 0.591535
0.190662 0.592010
0.286447 0.537713
0.217928 0.573405
0.235234 0.572617
0.261732 0.554386
0.244336 0.556198
0.271482 0.538973
0.315046 0.518012
0.297335 0.518057
0.345474 0.499267
0.325865 0.498390
0.356764 0.484211
0.354383 0.472870
0.387052 0.457234
0.373703 0.453885
0.398516 0.448613
0.399983 0.426953
0.423632 0.422812
0.118773 0.640708
0.132148 0.623126
0.100443 0.637871
0.088412 0.650360
0.063391 0.640758
0.052301 0.655373
0.001974 0.702636
-0.013222 0.709945
0.004897 0.684368
0.028059 0.653995
0.024544 0.677412
0.026498 0.652076
-0.029653 0.701166
-0.240802 0.873780
-0.256880 0.883899
-0.290601 0.883663
-0.275383 0.874479
-0.111180 0.833027
-0.095895 0.823166
-0.047387 0.710017
-0.044786 0.733749
-0.095263 0.804734
-0.079424 0.794838
-0.079630 0.775392
-0.062844 0.744350
-0.061350 0.764809
-0.146781 0.835531
-0.129781 0.823276
-0.208357 0.849481
-0.192208 0.838895
-0.162712 0.828115
-0.182043 0.841510
-0.225996 0.842392
-0.241768 0.852671
-0.452896 0.908020
-0.440290 0.887436
-0.420784 0.892190
-0.309953 0.873731
-0.323118 0.881323
-0.390954 0.885248
-0.407450 0.880664
-0.342641 0.872140
-0.357173 0.881917
-0.375778 0.873604
-0.469146 0.908733
-0.476604 0.919143
-0.525861 0.943511
-0.503536 0.917633
-0.509514 0.937670
-0.610656 0.980403
-0.561201 0.963580
-0.577290 0.973019
-0.591112 0.967105
-0.539660 0.934124
-0.560607 0.945446
-0.646540 1.000000
-0.679682 1.000000
-0.626999 0.967906
-0.645711 0.978580
-0.626167 0.953524
-0.788714 1.000000
-0.753225 1.000000
-0.717593 1.000000
-0.716528 0.983053
-0.788881 0.977778
-0.887747 1.000000
-0.917180 1.000000
-0.811142 0.968142
-0.823013 0.977655
-0.844205 0.968163
-0.855770 0.976256
-0.875647 0.967610
-0.887623 0.977443
-0.949719 1.000000
-0.969596 1.000000
-0.975003 0.970405
-1.000000 0.969897
0.748580 -0.034980
0.768406 -0.066842
0.747396 -0.058575
0.793458 -0.099503
0.766745 -0.092749
0.795415 -0.118608
0.814026 -0.127865
0.815672 -0.149746
0.830422 -0.156666
0.877621 -0.203768
0.885919 -0.221278
0.860044 -0.199946
0.833470 -0.179801
0.853590 -0.184712
0.898456 -0.261253
0.902995 -0.274497
0.872141 -0.238921
0.877985 -0.254836
0.938766 -0.331232
0.961687 -0.337475
0.967080 -0.349715
0.961348 -0.364496
0.973121 -0.383470
0.965672 -0.399156
0.978372 -0.417420
1.000000 -0.417797
1.000000 -0.452565
0.900211 -0.316246
0.879344 -0.296606
0.924160 -0.346033
0.897784 -0.330661
0.681479 0.093571
0.700197 0.083455
0.667912 0.085001
0.700322 0.063711
0.714818 0.054841
0.715831 0.034137
0.727865 0.026007
0.728330 0.000000
0.727865 -0.026007
0.514715 0.373513
0.506212 0.381744
0.429308 0.409057
0.450183 0.406445
0.457507 0.393900
0.484880 0.379658
0.475624 0.392448
0.510844 0.351166
0.519583 0.341694
0.558035 0.302415
0.547956 0.313887
0.525604 0.310071
0.515531 0.320448
0.552944 0.283615
0.576902 0.267128
0.592648 0.254278
0.570218 0.266602
0.590428 0.234872
0.628241 0.178564
0.627631 0.196421
0.609815 0.207220
0.609530 0.222654
0.646516 0.111573
0.646852 0.095023
0.627962 0.122380
0.626754 0.138830
0.611333 0.148040
0.610300 0.167680
0.122283 0.604703
0.151871 0.589379
0.136788 0.587818
0.180342 0.575853
0.163415 0.575522
0.205194 0.555931
0.190601 0.557945
0.286207 0.501940
0.258313 0.519784
0.266386 0.504058
0.239741 0.522304
0.213545 0.540061
0.231882 0.537517
0.315957 0.482714
0.293707 0.485318
0.322599 0.466080
0.336833 0.461783
0.364394 0.436686
0.342852 0.437330
0.373116 0.420142
0.391337 0.418387
0.398148 0.395263
0.419317 0.393908
0.094202 0.617771
0.108138 0.602763
0.061141 0.629013
0.074907 0.613240
0.039255 0.619839
0.027449 0.627825
-0.029323 0.675237
-0.009175 0.670532
-0.002591 0.651595
-0.009869 0.638160
0.006848 0.618851
-0.037834 0.669284
-0.054240 0.672406
-0.061408 0.703445
-0.065358 0.691802
-0.275382 0.853725
-0.260158 0.843907
-0.308680 0.852630
-0.294885 0.844016
-0.130988 0.805127
-0.114745 0.793543
-0.078802 0.735664
-0.081252 0.721397
-0.114901 0.777763
-0.097039 0.764922
-0.097966 0.750350
-0.166021 0.807727
-0.149355 0.796202
-0.228505 0.819307
-0.211954 0.808717
-0.199226 0.812799
-0.181470 0.801350
-0.244290 0.813025
-0.260891 0.823840
-0.445803 0.876126
-0.466135 0.871817
-0.478635 0.888237
-0.412545 0.859630
-0.432425 0.854201
-0.329457 0.842128
-0.343070 0.850891
-0.397325 0.845931
-0.377673 0.855336
-0.361354 0.843058
-0.510306 0.906166
-0.496433 0.886236
-0.523271 0.903811
-0.540904 0.917615
-0.597981 0.942566
-0.576817 0.933278
-0.573805 0.914357
-0.558002 0.907668
-0.662061 0.966139
-0.691429 0.968996
-0.681092 0.975253
-0.659796 0.948300
-0.637093 0.941955
-0.634115 0.924742
-0.611078 0.918886
-0.754063 0.975736
-0.777749 0.968175
-0.744399 0.966586
-0.729036 0.967114
-0.696555 0.951176
-0.717681 0.949099
-0.778906 0.949299
-0.799183 0.940797
-0.811219 0.951019
-0.911859 0.967350
-0.942916 0.972438
-0.918537 0.974112
-0.911536 0.956732
-0.833642 0.941432
-0.843227 0.947661
-0.876882 0.950861
-0.862955 0.939541
-0.894657 0.942766
-0.950343 0.962443
-0.966785 0.962026
-0.976233 0.938594
-1.000000 0.938435
0.715831 -0.034137
0.714818 -0.054841
0.735724 -0.065755
0.756435 -0.099971
0.733620 -0.083669
0.754476 -0.108998
0.777475 -0.132916
0.768436 -0.131086
0.798195 -0.160391
0.786859 -0.156820
0.820747 -0.190365
0.803935 -0.186082
0.845110 -0.217968
0.851073 -0.234255
0.825989 -0.212934
0.874538 -0.296364
0.861342 -0.273770
0.848078 -0.271743
0.838167 -0.250802
0.860366 -0.311052
1.000000 -0.485872
1.000000 -0.522316
0.924318 -0.359207
0.937205 -0.370430
0.934994 -0.393410
0.946440 -0.402577
0.941956 -0.430398
0.970986 -0.451882
0.964817 -0.436922
0.963993 -0.464773
0.974160 -0.486436
0.863804 -0.332298
0.886485 -0.338878
0.901022 -0.371665
0.886942 -0.363194
0.852571 -0.342578
0.634772 0.085111
0.666676 0.063641
0.682731 0.054716
0.653683 0.057261
0.635493 0.065548
0.682773 0.032661
0.693251 0.024508
0.693576 -0.000000
0.693251 -0.024508
0.487038 0.347817
0.477760 0.360747
0.456762 0.359825
0.427381 0.375101
0.447139 0.374826
0.492889 0.315802
0.481950 0.330850
0.521177 0.287446
0.533607 0.277300
0.502412 0.282722
0.488188 0.301328
0.532031 0.256384
0.554399 0.246230
0.557020 0.234817
0.574235 0.225834
0.593866 0.176637
0.574884 0.205055
0.592967 0.195849
0.609160 0.108245
0.610922 0.093273
0.592991 0.118185
0.591883 0.137306
0.577075 0.166339
0.578183 0.145726
0.098866 0.583454
0.126297 0.568228
0.113838 0.566074
0.145197 0.549636
0.153017 0.551909
0.174681 0.539762
0.282352 0.468049
0.177060 0.528155
0.200792 0.521451
0.254477 0.485837
0.261023 0.471408
0.233595 0.489370
0.205666 0.507977
0.227330 0.503752
0.289078 0.452553
0.306614 0.449053
0.314440 0.429831
0.334757 0.428216
0.419133 0.363197
0.341378 0.405391
0.360898 0.403433
0.369263 0.385406
0.388727 0.383752
0.396229 0.363057
0.070065 0.597194
0.082945 0.581060
0.075251 0.564869
0.039714 0.597063
0.047473 0.591295
0.016929 0.590165
0.003513 0.605718
-0.036365 0.641872
-0.024485 0.634518
-0.055945 0.634819
-0.028950 0.607905
-0.018436 0.598789
-0.072174 0.654015
-0.089551 0.664517
-0.088479 0.684411
-0.070219 0.644127
-0.100453 0.694430
-0.099038 0.711530
-0.279292 0.814197
-0.294347 0.823686
-0.313194 0.813799
-0.328201 0.821929
-0.150750 0.776276
-0.135204 0.765094
-0.117107 0.724582
-0.116617 0.738358
-0.134626 0.751727
-0.184920 0.778387
-0.169671 0.768208
-0.279174 0.796413
-0.217227 0.784040
-0.232337 0.779221
-0.247948 0.790205
-0.200792 0.772620
-0.262622 0.785187
-0.437503 0.843582
-0.463206 0.841492
-0.472357 0.856040
-0.504919 0.869565
-0.495056 0.853607
-0.399227 0.830281
-0.430706 0.826402
-0.410129 0.821922
-0.364585 0.821188
-0.346685 0.810779
-0.375125 0.816575
-0.526571 0.868849
-0.534200 0.880479
-0.555391 0.883305
-0.606342 0.906615
-0.589993 0.901381
-0.562942 0.876920
-0.585278 0.883324
-0.670511 0.937117
-0.688611 0.939413
-0.644785 0.912750
-0.664369 0.916542
-0.639756 0.893959
-0.621053 0.890034
-0.764293 0.937779
-0.751983 0.941717
-0.731010 0.928361
-0.727144 0.929734
-0.701736 0.916039
-0.800142 0.924789
-0.769420 0.917738
-0.790540 0.914466
-0.830300 0.917748
-0.826748 0.915467
-0.938904 0.941663
-0.930374 0.940238
-0.918609 0.921212
-0.897391 0.926174
-0.853850 0.910648
-0.865013 0.921653
-0.887141 0.915171
-0.956241 0.924142
-0.965007 0.924537
-0.978588 0.904960
-1.000000 0.905467
0.682773 -0.032661
0.682731 -0.054716
0.700322 -0.063711
0.700197 -0.083455
0.716703 -0.093882
0.716683 -0.111504
0.730555 -0.121337
0.731695 -0.139563
0.748335 -0.148216
0.751745 -0.164683
0.766694 -0.171689
0.770761 -0.189472
0.789989 -0.196394
0.792058 -0.220356
0.811418 -0.225851
0.817205 -0.249050
0.781854 -0.227654
0.809657 -0.257502
0.835619 -0.305328
0.830025 -0.289737
0.817088 -0.285203
1.000000 -0.560880
0.823699 -0.324176
0.831017 -0.338800
0.963387 -0.502099
0.979503 -0.522999
0.966160 -0.541960
0.977697 -0.560340
0.954357 -0.503277
0.935838 -0.433703
0.912787 -0.400711
0.902704 -0.394458
0.914452 -0.424793
0.937005 -0.468461
0.930817 -0.460292
0.934134 -0.484393
0.865661 -0.373148
0.856349 -0.367737
0.868121 -0.394931
0.881909 -0.403067
0.818884 -0.359667
0.834208 -0.375613
0.602095 0.083073
0.607728 0.059695
0.621725 0.056046
0.650991 0.031407
0.657540 0.025127
0.627036 0.030676
0.657099 0.000000
0.657540 -0.025127
0.650991 -0.031407
0.457531 0.326568
0.447810 0.340780
0.427207 0.340851
0.453034 0.310476
0.467335 0.295143
0.496941 0.270121
0.518280 0.247267
0.507167 0.250481
0.463043 0.277065
0.474166 0.265934
0.537586 0.217124
0.523362 0.223303
0.560467 0.174591
0.541658 0.202881
0.559074 0.194704
0.545507 0.164935
0.577939 0.083377
0.572727 0.106579
0.572230 0.089539
0.557838 0.135821
0.557597 0.118690
0.545170 0.145322
0.104607 0.548805
0.084109 0.548522
0.137015 0.533900
0.114065 0.532035
0.146345 0.515235
0.166144 0.514198
0.276085 0.435334
0.249240 0.453053
0.256117 0.438238
0.194297 0.491725
0.174228 0.493355
0.221370 0.471239
0.228538 0.456207
0.202289 0.474035
0.303663 0.415836
0.283683 0.417729
0.331839 0.394944
0.311204 0.396966
0.273034 0.402855
0.418705 0.330415
0.388729 0.351572
0.395261 0.334379
0.357369 0.369154
0.338011 0.371413
0.365574 0.351727
0.075020 0.532852
0.048723 0.563788
0.051565 0.534251
0.012988 0.574328
0.023968 0.561065
0.045774 0.528406
-0.020395 0.578052
-0.009194 0.568492
-0.051174 0.604440
-0.057173 0.610225
-0.082976 0.608146
-0.090531 0.626751
-0.042560 0.570749
-0.054184 0.580680
-0.133937 0.713211
-0.105553 0.632152
-0.119819 0.686336
-0.121251 0.665162
-0.105703 0.656494
-0.134294 0.696524
-0.311597 0.790012
-0.298146 0.784812
-0.345790 0.792519
-0.324775 0.782460
-0.170902 0.745255
-0.156427 0.735400
-0.154738 0.725631
-0.190344 0.738422
-0.204900 0.750067
-0.291780 0.761710
-0.268102 0.762337
-0.259173 0.751531
-0.223844 0.744416
-0.236841 0.756531
-0.442512 0.810420
-0.469800 0.823648
-0.461924 0.812213
-0.490839 0.822292
-0.501854 0.837556
-0.533924 0.850321
-0.521090 0.834705
-0.383536 0.791885
-0.408107 0.798164
-0.418544 0.789581
-0.435101 0.793304
-0.361366 0.780090
-0.381278 0.787543
-0.358077 0.762988
-0.553224 0.846647
-0.563343 0.856255
-0.613930 0.870125
-0.599115 0.867873
-0.588879 0.848545
-0.700334 0.911289
-0.676558 0.903390
-0.651374 0.881214
-0.673386 0.887402
-0.626692 0.857714
-0.648303 0.865660
-0.740083 0.907466
-0.760026 0.906419
-0.731305 0.894455
-0.710858 0.893925
-0.820448 0.893876
-0.795461 0.893643
-0.789730 0.885569
-0.767484 0.885515
-0.826685 0.883967
-0.848781 0.882256
-0.856838 0.892072
-0.924101 0.907669
-0.941550 0.904510
-0.912630 0.892912
-0.889939 0.897638
-0.881463 0.887884
-0.949602 0.888830
-0.967272 0.887291
-0.976114 0.871882
-1.000000 0.871202
0.666676 -0.063641
0.653683 -0.057261
0.681479 -0.093571
0.667912 -0.085001
0.682064 -0.112421
0.697077 -0.122059
0.714645 -0.150638
0.697505 -0.140926
0.732977 -0.178625
0.715427 -0.169121
0.734929 -0.196136
0.753939 -0.205657
0.756140 -0.216917
0.778850 -0.248723
0.788066 -0.258553
0.743040 -0.235235
0.756953 -0.253204
0.796803 -0.295628
0.781248 -0.281619
0.800930 -0.322178
0.794221 -0.313373
1.000000 -0.597676
1.000000 -0.632605
0.964864 -0.578738
0.975249 -0.596916
0.805190 -0.361050
0.792608 -0.347074
0.949747 -0.541035
0.940439 -0.522451
0.946808 -0.577500
0.938193 -0.555868
0.915605 -0.495929
0.922112 -0.520167
0.881583 -0.429424
0.902534 -0.459430
0.897726 -0.435984
0.894852 -0.469475
0.902193 -0.491643
0.869447 -0.435306
0.830002 -0.394204
0.845251 -0.408357
0.845103 -0.418517
0.810105 -0.399450
0.795659 -0.381533
1.000000 -0.934091
1.000000 -0.968485
1.000000 -1.000000
0.627036 -0.030676
0.574951 0.058418
0.593820 0.049503
0.594388 0.030874
0.620010 0.022945
0.621067 -0.000000
0.620010 -0.022945
0.635493 -0.065548
0.621725 -0.056046
0.432746 0.303645
0.421850 0.311313
0.443717 0.271918
0.431619 0.281377
0.470600 0.244188
0.486515 0.233759
0.504466 0.211668
0.488534 0.221038
0.455307 0.238610
0.440178 0.248737
0.506009 0.191922
0.522190 0.183049
0.524426 0.175484
0.510216 0.153432
0.524429 0.137540
0.562337 0.051878
0.545841 0.082190
0.544079 0.063138
0.534143 0.093962
0.521078 0.122304
0.535437 0.107656
0.135559 0.499541
0.083229 0.515123
0.107246 0.517625
0.116602 0.500911
0.163941 0.480179
0.143934 0.481038
0.244768 0.420654
0.252297 0.404348
0.216213 0.437088
0.222972 0.423070
0.188786 0.456443
0.172547 0.459078
0.196645 0.440544
0.281021 0.384144
0.300139 0.382044
0.328598 0.362177
0.306948 0.366235
0.242726 0.389149
0.269698 0.369702
0.252181 0.370144
0.357805 0.337756
0.396627 0.298756
0.383068 0.316549
0.371722 0.316672
0.331371 0.338879
0.337869 0.334013
0.078513 0.505495
0.046053 0.507997
0.058299 0.499177
0.016323 0.534670
0.015269 0.536629
-0.011528 0.544136
0.010530 0.511413
0.026405 0.498736
-0.017114 0.540299
-0.044368 0.547695
-0.116891 0.625895
-0.089818 0.595182
-0.075339 0.575128
-0.121480 0.606549
-0.106705 0.591909
-0.049256 0.543798
-0.081424 0.559488
-0.074133 0.547443
-0.172454 0.704007
-0.153149 0.686528
-0.155128 0.673059
-0.140388 0.639468
-0.135929 0.658176
-0.301476 0.748790
-0.327523 0.758822
-0.334976 0.754262
-0.193845 0.716450
-0.178404 0.703559
-0.212752 0.710972
-0.228267 0.724541
-0.300292 0.742019
-0.263244 0.733853
-0.277976 0.727253
-0.245523 0.718601
-0.149220 0.634671
-0.471603 0.789577
-0.451879 0.774833
-0.482856 0.787019
-0.499031 0.803301
-0.513710 0.800415
-0.544966 0.812842
-0.528471 0.816273
-0.558011 0.825905
-0.451362 0.770640
-0.395990 0.761174
-0.414408 0.765933
-0.426570 0.756937
-0.389863 0.750627
-0.371918 0.747935
-0.339268 0.730971
-0.362952 0.728773
-0.463667 0.753254
-0.592068 0.838742
-0.577182 0.821042
-0.625201 0.841237
-0.609781 0.831769
-0.684554 0.874957
-0.703253 0.877628
-0.678803 0.856169
-0.662519 0.850586
-0.642244 0.829932
-0.658834 0.837733
-0.740206 0.874398
-0.759551 0.874472
-0.714188 0.862327
-0.732048 0.863179
-0.817438 0.862657
-0.796080 0.865399
-0.767557 0.855564
-0.785627 0.852833
-0.822296 0.854317
-0.845665 0.851199
-0.854120 0.862226
-0.884758 0.867448
-0.878144 0.859491
-0.909275 0.864932
-0.938314 0.872395
-0.917664 0.874953
-0.945696 0.856069
-0.966189 0.854666
-0.974162 0.839466
-1.000000 0.839218
0.646852 -0.095023
0.634772 -0.085111
0.646516 -0.111573
0.662904 -0.123163
0.662567 -0.140200
0.680193 -0.151495
0.698252 -0.180225
0.679909 -0.168537
0.716376 -0.209581
0.716353 -0.220983
0.697906 -0.196478
0.731697 -0.235979
0.762816 -0.285701
0.750526 -0.270184
0.729792 -0.272877
0.720021 -0.257618
0.756904 -0.302459
0.767037 -0.317117
0.761457 -0.335020
0.771959 -0.349090
1.000000 -0.902532
1.000000 -0.868325
1.000000 -0.667299
1.000000 -0.703028
1.000000 -0.738259
1.000000 -0.772490
1.000000 -0.837270
1.000000 -0.805450
0.963157 -0.615647
0.972472 -0.632559
0.963147 -0.650466
0.974851 -0.667903
0.942424 -0.613781
0.936150 -0.589705
0.934400 -0.621882
0.776711 -0.384171
0.764845 -0.367914
0.910097 -0.532085
0.917951 -0.554269
0.914583 -0.587130
0.907248 -0.567451
0.894014 -0.529707
0.884453 -0.507307
0.872193 -0.468527
0.863081 -0.454024
0.861594 -0.488222
0.870145 -0.504616
0.829342 -0.434048
0.838502 -0.455877
0.803531 -0.415951
0.813002 -0.431736
0.769347 -0.401130
0.779940 -0.417866
0.978321 -0.901834
0.976908 -0.966700
0.967829 -0.940257
0.970724 -0.935290
0.965854 -0.918784
0.965065 -0.977971
0.966255 -1.000000
0.607728 -0.059695
0.594388 -0.030874
0.593820 -0.049503
0.560241 0.032367
0.583571 0.021228
0.583322 0.000000
0.583571 -0.021228
0.610922 -0.093273
0.602095 -0.083073
0.395334 0.288951
0.410967 0.273820
0.408075 0.256854
0.425084 0.243493
0.489314 0.182776
0.467545 0.204235
0.452060 0.215177
0.468885 0.194997
0.435145 0.210001
0.419791 0.223000
0.548727 0.024491
0.495452 0.152912
0.487259 0.161088
0.487480 0.127735
0.500146 0.115492
0.528750 0.054891
0.527128 0.034560
0.509567 0.066582
0.510913 0.084085
0.496937 0.096706
0.135318 0.468383
0.103760 0.480905
0.112811 0.468140
0.091776 0.481922
0.157918 0.444473
0.142990 0.447783
0.213240 0.405662
0.221200 0.388991
0.188507 0.407024
0.182113 0.419683
0.165163 0.424099
0.213582 0.375458
0.280743 0.347153
0.294088 0.347043
0.306575 0.331800
0.241348 0.354866
0.224108 0.355839
0.269989 0.335349
0.249381 0.338333
0.356263 0.299339
0.336500 0.309394
0.375278 0.277950
0.358075 0.288884
0.303027 0.314626
0.322076 0.301849
0.076108 0.467842
0.056662 0.477046
0.024597 0.480823
0.043539 0.469606
-0.006403 0.505300
-0.020125 0.514292
0.010336 0.472902
-0.007769 0.483049
-0.035693 0.509271
-0.050190 0.518876
-0.140833 0.600685
-0.154762 0.616243
-0.105000 0.557845
-0.115015 0.570791
-0.145836 0.584995
-0.133782 0.569578
-0.084155 0.524407
-0.069518 0.510956
-0.098968 0.522426
-0.111903 0.537914
-0.192022 0.676673
-0.172846 0.662538
-0.173595 0.648298
-0.330326 0.720473
-0.315663 0.720605
-0.201376 0.675010
-0.218042 0.689796
-0.250669 0.699382
-0.235977 0.684973
-0.269601 0.694225
-0.302077 0.702816
-0.282753 0.707345
-0.187405 0.635961
-0.174978 0.611010
-0.582617 0.804796
-0.479176 0.752478
-0.491206 0.768740
-0.509100 0.766531
-0.521675 0.781990
-0.538810 0.779448
-0.569844 0.790103
-0.551418 0.793708
-0.428690 0.739952
-0.451582 0.733904
-0.417877 0.728229
-0.401281 0.729516
-0.388342 0.713264
-0.370034 0.715396
-0.339900 0.698711
-0.358306 0.697062
-0.489009 0.734355
-0.476734 0.717822
-0.456628 0.721241
-0.612180 0.809471
-0.601915 0.800342
-0.634745 0.804263
-0.640539 0.809025
-0.696151 0.841151
-0.704783 0.843313
-0.686479 0.821122
-0.675683 0.819154
-0.665431 0.803224
-0.753504 0.838681
-0.723808 0.828323
-0.741193 0.841464
-0.813353 0.830396
-0.791818 0.834128
-0.815428 0.827161
-0.781106 0.821953
-0.759986 0.825623
-0.850327 0.833411
-0.840974 0.822322
-0.871314 0.829342
-0.881232 0.840515
-0.913757 0.842215
-0.906308 0.834224
-0.935742 0.840631
-0.943682 0.823490
-0.965839 0.823720
-0.974377 0.807556
-1.000000 0.807846
0.609160 -0.108245
0.627962 -0.122380
0.645296 -0.150592
0.626754 -0.138830
0.662650 -0.179277
0.644764 -0.168670
0.679833 -0.207245
0.662813 -0.198150
0.681153 -0.230530
0.699813 -0.256245
0.692676 -0.235790
0.734309 -0.305762
0.722710 -0.288775
0.688866 -0.271121
0.703377 -0.291496
0.738205 -0.338126
0.727612 -0.322459
0.742523 -0.370845
0.731914 -0.354873
0.973577 -0.869618
0.967175 -0.883554
0.965072 -0.854586
0.972446 -0.837287
0.964599 -0.687341
0.975781 -0.703214
0.965297 -0.723431
0.975553 -0.738187
0.965415 -0.758550
0.974412 -0.772220
0.965164 -0.792256
0.964817 -0.824128
0.973009 -0.805138
0.941925 -0.652277
0.934927 -0.645602
0.936514 -0.677889
0.945548 -0.687985
0.902335 -0.603315
0.907398 -0.616902
0.908003 -0.650728
0.898224 -0.634261
0.746726 -0.403718
0.736183 -0.386895
0.878606 -0.545255
0.887127 -0.565463
0.883334 -0.599029
0.875789 -0.580306
0.854979 -0.522935
0.864377 -0.542474
0.839075 -0.486677
0.830959 -0.468617
0.829316 -0.502404
0.837526 -0.520635
0.798861 -0.452899
0.808170 -0.468479
0.782269 -0.451085
0.772022 -0.435212
0.740143 -0.418917
0.750733 -0.436661
0.943216 -0.911045
0.946790 -0.887558
0.945290 -0.947353
0.942813 -0.967999
0.934227 -0.916444
0.931426 -0.935955
0.930986 -0.975309
0.929946 -1.000000
0.592991 -0.118185
0.577939 -0.083377
0.574951 -0.058418
0.562337 -0.051878
0.560241 -0.032367
0.547712 0.000000
0.548727 -0.024491
0.572230 -0.089539
0.572727 -0.106579
0.375290 0.259474
0.391064 0.249012
0.389641 0.230975
0.404305 0.218533
0.453097 0.176768
0.463799 0.157987
0.398114 0.197869
0.436574 0.178417
0.429480 0.187939
0.404856 0.187817
0.515530 0.027060
0.515311 -0.000000
0.456893 0.143701
0.468590 0.125178
0.461886 0.112061
0.472829 0.088377
0.493983 0.056987
0.495410 0.034692
0.478553 0.063593
0.483758 0.026127
0.106112 0.446862
0.127313 0.433947
0.077923 0.451323
0.094658 0.441995
0.147899 0.408629
0.127768 0.420810
0.181360 0.389806
0.192805 0.372880
0.158548 0.385963
0.149150 0.393758
0.186616 0.358550
0.211437 0.339366
0.199691 0.339539
0.288048 0.307341
0.274408 0.314536
0.224655 0.319086
0.236805 0.319353
0.251839 0.301613
0.357822 0.249829
0.338252 0.270924
0.319749 0.281471
0.340717 0.258271
0.287452 0.286198
0.306254 0.274818
0.041846 0.450131
0.059810 0.439479
0.027763 0.442435
0.008756 0.452275
-0.003398 0.445217
-0.041291 0.482386
-0.024487 0.474012
-0.022503 0.453405
-0.071873 0.493220
-0.045634 0.480929
-0.844156 0.804898
-0.810763 0.802899
-0.827639 0.793225
-0.080797 0.486677
-0.167923 0.579810
-0.179996 0.601977
-0.172059 0.571163
-0.133730 0.534657
-0.144016 0.548516
-0.160507 0.548981
-0.108094 0.503387
-0.098478 0.488986
-0.139079 0.517452
-0.126057 0.502355
-0.211789 0.653045
-0.199288 0.636516
-0.327737 0.683546
-0.308346 0.687017
-0.241930 0.665458
-0.230385 0.651666
-0.274555 0.675606
-0.262643 0.662021
-0.295771 0.670867
-0.213426 0.615773
-0.198918 0.598520
-0.605602 0.779603
-0.575940 0.772559
-0.594096 0.768687
-0.505375 0.732918
-0.517315 0.747997
-0.534562 0.746126
-0.546573 0.760396
-0.563301 0.758192
-0.445684 0.705167
-0.426031 0.706882
-0.414924 0.692789
-0.397122 0.694394
-0.385447 0.679433
-0.366491 0.681344
-0.334487 0.666395
-0.354770 0.663033
-0.514104 0.714513
-0.483706 0.701495
-0.502960 0.699308
-0.453289 0.688141
-0.472934 0.686362
-0.635061 0.781336
-0.626084 0.774347
-0.669451 0.789083
-0.655322 0.775199
-0.723285 0.816999
-0.702947 0.805186
-0.685332 0.783500
-0.701844 0.795308
-0.739691 0.803300
-0.749325 0.804992
-0.796874 0.796864
-0.785880 0.802227
-0.765727 0.790913
-0.859011 0.797926
-0.875756 0.810601
-0.906902 0.818478
-0.888281 0.805704
-0.861346 0.782665
-0.935173 0.808241
-0.923366 0.806192
-0.948989 0.790533
-0.966030 0.791957
-0.976593 0.775422
-1.000000 0.775855
0.611333 -0.148040
0.591883 -0.137306
0.610300 -0.167680
0.628241 -0.178564
0.627631 -0.196421
0.646429 -0.208435
0.665794 -0.238057
0.645506 -0.224326
0.578183 -0.145726
0.676988 -0.272168
0.661282 -0.257584
0.705646 -0.324868
0.694621 -0.308771
0.664747 -0.295187
0.675695 -0.309768
0.708509 -0.357775
0.698336 -0.342642
0.712624 -0.390033
0.702248 -0.374950
0.935352 -0.877191
0.939879 -0.855481
0.940299 -0.823667
0.934170 -0.847866
0.946193 -0.723436
0.936922 -0.712067
0.945101 -0.757920
0.936816 -0.746839
0.935528 -0.781533
0.942349 -0.791203
0.934059 -0.815299
0.913549 -0.680030
0.903067 -0.665288
0.917157 -0.712467
0.906771 -0.698792
0.881022 -0.669131
0.876305 -0.634868
0.865884 -0.618023
0.868590 -0.653134
0.858241 -0.616533
0.706561 -0.407502
0.717574 -0.421910
0.854429 -0.578309
0.846530 -0.560383
0.845015 -0.593005
0.834634 -0.557050
0.825497 -0.535945
0.798938 -0.487277
0.806569 -0.501329
0.797722 -0.519244
0.806930 -0.534719
0.743260 -0.450926
0.774717 -0.485984
0.767098 -0.473766
0.754029 -0.471150
0.711384 -0.441100
0.721826 -0.453337
0.916701 -0.882433
0.912515 -0.904807
0.913229 -0.943656
0.911994 -0.965595
0.898196 -0.934142
0.899867 -0.910910
0.897259 -0.973628
0.896959 -1.000000
0.557838 -0.135821
0.557597 -0.118690
0.528750 -0.054891
0.544079 -0.063138
0.545841 -0.082190
0.527128 -0.034560
0.515530 -0.027060
0.535437 -0.107656
0.534143 -0.093962
0.367333 0.220845
0.359259 0.225010
0.373588 0.198202
0.365545 0.186822
0.425900 0.154780
0.436177 0.141555
0.397471 0.167299
0.375920 0.166358
0.406611 0.154635
0.495410 -0.034692
0.483564 0.000000
0.483758 -0.026127
0.428788 0.121302
0.437495 0.109487
0.432552 0.090413
0.443047 0.078047
0.441175 0.062386
0.459061 0.035052
0.458583 0.048284
0.452366 0.028009
0.454130 -0.000000
0.110244 0.407779
0.091988 0.419508
0.060213 0.421709
0.075455 0.411717
0.124490 0.381937
0.110484 0.392945
0.157022 0.359555
0.165249 0.353508
0.124682 0.363936
0.137180 0.354667
0.185369 0.322131
0.165654 0.330274
0.211856 0.302397
0.188334 0.310091
0.342667 0.219042
0.250649 0.291697
0.269726 0.275738
0.215055 0.289013
0.234200 0.281262
0.320708 0.238738
0.302407 0.253970
0.285394 0.248541
0.268604 0.264077
0.026240 0.420531
0.040437 0.411122
0.008488 0.413682
-0.004770 0.423347
-0.037373 0.441740
-0.027160 0.415417
-0.053159 0.444386
-0.059306 0.454768
-0.077323 0.459353
-0.828812 0.776027
-0.843875 0.768478
-0.797749 0.773653
-0.813396 0.766462
-0.090029 0.451522
-0.112253 0.465895
-0.207156 0.579513
-0.193759 0.565397
-0.198004 0.546220
-0.173627 0.533808
-0.172530 0.521784
-0.159002 0.511738
-0.117212 0.464803
-0.136766 0.479474
-0.161111 0.490086
-0.143879 0.478130
-0.226308 0.615106
-0.238979 0.630883
-0.321897 0.649840
-0.301097 0.654945
-0.258102 0.629037
-0.269199 0.641829
-0.288248 0.639245
-0.223828 0.576860
-0.236586 0.597040
-0.326568 0.636431
-0.627220 0.751272
-0.598852 0.749156
-0.618148 0.744583
-0.571532 0.738777
-0.587338 0.737546
-0.532336 0.713059
-0.542835 0.726856
-0.560860 0.725718
-0.442677 0.672644
-0.423295 0.674402
-0.411734 0.658065
-0.393614 0.659928
-0.382599 0.646641
-0.360950 0.649854
-0.349398 0.629131
-0.540015 0.695112
-0.510502 0.682186
-0.530485 0.680529
-0.480615 0.668801
-0.500214 0.667245
-0.450246 0.655977
-0.470384 0.654158
-0.659202 0.756799
-0.646552 0.745676
-0.677150 0.751689
-0.689427 0.763369
-0.729065 0.779478
-0.722003 0.778144
-0.709375 0.758607
-0.746271 0.766394
-0.764882 0.777026
-0.781927 0.764512
-0.880223 0.772447
-0.893733 0.786056
-0.912794 0.782497
-0.881131 0.763931
-0.847450 0.753115
-0.861006 0.746874
-0.918832 0.773026
-0.939598 0.772377
-0.948367 0.758364
-0.967221 0.758221
-0.976395 0.743296
-1.000000 0.743244
0.645137 -0.262567
0.593866 -0.176637
0.577075 -0.166339
0.609815 -0.207220
0.592967 -0.195849
0.609530 -0.222654
0.627926 -0.236114
0.627394 -0.247776
0.545170 -0.145322
0.560467 -0.174591
0.545507 -0.164935
0.646957 -0.294760
0.638510 -0.282578
0.666062 -0.330183
0.675879 -0.344408
0.636440 -0.315217
0.646154 -0.330139
0.678874 -0.377988
0.668627 -0.363179
0.672574 -0.395808
0.685478 -0.411076
0.907143 -0.847380
0.901972 -0.870360
0.901645 -0.839634
0.912561 -0.814318
0.915951 -0.746225
0.907447 -0.734169
0.914216 -0.779858
0.906767 -0.767522
0.902949 -0.801356
0.885692 -0.701222
0.874507 -0.687438
0.879255 -0.720203
0.888662 -0.733346
0.855203 -0.690225
0.826296 -0.595188
0.848305 -0.656431
0.843285 -0.679356
0.836412 -0.644973
0.837125 -0.631079
0.819614 -0.616462
0.678998 -0.430458
0.691032 -0.444324
0.812038 -0.579868
0.812664 -0.573726
0.795792 -0.553789
0.766798 -0.507083
0.775535 -0.520004
0.781733 -0.555158
0.768553 -0.537975
0.735450 -0.487391
0.716003 -0.474663
0.739501 -0.508003
0.736923 -0.505764
0.702371 -0.479925
0.684525 -0.464140
0.791526 -0.591618
0.883324 -0.876480
0.883296 -0.902332
0.880753 -0.941818
0.880606 -0.964951
0.866793 -0.933891
0.865930 -0.910592
0.864206 -0.973440
0.864312 -1.000000
0.521078 -0.122304
0.524429 -0.137540
0.510913 -0.084085
0.493983 -0.056987
0.509567 -0.066582
0.496937 -0.096706
0.500146 -0.115492
0.478553 -0.063593
0.347163 0.186135
0.335935 0.201138
0.337102 0.166427
0.348051 0.150699
0.367073 0.151366
0.397418 0.133521
0.407291 0.120322
0.377781 0.132926
0.459061 -0.035052
0.458583 -0.048284
0.452366 -0.028009
0.409105 0.085981
0.398750 0.098390
0.405101 0.067338
0.421656 0.052618
0.419472 0.035181
0.425177 0.028716
0.422536 -0.000000
0.425177 -0.028716
0.074354 0.391386
0.088779 0.380896
0.040967 0.392908
0.055186 0.383126
0.103156 0.353638
0.089258 0.364178
0.103008 0.337872
0.133653 0.328700
0.150018 0.320071
0.121838 0.324514
0.151992 0.302112
0.175151 0.293277
0.177604 0.282029
0.199660 0.272365
0.315583 0.198862
0.304391 0.216488
0.201640 0.261259
0.235504 0.256217
0.248262 0.251287
0.223955 0.250267
0.287296 0.217417
0.255033 0.229487
0.279327 0.229704
0.018694 0.380892
0.005836 0.392010
0.018786 0.368785
-0.016188 0.386390
-0.029418 0.411080
-0.065384 0.423132
-0.049488 0.405092
-0.080364 0.421169
-0.092712 0.434028
-0.780804 0.750422
-0.829177 0.738167
-0.814731 0.744072
-0.800817 0.736406
-0.230425 0.566094
-0.127196 0.443184
-0.115619 0.427579
-0.208902 0.539749
-0.223288 0.544504
-0.207271 0.514938
-0.193398 0.508332
-0.189556 0.486656
-0.179626 0.482097
-0.148396 0.441936
-0.155977 0.453304
-0.175105 0.456489
-0.256263 0.595500
-0.265832 0.607011
-0.312528 0.617632
-0.285002 0.605912
-0.296715 0.619278
-0.262772 0.574225
-0.254896 0.564055
-0.351339 0.624166
-0.322674 0.601183
-0.340758 0.601142
-0.649979 0.725808
-0.630670 0.713940
-0.597366 0.712925
-0.619262 0.720662
-0.594888 0.708207
-0.569221 0.705582
-0.562454 0.693916
-0.439619 0.639828
-0.419696 0.642406
-0.406880 0.622127
-0.388453 0.626488
-0.375489 0.614799
-0.568264 0.679061
-0.537859 0.664331
-0.556540 0.662053
-0.508030 0.650004
-0.526821 0.648363
-0.477748 0.636677
-0.497485 0.634963
-0.446235 0.624820
-0.467785 0.622501
-0.664281 0.719092
-0.681621 0.733232
-0.715007 0.744533
-0.696798 0.727465
-0.727298 0.740000
-0.745827 0.752423
-0.764161 0.738879
-0.910976 0.753786
-0.895833 0.751265
-0.865882 0.732355
-0.888104 0.728838
-0.834585 0.720732
-0.856158 0.718031
-0.939017 0.740294
-0.923217 0.739451
-0.949642 0.725631
-0.967136 0.725918
-0.976651 0.711245
-1.000000 0.711307
0.609802 -0.260569
0.614639 -0.282632
0.574884 -0.205055
0.559074 -0.194704
0.574235 -0.225834
0.590428 -0.234872
0.592648 -0.254278
0.524426 -0.175484
0.510216 -0.153432
0.522190 -0.183049
0.541658 -0.202881
0.607586 -0.291470
0.616871 -0.314766
0.635635 -0.350313
0.645119 -0.365211
0.615030 -0.349317
0.607012 -0.327168
0.637897 -0.383926
0.653970 -0.399806
0.647077 -0.420601
0.658595 -0.433854
0.871686 -0.869731
0.868316 -0.850224
0.881534 -0.836329
0.887473 -0.801026
0.874677 -0.817283
0.881146 -0.765832
0.876576 -0.756164
0.874791 -0.781046
0.854866 -0.749374
0.848057 -0.717892
0.853738 -0.722772
0.834754 -0.718348
0.823129 -0.684181
0.818934 -0.700153
0.802272 -0.621540
0.791164 -0.612300
0.810726 -0.670966
0.812583 -0.654701
0.799246 -0.642134
0.668890 -0.468840
0.652301 -0.453969
0.769782 -0.575936
0.771026 -0.579991
0.741170 -0.540621
0.743944 -0.542666
0.746673 -0.566816
0.709994 -0.512540
0.697191 -0.497252
0.717458 -0.543727
0.705419 -0.529804
0.676402 -0.502610
0.662992 -0.488491
0.767567 -0.619134
0.755450 -0.604430
0.849714 -0.881843
0.852199 -0.903236
0.847977 -0.942921
0.848681 -0.964994
0.834113 -0.934938
0.832593 -0.914007
0.831109 -0.974288
0.831162 -1.000000
0.495452 -0.152912
0.487480 -0.127735
0.472194 -0.086971
0.468590 -0.125178
0.461886 -0.112061
0.441175 -0.062386
0.443047 -0.078047
0.307461 0.182805
0.318380 0.165791
0.319908 0.130921
0.337947 0.131027
0.308665 0.148074
0.378966 0.097546
0.347963 0.116670
0.368507 0.117109
0.370406 0.084382
0.421656 -0.052618
0.419472 -0.035181
0.384239 0.059256
0.376562 0.063662
0.386831 0.033906
0.393391 0.029163
0.394783 -0.000000
0.393391 -0.029163
0.054082 0.360100
0.067101 0.352496
0.039784 0.354357
0.070404 0.331678
0.084172 0.325258
0.002106 0.353736
0.013118 0.331624
0.033378 0.333404
0.114330 0.302955
0.088581 0.305579
0.120295 0.292223
0.138363 0.288803
0.163313 0.265001
0.145591 0.268374
0.170609 0.247349
0.187388 0.244696
0.287564 0.181434
0.277093 0.198040
0.218811 0.228190
0.195717 0.226770
0.247084 0.217866
0.227525 0.217211
0.257263 0.197623
-0.055721 0.389387
-0.021647 0.375441
-0.010633 0.355328
-0.042780 0.372457
-0.074783 0.385452
-0.088203 0.400237
-0.106204 0.396914
-0.119932 0.413290
-0.763708 0.728717
-0.797140 0.719572
-0.779703 0.714439
-0.809920 0.706078
-0.824693 0.706951
-0.240847 0.531809
-0.259593 0.543836
-0.155109 0.423233
-0.139525 0.407447
-0.240656 0.515627
-0.223745 0.506024
-0.223935 0.485291
-0.208164 0.476506
-0.187307 0.446583
-0.207694 0.456568
-0.187133 0.430804
-0.171184 0.418494
-0.312021 0.582265
-0.287097 0.572476
-0.294610 0.581298
-0.291053 0.550010
-0.272207 0.538119
-0.376630 0.594446
-0.350367 0.588655
-0.325389 0.565579
-0.346831 0.572260
-0.667562 0.703683
-0.633205 0.694997
-0.651702 0.688529
-0.601013 0.689373
-0.621344 0.684887
-0.589175 0.674338
-0.412180 0.611885
-0.436546 0.608582
-0.403939 0.591272
-0.382400 0.589219
-0.593349 0.660600
-0.564197 0.646316
-0.581758 0.644574
-0.534944 0.631548
-0.553407 0.630321
-0.524675 0.616231
-0.505190 0.617580
-0.495318 0.603174
-0.474392 0.604851
-0.442320 0.594224
-0.465723 0.592534
-0.702127 0.710602
-0.686231 0.695525
-0.733434 0.718896
-0.716813 0.706021
-0.745032 0.715073
-0.688722 0.682420
-0.913408 0.719349
-0.893022 0.721032
-0.884607 0.701245
-0.862648 0.702011
-0.836291 0.687560
-0.854630 0.688493
-0.921145 0.707309
-0.940010 0.706523
-0.948405 0.693777
-0.967475 0.693352
-0.975947 0.679794
-1.000000 0.679636
0.487259 -0.161088
0.576902 -0.267128
0.589885 -0.291888
0.557020 -0.234817
0.537586 -0.217124
0.554399 -0.246230
0.570218 -0.266602
0.506009 -0.191922
0.489314 -0.182776
0.523362 -0.223303
0.504466 -0.211668
0.578972 -0.305199
0.585961 -0.325621
0.624364 -0.387699
0.604258 -0.362285
0.606754 -0.376947
0.575978 -0.338014
0.580245 -0.355596
0.624866 -0.423290
0.617101 -0.414298
0.619604 -0.445090
0.636834 -0.458569
0.836628 -0.874612
0.851676 -0.786962
0.834336 -0.852408
0.845579 -0.843151
0.844240 -0.820523
0.853307 -0.813080
0.841049 -0.758948
0.843311 -0.781227
0.822918 -0.751145
0.819792 -0.736932
0.798626 -0.707918
0.797883 -0.727592
0.785123 -0.697401
0.786207 -0.679399
0.763944 -0.636288
0.778071 -0.649162
0.775471 -0.668903
0.643527 -0.492979
0.630959 -0.480459
0.743529 -0.603807
0.729302 -0.580945
0.710272 -0.564020
0.723995 -0.580244
0.684072 -0.534826
0.671386 -0.521639
0.679462 -0.554283
0.691270 -0.566528
0.652001 -0.526333
0.638220 -0.513570
0.746967 -0.642215
0.727080 -0.622651
0.727833 -0.629118
0.816094 -0.885470
0.818298 -0.905960
0.805452 -0.879325
0.814988 -0.945064
0.815034 -0.964900
0.798875 -0.934792
0.799301 -0.917188
0.797556 -0.974464
0.797727 -1.000000
0.456893 -0.143701
0.463799 -0.157987
0.437495 -0.109487
0.432552 -0.090413
0.428788 -0.121302
0.436177 -0.141555
0.409105 -0.085981
0.405101 -0.067338
0.279009 0.165083
0.289805 0.147242
0.280583 0.131283
0.291958 0.112061
0.338395 0.094624
0.318667 0.096327
0.308383 0.111672
0.344133 0.086071
0.350766 0.051475
0.338507 0.063568
0.384239 -0.059256
0.386831 -0.033906
0.350273 0.035534
0.362326 0.025756
0.362040 -0.000000
0.362326 -0.025756
0.376562 -0.063662
0.047379 0.316621
0.079562 0.293555
0.063768 0.293378
-0.024953 0.338122
0.003742 0.317253
-0.013984 0.318310
0.012734 0.299206
0.024672 0.296251
0.089678 0.273039
0.107262 0.271683
0.117038 0.254873
0.131728 0.253161
0.141646 0.233063
0.157860 0.231601
0.188173 0.212850
0.167266 0.212617
0.258452 0.163819
0.248190 0.182948
0.218869 0.196718
0.196803 0.196536
0.227970 0.182396
-0.081595 0.366030
-0.070233 0.353394
-0.050712 0.354630
-0.040232 0.338933
-0.051277 0.321329
-0.099771 0.363069
-0.113010 0.379501
-0.144741 0.389041
-0.131395 0.375908
-0.751834 0.695936
-0.773635 0.694803
-0.799863 0.684877
-0.779950 0.685484
-0.809014 0.671785
-0.826997 0.672034
-0.256058 0.506084
-0.275846 0.516877
-0.176608 0.396229
-0.162196 0.384453
-0.190538 0.392316
-0.239889 0.476823
-0.257013 0.486249
-0.223897 0.446022
-0.240479 0.455813
-0.207986 0.418110
-0.223386 0.429459
-0.207704 0.404235
-0.306096 0.542912
-0.321244 0.549999
-0.305438 0.519221
-0.287430 0.510813
-0.379401 0.564798
-0.360578 0.558156
-0.339868 0.534699
-0.357111 0.541812
-0.673332 0.666257
-0.656485 0.671676
-0.640668 0.656296
-0.624836 0.659945
-0.616208 0.653991
-0.413792 0.578948
-0.434624 0.580205
-0.395398 0.553162
-0.406823 0.557485
-0.613383 0.629801
-0.589929 0.628574
-0.582581 0.613697
-0.561847 0.613731
-0.532630 0.599409
-0.553003 0.598521
-0.523080 0.584253
-0.502551 0.585912
-0.471793 0.573520
-0.492633 0.571461
-0.463020 0.562501
-0.442802 0.564192
-0.710803 0.671980
-0.722862 0.685012
-0.742330 0.682695
-0.711588 0.663702
-0.678827 0.650394
-0.694407 0.646320
-0.911789 0.688451
-0.892135 0.688805
-0.883660 0.671501
-0.864241 0.670736
-0.856079 0.656367
-0.836962 0.655524
-0.920606 0.674731
-0.939231 0.674519
-0.947775 0.662140
-0.967303 0.661944
-0.975519 0.648833
-1.000000 0.648798
0.468885 -0.194997
0.453097 -0.176768
0.558035 -0.302415
0.552944 -0.283615
0.518280 -0.247267
0.533607 -0.277300
0.532031 -0.256384
0.467545 -0.204235
0.488534 -0.221038
0.507167 -0.250481
0.486515 -0.233759
0.552588 -0.333892
0.547956 -0.313887
0.595580 -0.413427
0.587501 -0.393324
0.542497 -0.345441
0.573852 -0.389276
0.547429 -0.365827
0.567690 -0.370017
0.605766 -0.450248
0.584155 -0.428795
0.586612 -0.439192
0.610274 -0.484358
0.600863 -0.474729
0.813680 -0.846511
0.801410 -0.857335
0.809839 -0.824387
0.818824 -0.791739
0.821307 -0.814088
0.807182 -0.784270
0.806340 -0.765030
0.784826 -0.737076
0.784772 -0.754033
0.765143 -0.706818
0.764223 -0.726200
0.749129 -0.695290
0.750773 -0.675176
0.742179 -0.666575
0.605600 -0.505860
0.620710 -0.518274
0.701921 -0.604213
0.684094 -0.589357
0.658343 -0.559333
0.646741 -0.548082
0.670058 -0.592223
0.654975 -0.578007
0.627869 -0.551594
0.615374 -0.540941
0.719600 -0.668191
0.710988 -0.646363
0.693234 -0.643082
0.686443 -0.628031
0.781572 -0.852665
0.780517 -0.904127
0.768926 -0.875837
0.781895 -0.890229
0.780892 -0.944656
0.781497 -0.965295
0.764740 -0.914058
0.765966 -0.936334
0.763526 -0.975424
0.763960 -1.000000
0.436574 -0.178417
0.425900 -0.154780
0.398750 -0.098390
0.407291 -0.120322
0.406611 -0.154635
0.397418 -0.133521
0.378966 -0.097546
0.370406 -0.084382
0.260510 0.129996
0.250299 0.149640
0.252952 0.117394
0.263595 0.095344
0.279603 0.095337
0.293081 0.073050
0.317045 0.059308
0.304688 0.072621
0.312696 0.037631
0.329202 0.025924
0.350273 -0.035534
0.350766 -0.051475
0.328138 0.000000
0.329202 -0.025924
0.338507 -0.063568
0.344133 -0.086071
0.034291 0.276969
0.050996 0.275259
0.060538 0.258080
0.077399 0.256727
-0.027588 0.301047
-0.042640 0.303502
-0.004923 0.280502
-0.018812 0.283613
0.003870 0.262638
0.021128 0.260215
0.102811 0.236494
0.087297 0.238043
0.113133 0.218142
0.128610 0.216876
0.157817 0.197572
0.138731 0.197844
0.228704 0.148444
0.167186 0.179843
0.188402 0.180016
0.219462 0.165219
0.197163 0.164699
-0.106798 0.347358
-0.079525 0.327400
-0.094329 0.328733
-0.075208 0.322545
-0.077935 0.295502
-0.057503 0.287868
-0.137569 0.354363
-0.127133 0.343840
-0.167130 0.363017
-0.156175 0.351631
-0.749704 0.665521
-0.772106 0.666005
-0.780703 0.652743
-0.799881 0.653152
-0.828474 0.639542
-0.809521 0.638870
-0.271039 0.478661
-0.289422 0.487865
-0.190184 0.359093
-0.197492 0.368173
-0.219523 0.369590
-0.224284 0.392201
-0.272491 0.456401
-0.257391 0.447497
-0.257727 0.425005
-0.242384 0.398185
-0.245025 0.416928
-0.335808 0.516023
-0.321350 0.509730
-0.301983 0.481173
-0.318843 0.489349
-0.390504 0.533168
-0.372863 0.527549
-0.353550 0.503285
-0.367929 0.508034
-0.648694 0.637366
-0.665179 0.634953
-0.620516 0.621873
-0.635509 0.621357
-0.430168 0.542842
-0.405279 0.519324
-0.421140 0.523614
-0.590628 0.599322
-0.610407 0.598461
-0.581280 0.581868
-0.560764 0.583002
-0.530233 0.568502
-0.551198 0.566668
-0.499446 0.554905
-0.520184 0.552397
-0.488337 0.538929
-0.468744 0.542144
-0.457665 0.530703
-0.742040 0.651481
-0.730315 0.648980
-0.701719 0.629237
-0.720743 0.628439
-0.692352 0.615475
-0.673507 0.616279
-0.911315 0.656796
-0.893322 0.656239
-0.865872 0.638904
-0.884630 0.639982
-0.858037 0.625048
-0.838019 0.623992
-0.938920 0.641845
-0.921684 0.641556
-0.947552 0.630952
-0.967440 0.631104
-0.975745 0.618046
-1.000000 0.618688
0.429480 -0.187939
0.452060 -0.215177
0.435145 -0.210001
0.521177 -0.287446
0.525604 -0.310071
0.502412 -0.282722
0.496941 -0.270121
0.455307 -0.238610
0.470600 -0.244188
0.474166 -0.265934
0.519583 -0.341694
0.515531 -0.320448
0.510844 -0.351166
0.556950 -0.404226
0.560847 -0.421028
0.536091 -0.377521
0.514715 -0.373513
0.540848 -0.398016
0.506212 -0.381744
0.569134 -0.458904
0.579039 -0.476622
0.553471 -0.456020
0.547258 -0.435775
0.569379 -0.495598
0.589862 -0.511124
0.787544 -0.819382
0.775736 -0.842292
0.783111 -0.811003
0.788144 -0.792759
0.768866 -0.766838
0.768568 -0.775353
0.748224 -0.752334
0.748677 -0.736083
0.729394 -0.705087
0.730677 -0.725402
0.717288 -0.698119
0.712360 -0.678492
0.584436 -0.531995
0.597477 -0.545017
0.665042 -0.623450
0.660637 -0.614213
0.621780 -0.578581
0.636020 -0.608662
0.633428 -0.586022
0.610470 -0.580950
0.591439 -0.564385
0.679960 -0.661992
0.687958 -0.676631
0.653167 -0.643959
0.662200 -0.660010
0.756120 -0.839626
0.753533 -0.875763
0.743544 -0.855795
0.742745 -0.889799
0.746471 -0.906589
0.746623 -0.946427
0.747801 -0.966045
0.731606 -0.920152
0.734345 -0.938946
0.729225 -0.977065
0.728561 -1.000000
0.397471 -0.167299
0.404856 -0.187817
0.398114 -0.197869
0.377781 -0.132926
0.368507 -0.117109
0.367073 -0.151366
0.375920 -0.166358
0.347963 -0.116670
0.338395 -0.094624
0.230272 0.115020
0.221290 0.134246
0.225217 0.105658
0.252922 0.082323
0.232326 0.085187
0.277991 0.057474
0.258487 0.062991
0.282790 0.037159
0.295478 0.030757
0.296049 0.000000
0.317045 -0.059308
0.312696 -0.037631
0.295478 -0.030757
0.304688 -0.072621
0.318667 -0.096327
0.029777 0.242173
0.048233 0.240698
0.057762 0.222450
0.073866 0.220992
-0.035670 0.264912
-0.053512 0.270572
0.018784 0.226616
-0.029506 0.249017
-0.002562 0.228025
-0.009728 0.244947
0.084075 0.201908
0.099692 0.200578
0.109895 0.182360
0.128010 0.181671
0.158036 0.163874
0.137658 0.163862
0.197743 0.133156
0.167454 0.146655
0.189060 0.147178
-0.111294 0.310610
-0.131185 0.322816
-0.109772 0.299657
-0.089467 0.288859
-0.069959 0.255884
-0.090797 0.270166
-0.070027 0.247944
-0.163401 0.328990
-0.145460 0.316276
-0.173949 0.325889
-0.193731 0.341903
-0.772078 0.634754
-0.756622 0.633135
-0.800820 0.620676
-0.783755 0.619655
-0.830181 0.607719
-0.811113 0.606673
-0.288694 0.449449
-0.303421 0.460573
-0.209327 0.333561
-0.226223 0.342058
-0.228998 0.359791
-0.253884 0.387396
-0.248532 0.365210
-0.276943 0.417561
-0.291808 0.431163
-0.280896 0.398737
-0.274112 0.389859
-0.347231 0.479197
-0.325633 0.451631
-0.337097 0.476713
-0.399858 0.500769
-0.384164 0.494722
-0.361380 0.469481
-0.380762 0.477616
-0.647165 0.602125
-0.663228 0.601859
-0.635366 0.585289
-0.619269 0.585907
-0.417849 0.485659
-0.457938 0.515604
-0.434550 0.494645
-0.437094 0.505261
-0.469181 0.506888
-0.589136 0.567488
-0.608430 0.566350
-0.579354 0.550339
-0.558318 0.551742
-0.526965 0.537037
-0.549299 0.536146
-0.495269 0.522465
-0.519369 0.523364
-0.489924 0.511763
-0.729669 0.615250
-0.746844 0.615494
-0.720374 0.597647
-0.700870 0.597696
-0.672973 0.583731
-0.691891 0.583378
-0.895348 0.623034
-0.911842 0.624030
-0.886561 0.607936
-0.867530 0.606918
-0.839501 0.593240
-0.860193 0.594660
-0.939587 0.607577
-0.924203 0.606803
-0.947290 0.600119
-0.968900 0.602293
-0.978111 0.587537
-1.000000 0.587367
0.419791 -0.223000
0.404305 -0.218533
0.425084 -0.243493
0.440178 -0.248737
0.492889 -0.315802
0.488188 -0.301328
0.467335 -0.295143
0.443717 -0.271918
0.463043 -0.277065
0.481950 -0.330850
0.487038 -0.347817
0.477760 -0.360747
0.484880 -0.379658
0.526590 -0.430789
0.522016 -0.412041
0.510227 -0.406594
0.488481 -0.416388
0.475624 -0.392448
0.566196 -0.496513
0.540692 -0.468675
0.543578 -0.486311
0.514495 -0.444348
0.519497 -0.462760
0.563516 -0.536204
0.553002 -0.523710
0.746786 -0.819143
0.753663 -0.809021
0.750325 -0.791091
0.730917 -0.782201
0.730215 -0.764540
0.711367 -0.737720
0.711219 -0.752920
0.692046 -0.723093
0.692564 -0.713016
0.678251 -0.696715
0.558821 -0.553909
0.575566 -0.569925
0.622854 -0.621380
0.634095 -0.642778
0.598559 -0.602179
0.613111 -0.620444
0.586241 -0.602823
0.570929 -0.585139
0.660337 -0.698148
0.649586 -0.678388
0.631205 -0.677090
0.621812 -0.660538
0.729588 -0.820449
0.725260 -0.853722
0.718482 -0.840685
0.713432 -0.872697
0.718043 -0.884384
0.706298 -0.904945
0.709434 -0.912408
0.710305 -0.963811
0.711865 -0.950411
0.697847 -0.935032
0.694428 -0.973509
0.695053 -1.000000
0.365545 -0.186822
0.373588 -0.198202
0.367333 -0.220845
0.389641 -0.230975
0.337947 -0.131027
0.348051 -0.150699
0.347163 -0.186135
0.337102 -0.166427
0.319908 -0.130921
0.308383 -0.111672
0.190559 0.114263
0.199275 0.102308
0.194895 0.081925
0.220761 0.071709
0.222377 0.058485
0.242961 0.047866
0.244612 0.034547
0.261283 0.024020
0.262621 -0.000000
0.282790 -0.037159
0.261283 -0.024020
0.277991 -0.057474
0.293081 -0.073050
0.279603 -0.095337
0.291958 -0.112061
0.027432 0.207357
0.044937 0.205848
0.070695 0.185047
0.054598 0.186622
0.015621 0.192528
-0.044992 0.228898
-0.049074 0.228810
-0.001422 0.193435
-0.011748 0.213559
-0.030341 0.212484
0.080578 0.165982
0.098180 0.164869
0.107710 0.147986
0.127999 0.147525
0.168628 0.112856
0.137148 0.130295
0.158862 0.130825
-0.148511 0.294795
-0.125852 0.285280
-0.123691 0.267463
-0.108552 0.259291
-0.106651 0.240218
-0.089358 0.232035
-0.086030 0.214806
-0.067446 0.208761
-0.181554 0.297584
-0.184081 0.303832
-0.155291 0.290433
-0.209248 0.311335
-0.219679 0.303061
-0.774320 0.600402
-0.757567 0.599887
-0.784764 0.586720
-0.802817 0.587425
-0.832495 0.576490
-0.812126 0.575220
-0.840527 0.564472
-0.327874 0.446260
-0.311864 0.424013
-0.243572 0.328109
-0.242468 0.313506
-0.263989 0.339686
-0.264659 0.351891
-0.283298 0.364558
-0.316286 0.411798
-0.305059 0.395765
-0.295932 0.361475
-0.311175 0.379049
-0.361627 0.449140
-0.345073 0.439141
-0.397085 0.462562
-0.415243 0.471587
-0.394918 0.451052
-0.377083 0.440876
-0.431063 0.457528
-0.645898 0.567989
-0.662671 0.567628
-0.617254 0.551665
-0.634767 0.550791
-0.454604 0.475935
-0.451688 0.465401
-0.467169 0.483206
-0.487640 0.475600
-0.500618 0.491716
-0.557025 0.519778
-0.606503 0.533831
-0.587087 0.535230
-0.577005 0.518799
-0.547530 0.504719
-0.527444 0.505606
-0.517389 0.490627
-0.747812 0.582454
-0.729809 0.581994
-0.700277 0.566558
-0.720550 0.565476
-0.672420 0.551130
-0.690449 0.550852
-0.913313 0.589984
-0.896888 0.589976
-0.869502 0.574321
-0.886916 0.575335
-0.863056 0.565150
-0.923827 0.572490
-0.939521 0.570374
-0.945127 0.574740
-0.968482 0.571157
-0.974737 0.557012
-1.000000 0.556574
0.408075 -0.256854
0.391064 -0.249012
0.410967 -0.273820
0.431619 -0.281377
0.453034 -0.310476
0.457531 -0.326568
0.432746 -0.303645
0.447810 -0.340780
0.456762 -0.359825
0.447139 -0.374826
0.457507 -0.393900
0.485940 -0.422426
0.493679 -0.440301
0.460709 -0.426650
0.450183 -0.406445
0.536153 -0.522608
0.528031 -0.500034
0.512457 -0.496571
0.506165 -0.477252
0.480953 -0.458284
0.487270 -0.473119
0.525464 -0.533766
0.529428 -0.555405
0.539586 -0.561076
0.714689 -0.794586
0.714088 -0.802966
0.693887 -0.779515
0.693485 -0.765271
0.673385 -0.736381
0.675664 -0.754739
0.656968 -0.728904
0.652117 -0.711104
0.541063 -0.586462
0.551221 -0.592250
0.594865 -0.641063
0.603185 -0.658804
0.578634 -0.636786
0.572675 -0.622063
0.553016 -0.616727
0.618357 -0.698065
0.624930 -0.709073
0.600494 -0.695337
0.592340 -0.673615
0.697526 -0.836955
0.692837 -0.817963
0.686116 -0.849582
0.690921 -0.867707
0.678791 -0.881945
0.683765 -0.898976
0.679679 -0.936302
0.671057 -0.913766
0.673999 -0.944010
0.677529 -0.965876
0.660638 -0.977631
0.660178 -1.000000
0.335935 -0.201138
0.359259 -0.225010
0.342667 -0.219042
0.375290 -0.259474
0.357822 -0.249829
0.308665 -0.148074
0.318380 -0.165791
0.307461 -0.182805
0.315583 -0.198862
0.304391 -0.216488
0.289805 -0.147242
0.280583 -0.131283
0.160464 0.097682
0.188581 0.077616
0.166466 0.083725
0.204854 0.043021
0.187214 0.055363
0.205307 0.033550
0.224498 0.019138
0.224974 0.000000
0.244612 -0.034547
0.224498 -0.019138
0.242961 -0.047866
0.258487 -0.062991
0.252922 -0.082323
0.263595 -0.095344
0.260510 -0.129996
0.252952 -0.117394
0.041047 0.169983
0.025386 0.171724
0.068382 0.149540
0.050503 0.151272
-0.012453 0.179078
0.011897 0.156813
-0.006344 0.159998
-0.040337 0.187178
-0.061501 0.191412
-0.037317 0.182756
-0.074528 0.177316
0.097126 0.129577
0.077366 0.130870
0.128626 0.114498
0.105338 0.115315
0.136010 0.098715
-0.142971 0.255244
-0.158690 0.264079
-0.141075 0.236121
-0.123120 0.227956
-0.120609 0.209206
-0.099736 0.201906
-0.096719 0.183253
-0.173030 0.258869
-0.220250 0.286258
-0.203612 0.274451
-0.191111 0.277715
-0.178330 0.246544
-0.107924 0.171911
-0.236459 0.276421
-0.252520 0.282613
-0.256271 0.300777
-0.868512 0.544962
-0.805412 0.556107
-0.758979 0.565401
-0.775598 0.566592
-0.787679 0.552588
-0.818920 0.542216
-0.834510 0.546860
-0.850678 0.532287
-0.348461 0.416888
-0.337874 0.406874
-0.280165 0.325465
-0.274544 0.306393
-0.294119 0.329309
-0.302833 0.346833
-0.330200 0.374611
-0.341837 0.386027
-0.334817 0.353944
-0.325921 0.344475
-0.370594 0.412218
-0.378614 0.420362
-0.427132 0.437320
-0.403051 0.416285
-0.411903 0.433727
-0.437266 0.428954
-0.464704 0.446891
-0.460251 0.435094
-0.644299 0.534403
-0.662184 0.533790
-0.633540 0.517143
-0.614846 0.518458
-0.487477 0.451938
-0.492030 0.459869
-0.518085 0.459833
-0.525764 0.473344
-0.576331 0.487015
-0.585686 0.501902
-0.555719 0.487304
-0.604283 0.501570
-0.547166 0.473398
-0.749222 0.548564
-0.727634 0.551563
-0.753896 0.537436
-0.716656 0.533063
-0.700241 0.533299
-0.671229 0.518787
-0.690379 0.518647
-0.882770 0.539591
-0.906914 0.552742
-0.899812 0.553532
-0.918599 0.537730
-0.943861 0.542426
-0.941760 0.539937
-0.967369 0.543968
-0.975980 0.526711
-1.000000 0.525812
0.421850 -0.311313
0.375278 -0.277950
0.395334 -0.288951
0.396627 -0.298756
0.427207 -0.340851
0.418705 -0.330415
0.427381 -0.375101
0.419133 -0.363197
0.429308 -0.409057
0.419317 -0.393908
0.454156 -0.439413
0.461289 -0.454552
0.423632 -0.422812
0.433068 -0.439320
0.499356 -0.509700
0.503454 -0.529171
0.448391 -0.473354
0.478489 -0.504235
0.473806 -0.491299
0.452433 -0.485363
0.493603 -0.539394
0.507438 -0.566310
0.496666 -0.559874
0.509512 -0.587624
0.521548 -0.594500
0.674856 -0.794155
0.677783 -0.811076
0.655211 -0.769173
0.657437 -0.785026
0.639078 -0.759191
0.617825 -0.732042
0.637631 -0.744727
0.540985 -0.625419
0.522453 -0.618139
0.567152 -0.672217
0.562531 -0.654654
0.542500 -0.646807
0.605954 -0.736489
0.590548 -0.729051
0.586181 -0.709057
0.562152 -0.679750
0.568807 -0.704036
0.665537 -0.844800
0.660685 -0.824891
0.652332 -0.858324
0.658290 -0.877236
0.644319 -0.893169
0.652259 -0.911062
0.638652 -0.929880
0.646633 -0.943906
0.639580 -0.964204
0.628349 -0.968939
0.626467 -1.000000
0.320708 -0.238738
0.340717 -0.258271
0.358075 -0.288884
0.338252 -0.270924
0.287564 -0.181434
0.279009 -0.165083
0.277093 -0.198040
0.287296 -0.217417
0.279327 -0.229704
0.302407 -0.253970
0.285394 -0.248541
0.258452 -0.163819
0.250299 -0.149640
0.128439 0.084524
0.139528 0.063561
0.166609 0.045491
0.152274 0.063215
0.205307 -0.033550
0.164713 0.034961
0.185471 0.017091
0.185066 0.000000
0.185471 -0.017091
0.222377 -0.058485
0.204854 -0.043021
0.220761 -0.071709
0.232326 -0.085187
0.230272 -0.115020
0.225217 -0.105658
0.187214 -0.055363
0.228704 -0.148444
0.221290 -0.134246
0.019473 0.136277
0.037370 0.133666
0.045453 0.117401
0.066360 0.115418
-0.043695 0.154241
-0.017941 0.147762
-0.014401 0.127115
0.006962 0.122952
-0.047149 0.152074
-0.070266 0.158056
-0.104884 0.151898
-0.082424 0.146266
0.074804 0.094878
0.096237 0.095395
0.105934 0.082021
0.067663 0.084541
-0.115100 0.141711
-0.158592 0.223338
-0.169243 0.226569
-0.134616 0.196501
-0.152026 0.201928
-0.130485 0.177733
-0.233883 0.251094
-0.204753 0.242694
-0.210757 0.249937
-0.206627 0.224462
-0.188436 0.212211
-0.138699 0.147286
-0.142495 0.164277
-0.238026 0.247319
-0.267532 0.269391
-0.262612 0.250908
-0.289088 0.291814
-0.284652 0.274489
-0.886260 0.520972
-0.866513 0.508598
-0.850053 0.521579
-0.781138 0.532547
-0.803180 0.519852
-0.813925 0.524685
-0.775423 0.529858
-0.832769 0.511085
-0.363053 0.381085
-0.373682 0.392318
-0.310020 0.298703
-0.312726 0.310873
-0.330248 0.321245
-0.367010 0.362378
-0.356075 0.350068
-0.344924 0.315799
-0.361076 0.331954
-0.408225 0.403560
-0.396274 0.386951
-0.429194 0.399304
-0.437367 0.406586
-0.471246 0.416725
-0.460871 0.401511
-0.488748 0.416867
-0.497138 0.428643
-0.661594 0.499997
-0.641832 0.501925
-0.666879 0.490786
-0.614650 0.483667
-0.630686 0.484194
-0.517851 0.429401
-0.525589 0.441780
-0.547548 0.441899
-0.555730 0.454831
-0.576411 0.455049
-0.605163 0.468820
-0.585136 0.468740
-0.727841 0.516949
-0.739898 0.516444
-0.751742 0.502212
-0.769619 0.505235
-0.714557 0.497819
-0.700260 0.498147
-0.690291 0.486531
-0.901038 0.513119
-0.911894 0.517725
-0.946160 0.513971
-0.933723 0.504383
-0.965043 0.509880
-0.970984 0.496444
-1.000000 0.496280
0.383068 -0.316549
0.395261 -0.334379
0.356263 -0.299339
0.371722 -0.316672
0.388729 -0.351572
0.396229 -0.363057
0.398148 -0.395263
0.388727 -0.383752
0.391337 -0.418387
0.399983 -0.426953
0.425365 -0.466019
0.398516 -0.448613
0.422627 -0.457083
0.413135 -0.484149
0.465644 -0.522559
0.471096 -0.534881
0.418229 -0.497704
0.440074 -0.502122
0.445747 -0.518525
0.474914 -0.570305
0.460638 -0.553964
0.472637 -0.583656
0.490526 -0.597200
0.488794 -0.615261
0.508320 -0.626789
0.643662 -0.818949
0.639476 -0.799577
0.621525 -0.792308
0.617983 -0.773373
0.602916 -0.765381
0.527390 -0.657746
0.507023 -0.644913
0.526610 -0.674066
0.536746 -0.683761
0.590173 -0.769718
0.570129 -0.742967
0.570693 -0.756126
0.552885 -0.731114
0.534178 -0.706140
0.552060 -0.717264
0.627750 -0.832627
0.634166 -0.854263
0.627389 -0.890157
0.619905 -0.867858
0.621276 -0.927420
0.613831 -0.903184
0.609074 -0.938408
0.612422 -0.961939
0.595083 -0.972139
0.596697 -1.000000
0.319749 -0.281471
0.306254 -0.274818
0.322076 -0.301849
0.336500 -0.309394
0.248190 -0.182948
0.257263 -0.197623
0.247084 -0.217866
0.255033 -0.229487
0.248262 -0.251287
0.268604 -0.264077
0.269726 -0.275738
0.287452 -0.286198
0.227970 -0.182396
0.219462 -0.165219
0.099792 0.061209
0.126728 0.049067
0.127579 0.035515
0.147646 0.024054
0.166609 -0.045491
0.164713 -0.034961
0.147112 0.000000
0.147646 -0.024054
0.199275 -0.102308
0.188581 -0.077616
0.194895 -0.081925
0.190559 -0.114263
0.197743 -0.133156
0.166466 -0.083725
0.152274 -0.063215
0.189060 -0.147178
0.197163 -0.164699
0.033451 0.097611
0.012906 0.100980
0.039770 0.085740
-0.024212 0.117615
-0.049730 0.123900
0.000709 0.089097
-0.022363 0.096509
-0.056312 0.119109
-0.079063 0.124969
-0.112640 0.120881
-0.090211 0.115001
0.092407 0.056779
0.071903 0.064459
0.032997 0.065450
0.055845 0.051021
-0.149831 0.133641
-0.122340 0.111917
-0.143518 0.116562
-0.188109 0.195322
-0.165879 0.170604
-0.169267 0.186333
-0.201657 0.186587
-0.225591 0.213231
-0.238485 0.223400
-0.225506 0.202599
-0.177275 0.156735
-0.169127 0.135963
-0.180570 0.122250
-0.261468 0.216606
-0.272528 0.238442
-0.299371 0.260247
-0.288702 0.238579
-0.322363 0.283915
-0.311041 0.261564
-0.898597 0.490403
-0.880429 0.483725
-0.866416 0.494828
-0.845805 0.483558
-0.831275 0.495392
-0.781672 0.494299
-0.812449 0.487171
-0.798117 0.498974
-0.400780 0.372081
-0.389442 0.357299
-0.349882 0.301034
-0.338246 0.283887
-0.380454 0.325939
-0.393688 0.342182
-0.384451 0.312605
-0.372352 0.295844
-0.432515 0.377093
-0.423341 0.367217
-0.465705 0.386127
-0.455980 0.373156
-0.487447 0.382947
-0.497753 0.396965
-0.693319 0.467941
-0.526489 0.410276
-0.517229 0.396061
-0.644047 0.465518
-0.657996 0.467587
-0.670725 0.457200
-0.635258 0.450547
-0.614462 0.450012
-0.555833 0.422613
-0.547511 0.410061
-0.576945 0.422675
-0.585453 0.435793
-0.605836 0.436187
-0.727185 0.480440
-0.745333 0.483607
-0.757168 0.471118
-0.777157 0.475735
-0.720229 0.464927
-0.703868 0.460676
-0.932593 0.488920
-0.911800 0.480501
-0.943918 0.478577
-0.964988 0.482628
-0.975653 0.465520
-1.000000 0.467319
0.365574 -0.351727
0.357805 -0.337756
0.337869 -0.334013
0.357369 -0.369154
0.369263 -0.385406
0.373116 -0.420142
0.360898 -0.403433
0.387052 -0.457234
0.373703 -0.453885
0.364394 -0.436686
0.392155 -0.479627
0.380509 -0.491495
0.383915 -0.511165
0.407063 -0.514723
0.441958 -0.555877
0.434487 -0.532071
0.413204 -0.529503
0.439249 -0.559366
0.457116 -0.591952
0.441254 -0.583739
0.490696 -0.654653
0.456181 -0.613032
0.473980 -0.623566
0.472454 -0.642734
0.604699 -0.806770
0.611372 -0.828350
0.586267 -0.801727
0.582079 -0.793372
0.489537 -0.672626
0.503484 -0.683345
0.517627 -0.713626
0.502628 -0.704090
0.555103 -0.787730
0.551969 -0.770588
0.535056 -0.762150
0.533008 -0.744773
0.516864 -0.735372
0.595783 -0.842591
0.602672 -0.864422
0.589099 -0.877516
0.595103 -0.899940
0.583501 -0.911223
0.587238 -0.933217
0.576239 -0.943353
0.578664 -0.964774
0.562306 -0.975491
0.563351 -1.000000
0.376360 -0.519562
0.331371 -0.338879
0.303027 -0.314626
0.288048 -0.307341
0.306575 -0.331800
0.274408 -0.314536
0.227525 -0.217211
0.218869 -0.196718
0.218811 -0.228190
0.235504 -0.256217
0.223955 -0.250267
0.234200 -0.281262
0.250649 -0.291697
0.251839 -0.301613
0.188402 -0.180016
0.196803 -0.196536
0.090386 0.033644
0.111103 0.022445
0.111510 -0.000000
0.139528 -0.063561
0.127579 -0.035515
0.126728 -0.049067
0.111103 -0.022445
0.168628 -0.112856
0.160464 -0.097682
0.167454 -0.146655
0.158862 -0.130825
0.136010 -0.098715
0.128439 -0.084524
0.167186 -0.179843
0.158036 -0.163874
0.002862 0.069843
0.022325 0.060394
-0.056568 0.094452
-0.034701 0.086031
-0.014058 0.057501
-0.033516 0.066943
-0.069274 0.085797
-0.087998 0.093755
-0.104092 0.082683
-0.120310 0.091346
0.055742 0.036117
0.076151 0.024976
0.019207 0.035202
0.041740 0.025999
-0.168502 0.097758
-0.156945 0.098595
-0.139508 0.079932
-0.197240 0.158060
-0.205346 0.170907
-0.239269 0.187612
-0.231881 0.167453
-0.258386 0.190552
-0.265940 0.206627
-0.206957 0.139446
-0.198045 0.122392
-0.176885 0.088243
-0.207145 0.108656
-0.200477 0.089678
-0.300116 0.224043
-0.289735 0.204849
-0.314063 0.224452
-0.327344 0.245853
-0.348727 0.266834
-0.334927 0.246425
-0.910335 0.460313
-0.878036 0.464033
-0.891346 0.453867
-0.845475 0.469869
-0.860891 0.457583
-0.824740 0.457257
-0.810323 0.469612
-0.789773 0.461982
-0.426758 0.348667
-0.415571 0.336030
-0.377060 0.282128
-0.365288 0.265258
-0.406712 0.306208
-0.418846 0.320133
-0.410274 0.290181
-0.398221 0.277142
-0.450287 0.342791
-0.460584 0.355554
-0.483146 0.351663
-0.493668 0.365268
-0.525091 0.379192
-0.514992 0.362517
-0.671665 0.436351
-0.700208 0.435762
-0.555515 0.390543
-0.546718 0.377887
-0.667916 0.431867
-0.644240 0.432544
-0.615313 0.416962
-0.634458 0.416986
-0.585590 0.403160
-0.576535 0.389981
-0.605878 0.402908
-0.787105 0.449200
-0.736274 0.446134
-0.752367 0.450002
-0.763477 0.441082
-0.705648 0.429023
-0.729515 0.432460
-0.940311 0.456067
-0.921828 0.451451
-0.950346 0.447871
-0.968518 0.450772
-0.979954 0.434181
-1.000000 0.433698
0.338011 -0.371413
0.328598 -0.362177
0.341378 -0.405391
0.331839 -0.394944
0.334757 -0.428216
0.342852 -0.437330
0.356764 -0.484211
0.336833 -0.461783
0.354383 -0.472870
0.345474 -0.499267
0.353693 -0.518276
0.403067 -0.546158
0.381336 -0.545643
0.411725 -0.561509
0.405619 -0.577918
0.423718 -0.593602
0.470411 -0.681519
0.439776 -0.621760
0.421655 -0.608044
0.453753 -0.669206
0.455851 -0.651647
0.437623 -0.638429
0.377111 -0.550066
0.577946 -0.838310
0.572009 -0.823355
0.545060 -0.800265
0.549382 -0.818010
0.468397 -0.701089
0.484935 -0.712104
0.500027 -0.743788
0.483046 -0.733831
0.519947 -0.795122
0.517103 -0.775436
0.499206 -0.766712
0.563637 -0.855336
0.569642 -0.873383
0.556655 -0.888149
0.561326 -0.906273
0.553525 -0.937591
0.549845 -0.919428
0.543276 -0.948746
0.545468 -0.967059
0.528526 -0.978778
0.528035 -1.000000
0.343709 -0.533895
0.351835 -0.549027
0.294088 -0.347043
0.306948 -0.366235
0.280743 -0.347153
0.269989 -0.335349
0.236805 -0.319353
0.249381 -0.338333
0.188173 -0.212850
0.195717 -0.226770
0.187388 -0.244696
0.201640 -0.261259
0.215055 -0.289013
0.199660 -0.272365
0.211856 -0.302397
0.224655 -0.319086
0.167266 -0.212617
0.157817 -0.197572
0.075225 0.000000
0.090386 -0.033644
0.076151 -0.024976
0.092407 -0.056779
0.105934 -0.082021
0.099792 -0.061209
0.137148 -0.130295
0.128626 -0.114498
0.137658 -0.163862
0.127999 -0.147525
0.096237 -0.095395
0.105338 -0.115315
0.128010 -0.181671
0.138731 -0.197844
-0.012729 0.036825
0.010053 0.029549
-0.021474 0.029536
-0.141446 0.067699
-0.049612 0.055166
-0.068723 0.065021
-0.048662 0.033777
-0.085230 0.054298
-0.103326 0.064998
-0.120610 0.053604
-0.050710 0.031602
0.041799 0.000000
0.008779 0.000000
-0.172851 0.065402
-0.154828 0.059117
-0.229305 0.139940
-0.237151 0.157410
-0.260477 0.156087
-0.269354 0.173142
-0.298068 0.189295
-0.289901 0.174024
-0.237438 0.125082
-0.229829 0.109590
-0.208411 0.078625
-0.187875 0.054217
-0.203108 0.060185
-0.238522 0.092826
-0.230750 0.079801
-0.328197 0.207344
-0.318520 0.189999
-0.340930 0.208910
-0.351981 0.230115
-0.361179 0.231383
-0.372762 0.250813
-0.918816 0.429290
-0.903321 0.422700
-0.888844 0.432653
-0.857274 0.437890
-0.872741 0.426789
-0.824748 0.447215
-0.843907 0.432820
-0.799414 0.432567
-0.807117 0.431685
-0.453443 0.327071
-0.441240 0.313121
-0.402527 0.258513
-0.391675 0.247942
-0.430357 0.284002
-0.444299 0.297527
-0.434148 0.265610
-0.420604 0.253924
-0.488444 0.333413
-0.476629 0.319809
-0.511111 0.329133
-0.521075 0.349440
-0.553665 0.358580
-0.545095 0.346782
-0.671853 0.410454
-0.690162 0.403625
-0.702466 0.410808
-0.575338 0.357281
-0.584754 0.370203
-0.645099 0.397563
-0.656946 0.396724
-0.632396 0.382350
-0.614981 0.383126
-0.604626 0.369429
-0.764355 0.420831
-0.783226 0.413699
-0.748601 0.409167
-0.741191 0.410543
-0.722820 0.396909
-0.937525 0.417760
-0.946681 0.422597
-0.967269 0.415915
-0.934065 0.399860
-0.972417 0.402730
-1.000000 0.401938
0.311204 -0.396966
0.300139 -0.382044
0.314440 -0.429831
0.303663 -0.415836
0.322599 -0.466080
0.306614 -0.449053
0.315957 -0.482714
0.325865 -0.498390
0.325312 -0.533226
0.315046 -0.518012
0.391137 -0.583040
0.378129 -0.574463
0.388008 -0.604460
0.405064 -0.616855
0.451974 -0.708745
0.402888 -0.633544
0.433927 -0.695847
0.436751 -0.677514
0.418681 -0.664107
0.421183 -0.647098
0.357660 -0.582546
0.343467 -0.566895
0.543357 -0.850740
0.537184 -0.832533
0.509640 -0.806560
0.518019 -0.829150
0.467318 -0.741246
0.448896 -0.728124
0.482979 -0.775358
0.464107 -0.759603
0.493160 -0.805771
0.480333 -0.788031
0.529572 -0.867353
0.534904 -0.882769
0.521340 -0.901108
0.526537 -0.913785
0.513531 -0.936107
0.516783 -0.942513
0.509454 -0.965885
0.495577 -0.971157
0.494498 -1.000000
0.327637 -0.569455
0.313852 -0.553852
0.269698 -0.369702
0.281021 -0.384144
0.241348 -0.354866
0.252181 -0.370144
0.224108 -0.355839
0.211437 -0.339366
0.199691 -0.339539
0.170609 -0.247349
0.157860 -0.231601
0.177604 -0.282029
0.163313 -0.265001
0.175151 -0.293277
0.188334 -0.310091
0.185369 -0.322131
0.141646 -0.233063
0.128610 -0.216876
0.055742 -0.036117
0.041740 -0.025999
0.071903 -0.064459
0.055845 -0.051021
0.074804 -0.094878
0.067663 -0.084541
0.097126 -0.129577
0.107710 -0.147986
0.109895 -0.182360
0.098180 -0.164869
0.066360 -0.115418
0.077366 -0.130870
0.113133 -0.218142
0.099692 -0.200578
-0.020499 0.000000
-0.049705 0.000000
-0.154257 0.035332
-0.085264 0.034920
-0.121421 0.036362
-0.138886 0.027848
-0.078497 0.028970
-0.108308 0.027219
-0.079251 0.000000
0.019207 -0.035202
0.010053 -0.029549
-0.012729 -0.036825
-0.021474 -0.029536
-0.185175 0.034154
-0.169379 0.027169
-0.268126 0.141334
-0.259366 0.125173
-0.298699 0.157560
-0.289609 0.140606
-0.329364 0.171976
-0.321927 0.157022
-0.257693 0.092806
-0.268050 0.108510
-0.199676 0.024223
-0.238967 0.060540
-0.221736 0.045207
-0.221754 0.034569
-0.252447 0.057458
-0.267820 0.073620
-0.351484 0.175108
-0.355702 0.194315
-0.374896 0.201109
-0.396508 0.225584
-0.377359 0.216434
-0.360464 0.165314
-0.901494 0.402100
-0.912010 0.393127
-0.869127 0.404774
-0.879711 0.395501
-0.849649 0.400807
-0.837970 0.413715
-0.819771 0.410930
-0.787677 0.399897
-0.811679 0.396507
-0.479409 0.303875
-0.462960 0.290260
-0.406186 0.221107
-0.425339 0.232430
-0.451231 0.259899
-0.466117 0.271566
-0.455022 0.239497
-0.437286 0.227500
-0.514968 0.321625
-0.496715 0.295442
-0.509665 0.301540
-0.722077 0.384594
-0.550309 0.326914
-0.543887 0.318367
-0.582774 0.337144
-0.574506 0.325453
-0.670126 0.373130
-0.689943 0.378486
-0.698554 0.373133
-0.613395 0.348480
-0.605291 0.336648
-0.664460 0.363011
-0.642558 0.360625
-0.635204 0.349225
-0.759335 0.385585
-0.778356 0.385844
-0.749167 0.371415
-0.736140 0.370338
-0.945956 0.386528
-0.965786 0.390186
-0.940658 0.369595
-0.910746 0.372090
-0.921775 0.364480
-0.976876 0.370855
-1.000000 0.371451
0.283683 -0.417729
0.273034 -0.402855
0.289078 -0.452553
0.276085 -0.435334
0.282352 -0.468049
0.293707 -0.485318
0.297335 -0.518057
0.286207 -0.501940
0.300645 -0.554668
0.286447 -0.537713
0.433255 -0.735267
0.354508 -0.597186
0.370448 -0.612064
0.386135 -0.642493
0.367577 -0.627303
0.383490 -0.657841
0.414815 -0.722710
0.418373 -0.703266
0.399420 -0.689716
0.402561 -0.672321
0.335921 -0.604569
0.319810 -0.588776
0.400822 -0.729120
0.509596 -0.862217
0.503750 -0.844556
0.484586 -0.839443
0.479318 -0.825711
0.429917 -0.756222
0.446091 -0.767540
0.444151 -0.789986
0.457619 -0.819457
0.455493 -0.798005
0.495048 -0.878652
0.501368 -0.896353
0.493227 -0.930721
0.487576 -0.912220
0.479510 -0.944214
0.482201 -0.963811
0.462758 -0.974323
0.462558 -1.000000
0.304353 -0.592447
0.288043 -0.576003
0.242726 -0.389149
0.252297 -0.404348
0.213582 -0.375458
0.221200 -0.388991
0.192805 -0.372880
0.186616 -0.358550
0.165654 -0.330274
0.165249 -0.353508
0.145591 -0.268374
0.131728 -0.253161
0.151992 -0.302112
0.138363 -0.288803
0.150018 -0.320071
0.117038 -0.254873
0.102811 -0.236494
0.022325 -0.060394
0.032997 -0.065450
0.039770 -0.085740
0.033451 -0.097611
0.045453 -0.117401
0.080578 -0.165982
0.068382 -0.149540
0.070695 -0.185047
0.084075 -0.201908
0.037370 -0.133666
0.050503 -0.151272
0.087297 -0.238043
0.073866 -0.220992
-0.048662 -0.033777
-0.078497 -0.028970
-0.050710 -0.031602
-0.168640 0.000000
-0.138596 -0.000000
-0.108675 0.000000
-0.085264 -0.034920
-0.108308 -0.027219
0.002862 -0.069843
-0.014058 -0.057501
-0.049612 -0.055166
-0.033516 -0.066943
-0.199799 -0.000000
-0.298228 0.124922
-0.286371 0.107306
-0.328782 0.142288
-0.314140 0.123372
-0.360023 0.148850
-0.345820 0.137666
-0.281340 0.071848
-0.295281 0.090673
-0.230467 0.026275
-0.228544 0.000000
-0.260644 0.037440
-0.254116 0.028817
-0.280397 0.036816
-0.290065 0.057526
-0.388955 0.173690
-0.389487 0.187738
-0.410411 0.200185
-0.394905 0.166657
-0.380947 0.137343
-0.391628 0.143192
-0.893524 0.365346
-0.878012 0.374781
-0.842507 0.378307
-0.864434 0.368045
-0.816295 0.384640
-0.788246 0.366485
-0.805437 0.366661
-0.483749 0.264748
-0.495423 0.272085
-0.423495 0.193781
-0.441803 0.207654
-0.484513 0.243094
-0.469887 0.233351
-0.472464 0.213198
-0.456919 0.201585
-0.546149 0.299299
-0.528072 0.288657
-0.558072 0.292251
-0.515992 0.263735
-0.526957 0.271027
-0.702759 0.352643
-0.725251 0.349856
-0.581214 0.301196
-0.613417 0.314969
-0.609238 0.308051
-0.693927 0.341946
-0.674539 0.342216
-0.637227 0.317233
-0.644383 0.327811
-0.664847 0.328526
-0.778318 0.351741
-0.762737 0.350894
-0.751844 0.334655
-0.732731 0.335673
-0.966585 0.354726
-0.953583 0.354608
-0.940188 0.333872
-0.921129 0.340457
-0.908868 0.333399
-0.891886 0.343149
-0.977405 0.338278
-1.000000 0.338487
0.256117 -0.438238
0.244768 -0.420654
0.249240 -0.453053
0.261023 -0.471408
0.254477 -0.485837
0.266386 -0.504058
0.258313 -0.519784
0.271482 -0.538973
0.275683 -0.577213
0.261732 -0.554386
0.396439 -0.748592
0.413788 -0.762635
0.331922 -0.621136
0.350752 -0.636051
0.368000 -0.666243
0.348258 -0.651702
0.381011 -0.715499
0.364973 -0.682894
0.384839 -0.697024
0.296648 -0.613437
0.317639 -0.627629
0.368264 -0.721740
0.363951 -0.741626
0.380570 -0.754585
0.469220 -0.858150
0.476571 -0.874173
0.444268 -0.831152
0.453645 -0.854849
0.424783 -0.796496
0.409386 -0.780777
0.420371 -0.811109
0.432668 -0.829575
0.460370 -0.895110
0.466227 -0.907011
0.451676 -0.933200
0.452769 -0.935258
0.445327 -0.963561
0.431023 -0.968509
0.430070 -1.000000
0.285854 -0.617541
0.266673 -0.588466
0.272115 -0.610934
0.222972 -0.423070
0.213240 -0.405662
0.188507 -0.407024
0.181360 -0.389806
0.158548 -0.385963
0.157022 -0.359555
0.133653 -0.328700
0.137180 -0.354667
0.120295 -0.292223
0.107262 -0.271683
0.114330 -0.302955
0.121838 -0.324514
0.089678 -0.273039
0.077399 -0.256727
0.012906 -0.100980
0.000709 -0.089097
0.006962 -0.122952
0.019473 -0.136277
0.054598 -0.186622
0.041047 -0.169983
0.044937 -0.205848
0.057762 -0.222450
0.011897 -0.156813
0.025386 -0.171724
0.048233 -0.240698
0.060538 -0.258080
-0.068723 -0.065021
-0.085230 -0.054298
-0.199676 -0.024223
-0.185175 -0.034154
-0.169379 -0.027169
-0.154257 -0.035332
-0.121421 -0.036362
-0.138886 -0.027848
-0.103326 -0.064998
-0.120610 -0.053604
-0.022363 -0.096509
-0.034701 -0.086031
-0.056568 -0.094452
-0.069274 -0.085797
-0.221736 -0.045207
-0.221754 -0.034569
-0.230467 -0.026275
-0.311584 0.088574
-0.325311 0.104432
-0.335431 0.103725
-0.350186 0.117948
-0.377807 0.116036
-0.370293 0.111517
-0.311018 0.056585
-0.319729 0.069554
-0.261204 0.000000
-0.254116 -0.028817
-0.286993 0.027993
-0.279521 -0.000000
-0.318811 0.037207
-0.308638 0.026068
-0.427369 0.176071
-0.419932 0.166522
-0.424962 0.145313
-0.411408 0.133745
-0.412627 0.117709
-0.399078 0.106870
-0.874723 0.335660
-0.863012 0.343608
-0.817001 0.349402
-0.844520 0.338760
-0.832038 0.350589
-0.790417 0.331769
-0.807543 0.333239
-0.503586 0.234773
-0.515063 0.242566
-0.450629 0.171867
-0.460492 0.181870
-0.489932 0.206023
-0.503297 0.215755
-0.481437 0.177047
-0.491664 0.186930
-0.547501 0.261789
-0.558868 0.269009
-0.576820 0.262870
-0.590226 0.274574
-0.546355 0.239880
-0.536453 0.233758
-0.722484 0.319129
-0.702698 0.319642
-0.606269 0.272036
-0.617680 0.283957
-0.636450 0.282315
-0.646479 0.293766
-0.664521 0.293383
-0.692492 0.306382
-0.675333 0.306538
-0.761090 0.317022
-0.781127 0.316736
-0.751054 0.300990
-0.731743 0.301417
-0.945079 0.322702
-0.967911 0.321307
-0.938196 0.308635
-0.907457 0.313492
-0.918081 0.304762
-0.874294 0.316175
-0.887312 0.306179
-0.975875 0.306060
-1.000000 0.305383
0.216213 -0.437088
0.228538 -0.456207
0.233595 -0.489370
0.221370 -0.471239
0.227330 -0.503752
0.239741 -0.522304
0.231882 -0.537517
0.244336 -0.556198
0.235234 -0.572617
0.244732 -0.587856
0.389942 -0.786890
0.376008 -0.774997
0.313127 -0.648454
0.332296 -0.660939
0.347361 -0.708726
0.331033 -0.677097
0.350744 -0.690589
0.300370 -0.653966
0.282244 -0.644173
0.270074 -0.649362
0.336486 -0.714781
0.348079 -0.747569
0.332284 -0.733644
0.358575 -0.780110
0.343557 -0.764339
0.437151 -0.869772
0.443744 -0.890424
0.420662 -0.864770
0.415812 -0.847404
0.386225 -0.809459
0.395958 -0.840187
0.395823 -0.817606
0.432536 -0.926433
0.427072 -0.904721
0.414890 -0.939297
0.418142 -0.961861
0.398229 -0.972085
0.399405 -1.000000
0.248853 -0.635965
0.235381 -0.607192
0.250301 -0.622983
0.237059 -0.644060
0.182113 -0.419683
0.196645 -0.440544
0.149150 -0.393758
0.165163 -0.424099
0.147899 -0.408629
0.124490 -0.381937
0.124682 -0.363936
0.103156 -0.353638
0.103008 -0.337872
0.079562 -0.293555
0.088581 -0.305579
0.084172 -0.325258
0.050996 -0.275259
0.063768 -0.293378
-0.024212 -0.117615
-0.014401 -0.127115
-0.006344 -0.159998
-0.017941 -0.147762
0.015621 -0.192528
0.027432 -0.207357
0.029777 -0.242173
0.018784 -0.226616
-0.001422 -0.193435
-0.012453 -0.179078
0.021128 -0.260215
0.034291 -0.276969
-0.087998 -0.093755
-0.104092 -0.082683
-0.187875 -0.054217
-0.203108 -0.060185
-0.172851 -0.065402
-0.154828 -0.059117
-0.141446 -0.067699
-0.139508 -0.079932
-0.120310 -0.091346
-0.049730 -0.123900
-0.056312 -0.119109
-0.079063 -0.124969
-0.090211 -0.115001
-0.208411 -0.078625
-0.238967 -0.060540
-0.230750 -0.079801
-0.252447 -0.057458
-0.260644 -0.037440
-0.342900 0.069036
-0.367548 0.087770
-0.349061 0.082406
-0.381331 0.077706
-0.400068 0.089649
-0.348346 0.057879
-0.336856 0.034710
-0.340860 0.028926
-0.280397 -0.036816
-0.286993 -0.027993
-0.314407 -0.000000
-0.308638 -0.026068
-0.334470 0.000000
-0.442790 0.140501
-0.454313 0.150757
-0.431778 0.109076
-0.446106 0.120560
-0.433341 0.091681
-0.416450 0.080208
-0.852089 0.306101
-0.839521 0.317554
-0.820536 0.313884
-0.812984 0.299076
-0.789889 0.299324
-0.533882 0.210152
-0.524682 0.205422
-0.473908 0.146078
-0.485138 0.156864
-0.518586 0.178991
-0.507791 0.151542
-0.566271 0.231922
-0.580413 0.243913
-0.598439 0.237980
-0.612836 0.251514
-0.553119 0.201533
-0.568649 0.213899
-0.721291 0.285235
-0.702941 0.285621
-0.643246 0.260805
-0.629990 0.247472
-0.662663 0.257198
-0.674647 0.270149
-0.691135 0.269415
-0.760663 0.283190
-0.780773 0.283422
-0.731524 0.266470
-0.751634 0.267921
-0.965976 0.289693
-0.949328 0.290210
-0.851667 0.291123
-0.936776 0.272682
-0.915171 0.279941
-0.906589 0.275010
-0.885177 0.284686
-0.874937 0.278731
-0.974775 0.274034
-1.000000 0.273420
0.202289 -0.474035
0.188786 -0.456443
0.205666 -0.507977
0.194297 -0.491725
0.213545 -0.540061
0.200792 -0.521451
0.205194 -0.555931
0.217928 -0.573405
0.190601 -0.557945
0.219897 -0.609147
0.207501 -0.591535
0.366340 -0.813777
0.352831 -0.796437
0.313201 -0.688777
0.296676 -0.678616
0.314149 -0.702645
0.282317 -0.683718
0.264916 -0.670964
0.250317 -0.675968
0.236254 -0.665770
0.298234 -0.718863
0.315210 -0.739611
0.324510 -0.770466
0.309886 -0.753254
0.319860 -0.785104
0.333460 -0.800705
0.404820 -0.878964
0.409747 -0.899212
0.382642 -0.849680
0.388325 -0.873739
0.369894 -0.846559
0.360279 -0.827769
0.397060 -0.931889
0.394430 -0.912342
0.381364 -0.943558
0.382712 -0.963858
0.365201 -0.974252
0.365896 -1.000000
0.210678 -0.626091
0.215075 -0.636933
0.215550 -0.673748
0.202947 -0.656980
0.157918 -0.444473
0.172547 -0.459078
0.142990 -0.447783
0.127768 -0.420810
0.110244 -0.407779
0.110484 -0.392945
0.127313 -0.433947
0.088779 -0.380896
0.089258 -0.364178
0.067101 -0.352496
0.070404 -0.331678
0.047379 -0.316621
0.024672 -0.296251
-0.047149 -0.152074
-0.043695 -0.154241
-0.037317 -0.182756
-0.011748 -0.213559
-0.002562 -0.228025
-0.009728 -0.244947
0.003870 -0.262638
-0.040337 -0.187178
-0.030341 -0.212484
-0.004923 -0.280502
0.012734 -0.299206
-0.112640 -0.120881
-0.122340 -0.111917
-0.176885 -0.088243
-0.200477 -0.089678
-0.168502 -0.097758
-0.156945 -0.098595
-0.143518 -0.116562
-0.070266 -0.158056
-0.082424 -0.146266
-0.104884 -0.151898
-0.115100 -0.141711
-0.207145 -0.108656
-0.229829 -0.109590
-0.238522 -0.092826
-0.267820 -0.073620
-0.257693 -0.092806
-0.281340 -0.071848
-0.290065 -0.057526
-0.381828 0.063082
-0.370588 0.052532
-0.403732 0.053091
-0.417235 0.063142
-0.373076 0.032272
-0.364639 0.024510
-0.366348 0.000000
-0.311018 -0.056585
-0.318811 -0.037207
-0.336856 -0.034710
-0.340860 -0.028926
-0.364639 -0.024510
-0.478087 0.125534
-0.464126 0.114041
-0.466872 0.094360
-0.449454 0.083262
-0.450807 0.063982
-0.435755 0.054153
-0.820366 0.283413
-0.838163 0.279286
-0.843084 0.259806
-0.790824 0.265724
-0.805822 0.264420
-0.555397 0.183834
-0.541565 0.171489
-0.499015 0.119191
-0.510798 0.146160
-0.532311 0.140626
-0.545040 0.152618
-0.602793 0.219286
-0.586962 0.206225
-0.635983 0.227176
-0.618235 0.213795
-0.589638 0.188095
-0.575796 0.175997
-0.702530 0.249514
-0.724252 0.253403
-0.668393 0.235756
-0.648198 0.222756
-0.678942 0.231159
-0.697741 0.238903
-0.763208 0.248179
-0.777477 0.247791
-0.736901 0.231558
-0.750116 0.231466
-0.940875 0.260617
-0.964971 0.255883
-0.870121 0.254798
-0.903284 0.248574
-0.930089 0.243528
-0.901111 0.246965
-0.970233 0.243600
-1.000000 0.242208
0.163941 -0.480179
0.174228 -0.493355
0.166144 -0.514198
0.177060 -0.528155
0.174681 -0.539762
0.190662 -0.592010
0.180342 -0.575853
0.153017 -0.551909
0.163415 -0.575522
0.180382 -0.609686
0.187101 -0.623004
0.326717 -0.820378
0.335956 -0.830973
0.212829 -0.684137
0.276752 -0.705260
0.290496 -0.719079
0.257700 -0.708933
0.245667 -0.697270
0.226660 -0.701550
0.277616 -0.741457
0.292435 -0.757958
0.300256 -0.790961
0.309424 -0.822048
0.286463 -0.773905
0.295904 -0.803596
0.371507 -0.886545
0.373638 -0.904171
0.332251 -0.852899
0.354311 -0.877693
0.351836 -0.863001
0.360394 -0.915975
0.361385 -0.934649
0.321623 -0.858317
0.346955 -0.945345
0.348433 -0.965463
0.331342 -0.976313
0.331386 -1.000000
0.176900 -0.642036
0.186978 -0.657102
0.176896 -0.675865
0.190272 -0.693316
0.143934 -0.481038
0.135318 -0.468383
0.074354 -0.391386
0.112811 -0.468140
0.106112 -0.446862
0.094658 -0.441995
0.075455 -0.411717
0.091988 -0.419508
0.054082 -0.360100
0.055186 -0.383126
0.033378 -0.333404
0.039784 -0.354357
0.003742 -0.317253
0.013118 -0.331624
-0.061501 -0.191412
-0.074528 -0.177316
-0.029506 -0.249017
-0.044992 -0.228898
-0.035670 -0.264912
-0.018812 -0.283613
-0.049074 -0.228810
-0.067446 -0.208761
-0.027588 -0.301047
-0.013984 -0.318310
-0.138699 -0.147286
-0.149831 -0.133641
-0.198045 -0.122392
-0.180570 -0.122250
-0.169127 -0.135963
-0.107924 -0.171911
-0.096719 -0.183253
-0.142495 -0.164277
-0.130485 -0.177733
-0.237438 -0.125082
-0.206957 -0.139446
-0.229305 -0.139940
-0.259366 -0.125173
-0.268050 -0.108510
-0.286371 -0.107306
-0.295281 -0.090673
-0.311584 -0.088574
-0.319729 -0.069554
-0.403727 0.033708
-0.394107 0.026683
-0.436221 0.034087
-0.423844 0.025966
-0.394380 0.000000
-0.373076 -0.032272
-0.394107 -0.026683
-0.342900 -0.069036
-0.348346 -0.057879
-0.370588 -0.052532
-0.500210 0.117065
-0.482682 0.086661
-0.493034 0.091098
-0.480433 0.062472
-0.467954 0.055791
-0.467182 0.033601
-0.454514 0.026083
-0.816915 0.246166
-0.831313 0.245413
-0.842233 0.226355
-0.863955 0.229330
-0.803612 0.228220
-0.789892 0.228415
-0.564961 0.146316
-0.578040 0.157914
-0.536582 0.120405
-0.525009 0.110134
-0.554132 0.115634
-0.567983 0.126781
-0.623391 0.192079
-0.609488 0.180852
-0.638647 0.188082
-0.654242 0.200208
-0.611573 0.160813
-0.598927 0.150200
-0.722384 0.214888
-0.715357 0.214670
-0.670424 0.195616
-0.682324 0.205302
-0.701404 0.201465
-0.674270 0.176841
-0.763218 0.210543
-0.776597 0.210524
-0.738866 0.192931
-0.749381 0.193059
-0.935744 0.228513
-0.963149 0.228204
-0.896565 0.222872
-0.873578 0.218582
-0.906428 0.212045
-0.929345 0.215204
-0.969870 0.212801
-1.000000 0.213367
0.146345 -0.515235
0.135559 -0.499541
0.137015 -0.533900
0.145197 -0.549636
0.160607 -0.607746
0.151871 -0.589379
0.126297 -0.568228
0.136788 -0.587818
0.158083 -0.641786
0.148570 -0.624666
0.298671 -0.839704
0.301546 -0.849524
0.188083 -0.702638
0.220095 -0.718089
0.204775 -0.721153
0.263296 -0.742758
0.251607 -0.730858
0.233457 -0.733520
0.267250 -0.778340
0.254761 -0.765463
0.262095 -0.798324
0.273032 -0.831575
0.275846 -0.810147
0.334744 -0.905892
0.333889 -0.893442
0.319042 -0.881850
0.325942 -0.916008
0.329004 -0.938061
0.297493 -0.888007
0.286116 -0.867999
0.313212 -0.949221
0.312764 -0.965357
0.297311 -0.975313
0.297171 -1.000000
0.159630 -0.677112
0.148573 -0.657741
0.167177 -0.714507
0.150599 -0.691339
0.162491 -0.713411
0.103760 -0.480905
0.116602 -0.500911
0.040967 -0.392908
0.060213 -0.421709
0.040437 -0.411122
0.077923 -0.451323
0.091776 -0.481922
0.076108 -0.467842
0.059810 -0.439479
0.018694 -0.380892
0.018786 -0.368785
0.002106 -0.353736
0.005836 -0.392010
-0.010633 -0.355328
-0.024953 -0.338122
-0.042640 -0.303502
-0.099736 -0.201906
-0.086030 -0.214806
-0.053512 -0.270572
-0.069959 -0.255884
-0.070027 -0.247944
-0.057503 -0.287868
-0.089358 -0.232035
-0.040232 -0.338933
-0.051277 -0.321329
-0.165879 -0.170604
-0.177275 -0.156735
-0.197240 -0.158060
-0.120609 -0.209206
-0.134616 -0.196501
-0.169267 -0.186333
-0.152026 -0.201928
-0.268126 -0.141334
-0.260477 -0.156087
-0.237151 -0.157410
-0.205346 -0.170907
-0.231881 -0.167453
-0.349061 -0.082406
-0.289609 -0.140606
-0.298228 -0.124922
-0.314140 -0.123372
-0.325311 -0.104432
-0.335431 -0.103725
-0.423910 0.000000
-0.454271 -0.000000
-0.403727 -0.033708
-0.423844 -0.025966
-0.381828 -0.063082
-0.403732 -0.053091
-0.381331 -0.077706
-0.367548 -0.087770
-0.513004 0.080431
-0.527092 0.089764
-0.499397 0.053502
-0.512384 0.061668
-0.498753 0.033168
-0.485946 0.025002
-0.485651 0.000000
-0.835131 0.211539
-0.816157 0.209455
-0.846404 0.195069
-0.868898 0.198186
-0.807232 0.192786
-0.789782 0.191076
-0.585752 0.120200
-0.600576 0.130997
-0.558652 0.093086
-0.543505 0.083075
-0.571771 0.088719
-0.588276 0.099337
-0.645718 0.163344
-0.633371 0.153377
-0.659440 0.161247
-0.634146 0.132257
-0.618555 0.122775
-0.723716 0.174924
-0.706800 0.177424
-0.696781 0.169217
-0.695842 0.148918
-0.670221 0.142259
-0.779946 0.173989
-0.763888 0.172245
-0.733634 0.155350
-0.754366 0.156717
-0.939421 0.196869
-0.963634 0.199134
-0.878209 0.187299
-0.901055 0.189971
-0.932827 0.182089
-0.909997 0.179709
-0.972235 0.182126
-1.000000 0.182972
0.107246 -0.517625
0.114065 -0.532035
0.104607 -0.548805
0.113838 -0.566074
0.108138 -0.602763
0.122283 -0.604703
0.132148 -0.623126
0.098866 -0.583454
0.118773 -0.640708
0.127584 -0.658533
0.264848 -0.837458
0.269684 -0.866013
0.178890 -0.739756
0.195635 -0.739134
0.206490 -0.754041
0.225389 -0.752863
0.236726 -0.767783
0.242462 -0.804086
0.239556 -0.810364
0.229954 -0.783593
0.250438 -0.835199
0.291617 -0.902109
0.299440 -0.914148
0.293335 -0.936522
0.273276 -0.903757
0.258042 -0.875357
0.256839 -0.883866
0.279925 -0.942223
0.278472 -0.965659
0.264364 -0.973584
0.263911 -1.000000
0.119807 -0.672638
0.132756 -0.692521
0.168981 -0.751607
0.150271 -0.749777
0.142118 -0.728719
0.123339 -0.707857
0.132335 -0.725982
0.083229 -0.515123
0.078513 -0.505495
0.041846 -0.450131
0.026240 -0.420531
0.008488 -0.413682
0.027763 -0.442435
0.058299 -0.499177
0.043539 -0.469606
0.056662 -0.477046
-0.004770 -0.423347
-0.021647 -0.375441
-0.016188 -0.386390
-0.029418 -0.411080
-0.027160 -0.415417
-0.050712 -0.354630
-0.042780 -0.372457
-0.075208 -0.322545
-0.077935 -0.295502
-0.106651 -0.240218
-0.123120 -0.227956
-0.089467 -0.288859
-0.108552 -0.259291
-0.090797 -0.270166
-0.079525 -0.327400
-0.070233 -0.353394
-0.188109 -0.195322
-0.201657 -0.186587
-0.158592 -0.223338
-0.141075 -0.236121
-0.169243 -0.226569
-0.188436 -0.212211
-0.298699 -0.157560
-0.289901 -0.174024
-0.269354 -0.173142
-0.258386 -0.190552
-0.239269 -0.187612
-0.225506 -0.202599
-0.350186 -0.117948
-0.370293 -0.111517
-0.321927 -0.157022
-0.328782 -0.142288
-0.345820 -0.137666
-0.436221 -0.034087
-0.454514 -0.026083
-0.467182 -0.033601
-0.485946 -0.025002
-0.435755 -0.054153
-0.417235 -0.063142
-0.400068 -0.089649
-0.416450 -0.080208
-0.399078 -0.106870
-0.377807 -0.116036
-0.498753 -0.033168
-0.531157 0.052501
-0.545307 0.061648
-0.531130 0.032771
-0.518561 0.023917
-0.518387 0.000000
-0.518561 -0.023917
-0.839567 0.177678
-0.819901 0.174990
-0.851331 0.162598
-0.872637 0.165922
-0.793836 0.155294
-0.811709 0.157629
-0.619018 0.100994
-0.603913 0.092389
-0.604845 0.070457
-0.561855 0.054891
-0.577292 0.064265
-0.587448 0.061095
-0.665816 0.128617
-0.651864 0.123051
-0.636598 0.092467
-0.647955 0.097298
-0.725804 0.141823
-0.705884 0.138640
-0.700579 0.119597
-0.682949 0.113268
-0.766147 0.135776
-0.784337 0.136977
-0.756150 0.121200
-0.738071 0.121369
-0.942719 0.165608
-0.964990 0.167249
-0.883518 0.153973
-0.904625 0.157253
-0.935761 0.150148
-0.914144 0.147484
-0.974134 0.150860
-1.000000 0.150760
0.075020 -0.532852
0.084109 -0.548522
0.082945 -0.581060
0.075251 -0.564869
0.070065 -0.597194
0.100443 -0.637871
0.074907 -0.613240
0.094202 -0.617771
0.102634 -0.675730
0.088412 -0.650360
0.089427 -0.664871
0.234011 -0.859644
0.234252 -0.848816
0.176605 -0.773197
0.197103 -0.774199
0.205963 -0.787402
0.201705 -0.803172
0.213847 -0.834772
0.217013 -0.818436
0.262850 -0.932870
0.260487 -0.923423
0.236189 -0.897922
0.237391 -0.913115
0.218808 -0.872462
0.219334 -0.887528
0.243830 -0.950688
0.245260 -0.964141
0.231482 -0.975654
0.231987 -1.000000
0.166615 -0.785103
0.095990 -0.700271
0.102006 -0.707487
0.138406 -0.763767
0.140624 -0.777441
0.113681 -0.754179
0.095727 -0.731494
0.112244 -0.743403
0.201336 -1.000000
0.051565 -0.534251
0.045774 -0.528406
0.046053 -0.507997
0.008756 -0.452275
0.024597 -0.480823
0.010336 -0.472902
-0.003398 -0.445217
0.026405 -0.498736
-0.037373 -0.441740
-0.022503 -0.453405
-0.049488 -0.405092
-0.055721 -0.389387
-0.053159 -0.444386
-0.065384 -0.423132
-0.074783 -0.385452
-0.081595 -0.366030
-0.094329 -0.328733
-0.109772 -0.299657
-0.111294 -0.310610
-0.142971 -0.255244
-0.123691 -0.267463
-0.125852 -0.285280
-0.099771 -0.363069
-0.106798 -0.347358
-0.225591 -0.213231
-0.206627 -0.224462
-0.158690 -0.264079
-0.173030 -0.258869
-0.178330 -0.246544
-0.204753 -0.242694
-0.329364 -0.171976
-0.238485 -0.223400
-0.318520 -0.189999
-0.298068 -0.189295
-0.265940 -0.206627
-0.289735 -0.204849
-0.261468 -0.216606
-0.360023 -0.148850
-0.380947 -0.137343
-0.351484 -0.175108
-0.360464 -0.165314
-0.391628 -0.143192
-0.450807 -0.063982
-0.467954 -0.055791
-0.480433 -0.062472
-0.499397 -0.053502
-0.433341 -0.091681
-0.449454 -0.083262
-0.431778 -0.109076
-0.412627 -0.117709
-0.411408 -0.133745
-0.512384 -0.061668
-0.531157 -0.052501
-0.531130 -0.032771
-0.563111 0.032151
-0.552499 0.023726
-0.552532 -0.000000
-0.552499 -0.023726
-0.844856 0.144096
-0.825084 0.140038
-0.877873 0.133602
-0.859111 0.128009
-0.796580 0.120103
-0.818584 0.123812
-0.632869 0.066384
-0.620520 0.062287
-0.615070 0.034359
-0.594856 0.033995
-0.586690 0.026009
-0.666587 0.087828
-0.679167 0.094086
-0.647575 0.057832
-0.664547 0.064652
-0.723230 0.100521
-0.699034 0.082231
-0.719519 0.100610
-0.735873 0.086519
-0.789882 0.102300
-0.766838 0.098358
-0.762762 0.091126
-0.964568 0.132931
-0.945812 0.134117
-0.895275 0.117810
-0.909634 0.124352
-0.932096 0.112244
-0.972263 0.119423
-1.000000 0.118682
0.048723 -0.563788
0.047473 -0.591295
0.039714 -0.597063
0.039255 -0.619839
0.061141 -0.629013
0.063391 -0.640758
0.064424 -0.679605
0.075125 -0.699888
0.052301 -0.655373
0.061362 -0.678515
0.198855 -0.842745
0.197552 -0.861339
0.183678 -0.810548
0.168631 -0.801557
0.182836 -0.832488
0.223513 -0.938418
0.222507 -0.926620
0.202659 -0.915562
0.201922 -0.899554
0.185145 -0.869950
0.184892 -0.889670
0.205636 -0.954888
0.206195 -0.965999
0.199660 -0.973662
0.130468 -0.790208
0.150472 -0.813945
0.134183 -0.806434
0.080691 -0.735556
0.064492 -0.717408
0.101881 -0.768577
0.106665 -0.785845
0.079575 -0.764265
0.073758 -0.752545
0.098075 -0.797559
0.171571 -0.973244
0.169610 -1.000000
0.023968 -0.561065
0.016323 -0.534670
0.015269 -0.536629
0.010530 -0.511413
-0.024487 -0.474012
-0.006403 -0.505300
-0.007769 -0.483049
-0.041291 -0.482386
-0.059306 -0.454768
-0.045634 -0.480929
-0.077323 -0.459353
-0.080364 -0.421169
-0.088203 -0.400237
-0.092712 -0.434028
-0.090029 -0.451522
-0.106204 -0.396914
-0.113010 -0.379501
-0.127133 -0.343840
-0.131185 -0.322816
-0.148511 -0.294795
-0.145460 -0.316276
-0.155291 -0.290433
-0.131395 -0.375908
-0.137569 -0.354363
-0.210757 -0.249937
-0.233883 -0.251094
-0.238026 -0.247319
-0.181554 -0.297584
-0.203612 -0.274451
-0.191111 -0.277715
-0.355702 -0.194315
-0.328197 -0.207344
-0.340930 -0.208910
-0.272528 -0.238442
-0.262612 -0.250908
-0.314063 -0.224452
-0.300116 -0.224043
-0.288702 -0.238579
-0.388955 -0.173690
-0.394905 -0.166657
-0.389487 -0.187738
-0.374896 -0.201109
-0.419932 -0.166522
-0.424962 -0.145313
-0.513004 -0.080431
-0.466872 -0.094360
-0.482682 -0.086661
-0.493034 -0.091098
-0.464126 -0.114041
-0.446106 -0.120560
-0.442790 -0.140501
-0.527092 -0.089764
-0.543505 -0.083075
-0.545307 -0.061648
-0.561855 -0.054891
-0.563111 -0.032151
-0.588418 0.000000
-0.586690 -0.026009
-0.831296 0.105592
-0.854146 0.111408
-0.891286 0.101796
-0.867117 0.095571
-0.802648 0.086232
-0.826703 0.092735
-0.622911 0.027341
-0.646574 0.033588
-0.621679 -0.000000
-0.700752 0.066606
-0.679013 0.055367
-0.679726 0.034696
-0.657229 0.025538
-0.712375 0.058797
-0.732696 0.065539
-0.770333 0.065542
-0.745777 0.054941
-0.776830 0.062115
-0.798530 0.069876
-0.934235 0.104815
-0.963632 0.099502
-0.902344 0.087261
-0.927065 0.090654
-0.968289 0.089261
-1.000000 0.088042
0.016929 -0.590165
0.012988 -0.574328
0.053969 -0.718659
0.003513 -0.605718
0.027449 -0.627825
0.006848 -0.618851
0.028059 -0.653995
0.026498 -0.652076
0.037793 -0.703709
0.039228 -0.690041
0.024544 -0.677412
0.162895 -0.841783
0.163645 -0.860734
0.152605 -0.834476
0.152607 -0.870099
0.185779 -0.940491
0.185412 -0.928382
0.167578 -0.899476
0.168079 -0.916906
0.154477 -0.891524
0.165513 -0.956331
0.165048 -0.965361
0.127125 -0.843743
0.106027 -0.820083
0.116248 -0.822489
0.045618 -0.751685
0.041437 -0.741468
0.040519 -0.763641
0.067383 -0.786418
0.075176 -0.797695
0.052541 -0.784965
0.069490 -0.817383
0.089652 -0.831912
0.139435 -0.975718
0.139654 -1.000000
-0.011528 -0.544136
-0.009194 -0.568492
-0.020125 -0.514292
-0.017114 -0.540299
-0.035693 -0.509271
-0.050190 -0.518876
-0.071873 -0.493220
-0.069518 -0.510956
-0.080797 -0.486677
-0.098478 -0.488986
-0.112253 -0.465895
-0.115619 -0.427579
-0.119932 -0.413290
-0.117212 -0.464803
-0.127196 -0.443184
-0.144741 -0.389041
-0.139525 -0.407447
-0.184081 -0.303832
-0.163401 -0.328990
-0.156175 -0.351631
-0.173949 -0.325889
-0.162196 -0.384453
-0.167130 -0.363017
-0.220250 -0.286258
-0.236459 -0.276421
-0.252520 -0.282613
-0.267532 -0.269391
-0.219679 -0.303061
-0.209248 -0.311335
-0.377359 -0.216434
-0.351981 -0.230115
-0.361179 -0.231383
-0.334927 -0.246425
-0.327344 -0.245853
-0.299371 -0.260247
-0.284652 -0.274489
-0.311041 -0.261564
-0.427369 -0.176071
-0.396508 -0.225584
-0.410411 -0.200185
-0.423495 -0.193781
-0.406186 -0.221107
-0.454313 -0.150757
-0.450629 -0.171867
-0.500210 -0.117065
-0.525009 -0.110134
-0.478087 -0.125534
-0.499015 -0.119191
-0.473908 -0.146078
-0.460492 -0.181870
-0.536582 -0.120405
-0.558652 -0.093086
-0.554132 -0.115634
-0.571771 -0.088719
-0.577292 -0.064265
-0.594856 -0.033995
-0.587448 -0.061095
-0.622911 -0.027341
-0.615070 -0.034359
-0.840037 0.072213
-0.862382 0.077876
-0.896599 0.067501
-0.874874 0.064194
-0.813164 0.054992
-0.835674 0.061895
-0.657382 0.000000
-0.646574 -0.033588
-0.657229 -0.025538
-0.712316 0.034881
-0.691492 0.026580
-0.691659 0.000000
-0.745539 0.035348
-0.724885 0.026631
-0.780041 0.035057
-0.757618 0.026818
-0.809386 0.036050
-0.788776 0.029762
-0.936937 0.069245
-0.961800 0.072050
-0.906494 0.055585
-0.931574 0.059209
-0.970399 0.058418
-1.000000 0.059491
-0.018436 -0.598789
-0.020395 -0.578052
-0.028950 -0.607905
0.018474 -0.733477
0.018529 -0.713693
-0.024485 -0.634518
-0.009869 -0.638160
-0.002591 -0.651595
-0.009175 -0.670532
0.004897 -0.684368
0.001974 -0.702636
0.006436 -0.742515
0.124137 -0.852649
0.130667 -0.864901
0.120664 -0.886446
0.133290 -0.901229
0.146909 -0.937752
0.131429 -0.912365
0.147782 -0.929460
0.126637 -0.950996
0.126188 -0.965224
0.088166 -0.846916
0.098928 -0.856798
0.006321 -0.761236
0.018114 -0.770334
0.036884 -0.801557
0.017400 -0.791596
0.038961 -0.813881
0.055132 -0.823867
0.053908 -0.843009
0.069381 -0.854097
0.106679 -0.975659
0.106433 -1.000000
-0.044368 -0.547695
-0.042560 -0.570749
-0.049256 -0.543798
-0.074133 -0.547443
-0.084155 -0.524407
-0.098968 -0.522426
-0.108094 -0.503387
-0.136766 -0.479474
-0.126057 -0.502355
-0.143879 -0.478130
-0.155109 -0.423233
-0.148396 -0.441936
-0.155977 -0.453304
-0.171184 -0.418494
-0.176608 -0.396229
-0.190184 -0.359093
-0.209327 -0.333561
-0.193731 -0.341903
-0.197492 -0.368173
-0.190538 -0.392316
-0.242468 -0.313506
-0.256271 -0.300777
-0.274544 -0.306393
-0.289088 -0.291814
-0.226223 -0.342058
-0.243572 -0.328109
-0.391675 -0.247942
-0.372762 -0.250813
-0.348727 -0.266834
-0.365288 -0.265258
-0.310020 -0.298703
-0.338246 -0.283887
-0.322363 -0.283915
-0.402527 -0.258513
-0.441803 -0.207654
-0.456919 -0.201585
-0.420604 -0.253924
-0.425339 -0.232430
-0.437286 -0.227500
-0.485138 -0.156864
-0.481437 -0.177047
-0.510798 -0.146160
-0.532311 -0.140626
-0.507791 -0.151542
-0.491664 -0.186930
-0.472464 -0.213198
-0.489932 -0.206023
-0.545040 -0.152618
-0.564961 -0.146316
-0.567983 -0.126781
-0.588276 -0.099337
-0.585752 -0.120200
-0.603913 -0.092389
-0.604845 -0.070457
-0.620520 -0.062287
-0.647575 -0.057832
-0.632869 -0.066384
-0.902060 0.034481
-0.868135 0.040894
-0.849763 0.036916
-0.880960 0.030345
-0.846476 0.031743
-0.820942 0.025462
-0.679726 -0.034696
-0.691492 -0.026580
-0.664547 -0.064652
-0.679013 -0.055367
-0.725007 -0.000000
-0.712316 -0.034881
-0.724885 -0.026631
-0.757686 0.000000
-0.789517 0.000000
-0.818660 0.000000
-0.910733 0.025646
-0.908838 -0.000000
-0.941279 0.035300
-0.963708 0.037589
-0.937654 0.029995
-0.971671 0.028471
-1.000000 0.029710
-0.036365 -0.641872
-0.054184 -0.580680
-0.051174 -0.604440
-0.057173 -0.610225
-0.055945 -0.634819
-0.013222 -0.709945
-0.014343 -0.732543
-0.037834 -0.669284
-0.029323 -0.675237
-0.029653 -0.701166
-0.054240 -0.672406
-0.028921 -0.741171
-0.027895 -0.763502
-0.014739 -0.771082
0.100293 -0.887623
0.095491 -0.882376
0.109840 -0.922839
0.096449 -0.910098
0.108514 -0.936743
0.091055 -0.947350
0.089914 -0.964889
0.069301 -0.881945
0.065504 -0.877190
0.001735 -0.800855
-0.013122 -0.793806
0.004002 -0.822428
0.019122 -0.829393
0.023508 -0.847788
0.040582 -0.875799
0.035733 -0.852991
0.073670 -0.973911
0.073471 -1.000000
-0.081424 -0.559488
-0.075339 -0.575128
-0.105000 -0.557845
-0.111903 -0.537914
-0.175105 -0.456489
-0.133730 -0.534657
-0.139079 -0.517452
-0.159002 -0.511738
-0.179626 -0.482097
-0.161111 -0.490086
-0.312726 -0.310873
-0.187307 -0.446583
-0.187133 -0.430804
-0.207986 -0.418110
-0.207704 -0.404235
-0.228998 -0.359791
-0.219523 -0.369590
-0.224284 -0.392201
-0.263989 -0.339686
-0.280165 -0.325465
-0.264659 -0.351891
-0.294119 -0.329309
-0.248532 -0.365210
-0.398221 -0.277142
-0.377060 -0.282128
-0.349882 -0.301034
-0.372352 -0.295844
-0.344924 -0.315799
-0.330248 -0.321245
-0.410274 -0.290181
-0.430357 -0.284002
-0.434148 -0.265610
-0.455022 -0.239497
-0.469887 -0.233351
-0.451231 -0.259899
-0.518586 -0.178991
-0.541565 -0.171489
-0.503297 -0.215755
-0.524682 -0.205422
-0.484513 -0.243094
-0.503586 -0.234773
-0.555397 -0.183834
-0.575796 -0.175997
-0.578040 -0.157914
-0.598927 -0.150200
-0.600576 -0.130997
-0.618555 -0.122775
-0.619018 -0.100994
-0.636598 -0.092467
-0.647955 -0.097298
-0.666587 -0.087828
-0.679167 -0.094086
-0.876568 0.000000
-0.853647 0.000000
-0.700752 -0.066606
-0.712375 -0.058797
-0.699034 -0.082231
-0.745539 -0.035348
-0.757618 -0.026818
-0.732696 -0.065539
-0.745777 -0.054941
-0.780041 -0.035057
-0.788776 -0.029762
-0.809386 -0.036050
-0.846476 -0.031743
-0.820942 -0.025462
-0.880960 -0.030345
-0.902060 -0.034481
-0.910733 -0.025646
-0.943159 0.000000
-0.937654 -0.029995
-0.967319 0.000000
-1.000000 0.000000
-0.070219 -0.644127
-0.072174 -0.654015
-0.089818 -0.595182
-0.090531 -0.626751
-0.082976 -0.608146
-0.047387 -0.710017
-0.044786 -0.733749
-0.061408 -0.703445
-0.065358 -0.691802
-0.089551 -0.664517
-0.088479 -0.684411
-0.062844 -0.744350
-0.061350 -0.764809
-0.046584 -0.772955
-0.045687 -0.795493
-0.029949 -0.803017
0.064126 -0.906689
0.073029 -0.916754
0.070919 -0.933909
0.056710 -0.943008
0.056584 -0.964962
0.039192 -0.908267
0.032702 -0.884975
-0.013316 -0.833345
-0.028570 -0.827005
0.004915 -0.861509
-0.009454 -0.856525
0.011063 -0.882790
0.040558 -0.973936
0.041316 -1.000000
-0.106705 -0.591909
-0.115015 -0.570791
-0.144016 -0.548516
-0.133782 -0.569578
-0.207694 -0.456568
-0.208164 -0.476506
-0.189556 -0.486656
-0.172530 -0.521784
-0.173627 -0.533808
-0.160507 -0.548981
-0.193398 -0.508332
-0.302833 -0.346833
-0.325921 -0.344475
-0.223897 -0.446022
-0.223386 -0.429459
-0.245025 -0.416928
-0.242384 -0.398185
-0.253884 -0.387396
-0.295932 -0.361475
-0.274112 -0.389859
-0.283298 -0.364558
-0.406712 -0.306208
-0.384451 -0.312605
-0.380454 -0.325939
-0.361076 -0.331954
-0.356075 -0.350068
-0.334817 -0.353944
-0.418846 -0.320133
-0.441240 -0.313121
-0.444299 -0.297527
-0.462960 -0.290260
-0.466117 -0.271566
-0.483749 -0.264748
-0.533882 -0.210152
-0.553119 -0.201533
-0.515063 -0.242566
-0.536453 -0.233758
-0.515992 -0.263735
-0.495423 -0.272085
-0.568649 -0.213899
-0.586962 -0.206225
-0.589638 -0.188095
-0.611573 -0.160813
-0.609488 -0.180852
-0.633371 -0.153377
-0.651864 -0.123051
-0.634146 -0.132257
-0.665816 -0.128617
-0.682949 -0.113268
-0.670221 -0.142259
-0.719519 -0.100610
-0.700579 -0.119597
-0.868135 -0.040894
-0.849763 -0.036916
-0.723230 -0.100521
-0.735873 -0.086519
-0.776830 -0.062115
-0.770333 -0.065542
-0.762762 -0.091126
-0.798530 -0.069876
-0.813164 -0.054992
-0.835674 -0.061895
-0.874874 -0.064194
-0.906494 -0.055585
-0.896599 -0.067501
-0.941279 -0.035300
-0.931574 -0.059209
-0.963708 -0.037589
-0.971671 -0.028471
-1.000000 -0.029710
-0.105553 -0.632152
-0.105703 -0.656494
-0.121480 -0.606549
-0.116891 -0.625895
-0.078802 -0.735664
-0.081252 -0.721397
-0.100453 -0.694430
-0.099038 -0.711530
-0.121251 -0.665162
-0.119819 -0.686336
-0.097966 -0.750350
-0.097039 -0.764922
-0.079630 -0.775392
-0.079424 -0.794838
-0.061446 -0.804315
-0.061947 -0.826379
-0.042910 -0.835015
0.035474 -0.934046
0.032706 -0.917445
0.022673 -0.947161
0.025273 -0.966253
0.000267 -0.895550
0.005657 -0.912899
-0.043732 -0.860333
-0.025206 -0.867185
-0.021984 -0.891570
0.007485 -0.977447
0.006881 -1.000000
-0.145836 -0.584995
-0.140833 -0.600685
-0.167923 -0.579810
-0.172059 -0.571163
-0.240479 -0.455813
-0.239889 -0.476823
-0.223935 -0.485291
-0.223745 -0.506024
-0.207271 -0.514938
-0.208902 -0.539749
-0.193759 -0.565397
-0.198004 -0.546220
-0.330200 -0.374611
-0.311175 -0.379049
-0.257727 -0.425005
-0.257391 -0.447497
-0.276943 -0.417561
-0.280896 -0.398737
-0.305059 -0.395765
-0.415571 -0.336030
-0.393688 -0.342182
-0.367010 -0.362378
-0.389442 -0.357299
-0.363053 -0.381085
-0.341837 -0.386027
-0.426758 -0.348667
-0.453443 -0.327071
-0.450287 -0.342791
-0.476629 -0.319809
-0.479409 -0.303875
-0.496715 -0.295442
-0.546355 -0.239880
-0.566271 -0.231922
-0.509665 -0.301540
-0.526957 -0.271027
-0.547501 -0.261789
-0.528072 -0.288657
-0.580413 -0.243913
-0.598439 -0.237980
-0.602793 -0.219286
-0.623391 -0.192079
-0.618235 -0.213795
-0.645718 -0.163344
-0.638647 -0.188082
-0.659440 -0.161247
-0.674270 -0.176841
-0.705884 -0.138640
-0.695842 -0.148918
-0.696781 -0.169217
-0.725804 -0.141823
-0.738071 -0.121369
-0.840037 -0.072213
-0.862382 -0.077876
-0.766838 -0.098358
-0.756150 -0.121200
-0.802648 -0.086232
-0.789882 -0.102300
-0.826703 -0.092735
-0.867117 -0.095571
-0.902344 -0.087261
-0.891286 -0.101796
-0.927065 -0.090654
-0.936937 -0.069245
-0.961800 -0.072050
-0.970399 -0.058418
-1.000000 -0.059491
-0.140388 -0.639468
-0.135929 -0.658176
-0.154762 -0.616243
-0.149220 -0.634671
-0.117107 -0.724582
-0.116617 -0.738358
-0.134294 -0.696524
-0.133937 -0.713211
-0.155128 -0.673059
-0.153149 -0.686528
-0.134626 -0.751727
-0.114901 -0.777763
-0.135204 -0.765094
-0.114745 -0.793543
-0.095263 -0.804734
-0.095895 -0.823166
-0.075650 -0.834617
-0.056012 -0.867188
-0.077447 -0.852644
-0.059432 -0.881328
-0.006962 -0.931892
-0.002677 -0.940465
-0.011123 -0.964848
-0.033751 -0.901962
-0.023629 -0.928187
-0.043773 -0.901219
-0.025100 -0.969498
-0.026235 -1.000000
-0.179996 -0.601977
-0.174978 -0.611010
-0.207156 -0.579513
-0.198918 -0.598520
-0.272491 -0.456401
-0.271039 -0.478661
-0.257013 -0.486249
-0.240656 -0.515627
-0.256058 -0.506084
-0.223288 -0.544504
-0.240847 -0.531809
-0.223828 -0.576860
-0.230425 -0.566094
-0.337874 -0.406874
-0.316286 -0.411798
-0.288694 -0.449449
-0.291808 -0.431163
-0.311864 -0.424013
-0.303421 -0.460573
-0.348461 -0.416888
-0.400780 -0.372081
-0.423341 -0.367217
-0.396274 -0.386951
-0.373682 -0.392318
-0.370594 -0.412218
-0.432515 -0.377093
-0.455980 -0.373156
-0.460584 -0.355554
-0.488444 -0.333413
-0.483146 -0.351663
-0.511111 -0.329133
-0.514968 -0.321625
-0.576820 -0.262870
-0.558868 -0.269009
-0.543887 -0.318367
-0.546149 -0.299299
-0.558072 -0.292251
-0.590226 -0.274574
-0.612836 -0.251514
-0.606269 -0.272036
-0.629990 -0.247472
-0.635983 -0.227176
-0.648198 -0.222756
-0.654242 -0.200208
-0.670424 -0.195616
-0.682324 -0.205302
-0.706800 -0.177424
-0.701404 -0.201465
-0.733634 -0.155350
-0.723716 -0.174924
-0.754366 -0.156717
-0.766147 -0.135776
-0.784337 -0.136977
-0.831296 -0.105592
-0.854146 -0.111408
-0.796580 -0.120103
-0.818584 -0.123812
-0.859111 -0.128009
-0.895275 -0.117810
-0.877873 -0.133602
-0.909634 -0.124352
-0.934235 -0.104815
-0.932096 -0.112244
-0.963632 -0.099502
-0.968289 -0.089261
-1.000000 -0.088042
-0.172846 -0.662538
-0.173595 -0.648298
-0.187405 -0.635961
-0.156427 -0.735400
-0.172454 -0.704007
-0.154738 -0.725631
-0.178404 -0.703559
-0.192022 -0.676673
-0.170902 -0.745255
-0.150750 -0.776276
-0.169671 -0.768208
-0.130988 -0.805127
-0.149355 -0.796202
-0.129781 -0.823276
-0.111180 -0.833027
-0.111213 -0.852013
-0.093796 -0.862381
-0.094062 -0.881153
-0.080999 -0.890635
-0.080848 -0.910066
-0.061893 -0.919302
-0.041094 -0.941969
-0.037580 -0.962607
-0.058917 -0.934203
-0.058754 -0.974031
-0.057707 -1.000000
-0.199288 -0.636516
-0.213426 -0.615773
-0.226308 -0.615106
-0.236586 -0.597040
-0.289422 -0.487865
-0.301983 -0.481173
-0.275846 -0.516877
-0.287430 -0.510813
-0.272207 -0.538119
-0.259593 -0.543836
-0.254896 -0.564055
-0.262772 -0.574225
-0.256263 -0.595500
-0.327874 -0.446260
-0.345073 -0.439141
-0.325633 -0.451631
-0.337097 -0.476713
-0.318843 -0.489349
-0.378614 -0.420362
-0.361627 -0.449140
-0.377083 -0.440876
-0.408225 -0.403560
-0.429194 -0.399304
-0.403051 -0.416285
-0.437367 -0.406586
-0.465705 -0.386127
-0.460871 -0.401511
-0.487447 -0.382947
-0.493668 -0.365268
-0.521075 -0.349440
-0.514992 -0.362517
-0.545095 -0.346782
-0.550309 -0.326914
-0.581866 -0.302421
-0.574506 -0.325453
-0.617680 -0.283957
-0.609238 -0.308051
-0.636450 -0.282315
-0.643246 -0.260805
-0.662663 -0.257198
-0.668393 -0.235756
-0.678942 -0.231159
-0.697741 -0.238903
-0.715357 -0.214670
-0.722384 -0.214888
-0.738866 -0.192931
-0.763888 -0.172245
-0.749381 -0.193059
-0.779946 -0.173989
-0.793836 -0.155294
-0.811709 -0.157629
-0.844856 -0.144096
-0.825084 -0.140038
-0.851331 -0.162598
-0.883518 -0.153973
-0.872637 -0.165922
-0.904625 -0.157253
-0.914144 -0.147484
-0.945812 -0.134117
-0.935761 -0.150148
-0.964568 -0.132931
-0.972263 -0.119423
-1.000000 -0.118682
-0.201376 -0.675010
-0.211789 -0.653045
-0.193845 -0.716450
-0.190344 -0.738422
-0.218042 -0.689796
-0.212752 -0.710972
-0.204900 -0.750067
-0.200792 -0.772620
-0.184920 -0.778387
-0.166021 -0.807727
-0.181470 -0.801350
-0.146781 -0.835531
-0.162712 -0.828115
-0.144338 -0.852756
-0.128072 -0.862034
-0.114540 -0.890884
-0.127970 -0.880948
-0.096295 -0.920339
-0.114946 -0.909044
-0.076135 -0.948789
-0.096513 -0.937150
-0.075100 -0.964165
-0.093177 -0.976453
-0.093036 -1.000000
-0.230385 -0.651666
-0.238979 -0.630883
-0.258102 -0.629037
-0.265832 -0.607011
-0.305438 -0.519221
-0.321350 -0.509730
-0.291053 -0.550010
-0.306096 -0.542912
-0.287097 -0.572476
-0.294610 -0.581298
-0.285002 -0.605912
-0.361380 -0.469481
-0.347231 -0.479197
-0.335808 -0.516023
-0.353550 -0.503285
-0.411903 -0.433727
-0.394918 -0.451052
-0.397085 -0.462562
-0.380762 -0.477616
-0.427132 -0.437320
-0.437266 -0.428954
-0.460251 -0.435094
-0.471246 -0.416725
-0.488748 -0.416867
-0.497753 -0.396965
-0.525091 -0.379192
-0.517229 -0.396061
-0.546718 -0.377887
-0.553665 -0.358580
-0.575338 -0.357281
-0.582774 -0.337144
-0.605291 -0.336648
-0.613417 -0.314969
-0.637227 -0.317233
-0.646479 -0.293766
-0.674647 -0.270149
-0.664521 -0.293383
-0.691135 -0.269415
-0.702530 -0.249514
-0.724252 -0.253403
-0.736901 -0.231558
-0.763218 -0.210543
-0.750116 -0.231466
-0.776597 -0.210524
-0.789782 -0.191076
-0.807232 -0.192786
-0.839567 -0.177678
-0.819901 -0.174990
-0.846404 -0.195069
-0.868898 -0.198186
-0.878209 -0.187299
-0.909997 -0.179709
-0.901055 -0.189971
-0.932827 -0.182089
-0.942719 -0.165608
-0.964990 -0.167249
-0.974134 -0.150860
-1.000000 -0.150760
-0.235977 -0.684973
-0.241930 -0.665458
-0.228267 -0.724541
-0.223844 -0.744416
-0.250669 -0.699382
-0.245523 -0.718601
-0.236841 -0.756531
-0.232337 -0.779221
-0.217227 -0.784040
-0.211954 -0.808717
-0.199226 -0.812799
-0.192208 -0.838895
-0.182043 -0.841510
-0.170174 -0.868561
-0.150016 -0.890954
-0.166723 -0.869153
-0.152890 -0.903286
-0.132104 -0.919624
-0.133844 -0.934887
-0.112505 -0.948455
-0.113213 -0.964679
-0.127988 -0.974832
-0.128294 -1.000000
-0.262643 -0.662021
-0.269199 -0.641829
-0.296715 -0.619278
-0.288248 -0.639245
-0.321244 -0.549999
-0.339868 -0.534699
-0.312021 -0.582265
-0.325389 -0.565579
-0.322674 -0.601183
-0.312528 -0.617632
-0.384164 -0.494722
-0.367929 -0.508034
-0.372863 -0.527549
-0.357111 -0.541812
-0.415243 -0.471587
-0.431063 -0.457528
-0.417849 -0.485659
-0.399858 -0.500769
-0.451688 -0.465401
-0.464704 -0.446891
-0.487477 -0.451938
-0.497138 -0.428643
-0.526489 -0.410276
-0.517851 -0.429401
-0.547511 -0.410061
-0.555515 -0.390543
-0.576535 -0.389981
-0.584754 -0.370203
-0.613395 -0.348480
-0.604626 -0.369429
-0.644383 -0.327811
-0.635204 -0.349225
-0.664847 -0.328526
-0.675333 -0.306538
-0.692492 -0.306382
-0.702941 -0.285621
-0.721291 -0.285235
-0.731524 -0.266470
-0.763208 -0.248179
-0.751634 -0.267921
-0.777477 -0.247791
-0.789892 -0.228415
-0.816157 -0.209455
-0.803612 -0.228220
-0.835131 -0.211539
-0.842233 -0.226355
-0.873578 -0.218582
-0.863955 -0.229330
-0.906428 -0.212045
-0.896565 -0.222872
-0.929345 -0.215204
-0.939421 -0.196869
-0.963634 -0.199134
-0.972235 -0.182126
-1.000000 -0.182972
-0.269601 -0.694225
-0.274555 -0.675606
-0.282753 -0.707345
-0.263244 -0.733853
-0.259173 -0.751531
-0.277976 -0.727253
-0.268102 -0.762337
-0.247948 -0.790205
-0.262622 -0.785187
-0.228505 -0.819307
-0.244290 -0.813025
-0.225996 -0.842392
-0.208357 -0.849481
-0.187773 -0.880402
-0.206755 -0.872255
-0.167905 -0.911637
-0.186930 -0.902051
-0.169200 -0.933636
-0.148581 -0.944463
-0.149517 -0.964542
-0.161648 -0.972934
-0.162065 -1.000000
-0.295771 -0.670867
-0.301097 -0.654945
-0.321897 -0.649840
-0.326568 -0.636431
-0.346831 -0.572260
-0.360578 -0.558156
-0.350367 -0.588655
-0.340758 -0.601142
-0.349398 -0.629131
-0.351339 -0.624166
-0.379401 -0.564798
-0.405279 -0.519324
-0.390504 -0.533168
-0.395398 -0.553162
-0.406823 -0.557485
-0.454604 -0.475935
-0.434550 -0.494645
-0.437094 -0.505261
-0.421140 -0.523614
-0.467169 -0.483206
-0.492030 -0.459869
-0.487640 -0.475600
-0.525589 -0.441780
-0.518085 -0.459833
-0.555833 -0.422613
-0.547548 -0.441899
-0.576945 -0.422675
-0.585590 -0.403160
-0.605878 -0.402908
-0.614981 -0.383126
-0.632396 -0.382350
-0.642558 -0.360625
-0.674539 -0.342216
-0.664460 -0.363011
-0.693927 -0.341946
-0.702698 -0.319642
-0.731743 -0.301417
-0.722484 -0.319129
-0.751054 -0.300990
-0.760663 -0.283190
-0.790824 -0.265724
-0.780773 -0.283422
-0.816915 -0.246166
-0.805822 -0.264420
-0.831313 -0.245413
-0.843084 -0.259806
-0.870121 -0.254798
-0.901111 -0.246965
-0.903284 -0.248574
-0.930089 -0.243528
-0.935744 -0.228513
-0.963149 -0.228204
-0.969870 -0.212801
-1.000000 -0.213367
-0.308346 -0.687017
-0.302077 -0.702816
-0.300292 -0.742019
-0.315663 -0.720605
-0.301476 -0.748790
-0.291780 -0.761710
-0.279174 -0.796413
-0.298146 -0.784812
-0.260891 -0.823840
-0.279292 -0.814197
-0.260158 -0.843907
-0.241768 -0.852671
-0.240802 -0.873780
-0.222550 -0.882558
-0.221595 -0.903430
-0.203931 -0.912769
-0.203163 -0.932558
-0.184278 -0.942799
-0.184787 -0.964170
-0.193837 -0.971097
-0.194157 -1.000000
-0.223803 -1.000000
-0.327737 -0.683546
-0.334487 -0.666395
-0.360950 -0.649854
-0.354770 -0.663033
-0.382400 -0.589219
-0.376630 -0.594446
-0.375489 -0.614799
-0.388453 -0.626488
-0.382599 -0.646641
-0.403939 -0.591272
-0.413792 -0.578948
-0.430168 -0.542842
-0.434624 -0.580205
-0.442802 -0.564192
-0.457938 -0.515604
-0.469181 -0.506888
-0.457665 -0.530703
-0.489924 -0.511763
-0.500618 -0.491716
-0.525764 -0.473344
-0.517389 -0.490627
-0.547166 -0.473398
-0.555730 -0.454831
-0.585453 -0.435793
-0.576411 -0.455049
-0.605836 -0.436187
-0.615313 -0.416962
-0.634458 -0.416986
-0.645099 -0.397563
-0.670126 -0.373130
-0.656946 -0.396724
-0.702759 -0.352643
-0.689943 -0.378486
-0.698554 -0.373133
-0.732731 -0.335673
-0.725251 -0.349856
-0.751844 -0.334655
-0.761090 -0.317022
-0.781127 -0.316736
-0.789889 -0.299324
-0.812984 -0.299076
-0.820366 -0.283413
-0.838163 -0.279286
-0.851667 -0.291123
-0.874937 -0.278731
-0.906589 -0.275010
-0.885177 -0.284686
-0.915171 -0.279941
-0.940875 -0.260617
-0.936776 -0.272682
-0.964971 -0.255883
-0.970233 -0.243600
-1.000000 -0.242208
-0.330326 -0.720473
-0.339900 -0.698711
-0.339268 -0.730971
-0.327523 -0.758822
-0.334976 -0.754262
-0.324775 -0.782460
-0.311597 -0.790012
-0.313194 -0.813799
-0.294347 -0.823686
-0.294885 -0.844016
-0.275382 -0.853725
-0.256880 -0.883899
-0.275383 -0.874479
-0.256492 -0.904615
-0.239380 -0.914262
-0.238776 -0.933867
-0.221242 -0.944386
-0.220496 -0.964755
-0.225103 -0.969407
-0.253674 -0.969641
-0.254670 -1.000000
-0.366491 -0.681344
-0.358306 -0.697062
-0.393614 -0.659928
-0.385447 -0.679433
-0.412180 -0.611885
-0.406880 -0.622127
-0.419696 -0.642406
-0.411734 -0.658065
-0.436546 -0.608582
-0.442320 -0.594224
-0.468744 -0.542144
-0.463020 -0.562501
-0.465723 -0.592534
-0.471793 -0.573520
-0.488337 -0.538929
-0.495269 -0.522465
-0.519369 -0.523364
-0.527444 -0.505606
-0.555719 -0.487304
-0.547530 -0.504719
-0.576331 -0.487015
-0.585136 -0.468740
-0.605163 -0.468820
-0.614462 -0.450012
-0.635258 -0.450547
-0.644240 -0.432544
-0.667916 -0.431867
-0.690162 -0.403625
-0.671853 -0.410454
-0.722077 -0.384594
-0.736140 -0.370338
-0.702466 -0.410808
-0.722820 -0.396909
-0.749167 -0.371415
-0.762737 -0.350894
-0.778318 -0.351741
-0.790417 -0.331769
-0.820536 -0.313884
-0.807543 -0.333239
-0.852089 -0.306101
-0.839521 -0.317554
-0.874294 -0.316175
-0.887312 -0.306179
-0.907457 -0.313492
-0.918081 -0.304762
-0.938196 -0.308635
-0.949328 -0.290210
-0.965976 -0.289693
-0.974775 -0.274034
-1.000000 -0.273420
-0.370034 -0.715396
-0.362952 -0.728773
-0.358077 -0.762988
-0.371918 -0.747935
-0.308680 -0.852630
-0.361366 -0.780090
-0.345790 -0.792519
-0.346685 -0.810779
-0.329457 -0.842128
-0.328201 -0.821929
-0.309953 -0.873731
-0.290601 -0.883663
-0.274461 -0.914761
-0.291101 -0.904731
-0.258538 -0.945533
-0.274508 -0.934144
-0.258641 -0.964740
-0.323118 -0.881323
-0.284949 -0.972253
-0.284935 -1.000000
-0.397122 -0.694394
-0.388342 -0.713264
-0.423295 -0.674402
-0.414924 -0.692789
-0.446235 -0.624820
-0.439619 -0.639828
-0.450246 -0.655977
-0.442677 -0.672644
-0.467785 -0.622501
-0.474392 -0.604851
-0.492633 -0.571461
-0.499446 -0.554905
-0.495318 -0.603174
-0.502551 -0.585912
-0.520184 -0.552397
-0.526965 -0.537037
-0.549299 -0.536146
-0.557025 -0.519778
-0.585686 -0.501902
-0.577005 -0.518799
-0.614650 -0.483667
-0.604283 -0.501570
-0.644047 -0.465518
-0.630686 -0.484194
-0.671665 -0.436351
-0.657996 -0.467587
-0.670725 -0.457200
-0.705648 -0.429023
-0.700208 -0.435762
-0.759335 -0.385585
-0.748601 -0.409167
-0.741191 -0.410543
-0.729515 -0.432460
-0.778356 -0.385844
-0.788246 -0.366485
-0.805437 -0.366661
-0.817001 -0.349402
-0.844520 -0.338760
-0.832038 -0.350589
-0.874723 -0.335660
-0.863012 -0.343608
-0.908868 -0.333399
-0.891886 -0.343149
-0.921129 -0.340457
-0.945079 -0.322702
-0.940188 -0.333872
-0.967911 -0.321307
-0.975875 -0.306060
-1.000000 -0.305383
-0.389863 -0.750627
-0.401281 -0.729516
-0.381278 -0.787543
-0.395990 -0.761174
-0.342641 -0.872140
-0.343070 -0.850891
-0.364585 -0.821188
-0.375125 -0.816575
-0.383536 -0.791885
-0.361354 -0.843058
-0.324748 -0.904219
-0.308614 -0.913583
-0.308942 -0.935272
-0.296577 -0.945092
-0.296493 -0.963346
-0.357173 -0.881917
-0.338842 -0.910514
-0.356174 -0.901394
-0.317260 -0.973470
-0.317563 -1.000000
-0.417877 -0.728229
-0.426031 -0.706882
-0.453289 -0.688141
-0.445684 -0.705167
-0.477748 -0.636677
-0.470384 -0.654158
-0.472934 -0.686362
-0.480615 -0.668801
-0.505190 -0.617580
-0.497485 -0.634963
-0.523080 -0.584253
-0.530233 -0.568502
-0.524675 -0.616231
-0.532630 -0.599409
-0.551198 -0.566668
-0.558318 -0.551742
-0.587087 -0.535230
-0.579354 -0.550339
-0.606503 -0.533831
-0.614846 -0.518458
-0.633540 -0.517143
-0.641832 -0.501925
-0.661594 -0.499997
-0.666879 -0.490786
-0.690291 -0.486531
-0.703868 -0.460676
-0.693319 -0.467941
-0.736274 -0.446134
-0.720229 -0.464927
-0.764355 -0.420831
-0.787677 -0.399897
-0.783226 -0.413699
-0.752367 -0.450002
-0.763477 -0.441082
-0.811679 -0.396507
-0.816295 -0.384640
-0.843021 -0.377282
-0.864434 -0.368045
-0.893524 -0.365346
-0.878012 -0.374781
-0.910746 -0.372090
-0.921775 -0.364480
-0.953583 -0.354608
-0.940658 -0.369595
-0.966585 -0.354726
-0.977405 -0.338278
-1.000000 -0.338487
-0.414408 -0.765933
-0.428690 -0.739952
-0.426570 -0.756937
-0.418544 -0.789581
-0.408107 -0.798164
-0.377673 -0.855336
-0.375778 -0.873604
-0.397325 -0.845931
-0.410129 -0.821922
-0.399227 -0.830281
-0.390954 -0.885248
-0.334420 -0.943792
-0.342139 -0.935988
-0.335141 -0.962305
-0.385505 -0.908739
-0.366183 -0.936842
-0.373123 -0.912568
-0.349751 -0.971821
-0.350132 -1.000000
-0.456628 -0.721241
-0.451582 -0.733904
-0.483706 -0.701495
-0.476734 -0.717822
-0.508030 -0.650004
-0.500214 -0.667245
-0.510502 -0.682186
-0.502960 -0.699308
-0.526821 -0.648363
-0.534944 -0.631548
-0.553003 -0.598521
-0.560764 -0.583002
-0.553407 -0.630321
-0.561847 -0.613731
-0.581280 -0.581868
-0.589136 -0.567488
-0.617254 -0.551665
-0.608430 -0.566350
-0.634767 -0.550791
-0.644299 -0.534403
-0.662184 -0.533790
-0.671229 -0.518787
-0.700260 -0.498147
-0.690379 -0.518647
-0.714557 -0.497819
-0.727185 -0.480440
-0.757168 -0.471118
-0.745333 -0.483607
-0.787105 -0.449200
-0.799414 -0.432567
-0.807117 -0.431685
-0.819771 -0.410930
-0.789773 -0.461982
-0.777157 -0.475735
-0.849649 -0.400807
-0.837970 -0.413715
-0.869127 -0.404774
-0.879711 -0.395501
-0.912010 -0.393127
-0.901494 -0.402100
-0.945956 -0.386528
-0.934065 -0.399860
-0.965786 -0.390186
-0.976876 -0.370855
-1.000000 -0.371451
-0.435101 -0.793304
-0.463667 -0.753254
-0.451879 -0.774833
-0.451362 -0.770640
-0.430706 -0.826402
-0.442512 -0.810420
-0.412545 -0.859630
-0.407450 -0.880664
-0.432425 -0.854201
-0.437503 -0.843582
-0.420784 -0.892190
-0.402300 -0.920101
-0.416634 -0.913734
-0.375599 -0.948639
-0.373835 -0.962559
-0.399976 -0.939264
-0.382387 -0.972490
-0.379362 -1.000000
-0.479176 -0.752478
-0.489009 -0.734355
-0.514104 -0.714513
-0.505375 -0.732918
-0.537859 -0.664331
-0.530485 -0.680529
-0.532336 -0.713059
-0.540015 -0.695112
-0.556540 -0.662053
-0.564197 -0.646316
-0.582581 -0.613697
-0.590628 -0.599322
-0.581758 -0.644574
-0.589929 -0.628574
-0.610407 -0.598461
-0.619269 -0.585907
-0.645898 -0.567989
-0.635366 -0.585289
-0.662671 -0.567628
-0.672420 -0.551130
-0.700241 -0.533299
-0.690449 -0.550852
-0.716656 -0.533063
-0.727841 -0.516949
-0.751742 -0.502212
-0.739898 -0.516444
-0.781672 -0.494299
-0.769619 -0.505235
-0.810323 -0.469612
-0.824740 -0.457257
-0.824748 -0.447215
-0.843907 -0.432820
-0.798117 -0.498974
-0.812449 -0.487171
-0.857274 -0.437890
-0.872741 -0.426789
-0.903321 -0.422700
-0.888844 -0.432653
-0.937525 -0.417760
-0.918816 -0.429290
-0.946681 -0.422597
-0.967269 -0.415915
-0.972417 -0.402730
-1.000000 -0.401938
-0.471603 -0.789577
-0.461924 -0.812213
-0.491206 -0.768740
-0.482856 -0.787019
-0.469800 -0.823648
-0.463206 -0.841492
-0.445803 -0.876126
-0.440290 -0.887436
-0.472357 -0.856040
-0.466135 -0.871817
-0.437501 -0.926324
-0.452896 -0.908020
-0.416770 -0.954281
-0.438756 -0.934306
-0.417279 -0.962893
-0.409797 -0.971790
-0.412576 -1.000000
-0.517315 -0.747997
-0.509100 -0.766531
-0.534562 -0.746126
-0.542835 -0.726856
-0.568264 -0.679061
-0.562454 -0.693916
-0.569221 -0.705582
-0.560860 -0.725718
-0.589175 -0.674338
-0.593349 -0.660600
-0.620516 -0.621873
-0.613383 -0.629801
-0.616208 -0.653991
-0.635509 -0.621357
-0.647165 -0.602125
-0.663228 -0.601859
-0.672973 -0.583731
-0.700277 -0.566558
-0.691891 -0.583378
-0.720550 -0.565476
-0.727634 -0.551563
-0.749222 -0.548564
-0.775423 -0.529858
-0.753896 -0.537436
-0.781138 -0.532547
-0.803180 -0.519852
-0.831275 -0.495392
-0.845805 -0.483558
-0.845475 -0.469869
-0.860891 -0.457583
-0.813925 -0.524685
-0.832769 -0.511085
-0.891346 -0.453867
-0.878036 -0.464033
-0.910335 -0.460313
-0.921828 -0.451451
-0.940311 -0.456067
-0.950346 -0.447871
-0.968518 -0.450772
-0.979954 -0.434181
-1.000000 -0.433698
-0.490839 -0.822292
-0.499031 -0.803301
-0.521675 -0.781990
-0.513710 -0.800415
-0.495056 -0.853607
-0.501854 -0.837556
-0.504919 -0.869565
-0.469146 -0.908733
-0.478635 -0.888237
-0.496433 -0.886236
-0.476604 -0.919143
-0.456501 -0.946415
-0.472779 -0.938560
-0.455168 -0.965850
-0.442969 -0.974085
-0.441535 -1.000000
-0.546573 -0.760396
-0.538810 -0.779448
-0.563301 -0.758192
-0.571532 -0.738777
-0.587338 -0.737546
-0.601013 -0.689373
-0.594888 -0.708207
-0.597366 -0.712925
-0.624836 -0.659945
-0.621344 -0.684887
-0.640668 -0.656296
-0.648694 -0.637366
-0.673507 -0.616279
-0.665179 -0.634953
-0.700870 -0.597696
-0.692352 -0.615475
-0.729809 -0.581994
-0.720374 -0.597647
-0.758979 -0.565401
-0.747812 -0.582454
-0.787679 -0.552588
-0.775598 -0.566592
-0.818920 -0.542216
-0.805412 -0.556107
-0.834510 -0.546860
-0.850053 -0.521579
-0.866513 -0.508598
-0.866416 -0.494828
-0.880429 -0.483725
-0.850678 -0.532287
-0.898597 -0.490403
-0.911800 -0.480501
-0.932593 -0.488920
-0.943918 -0.478577
-0.964988 -0.482628
-0.975653 -0.465520
-1.000000 -0.467319
-0.528471 -0.816273
-0.521090 -0.834705
-0.544966 -0.812842
-0.551418 -0.793708
-0.526571 -0.868849
-0.533924 -0.850321
-0.534200 -0.880479
-0.510306 -0.906166
-0.523271 -0.903811
-0.503536 -0.917633
-0.509514 -0.937670
-0.491718 -0.952093
-0.492004 -0.965017
-0.475885 -0.976684
-0.476029 -1.000000
-0.569844 -0.790103
-0.575940 -0.772559
-0.594096 -0.768687
-0.598852 -0.749156
-0.619262 -0.720662
-0.618148 -0.744583
-0.633205 -0.694997
-0.630670 -0.713940
-0.651702 -0.688529
-0.656485 -0.671676
-0.673332 -0.666257
-0.678827 -0.650394
-0.694407 -0.646320
-0.701719 -0.629237
-0.729669 -0.615250
-0.720743 -0.628439
-0.757567 -0.599887
-0.746844 -0.615494
-0.774320 -0.600402
-0.784764 -0.586720
-0.802817 -0.587425
-0.812126 -0.575220
-0.832495 -0.576490
-0.840527 -0.564472
-0.863056 -0.565150
-0.868512 -0.544962
-0.882770 -0.539591
-0.901038 -0.513119
-0.886260 -0.520972
-0.933723 -0.504383
-0.911894 -0.517725
-0.946160 -0.513971
-0.965043 -0.509880
-0.970984 -0.496444
-1.000000 -0.496280
-0.582617 -0.804796
-0.553224 -0.846647
-0.558011 -0.825905
-0.577182 -0.821042
-0.563343 -0.856255
-0.555391 -0.883305
-0.562942 -0.876920
-0.540904 -0.917615
-0.558002 -0.907668
-0.525861 -0.943511
-0.539660 -0.934124
-0.527674 -0.965733
-0.510285 -0.976167
-0.510296 -1.000000
-0.601915 -0.800342
-0.605602 -0.779603
-0.626084 -0.774347
-0.627220 -0.751272
-0.688722 -0.682420
-0.649979 -0.725808
-0.646552 -0.745676
-0.664281 -0.719092
-0.686231 -0.695525
-0.667562 -0.703683
-0.710803 -0.671980
-0.730315 -0.648980
-0.711588 -0.663702
-0.742040 -0.651481
-0.756622 -0.633135
-0.772078 -0.634754
-0.783755 -0.619655
-0.800820 -0.620676
-0.811113 -0.606673
-0.830181 -0.607719
-0.839501 -0.593240
-0.860193 -0.594660
-0.869502 -0.574321
-0.899812 -0.553532
-0.886916 -0.575335
-0.906914 -0.552742
-0.918599 -0.537730
-0.941760 -0.539937
-0.943861 -0.542426
-0.967369 -0.543968
-0.975980 -0.526711
-1.000000 -0.525812
-0.612180 -0.809471
-0.592068 -0.838742
-0.609781 -0.831769
-0.588879 -0.848545
-0.599115 -0.867873
-0.585278 -0.883324
-0.573805 -0.914357
-0.589993 -0.901381
-0.560607 -0.945446
-0.576817 -0.933278
-0.561201 -0.963580
-0.543494 -0.973801
-0.544517 -1.000000
-0.659202 -0.756799
-0.635061 -0.781336
-0.634745 -0.804263
-0.655322 -0.775199
-0.640539 -0.809025
-0.722862 -0.685012
-0.716813 -0.706021
-0.702127 -0.710602
-0.677150 -0.751689
-0.681621 -0.733232
-0.696798 -0.727465
-0.749704 -0.665521
-0.742330 -0.682695
-0.751834 -0.695936
-0.780703 -0.652743
-0.772106 -0.666005
-0.809521 -0.638870
-0.799881 -0.653152
-0.828474 -0.639542
-0.838019 -0.623992
-0.858037 -0.625048
-0.867530 -0.606918
-0.886561 -0.607936
-0.896888 -0.589976
-0.913313 -0.589984
-0.923827 -0.572490
-0.939521 -0.570374
-0.945127 -0.574740
-0.968482 -0.571157
-0.974737 -0.557012
-1.000000 -0.556574
-0.625201 -0.841237
-0.642244 -0.829932
-0.626692 -0.857714
-0.613930 -0.870125
-0.621053 -0.890034
-0.606342 -0.906615
-0.611078 -0.918886
-0.597818 -0.942173
-0.577290 -0.973019
-0.591112 -0.967105
-0.575513 -1.000000
-0.689427 -0.763369
-0.669451 -0.789083
-0.685332 -0.783500
-0.665431 -0.803224
-0.675683 -0.819154
-0.658834 -0.837733
-0.733434 -0.718896
-0.745032 -0.715073
-0.715007 -0.744533
-0.727298 -0.740000
-0.709375 -0.758607
-0.779950 -0.685484
-0.773635 -0.694803
-0.779703 -0.714439
-0.763708 -0.728717
-0.809014 -0.671785
-0.799863 -0.684877
-0.836962 -0.655524
-0.826997 -0.672034
-0.856079 -0.656367
-0.865872 -0.638904
-0.895348 -0.623034
-0.884630 -0.639982
-0.924203 -0.606803
-0.911842 -0.624030
-0.939587 -0.607577
-0.947290 -0.600119
-0.968900 -0.602293
-0.978111 -0.587537
-1.000000 -0.587367
-0.662519 -0.850586
-0.648303 -0.865660
-0.651374 -0.881214
-0.639756 -0.893959
-0.644785 -0.912750
-0.634115 -0.924742
-0.637093 -0.941955
-0.626167 -0.953524
-0.626999 -0.967906
-0.610656 -0.980403
-0.610248 -1.000000
-0.678803 -0.856169
-0.701844 -0.795308
-0.722003 -0.778144
-0.686479 -0.821122
-0.702947 -0.805186
-0.696151 -0.841151
-0.745827 -0.752423
-0.764161 -0.738879
-0.729065 -0.779478
-0.746271 -0.766394
-0.780804 -0.750422
-0.809920 -0.706078
-0.797140 -0.719572
-0.800817 -0.736406
-0.824693 -0.706951
-0.836291 -0.687560
-0.864241 -0.670736
-0.854630 -0.688493
-0.883660 -0.671501
-0.893322 -0.656239
-0.921684 -0.641556
-0.911315 -0.656796
-0.938920 -0.641845
-0.947552 -0.630952
-0.967440 -0.631104
-0.975745 -0.618046
-1.000000 -0.618688
-0.684554 -0.874957
-0.673386 -0.887402
-0.664369 -0.916542
-0.676558 -0.903390
-0.659796 -0.948300
-0.670511 -0.937117
-0.662061 -0.966139
-0.645711 -0.978580
-0.646540 -1.000000
-0.704783 -0.843313
-0.703253 -0.877628
-0.714188 -0.862327
-0.723285 -0.816999
-0.739691 -0.803300
-0.723808 -0.828323
-0.749325 -0.804992
-0.764882 -0.777026
-0.781927 -0.764512
-0.765727 -0.790913
-0.797749 -0.773653
-0.814731 -0.744072
-0.813396 -0.766462
-0.829177 -0.738167
-0.834585 -0.720732
-0.862648 -0.702011
-0.856158 -0.718031
-0.884607 -0.701245
-0.892135 -0.688805
-0.920606 -0.674731
-0.911789 -0.688451
-0.947775 -0.662140
-0.939231 -0.674519
-0.967303 -0.661944
-0.975519 -0.648833
-1.000000 -0.648798
-0.688611 -0.939413
-0.700334 -0.911289
-0.710858 -0.893925
-0.701736 -0.916039
-0.696555 -0.951176
-0.681092 -0.975253
-0.691429 -0.968996
-0.679682 -1.000000
-0.741193 -0.841464
-0.732048 -0.863179
-0.731305 -0.894455
-0.740206 -0.874398
-0.753504 -0.838681
-0.759986 -0.825623
-0.796874 -0.796864
-0.781106 -0.821953
-0.785880 -0.802227
-0.810763 -0.802899
-0.828812 -0.776027
-0.827639 -0.793225
-0.843875 -0.768478
-0.847450 -0.753115
-0.861006 -0.746874
-0.865882 -0.732355
-0.893022 -0.721032
-0.888104 -0.728838
-0.921145 -0.707309
-0.913408 -0.719349
-0.948405 -0.693777
-0.940010 -0.706523
-0.967475 -0.693352
-0.975947 -0.679794
-1.000000 -0.679636
-0.727144 -0.929734
-0.717681 -0.949099
-0.731010 -0.928361
-0.740083 -0.907466
-0.729036 -0.967114
-0.716528 -0.983053
-0.717593 -1.000000
-0.759551 -0.874472
-0.767557 -0.855564
-0.767484 -0.885515
-0.760026 -0.906419
-0.791818 -0.834128
-0.785627 -0.852833
-0.813353 -0.830396
-0.815428 -0.827161
-0.844156 -0.804898
-0.840974 -0.822322
-0.861346 -0.782665
-0.859011 -0.797926
-0.880223 -0.772447
-0.881131 -0.763931
-0.895833 -0.751265
-0.910976 -0.753786
-0.923217 -0.739451
-0.939017 -0.740294
-0.949642 -0.725631
-0.967136 -0.725918
-0.976651 -0.711245
-1.000000 -0.711307
-0.744399 -0.966586
-0.751983 -0.941717
-0.764293 -0.937779
-0.769420 -0.917738
-0.754063 -0.975736
-0.753225 -1.000000
-0.789730 -0.885569
-0.796080 -0.865399
-0.790540 -0.914466
-0.795461 -0.893643
-0.817438 -0.862657
-0.822296 -0.854317
-0.845665 -0.851199
-0.850327 -0.833411
-0.875756 -0.810601
-0.871314 -0.829342
-0.893733 -0.786056
-0.888281 -0.805704
-0.918832 -0.773026
-0.912794 -0.782497
-0.948367 -0.758364
-0.939598 -0.772377
-0.967221 -0.758221
-0.976395 -0.743296
-1.000000 -0.743244
-0.778906 -0.949299
-0.777749 -0.968175
-0.799183 -0.940797
-0.800142 -0.924789
-0.788881 -0.977778
-0.788714 -1.000000
-0.826685 -0.883967
-0.820448 -0.893876
-0.826748 -0.915467
-0.848781 -0.882256
-0.854120 -0.862226
-0.878144 -0.859491
-0.881232 -0.840515
-0.906308 -0.834224
-0.906902 -0.818478
-0.923366 -0.806192
-0.935173 -0.808241
-0.948989 -0.790533
-0.966030 -0.791957
-0.976593 -0.775422
-1.000000 -0.775855
-0.811219 -0.951019
-0.811142 -0.968142
-0.830300 -0.917748
-0.833642 -0.941432
-0.823013 -0.977655
-0.823102 -1.000000
-0.856838 -0.892072
-0.853850 -0.910648
-0.881463 -0.887884
-0.884758 -0.867448
-0.913757 -0.842215
-0.909275 -0.864932
-0.943682 -0.823490
-0.935742 -0.840631
-0.965839 -0.823720
-0.974377 -0.807556
-1.000000 -0.807846
-0.843227 -0.947661
-0.844205 -0.968163
-0.862955 -0.939541
-0.865013 -0.921653
-0.855770 -0.976256
-0.855974 -1.000000
-0.889939 -0.897638
-0.887141 -0.915171
-0.912630 -0.892912
-0.917664 -0.874953
-0.938314 -0.872395
-0.945696 -0.856069
-0.966189 -0.854666
-0.974162 -0.839466
-1.000000 -0.839218
-0.897391 -0.926174
-0.876882 -0.950861
-0.875647 -0.967610
-0.894657 -0.942766
-0.887623 -0.977443
-0.887747 -1.000000
-0.924101 -0.907669
-0.918609 -0.921212
-0.949602 -0.888830
-0.941550 -0.904510
-0.967272 -0.887291
-0.976114 -0.871882
-1.000000 -0.871202
-0.930374 -0.940238
-0.911536 -0.956732
-0.911859 -0.967350
-0.918537 -0.974112
-0.917180 -1.000000
-0.938904 -0.941663
-0.956241 -0.924142
-0.965007 -0.924537
-0.978588 -0.904960
-1.000000 -0.905467
-0.950343 -0.962443
-0.942916 -0.972438
-0.949719 -1.000000
-0.966785 -0.962026
-0.976233 -0.938594
-1.000000 -0.938435
-0.975003 -0.970405
-0.969596 -1.000000
-1.000000 -0.969897
-1.000000 -1.000000
6 4523 4524 4516 4357 4358 4359 
6 4506 4505 4343 4341 4340 4502 
6 640 639 636 557 558 637 
6 573 574 563 500 499 562 
6 5406 5407 5265 5260 5261 5273 
6 809 808 773 714 718 810 
6 2909 2908 2905 2711 2710 2713 
5 3596 3416 3415 3414 3593 
5 559 560 485 483 554 
6 46 29 28 27 26 45 
6 416 415 363 349 350 354 
6 2532 2533 2534 2525 2337 2517 
6 1330 1331 1321 1203 1202 1206 
5 3825 3814 3650 3651 3826 
6 1879 1878 1708 1701 1702 1706 
6 1715 1716 1555 1547 1546 1549 
7 706 704 702 616 615 621 705 
6 1574 1573 1426 1423 1424 1567 
6 1340 1341 1338 1212 1213 1214 
6 3617 3618 3438 3433 3434 3614 
6 2124 2125 1955 1944 1945 1946 
5 1346 1345 1218 1216 1220 
6 1735 1734 1568 1565 1566 1732 
6 3501 3500 3475 3318 3496 3499 
6 1122 1120 999 1000 998 1003 
6 3266 3317 3315 3133 3134 3135 
6 2059 2058 1880 1882 1881 1920 
7 1815 1980 1979 1807 1804 1806 1805 
6 4493 4494 4495 4328 4327 4371 
5 5842 5841 5836 5710 5711 
6 6196 6195 6087 6072 6073 6191 
6 4507 4508 4503 4342 4343 4505 
6 2905 2904 2715 2707 2706 2711 
6 3265 3264 3263 3080 3081 3088 
6 1989 2157 2158 1982 1979 1980 
5 2433 2235 2234 2233 2432 
6 2060 2061 1888 1883 1884 2057 
6 1941 1935 1933 1763 1764 1938 
6 4666 4667 4662 4508 4507 4664 
5 5085 5076 4938 4937 4947 
6 906 816 805 804 806 905 
6 2955 2954 2953 2758 2759 2760 
5 5121 5122 4978 4976 4981 
6 3618 3620 3619 3439 3437 3438 
6 5394 5392 5246 5245 5388 5389 
6 1925 1920 1881 1751 1750 1924 
5 2231 2232 2049 2048 2073 
7 3798 3799 3625 3624 3622 3623 3796 
5 5808 5795 5675 5674 5807 
6 5967 5966 5943 5837 5838 5840 
6 247 246 242 199 198 200 
6 4170 4171 4167 3997 3998 4168 
6 5955 5954 5946 5825 5824 5953 
6 3328 3327 3326 3144 3145 3146 
6 5263 5262 5247 5115 5116 5120 
6 1978 1977 1974 1803 1802 1976 
6 3602 3603 3427 3420 3421 3601 
6 4157 4156 4022 3982 3981 3983 
6 6198 6197 6076 6075 6074 6081 
6 4317 4316 4149 4145 4148 4147 
6 5399 5400 5386 5252 5251 5397 
6 613 609 530 531 532 614 
7 561 562 499 486 484 485 560 
6 3861 3862 3856 3687 3686 3688 
6 944 943 920 841 842 945 
6 5107 5109 5108 4963 4961 4962 
6 3689 3688 3686 3510 3511 3512 
6 396 395 338 334 333 335 
6 2107 2108 2105 1930 1929 1931 
5 1125 1123 1122 1003 1002 
6 2444 2441 2249 2245 2246 2442 
6 2126 2127 2124 1946 1947 1970 
5 1876 1699 1698 1697 1875 
5 4924 4785 4774 4773 4775 
6 192 191 190 150 151 152 
6 3408 3407 3406 3224 3221 3220 
7 1318 1319 1316 1189 1190 1191 1210 
6 6424 6427 6425 6313 6312 6330 
6 3248 3247 3062 3061 3060 3246 
7 3977 3976 3978 3968 3804 3803 3805 
6 2531 2530 2505 2335 2336 2529 
6 6088 6089 6086 6083 5963 5962 
5 469 470 398 399 400 
6 209 205 166 168 167 207 
6 3456 3455 3275 3271 3272 3287 
7 219 218 216 177 176 175 178 
6 3113 3114 2929 2919 2920 2921 
6 4974 4975 4971 4823 4822 4972 
5 975 976 868 867 887 
6 3648 3649 3469 3467 3468 3473 
6 5705 5704 5572 5568 5569 5574 
6 5255 5259 5258 5136 5111 5112 
6 5420 5421 5415 5276 5277 5278 
6 2160 2159 1983 1981 1982 2158 
6 4128 4127 4123 3955 3958 4126 
6 3075 3237 3235 3053 3052 3073 
7 1995 1996 1823 1820 1822 1821 1829 
6 1955 1960 1958 1784 1785 1944 
6 3060 3061 2869 2866 2867 3058 
5 11 12 6 5 4 
5 3416 3233 3232 3231 3415 
6 5569 5568 5432 5430 5429 5437 
6 3852 3854 3853 3832 3679 3678 
6 6442 6444 6440 6424 6330 6331 
6 4682 4683 4676 4524 4523 4525 
5 1296 1294 1165 1166 1291 
7 2706 2707 2514 2504 2503 2502 2507 
6 2915 2918 2917 2724 2718 2719 
5 1141 1142 1021 1020 1025 
5 36 35 32 18 34 
6 5824 5825 5816 5693 5692 5822 
6 5283 5285 5286 5274 5139 5138 
6 1921 1922 1748 1746 1747 1919 
5 1383 1249 1248 1247 1382 
6 1888 1887 1885 1712 1713 1883 
6 3091 3092 2898 2897 2896 3089 
6 528 527 465 449 450 452 
6 3451 3452 3450 3268 3267 3269 
6 3619 3616 3585 3435 3436 3439 
6 4179 4177 4174 4005 4011 4178 
7 5830 5952 5953 5824 5822 5821 5823 
6 1945 1944 1785 1768 1767 1770 
6 1982 1981 1809 1808 1807 1979 
5 1530 1383 1382 1381 1529 
6 3447 3448 3446 3264 3265 3274 
6 1288 1289 1159 1156 1157 1286 
7 5704 5709 5708 5706 5573 5571 5572 
6 832 831 738 736 737 741 
6 1903 1905 1906 1733 1730 1731 
6 4691 4692 4652 4535 4534 4536 
6 4485 4474 4320 4321 4478 4484 
6 1424 1423 1290 1289 1288 1422 
6 4303 4304 4302 4132 4144 4150 
7 1073 1072 1070 960 961 962 969 
6 5946 5947 5820 5815 5816 5825 
6 4343 4342 4339 4171 4170 4341 
6 2330 2333 2334 2151 2149 2150 
6 1758 1759 1592 1590 1591 1596 
6 289 288 249 235 234 237 
5 494 448 423 424 493 
6 6324 6325 6322 6207 6206 6208 
6 604 602 523 524 526 605 
6 3954 3953 3787 3780 3779 3952 
5 6096 6095 6090 5970 5971 
6 390 387 328 327 326 388 
6 641 642 561 560 559 635 
5 32 31 20 17 18 
6 1008 1009 904 899 898 1005 
6 3785 3783 3777 3609 3608 3786 
7 1419 1421 1422 1288 1286 1285 1287 
7 738 739 656 649 651 650 736 
6 5535 5536 5398 5395 5396 5408 
5 539 540 462 463 536 
6 742 743 734 654 655 733 
5 3147 3146 3145 2956 2957 
6 4012 4010 3837 3838 3836 3839 
6 1541 1540 1397 1393 1394 1533 
5 722 723 638 634 660 
6 483 485 484 414 412 479 
5 458 392 387 390 457 
5 232 231 230 186 227 
6 3841 3840 3665 3663 3664 3834 
6 1535 1534 1389 1387 1431 1434 
6 1950 1943 1774 1773 1777 1951 
5 4985 4984 4836 4830 4831 
6 413 418 417 353 352 351 
6 360 361 356 300 301 302 
5 405 401 341 340 403 
6 64 51 41 40 47 63 
5 754 755 665 675 752 
6 1973 1972 1964 1797 1796 1798 
4 1218 1219 1092 1216 
5 3244 3243 3059 3056 3239 
7 3656 3659 3658 3484 3479 3478 3477 
6 686 684 599 600 678 687 
6 4169 4168 3998 3996 3995 4163 
6 5388 5245 5239 5240 5382 5387 
7 4330 4333 4195 4193 4156 4157 4158 
7 426 425 421 361 360 362 420 
6 2467 2466 2272 2270 2271 2461 
6 5678 5809 5810 5680 5676 5677 
6 4356 4355 4191 4183 4182 4353 
6 1400 1278 1267 1266 1269 1399 
6 2354 2544 2546 2351 2348 2349 
6 938 939 931 838 837 928 
6 3824 3826 3651 3649 3648 3654 
5 625 624 542 543 610 
6 379 376 375 317 318 378 
6 842 841 818 746 749 843 
6 4834 4833 4828 4677 4676 4683 
5 5706 5707 5679 5570 5573 
5 6215 6214 6211 6095 6096 
6 3442 3443 3422 3260 3259 3261 
6 108 87 85 77 78 107 
7 1183 1182 1181 1064 1063 1062 1078 
6 3145 3144 3142 2954 2955 2956 
6 4196 4197 4027 4024 4025 4194 
6 4123 4122 3954 3952 3951 3955 
6 2102 2101 1923 1922 1921 2095 
6 1107 1106 988 986 985 1017 
7 3468 3467 3286 3284 3285 3283 3290 
7 2646 2645 2642 2444 2442 2443 2445 
5 973 972 970 866 971 
6 3500 3657 3656 3477 3476 3475 
7 3081 3080 3078 2885 2886 2887 2892 
6 314 313 256 257 258 261 
6 3679 3832 3831 3659 3656 3657 
6 3483 3482 3471 3301 3300 3480 
6 2555 2554 2552 2357 2358 2360 
5 5142 5143 5000 4998 5141 
6 1066 1065 1059 956 957 1060 
6 3050 3051 2861 2856 2857 2859 
6 737 736 650 648 647 652 
6 4306 4307 4275 4137 4135 4136 
6 1708 1709 1545 1540 1541 1701 
6 225 223 182 181 203 220 
6 2717 2719 2718 2522 2516 2536 
5 1832 1831 1830 1659 1660 
5 2692 2694 2693 2549 2553 
5 519 520 517 442 515 
6 238 239 236 191 192 193 
6 1325 1324 1198 1197 1196 1323 
6 2535 2536 2516 2339 2338 2341 
5 1215 1214 1213 1090 1091 
6 408 409 348 345 344 343 
6 3855 3857 3858 3684 3682 3683 
6 478 479 412 409 408 407 
7 4840 4842 4843 4690 4686 4687 4688 
6 102 103 75 74 73 88 
5 1174 1175 1054 1055 1057 
6 331 330 324 273 272 275 
5 3241 3242 3237 3075 3240 
6 480 481 476 410 411 430 
6 1334 1335 1330 1206 1207 1332 
6 3635 3636 3634 3453 3454 3507 
6 1373 1374 1239 1238 1271 1279 
5 432 431 367 366 434 
6 1140 1138 1019 1018 1021 1142 
5 4339 4338 4166 4167 4171 
5 924 925 922 823 824 
5 2957 2956 2955 2760 2761 
6 1007 908 896 897 900 1006 
6 182 179 143 142 160 181 
7 3260 3240 3075 3073 3074 3076 3259 
6 2861 2860 2667 2662 2663 2856 
5 52 53 33 41 51 
7 4636 4635 4484 4478 4479 4477 4480 
5 109 107 78 79 80 
5 3691 3690 3689 3512 3513 
6 4181 4180 4009 4006 4007 4026 
6 538 533 464 461 462 540 
6 2640 2641 2446 2440 2439 2639 
6 1991 2164 2163 1987 1986 1985 
5 5077 5078 4931 4928 4929 
6 4953 4943 4802 4801 4803 4954 
6 585 581 507 508 509 584 
6 5692 5693 5683 5557 5556 5689 
6 1432 1431 1387 1297 1298 1299 
5 5794 5663 5660 5659 5662 
6 521 522 456 443 444 446 
6 4685 4688 4687 4530 4531 4659 
6 4110 4109 3940 3939 3938 4107 
5 2291 2290 2108 2107 2111 
6 863 848 765 766 859 862 
6 4955 4954 4803 4804 4805 4957 
5 1252 1251 1127 1118 1121 
6 1207 1206 1202 1084 1085 1204 
6 1121 1118 1004 997 999 1120 
6 653 652 647 571 572 646 
6 321 322 319 266 265 267 
6 941 940 892 840 839 934 
6 352 353 355 291 294 295 
6 271 270 225 220 252 269 
6 4490 4488 4324 4323 4326 4489 
5 1275 1273 1145 1146 1276 
5 1652 1651 1648 1644 1491 
7 2559 2756 2757 2753 2557 2556 2558 
6 3972 3973 3802 3800 3801 3971 
6 1160 1161 1044 1039 1038 1045 
5 4014 4013 4012 3839 3848 
7 1021 1018 911 910 912 915 1020 
6 3120 3122 3121 2931 2929 3114 
6 4680 4684 4682 4525 4526 4527 
6 1147 1144 1026 1027 1135 1148 
6 2246 2245 2068 2063 2064 2244 
6 824 823 820 728 729 821 
6 3981 3982 3850 3808 3807 3810 
6 1012 1011 902 903 904 1009 
5 307 306 305 251 308 
6 912 910 809 810 811 814 
6 99 100 90 72 71 84 
6 1180 1066 1060 1061 1064 1181 
5 369 368 307 308 309 
7 1799 1798 1796 1631 1632 1630 1637 
6 920 919 822 817 818 841 
6 5279 5278 5277 5130 5129 5133 
6 1568 1569 1420 1418 1417 1565 
6 1079 1078 1062 967 968 1077 
7 4146 4147 4148 3976 3977 3979 3980 
6 1562 1564 1563 1416 1414 1436 
7 4108 4107 3938 3937 3936 3965 4106 
5 2053 2051 1872 1873 2050 
5 4925 4924 4775 4779 4783 
6 1426 1425 1296 1291 1290 1423 
6 6080 6079 5955 5953 5952 5959 
6 3762 3586 3584 3585 3616 3763 
6 4476 4475 4468 4309 4320 4474 
6 4620 4621 4465 4462 4463 4466 
6 424 423 377 359 358 422 
6 4529 4528 4368 4364 4365 4366 
6 1038 1039 936 930 931 939 
5 978 870 869 868 976 
6 3611 3610 3429 3428 3427 3603 
6 1623 1627 1626 1478 1477 1476 
6 1918 1919 1747 1745 1744 1917 
6 3431 3432 3249 3247 3248 3430 
5 5411 5409 5266 5267 5410 
6 911 909 875 808 809 910 
6 4173 4172 4162 4000 3999 4004 
5 338 339 280 279 334 
6 667 666 658 582 583 663 
6 496 495 492 425 426 490 
5 1282 1283 1151 1172 1280 
6 2936 2937 2914 2739 2738 2741 
6 3321 3322 3141 3138 3139 3320 
6 5286 5418 5419 5281 5275 5274 
5 5095 5085 4947 4950 5094 
6 160 142 123 122 124 161 
6 5568 5572 5571 5434 5433 5432 
6 3280 3279 3097 3094 3093 3278 
6 1599 1600 1598 1451 1450 1471 
6 4144 4132 4130 3975 3974 4143 
6 4029 4031 4030 3860 3858 3857 
6 5145 5253 5254 5109 5107 5106 
5 2634 2433 2432 2431 2447 
5 438 437 371 372 439 
6 4802 4792 4647 4646 4648 4801 
6 2276 2275 2102 2095 2096 2274 
6 5402 5403 5259 5255 5257 5256 
6 4478 4321 4314 4312 4313 4479 
5 650 651 570 569 648 
6 5128 5123 5121 4981 4980 4983 
6 4798 4797 4786 4643 4645 4796 
6 1788 1787 1786 1619 1618 1628 
6 2690 2691 2687 2490 2491 2499 
6 1591 1590 1447 1443 1442 1454 
6 2509 2510 2508 2314 2315 2319 
6 2715 2716 2697 2515 2514 2707 
6 886 887 867 782 783 784 
6 5832 5834 5833 5826 5702 5703 
6 384 385 383 323 324 330 
5 4377 4376 4375 4207 4208 
6 5560 5561 5554 5421 5420 5422 
6 2365 2364 2362 2179 2180 2181 
6 2504 2320 2307 2308 2306 2503 
6 2638 2639 2439 2438 2437 2478 
6 3622 3624 3444 3443 3442 3441 
7 4311 4310 4140 4138 4139 4145 4149 
6 1608 1604 1460 1461 1459 1609 
6 4792 4793 4791 4639 4640 4647 
6 1969 1970 1947 1791 1792 1795 
5 3600 3601 3421 3419 3426 
6 4207 4375 4373 4205 4204 4206 
6 3968 3969 3798 3796 3797 3804 
7 4185 4184 4178 4011 4010 4012 4013 
5 5277 5276 5271 5128 5130 
6 3842 3843 3668 3666 3665 3840 
6 2934 3115 3116 2924 2923 2922 
7 5671 5670 5537 5536 5535 5548 5669 
6 2170 2349 2348 2165 2163 2164 
6 2049 2050 1873 1869 1897 2048 
6 2925 2926 2927 2732 2730 2729 
6 4848 4960 4959 4808 4807 4845 
6 2453 2447 2431 2254 2256 2452 
6 1425 1427 1429 1292 1294 1296 
5 2851 2853 2656 2653 2850 
7 1408 1405 1275 1276 1274 1277 1407 
7 2449 2448 2252 2251 2250 2249 2441 
6 358 359 316 299 298 357 
6 4652 4654 4653 4494 4493 4535 
6 3487 3489 3488 3307 3305 3306 
6 1311 1309 1186 1180 1181 1182 
6 3323 3454 3453 3451 3269 3270 
6 2907 2910 2909 2713 2712 2714 
5 446 444 376 379 445 
6 3033 3034 3035 2842 2838 3031 
7 6209 6208 6206 6089 6088 6087 6195 
6 4197 4199 4198 4181 4026 4027 
5 596 597 518 517 520 
5 2515 2493 2320 2504 2514 
6 5100 4958 4953 4954 4955 5101 
5 3484 3485 3304 3302 3479 
6 4497 4499 4500 4331 4332 4334 
6 756 757 747 666 667 753 
5 4759 4605 4604 4603 4629 
7 3769 3770 3592 3590 3591 3589 3767 
6 2670 2669 2473 2468 2665 2668 
6 1952 1951 1777 1776 1775 1949 
6 1702 1701 1541 1533 1532 1538 
6 795 796 707 700 701 792 
6 1528 1529 1381 1379 1380 1526 
5 1321 1320 1195 1192 1203 
6 645 646 572 564 563 574 
6 655 654 645 574 573 644 
6 4628 4629 4603 4470 4471 4473 
6 3651 3650 3638 3470 3469 3649 
6 2261 2262 2082 2079 2080 2104 
6 6090 6091 5968 5964 5965 5970 
6 2051 2052 1874 1871 1870 1872 
6 5545 5544 5426 5405 5404 5541 
6 1137 1134 1015 1016 1129 1136 
6 2484 2485 2483 2288 2287 2293 
6 4022 4023 3851 3849 3850 3982 
6 4352 4353 4182 4180 4181 4198 
6 1713 1712 1711 1544 1545 1709 
6 4020 4021 4014 3848 3846 3847 
7 2479 2478 2437 2281 2282 2283 2476 
6 1175 1173 1171 1053 1052 1054 
6 1578 1580 1579 1433 1430 1577 
6 1263 1262 1132 1131 1130 1133 
6 70 63 47 48 68 69 
6 4142 4143 3974 3973 3972 4141 
6 4625 4624 4620 4466 4467 4469 
6 1545 1544 1542 1398 1397 1540 
5 467 441 398 470 468 
6 3664 3663 3486 3485 3484 3658 
6 2317 2319 2315 2136 2137 2135 
6 1750 1751 1703 1583 1582 1749 
6 5556 5557 5546 5416 5417 5553 
6 3474 3473 3468 3290 3291 3472 
5 5679 5678 5677 5543 5570 
6 2491 2490 2487 2294 2295 2301 
6 5806 5807 5674 5673 5672 5804 
6 1734 1740 1741 1571 1569 1568 
5 1087 1086 1083 974 1067 
7 1032 1033 1030 925 924 923 1028 
6 3662 3661 3652 3482 3483 3660 
6 3096 3095 3087 2900 2901 2903 
6 2460 2458 2263 2262 2261 2286 
6 5546 5547 5410 5407 5406 5416 
6 1819 1818 1817 1812 1648 1651 
6 347 346 342 286 287 304 
5 2106 2104 2080 1928 2105 
5 960 959 856 857 961 
6 3273 3274 3265 3088 3087 3095 
6 3667 3670 3669 3493 3491 3490 
5 628 593 546 627 629 
6 1885 1886 1714 1710 1711 1712 
6 256 255 206 205 209 257 
6 90 89 66 61 62 72 
6 1615 1614 1610 1467 1466 1464 
6 3103 3104 3086 2911 2912 3098 
5 2948 2947 2754 2753 2757 
6 3286 3287 3272 3104 3103 3284 
5 217 215 174 177 216 
6 5544 5565 5564 5428 5425 5426 
5 6437 6434 6323 6322 6325 
6 3819 3817 3641 3642 3646 3818 
6 3488 3490 3491 3309 3308 3307 
6 489 487 419 417 418 429 
6 3643 3644 3463 3460 3461 3637 
6 4299 4300 4293 4127 4128 4298 
6 4511 4512 4509 4346 4347 4349 
6 4139 4138 3970 3969 3968 3978 
6 803 802 709 708 707 796 
6 4971 4970 4956 4819 4818 4823 
7 2240 2239 2060 2057 2058 2059 2098 
6 5433 5434 5435 5293 5290 5291 
6 44 45 26 25 24 43 
6 1030 1031 927 921 922 925 
6 471 469 400 401 405 474 
6 4665 4664 4507 4505 4506 4661 
5 1093 978 976 975 996 
6 374 325 310 311 312 373 
6 6087 6088 5962 5960 5961 6072 
5 3071 3072 2877 2878 3068 
6 203 181 160 161 163 202 
6 119 118 115 86 85 87 
7 1417 1418 1284 1281 1283 1282 1415 
6 793 712 698 699 703 794 
5 3330 3329 3328 3146 3147 
7 949 948 946 846 844 845 852 
6 5396 5395 5249 5248 5247 5262 
6 2944 2943 2940 2746 2747 2750 
5 2546 2545 2540 2350 2351 
6 242 243 197 195 196 199 
6 2249 2250 2070 2067 2068 2245 
6 4810 4813 4812 4657 4655 4656 
5 75 76 53 52 74 
5 1762 1757 1595 1760 1761 
5 3836 3838 3662 3660 3673 
5 4784 4759 4629 4628 4631 
6 4293 4294 4125 4122 4123 4127 
6 5552 5553 5417 5412 5413 5414 
6 3072 3070 3065 2875 2876 2877 
6 3292 3294 3293 3109 3108 3129 
6 1200 1201 1183 1078 1079 1199 
7 465 466 402 395 396 397 449 
6 2256 2254 2231 2073 2075 2255 
6 326 327 271 269 310 325 
7 4471 4470 4442 4307 4306 4305 4308 
6 1718 1722 1554 1556 1555 1716 
6 1253 1254 1255 1124 1119 1167 
6 3074 3073 3052 2880 2879 2881 
6 4824 4825 4816 4668 4669 4670 
6 1435 1436 1414 1302 1301 1304 
6 3787 3788 3612 3610 3611 3780 
6 3851 3852 3678 3676 3677 3849 
6 3811 3812 3809 3636 3635 3685 
6 627 546 545 544 547 626 
6 3966 3967 3794 3791 3792 3964 
5 4297 4298 4128 4126 4131 
6 2930 2933 2932 2737 2734 2735 
7 1163 1162 1049 1042 1040 1041 1043 
6 550 548 471 474 473 551 
5 3797 3796 3623 3621 3628 
7 2672 2671 2480 2471 2470 2469 2474 
6 4818 4819 4806 4663 4662 4667 
6 1157 1156 1036 1034 1035 1153 
6 1554 1553 1408 1407 1410 1556 
6 1626 1625 1622 1474 1475 1478 
6 2480 2481 2477 2285 2284 2471 
5 4841 4840 4688 4685 4814 
6 268 267 265 218 219 221 
6 1150 1149 1032 1028 1029 1051 
6 2458 2459 2457 2265 2260 2263 
6 3956 3960 3959 3785 3786 3784 
6 5282 5280 5279 5133 5134 5135 
6 4651 4649 4492 4491 4504 4650 
6 2704 2705 2702 2500 2501 2699 
6 1881 1882 1705 1704 1703 1751 
6 2251 2072 2069 2071 2070 2250 
7 166 162 128 127 130 131 168 
6 294 291 292 239 238 241 
7 2335 2505 2506 2316 2309 2310 2311 
6 3425 3426 3419 3242 3241 3423 
6 1963 1962 1961 1790 1786 1787 
7 5126 5131 5132 4989 4984 4985 4986 
5 1822 1820 1656 1649 1650 
6 4966 4993 4992 4842 4840 4841 
5 111 110 109 80 112 
6 2547 2548 2355 2353 2352 2356 
6 4280 4281 4111 4109 4110 4277 
4 5529 5394 5389 5528 
6 3310 3312 3311 3299 3127 3128 
6 656 694 693 606 607 649 
6 2679 2676 2638 2478 2479 2677 
6 1429 1428 1300 1295 1293 1292 
6 2752 2751 2692 2553 2552 2554 
6 545 516 514 467 468 544 
6 3291 3290 3283 3106 3107 3289 
7 2886 2885 2883 2689 2688 2687 2691 
5 3866 3865 3864 3690 3691 
6 1810 1975 1976 1802 1801 1800 
6 6310 6315 6314 6209 6195 6196 
6 3975 4130 4129 3960 3956 3957 
6 2663 2662 2467 2461 2462 2659 
5 4696 4695 4694 4538 4539 
4 3048 2855 2854 3047 
5 5147 5146 5140 5001 5002 
7 96 95 69 68 67 66 89 
6 1314 1312 1185 1186 1309 1315 
6 2177 2178 2173 1999 2000 2001 
6 875 876 781 772 773 808 
6 2117 2116 2110 1937 1936 2112 
6 4324 4322 4315 4151 4152 4323 
5 4850 4849 4847 4695 4696 
6 2842 2841 2647 2644 2837 2838 
7 568 567 525 494 493 492 495 
6 1754 1755 1752 1586 1587 1588 
5 5663 5529 5528 5527 5660 
5 1447 1444 1314 1315 1443 
6 3795 3793 3763 3616 3619 3620 
5 2542 2543 2538 2346 2347 
6 3607 3606 3425 3423 3424 3604 
5 2845 2649 2648 2655 2657 
6 3118 3119 3105 2928 2927 2926 
6 725 724 641 635 636 639 
6 5384 5382 5240 5233 5234 5235 
5 6333 6332 6329 6214 6215 
6 658 657 579 575 576 582 
6 609 610 543 527 528 530 
6 3605 3604 3424 3422 3443 3444 
6 1592 1594 1446 1444 1447 1590 
6 4011 4005 4002 3835 3837 4010 
5 5795 5794 5662 5661 5675 
6 3222 3220 3221 3034 3033 3219 
5 6321 6316 6203 6202 6320 
6 4363 4361 4360 4192 4190 4188 
6 798 797 794 703 702 704 
6 6426 6428 6429 6326 6314 6315 
6 998 1000 890 889 891 893 
6 3958 3955 3951 3783 3785 3959 
6 2656 2654 2454 2455 2456 2653 
6 3406 3409 3226 3223 3225 3224 
6 3322 3324 3323 3270 3140 3141 
7 1536 1539 1538 1532 1392 1391 1390 
6 6312 6313 6311 6194 6193 6212 
5 2470 2471 2284 2275 2276 
6 1460 1454 1442 1326 1329 1461 
6 4305 4306 4136 4133 4134 4296 
6 484 486 429 418 413 414 
6 5805 5804 5672 5670 5671 5802 
6 2733 2735 2734 2533 2532 2720 
5 4487 4482 4322 4324 4488 
6 780 778 686 687 772 781 
6 412 414 413 351 348 409 
6 1130 1131 1012 1009 1008 1126 
6 3056 3059 3057 2865 2864 3054 
6 5419 5424 5423 5280 5282 5281 
5 56 55 36 34 37 
6 3076 3074 2881 2882 2884 3077 
6 556 555 482 481 480 502 
6 4822 4823 4818 4667 4666 4820 
6 5566 5694 5695 5563 5558 5559 
6 4662 4663 4650 4504 4503 4508 
6 5948 5951 5950 5819 5820 5947 
5 6441 6531 6427 6424 6440 
6 2696 2496 2492 2493 2515 2697 
5 2282 2281 2240 2098 2100 
6 363 362 360 302 303 349 
6 4648 4646 4490 4489 4492 4649 
6 2723 2722 2721 2519 2520 2521 
6 776 688 683 682 774 777 
6 592 591 519 515 514 516 
6 5943 5942 5940 5811 5812 5837 
6 965 966 864 863 862 964 
6 1455 1456 1325 1323 1322 1453 
6 890 888 791 785 786 889 
6 957 956 949 852 853 951 
6 4518 4521 4522 4362 4355 4356 
5 800 798 704 706 799 
6 1826 1827 1825 1653 1654 1655 
5 988 987 883 877 986 
6 1993 1994 1990 1818 1819 1824 
6 4501 4502 4340 4335 4336 4345 
6 4623 4622 4618 4464 4465 4621 
7 504 502 480 430 431 432 503 
7 4372 4371 4327 4200 4202 4201 4203 
6 1155 1154 1152 1033 1032 1149 
6 2338 2339 2328 2152 2153 2156 
6 3067 3068 2878 2872 2871 2874 
6 4483 4480 4477 4319 4318 4481 
6 1004 1005 898 895 894 997 
6 4776 4782 4781 4626 4627 4634 
6 2552 2553 2549 2547 2356 2357 
6 4968 4969 4821 4817 4816 4825 
6 3302 3304 3303 3122 3120 3297 
6 2065 2066 2062 1887 1888 2061 
5 537 535 459 460 534 
6 2069 1900 1893 1895 1894 2071 
6 1729 1731 1730 1564 1562 1585 
5 1190 1189 1188 1068 1069 
6 1127 1126 1008 1005 1004 1118 
6 5105 5104 5090 4958 5100 5103 
6 1894 1895 1721 1722 1718 1892 
6 1771 1772 1605 1602 1601 1611 
6 524 523 521 446 445 447 
6 922 921 825 819 820 823 
6 265 266 263 217 216 218 
6 4961 4963 4964 4813 4810 4811 
6 3509 3508 3502 3325 3326 3327 
6 159 158 156 121 120 145 
6 664 663 583 581 585 590 
7 2518 2517 2337 2329 2322 2321 2323 
6 4162 4163 3995 3989 3988 4000 
5 1939 1938 1764 1766 1940 
6 4642 4486 4485 4484 4635 4641 
6 4653 4656 4655 4496 4495 4494 
6 1472 1476 1477 1343 1342 1347 
6 1936 1937 1932 1762 1761 1934 
6 2454 2452 2256 2255 2257 2455 
6 1923 1924 1750 1749 1748 1922 
5 1816 1815 1805 1647 1814 
6 985 986 877 876 875 909 
6 4459 4461 4308 4305 4296 4295 
5 768 677 676 689 767 
6 94 65 64 63 70 93 
6 1209 1208 1205 1086 1087 1187 
6 421 422 358 357 356 361 
6 1463 1462 1452 1331 1330 1335 
6 3992 3990 3816 3817 3819 3993 
5 1582 1583 1535 1434 1581 
6 3305 3307 3308 3126 3123 3124 
6 2736 2922 2923 2727 2726 2725 
6 2263 2260 2083 2081 2082 2262 
6 3121 3124 3123 2933 2930 2931 
6 5294 5429 5430 5289 5287 5288 
6 3830 3829 3824 3654 3655 3828 
5 1219 1217 1215 1091 1092 
5 4948 4949 4798 4796 4800 
6 3666 3668 3667 3490 3488 3489 
6 2328 2326 2327 2144 2143 2152 
6 3806 3805 3803 3630 3629 3639 
6 3803 3804 3797 3628 3627 3630 
5 5295 5294 5288 5146 5147 
6 6074 6075 5948 5947 5946 5954 
6 845 844 751 748 747 757 
6 5687 5686 5684 5550 5551 5682 
6 1307 1305 1303 1176 1178 1179 
6 761 674 668 669 670 760 
6 3106 3283 3285 3101 3102 3100 
5 689 676 601 683 688 
6 3131 3132 3130 2938 2939 2942 
6 292 293 289 237 236 239 
5 962 961 857 858 865 
6 2366 2560 2559 2558 2364 2365 
5 683 601 595 681 682 
7 638 637 558 555 556 577 634 
5 4367 4366 4365 4195 4333 
6 1385 1386 1259 1251 1252 1257 
7 2173 2172 2171 2167 1994 1993 1999 
6 3252 3251 3218 3064 3065 3070 
6 1459 1461 1329 1327 1328 1458 
5 5383 5384 5235 5236 5238 
6 411 410 406 346 347 364 
6 3608 3609 3600 3426 3425 3606 
6 1178 1176 1174 1057 1056 1058 
7 2660 2661 2658 2459 2458 2460 2482 
7 542 541 472 466 465 527 543 
6 1792 1791 1769 1621 1622 1625 
7 3631 3674 3675 3499 3496 3497 3498 
6 2501 2500 2498 2303 2302 2494 
7 563 564 497 488 487 489 500 
6 827 828 742 733 732 826 
6 4987 4988 4982 4833 4834 4839 
6 4781 4780 4778 4624 4625 4626 
6 782 767 689 688 776 783 
6 454 453 451 385 384 394 
6 4002 4001 3830 3828 3827 3835 
6 298 299 259 244 245 296 
6 201 200 198 158 159 188 
6 4134 4133 3963 3962 3961 4124 
6 1598 1597 1468 1448 1449 1451 
6 4140 4141 3972 3971 3970 4138 
5 2942 2939 2744 2745 2941 
5 2658 2659 2462 2457 2459 
6 4477 4479 4313 4310 4311 4319 
6 2257 2255 2075 2074 2077 2259 
6 365 364 347 304 305 306 
5 1188 1187 1087 1067 1068 
5 855 854 764 758 759 
5 3 4 5 1 2 
6 4799 4800 4796 4645 4644 4795 
5 1747 1746 1580 1578 1745 
6 659 660 634 577 578 580 
7 6210 6213 6212 6193 6092 6093 6094 
6 1907 1909 1910 1740 1734 1735 
6 1389 1388 1254 1253 1297 1387 
6 2753 2754 2752 2554 2555 2557 
6 497 498 491 428 427 488 
6 6082 6081 6074 5954 5955 6079 
5 4315 4317 4147 4146 4151 
6 2348 2351 2350 2343 2166 2165 
6 3961 3962 3789 3788 3787 3953 
5 1064 1061 954 955 1063 
7 4832 4831 4830 4678 4674 4675 4689 
6 2466 2465 2463 2269 2268 2272 
6 1410 1407 1277 1278 1400 1409 
5 5711 5710 5705 5574 5575 
6 834 833 744 739 738 831 
6 1062 1063 955 952 953 967 
6 3998 3997 3994 3823 3822 3996 
5 1350 1349 1346 1220 1351 
6 1725 1723 1558 1559 1560 1726 
6 3435 3402 3251 3252 3257 3436 
7 4812 4815 4814 4685 4659 4658 4657 
5 149 148 111 112 113 
6 5237 5238 5236 5091 5090 5104 
6 3062 3063 2873 2868 2869 3061 
6 3440 3441 3442 3261 3258 3262 
6 431 430 411 364 365 367 
6 5672 5673 5539 5538 5537 5670 
6 1135 1027 1013 1014 1015 1134 
6 310 269 252 253 254 311 
6 1552 1551 1406 1405 1408 1553 
6 4187 4186 4185 4013 4014 4021 
6 2248 2247 2243 2066 2065 2241 
6 2272 2268 2091 2090 2092 2270 
6 73 74 52 51 64 65 
5 2525 2524 2332 2329 2337 
7 5523 5524 5387 5382 5384 5383 5385 
7 2075 2073 2048 1897 1896 1898 2074 
5 4843 4844 4832 4689 4690 
6 3066 3069 3067 2874 2873 3063 
5 3272 3271 3090 3086 3104 
6 194 193 192 152 153 183 
6 241 238 193 194 228 240 
6 129 132 98 95 96 126 
7 4532 4533 4515 4370 4369 4368 4528 
5 950 951 853 847 851 
6 3110 3112 3113 2921 2917 2918 
6 1817 1985 1986 1813 1811 1812 
6 2901 2900 2893 2703 2702 2705 
6 1404 1279 1271 1270 1272 1403 
6 4942 4939 4790 4791 4793 4941 
6 2890 2945 2944 2750 2749 2748 
6 1457 1458 1328 1324 1325 1456 
6 6311 6310 6196 6191 6192 6194 
6 1893 1728 1719 1720 1721 1895 
6 1406 1403 1272 1273 1275 1405 
6 3807 3808 3674 3631 3632 3633 
6 4336 4335 4169 4163 4162 4172 
6 2847 2848 2652 2651 2650 2840 
6 5427 5559 5558 5424 5419 5418 
7 4674 4678 4679 4521 4518 4519 4520 
5 6439 6438 6327 6326 6429 
6 1612 1613 1615 1464 1465 1469 
6 898 899 803 796 795 895 
7 963 964 862 859 860 861 958 
6 450 449 397 381 380 382 
5 6316 6199 6197 6198 6203 
6 1381 1382 1247 1246 1245 1379 
5 4318 4319 4311 4149 4316 
6 3963 3964 3792 3790 3789 3962 
5 397 396 335 336 381 
5 263 264 226 215 217 
5 2649 2634 2447 2453 2648 
5 4964 4965 4815 4812 4813 
6 2121 2122 1939 1940 1942 2120 
6 2928 2913 2906 2731 2732 2927 
6 1695 1696 1527 1525 1524 1693 
6 2142 2141 2139 1962 1963 1965 
6 234 235 201 188 187 189 
6 2283 2282 2100 2099 2103 2280 
6 3434 3433 3254 3250 3249 3432 
5 6076 6077 5951 5948 6075 
5 2105 1928 1927 1926 1930 
7 146 145 120 108 107 109 110 
6 5265 5264 5119 5118 5117 5260 
6 4790 4789 4638 4637 4639 4791 
6 2327 2325 2324 2141 2142 2144 
6 2100 2098 2059 1920 1925 2099 
6 3414 3415 3231 3229 3230 3410 
6 1015 1014 907 908 1007 1016 
6 2527 2528 2529 2336 2334 2333 
6 1737 1738 1736 1574 1567 1572 
7 1342 1343 1344 1340 1214 1215 1217 
6 301 300 297 246 247 248 
5 499 500 489 429 486 
6 690 691 608 603 602 604 
6 3864 3863 3861 3688 3689 3690 
5 968 967 953 864 966 
6 3801 3800 3782 3626 3625 3799 
6 5292 5401 5402 5256 5254 5253 
6 959 958 861 854 855 856 
6 5691 5690 5688 5555 5554 5561 
6 1789 1793 1794 1627 1623 1624 
5 30 21 16 28 29 
5 1806 1804 1642 1639 1640 
6 1622 1621 1599 1471 1470 1474 
6 3084 3085 3082 2945 2890 2891 
6 316 315 262 260 259 299 
5 5570 5543 5542 5431 5436 
6 1271 1238 1139 1138 1140 1270 
6 4928 4931 4927 4780 4781 4782 
6 5234 5233 5093 5087 5086 5089 
6 4998 5000 4999 4960 4848 4996 
6 3036 3037 2847 2840 2839 2843 
5 1889 1890 1717 1714 1886 
5 3771 3596 3593 3592 3770 
6 607 606 605 526 525 567 
6 3505 3506 3507 3454 3323 3324 
6 3497 3496 3318 3314 3313 3316 
7 3140 3270 3269 3267 3085 3084 3083 
6 2493 2492 2299 2296 2307 2320 
6 130 127 92 94 93 97 
6 1603 1596 1591 1454 1460 1604 
6 2932 2935 2934 2922 2736 2737 
6 902 901 800 799 801 903 
5 5076 5077 4929 4926 4938 
6 2364 2558 2556 2361 2363 2362 
6 1483 1482 1479 1349 1350 1484 
6 2130 2118 1950 1951 1952 2129 
6 2462 2461 2271 2264 2265 2457 
6 4803 4801 4648 4649 4651 4804 
6 1285 1286 1157 1153 1152 1154 
6 4830 4836 4835 4681 4679 4678 
6 1570 1572 1567 1424 1422 1421 
5 789 790 788 695 745 
6 6550 6548 6444 6442 6443 6445 
6 729 728 725 639 640 726 
6 1056 1057 1055 947 946 948 
6 3645 3647 3465 3462 3463 3644 
6 535 536 463 458 457 459 
5 4539 4538 4537 4376 4377 
6 1290 1291 1166 1158 1159 1289 
5 4348 4349 4347 4177 4179 
6 701 700 618 612 611 697 
6 1780 1781 1782 1613 1612 1616 
5 885 886 784 880 884 
7 448 447 445 379 378 377 423 
6 117 101 99 84 83 116 
6 273 268 221 222 224 272 
6 4647 4640 4487 4488 4490 4646 
7 3230 3229 3044 3042 3043 3223 3226 
6 3257 3252 3070 3072 3071 3255 
6 6077 6078 6064 5949 5950 5951 
6 3295 3297 3120 3114 3113 3112 
6 6211 6210 6094 6091 6090 6095 
5 5430 5432 5433 5291 5289 
6 4495 4496 4497 4334 4329 4328 
6 3057 3058 2867 2863 2862 2865 
6 707 708 619 617 618 700 
5 4675 4674 4520 4515 4533 
7 3281 3282 3273 3095 3096 3097 3279 
6 1916 1917 1744 1742 1743 1908 
6 1958 1957 1956 1781 1780 1784 
6 2132 2131 2128 1954 1953 1959 
6 1901 1899 1727 1728 1893 1900 
6 312 311 254 255 256 313 
6 4514 4513 4511 4349 4348 4350 
6 1430 1433 1432 1299 1300 1428 
6 5526 5525 5523 5385 5386 5400 
5 245 244 211 197 243 
6 1283 1281 1155 1149 1150 1151 
6 1697 1698 1528 1526 1527 1696 
6 2475 2474 2469 2278 2279 2472 
5 4175 4173 4004 4003 4176 
6 670 669 586 587 588 671 
5 2167 2168 1992 1990 1994 
6 2949 2951 2950 2889 2755 2946 
6 881 879 779 778 780 882 
6 5571 5573 5570 5436 5435 5434 
6 1797 1788 1628 1629 1631 1796 
6 98 97 93 70 69 95 
6 3809 3810 3807 3633 3634 3636 
5 285 284 231 232 282 
7 3300 3301 3288 3119 3118 3117 3298 
6 879 878 777 774 775 779 
6 4690 4689 4675 4533 4532 4686 
6 3621 3623 3622 3441 3440 3445 
6 740 741 737 652 653 735 
6 42 43 24 22 23 39 
6 1277 1274 1147 1148 1267 1278 
6 82 81 57 55 56 59 
6 1548 1549 1546 1401 1402 1543 
7 208 207 167 165 164 170 173 
6 135 133 125 100 99 101 
6 2091 2086 1912 1911 1913 2090 
6 732 733 655 644 643 731 
6 6192 6191 6073 6069 6068 6071 
7 750 749 746 722 660 659 661 
6 762 760 670 671 672 763 
5 491 490 426 420 428 
6 2538 2537 2535 2341 2340 2346 
6 3965 3936 3793 3795 3794 3967 
6 1416 1415 1282 1280 1302 1414 
6 4807 4808 4809 4654 4652 4692 
6 2139 2140 2138 1967 1961 1962 
7 1446 1445 1440 1313 1312 1314 1444 
7 713 710 623 624 625 698 712 
6 4846 4845 4807 4692 4691 4693 
6 377 378 318 315 316 359 
6 1767 1768 1617 1597 1598 1600 
6 4984 4989 4990 4837 4835 4836 
6 2678 2677 2479 2476 2477 2481 
6 350 349 303 288 289 293 
6 4778 4777 4623 4621 4620 4624 
6 83 84 71 58 57 81 
6 2871 2872 2680 2671 2672 2675 
6 791 792 701 697 696 785 
7 1757 1756 1754 1588 1589 1593 1595 
6 1205 1204 1085 1082 1083 1086 
6 5810 5813 5814 5701 5681 5680 
6 883 882 780 781 876 877 
6 4320 4309 4303 4150 4314 4321 
5 3411 3410 3230 3226 3409 
6 4202 4200 4154 4032 4030 4031 
5 2182 2181 2180 2004 2005 
6 4973 4972 4822 4820 4821 4969 
6 3989 3821 3813 3814 3825 3988 
6 4006 4009 4008 3841 3834 3833 
7 1465 1464 1466 1334 1332 1333 1336 
6 3223 3043 3037 3036 3038 3225 
6 1929 1930 1926 1755 1754 1756 
6 50 49 38 31 32 35 
6 436 435 433 370 371 437 
6 1114 1113 994 992 1111 1112 
6 258 257 209 207 208 214 
6 210 212 173 170 172 171 
6 4165 4153 3991 3990 3992 4164 
6 2530 2708 2709 2512 2506 2505 
6 2920 2919 2733 2720 2721 2722 
6 2322 2329 2332 2331 2147 2148 
6 675 665 664 590 668 674 
6 1620 1624 1623 1476 1472 1473 
6 1194 1193 1074 1071 1070 1072 
6 1177 1179 1178 1058 1059 1065 
4 6532 6439 6429 6428 
6 2110 2111 2107 1931 1932 1937 
6 1760 1595 1593 1594 1592 1759 
6 5827 5828 5699 5696 5697 5698 
7 1746 1748 1749 1582 1581 1579 1580 
5 578 577 556 502 504 
7 1303 1304 1301 1173 1175 1174 1176 
6 319 320 277 264 263 266 
7 2524 2526 2527 2333 2330 2331 2332 
6 3665 3666 3489 3487 3486 3663 
6 2307 2296 2119 2122 2121 2308 
5 764 763 672 673 758 
6 1172 1151 1150 1051 1053 1171 
6 2561 2759 2758 2756 2559 2560 
5 5971 5970 5965 5841 5842 
6 1752 1753 1729 1585 1584 1586 
5 1654 1653 1652 1491 1492 
6 3466 3459 3457 3282 3281 3464 
6 1329 1326 1310 1201 1200 1327 
7 3090 3089 2896 2895 2894 2911 3086 
5 228 194 183 184 229 
6 2473 2472 2279 2277 2464 2468 
6 5684 5685 5669 5548 5549 5550 
6 1714 1717 1715 1549 1548 1710 
6 2443 2442 2246 2244 2243 2247 
5 6206 6207 6205 6086 6089 
5 6446 6445 6443 6332 6333 
5 1707 1706 1702 1538 1539 
6 3789 3790 3615 3613 3612 3788 
7 715 717 629 627 626 630 716 
6 2857 2856 2663 2659 2658 2661 
6 3263 3262 3258 3079 3078 3080 
6 2096 2095 1921 1919 1918 2093 
6 6329 6328 6213 6210 6211 6214 
6 1452 1453 1322 1320 1321 1331 
5 2336 2335 2311 2151 2334 
6 1534 1537 1536 1390 1388 1389 
6 2439 2440 2248 2241 2242 2438 
7 505 503 432 434 433 435 501 
5 558 557 553 482 555 
6 1239 1242 1241 1108 1139 1238 
6 2175 2174 1997 1996 1995 2002 
6 5816 5815 5687 5682 5683 5693 
6 5398 5397 5251 5250 5249 5395 
6 1823 1828 1826 1655 1656 1820 
5 1164 1163 1043 1044 1161 
6 621 615 538 540 539 620 
7 4166 4164 3992 3993 3994 3997 4167 
6 1159 1158 1046 1037 1036 1156 
6 730 731 643 642 641 724 
6 1542 1543 1402 1395 1396 1398 
7 3046 3047 2854 2852 2853 2851 3045 
6 5697 5696 5691 5561 5560 5562 
6 3634 3633 3632 3452 3451 3453 
7 868 869 769 768 767 782 867 
6 2464 2277 2267 2266 2269 2463 
7 2302 2303 2301 2295 2116 2117 2298 
6 4809 4811 4810 4656 4653 4654 
6 492 493 424 422 421 425 
6 4982 4983 4980 4829 4828 4833 
7 2898 2899 2704 2699 2700 2701 2897 
5 1477 1478 1475 1344 1343 
6 5838 5837 5812 5707 5706 5708 
6 4190 4192 4187 4021 4020 4019 
6 1394 1393 1265 1260 1259 1386 
6 5240 5239 5099 5092 5093 5233 
6 3492 3494 3495 3481 3311 3312 
6 4204 4205 4203 4201 4033 4034 
5 8 9 3 2 7 
5 2749 2750 2747 2551 2550 
6 2879 2880 2858 2683 2682 2684 
6 5143 5144 5145 5106 4999 5000 
5 131 130 97 98 132 
6 6425 6426 6315 6310 6311 6313 
6 4327 4328 4329 4161 4154 4200 
6 1617 1616 1612 1469 1468 1597 
6 3424 3423 3241 3240 3260 3422 
6 1558 1557 1522 1411 1412 1559 
5 2321 2322 2148 2138 2140 
6 5839 5840 5838 5708 5709 5835 
6 2344 2345 2162 2159 2160 2342 
5 27 28 16 15 14 
6 1986 1987 1988 1816 1814 1813 
6 2094 2093 1918 1917 1916 2085 
6 5116 5115 5102 4970 4971 4975 
6 1109 1110 991 987 988 1106 
6 262 261 258 214 213 260 
5 4515 4520 4519 4354 4370 
6 774 682 681 680 685 775 
6 3615 3614 3434 3432 3431 3613 
7 851 847 756 753 755 754 849 
6 71 72 62 49 50 58 
6 3858 3860 3859 3811 3685 3684 
5 3064 3032 2870 2875 3065 
6 2888 2891 2890 2748 2693 2694 
6 4111 4112 3942 3941 3940 4109 
5 2292 2293 2287 2109 2289 
6 5102 5101 4955 4957 4956 4970 
6 2869 2868 2673 2669 2670 2866 
6 2000 1999 1993 1824 1825 1827 
6 778 779 775 685 684 686 
6 4679 4681 4680 4527 4522 4521 
6 2128 2129 1952 1949 1948 1954 
6 839 840 789 745 744 833 
6 125 126 96 89 90 100 
6 143 141 137 106 123 142 
6 3481 3480 3300 3298 3299 3311 
6 931 930 836 830 829 838 
6 1527 1526 1380 1377 1378 1525 
6 356 357 298 296 297 300 
6 5968 5969 5967 5840 5839 5964 
6 1704 1705 1707 1539 1536 1537 
6 5139 5274 5275 5131 5126 5127 
6 3589 3591 3407 3408 3405 3588 
6 164 165 129 126 125 133 
6 2469 2470 2276 2274 2273 2278 
6 2290 2289 2109 2106 2105 2108 
6 5108 5110 4967 4965 4964 4963 
6 1897 1869 1724 1723 1725 1896 
5 184 183 153 144 185 
6 5258 5284 5283 5138 5137 5136 
6 1953 1954 1948 1779 1778 1783 
6 2271 2270 2092 2088 2089 2264 
4 1821 1822 1650 1657 
5 2837 2644 2641 2640 2835 
6 3285 3284 3103 3098 3099 3101 
6 3235 3236 3055 3051 3050 3053 
5 770 771 677 768 769 
6 1532 1533 1394 1386 1385 1392 
7 1259 1260 1133 1130 1126 1127 1251 
7 955 954 950 851 849 850 952 
6 5112 5111 4993 4966 4967 5110 
6 1267 1148 1135 1134 1137 1266 
5 6189 6066 6065 6064 6078 
6 1450 1451 1449 1319 1318 1339 
6 2258 2259 2077 2076 2078 2253 
6 5245 5246 5243 5098 5099 5239 
6 4332 4331 4330 4158 4155 4159 
7 685 680 598 597 596 599 684 
6 2878 2877 2876 2681 2680 2872 
5 2512 2513 2318 2316 2506 
7 2316 2318 2317 2135 2134 2133 2309 
6 616 614 532 533 538 615 
6 1196 1197 1076 1075 1074 1193 
6 3427 3428 3245 3243 3244 3420 
5 153 152 151 114 144 
6 3814 3813 3643 3637 3638 3650 
6 3682 3684 3685 3635 3507 3506 
6 2119 2115 1941 1938 1939 2122 
6 1576 1575 1427 1425 1426 1573 
5 672 671 588 589 673 
6 1010 1006 900 901 902 1011 
6 5936 5937 5806 5804 5805 5934 
6 1575 1577 1430 1428 1429 1427 
5 1466 1467 1463 1335 1334 
6 1053 1051 1029 943 944 1052 
6 4828 4829 4827 4673 4672 4677 
5 1699 1530 1529 1528 1698 
5 1117 1093 996 995 1116 
6 1966 1971 1969 1795 1794 1793 
5 230 229 184 185 186 
6 4460 4459 4295 4294 4293 4300 
6 3936 3937 3764 3762 3763 3793 
6 3984 3983 3981 3810 3809 3812 
5 5249 5250 5105 5103 5248 
6 5125 5124 5114 4977 4978 5122 
6 3837 3835 3827 3661 3662 3838 
6 5548 5535 5408 5409 5411 5549 
6 4156 4193 4194 4025 4023 4022 
7 1744 1745 1578 1577 1575 1576 1742 
6 1479 1480 1348 1345 1346 1349 
6 4015 4019 4020 3847 3844 3845 
6 4137 4106 3965 3967 3966 4135 
6 6070 6071 6068 5942 5943 5966 
6 1560 1559 1412 1413 1550 1561 
6 1831 2003 2002 1995 1829 1830 
6 4344 4345 4336 4172 4173 4175 
6 1741 1739 1737 1572 1570 1571 
5 60 59 56 37 54 
6 5272 5273 5261 5124 5125 5268 
7 24 25 13 12 11 10 22 
6 4526 4525 4523 4359 4360 4361 
7 4347 4346 4344 4175 4176 4174 4177 
6 2912 2911 2894 2716 2715 2904 
6 4023 4025 4024 3854 3852 3851 
6 3138 3141 3140 3083 2950 2951 
5 1310 1311 1182 1183 1201 
7 2873 2874 2871 2675 2674 2673 2868 
6 3942 3943 3769 3767 3768 3941 
6 1391 1392 1385 1257 1256 1258 
5 2146 2145 1971 1966 1968 
6 923 924 824 821 822 919 
6 583 582 576 506 507 581 
6 195 169 155 154 157 196 
6 170 164 133 135 136 172 
6 5940 5941 5813 5810 5809 5811 
6 2917 2921 2920 2722 2723 2724 
6 3449 3498 3497 3316 3315 3317 
6 4522 4527 4526 4361 4363 4362 
6 1724 1694 1692 1557 1558 1723 
5 2243 2244 2064 2062 2066 
6 5409 5408 5396 5262 5263 5266 
6 3082 3135 3134 2943 2944 2945 
6 2556 2557 2555 2360 2359 2361 
6 1481 1473 1472 1347 1348 1480 
7 575 579 580 578 504 503 505 
6 1255 1258 1256 1123 1125 1124 
6 318 317 314 261 262 315 
7 2312 2313 2304 2130 2129 2128 2131 
6 2058 2057 1884 1878 1879 1880 
5 4154 4161 4160 3987 4032 
6 3592 3593 3414 3410 3411 3590 
6 836 835 832 741 740 830 
5 456 455 389 386 443 
7 3999 4000 3988 3825 3826 3824 3829 
6 5098 5096 4951 4952 5092 5099 
5 4373 4374 4372 4203 4205 
6 4672 4673 4671 4513 4514 4517 
6 3991 3980 3979 3815 3816 3990 
6 180 178 175 141 143 179 
6 5564 5567 5566 5559 5427 5428 
5 720 719 633 711 721 
6 4509 4510 4501 4345 4344 4346 
6 2359 2360 2358 2172 2173 2178 
5 5271 5270 5269 5123 5128 
6 406 407 408 343 342 346 
6 747 748 662 657 658 666 
6 861 860 762 763 764 854 
6 1380 1379 1245 1244 1243 1377 
5 2896 2897 2701 2698 2895 
6 5817 5818 5803 5685 5684 5686 
6 3461 3460 3277 3276 3275 3455 
6 57 58 50 35 36 55 
5 2156 2153 1977 1978 2155 
6 2431 2432 2233 2232 2231 2254 
6 5551 5550 5549 5411 5410 5547 
6 4182 4183 4016 4008 4009 4180 
6 3043 3042 2849 2848 2847 3037 
6 68 48 46 45 44 67 
7 1243 1244 1112 1111 1110 1109 1240 
6 236 237 234 189 190 191 
7 1272 1270 1140 1142 1141 1145 1273 
6 169 171 172 136 134 155 
6 3843 3845 3844 3670 3667 3668 
5 3233 3048 3047 3046 3232 
6 3123 3126 3125 2935 2932 2933 
5 1050 1048 942 1042 1049 
6 1139 1108 1107 1017 1019 1138 
5 2054 1876 1875 1874 2052 
5 5127 5126 4986 4979 4995 
6 1145 1141 1025 1024 1143 1146 
7 1001 1002 1003 998 893 892 940 
6 565 566 496 490 491 498 
7 4482 4481 4318 4316 4317 4315 4322 
6 1777 1773 1608 1609 1607 1776 
6 2540 2539 2344 2342 2343 2350 
6 2726 2727 2728 2528 2527 2526 
6 1115 1116 995 993 994 1113 
6 303 302 301 248 249 288 
5 3288 3289 3107 3105 3119 
6 668 590 585 584 586 669 
6 1790 1789 1624 1620 1619 1786 
7 2667 2666 2664 2465 2466 2467 2662 
6 3686 3687 3680 3508 3509 3510 
6 1874 1875 1697 1696 1695 1871 
6 351 352 295 290 345 348 
6 947 945 842 843 846 946 
6 2882 2881 2879 2684 2685 2686 
6 5821 5822 5692 5689 5688 5690 
6 3218 3219 3033 3031 3032 3064 
6 3319 3320 3139 3137 3136 3143 
6 5089 5086 4942 4941 4944 5088 
6 5290 5293 5292 5253 5145 5144 
6 1522 1523 1376 1374 1373 1411 
5 4282 4113 4112 4111 4281 
5 751 750 661 662 748 
6 2523 2521 2520 2325 2327 2326 
6 4603 4604 4444 4443 4442 4470 
5 121 119 87 108 120 
6 198 199 196 157 156 158 
6 4351 4350 4348 4179 4178 4184 
6 4500 4498 4367 4333 4330 4331 
6 1035 1034 929 926 927 1031 
6 2709 2714 2712 2511 2513 2512 
6 3766 3765 3587 3586 3762 3764 
6 892 893 891 790 789 840 
6 1170 1169 1168 1050 1049 1162 
6 2947 2946 2755 2751 2752 2754 
5 1974 1973 1798 1799 1803 
5 915 912 814 914 916 
5 2483 2482 2460 2286 2288 
7 5289 5291 5290 5144 5143 5142 5287 
6 2721 2720 2532 2517 2518 2519 
5 1245 1246 1114 1112 1244 
6 1601 1602 1455 1453 1452 1462 
7 3822 3823 3818 3646 3647 3645 3820 
6 2489 2488 2484 2293 2292 2486 
6 1785 1784 1780 1616 1617 1768 
6 1044 1043 1041 937 936 1039 
6 1152 1153 1035 1031 1030 1033 
6 2502 2503 2306 2305 2304 2313 
6 3221 3224 3225 3038 3035 3034 
6 6319 6320 6202 6201 6200 6204 
6 2352 2353 2169 2168 2167 2171 
6 1023 916 914 913 917 1022 
6 1910 1914 1915 1739 1741 1740 
5 5938 5808 5807 5806 5937 
6 1550 1413 1404 1403 1406 1551 
6 1769 1770 1767 1600 1599 1621 
6 2068 2067 1891 1890 1889 2063 
5 1555 1556 1410 1409 1547 
6 5111 5136 5137 4994 4992 4993 
6 3437 3439 3436 3257 3255 3256 
5 10 11 4 3 9 
6 5820 5819 5817 5686 5687 5815 
6 2353 2355 2354 2349 2170 2169 
6 3315 3316 3313 3132 3131 3133 
7 2340 2341 2338 2156 2155 2154 2161 
7 3816 3815 3806 3639 3640 3641 3817 
6 2297 2298 2117 2112 2113 2114 
6 6073 6072 5961 5944 5945 6069 
6 5132 5135 5134 4991 4990 4989 
6 3587 3588 3405 3404 3584 3586 
6 427 428 420 362 363 415 
6 2134 2135 2137 1957 1958 1960 
7 4035 4034 4033 4028 3862 3861 3863 
6 2701 2700 2497 2496 2696 2698 
6 1730 1733 1732 1566 1563 1564 
6 3476 3477 3478 3296 3293 3294 
6 5676 5680 5681 5565 5544 5545 
5 1997 1998 1828 1823 1996 
6 3591 3590 3411 3409 3406 3407 
6 2113 2112 1936 1934 1933 1935 
7 274 275 272 224 223 225 270 
6 4632 4633 4476 4474 4485 4486 
6 324 323 321 267 268 273 
5 970 969 962 865 866 
5 5078 4932 4930 4927 4931 
5 4472 4473 4471 4308 4461 
6 3471 3472 3291 3289 3288 3301 
6 4174 4176 4003 4001 4002 4005 
6 2358 2357 2356 2352 2171 2172 
6 1388 1390 1391 1258 1255 1254 
6 3951 3952 3779 3778 3777 3783 
6 4467 4466 4463 4301 4302 4304 
6 2718 2724 2723 2521 2523 2522 
6 5527 5528 5389 5388 5387 5524 
5 2498 2499 2491 2301 2303 
6 3640 3639 3629 3458 3457 3459 
5 1485 1484 1350 1351 1352 
6 3792 3791 3617 3614 3615 3790 
6 4003 4004 3999 3829 3830 4001 
7 3243 3245 3246 3060 3058 3057 3059 
6 904 903 801 802 803 899 
6 1013 918 906 905 907 1014 
5 4036 4035 3863 3864 3865 
6 5134 5133 5129 4988 4987 4991 
6 249 248 247 200 201 235 
5 5575 5574 5569 5437 5438 
7 4302 4301 4297 4131 4129 4130 4132 
5 147 146 110 111 148 
6 188 159 145 146 147 187 
6 1397 1398 1396 1264 1265 1393 
5 1648 1812 1811 1645 1644 
6 929 928 837 828 827 926 
6 4201 4202 4031 4029 4028 4033 
6 3099 3098 2912 2904 2905 2908 
6 2306 2308 2121 2120 2123 2305 
5 1420 1419 1287 1284 1418 
6 755 753 667 663 664 665 
6 569 570 568 495 496 566 
4 1660 1659 1658 1493 
6 3055 3054 2864 2860 2861 3051 
6 2123 2120 1942 1943 1950 2118 
6 1546 1547 1409 1400 1399 1401 
6 1964 1965 1963 1787 1788 1797 
6 1071 963 958 959 960 1070 
5 4038 4037 4036 3865 3866 
7 259 260 213 212 210 211 244 
6 2548 2550 2551 2544 2354 2355 
5 1376 1375 1242 1239 1374 
5 2252 2253 2078 2072 2251 
6 4329 4334 4332 4159 4160 4161 
6 1076 1077 968 966 965 1075 
6 651 649 607 567 568 570 
6 2168 2169 2170 2164 1991 1992 
6 4937 4938 4926 4787 4786 4797 
6 698 625 610 609 613 699 
6 6083 6085 5958 5957 5956 5963 
5 1633 1636 1635 1487 1490 
6 6322 6323 6319 6204 6205 6207 
5 593 592 516 545 546 
6 1800 1801 1638 1634 1635 1636 
6 723 727 726 640 637 638 
5 3974 3975 3957 3802 3973 
5 163 161 124 128 162 
6 3794 3795 3620 3618 3617 3791 
6 4368 4369 4199 4197 4196 4364 
6 1915 1913 1911 1738 1737 1739 
6 5543 5677 5676 5545 5541 5542 
6 2516 2522 2523 2326 2328 2339 
6 4189 4188 4190 4019 4015 4018 
6 115 116 83 81 82 86 
5 4956 4957 4805 4806 4819 
6 3403 3222 3219 3218 3251 3402 
6 4943 4944 4941 4793 4792 4802 
6 1061 1060 957 951 950 954 
6 900 897 797 798 800 901 
6 4355 4362 4363 4188 4189 4191 
6 3940 3941 3768 3765 3766 3939 
6 5261 5260 5117 5113 5114 5124 
5 26 27 14 13 25 
7 1890 1891 1892 1718 1716 1715 1717 
6 531 530 528 452 451 453 
6 1942 1940 1766 1765 1774 1943 
5 2674 2675 2672 2474 2475 
6 1337 1336 1333 1208 1209 1317 
6 2078 2076 1901 1900 2069 2072 
6 5702 5826 5827 5698 5695 5694 
6 1412 1411 1373 1279 1404 1413 
6 825 826 732 731 730 819 
6 5415 5414 5413 5270 5271 5276 
6 482 553 552 477 476 481 
6 4687 4686 4532 4528 4529 4530 
6 4276 4278 4108 4106 4137 4275 
6 4669 4668 4660 4510 4509 4512 
7 547 544 468 470 469 471 548 
6 3044 3045 2851 2850 2849 3042 
5 1635 1634 1489 1486 1487 
6 526 524 447 448 494 525 
7 2153 2152 2143 1972 1973 1974 1977 
6 1774 1765 1603 1604 1608 1773 
6 4037 4206 4204 4034 4035 4036 
6 2664 2665 2468 2464 2463 2465 
6 157 154 118 119 121 156 
6 1439 1438 1305 1307 1306 1308 
5 3139 3138 2951 2949 3137 
6 1584 1585 1562 1436 1435 1437 
6 3485 3486 3487 3306 3303 3304 
7 1320 1322 1323 1196 1193 1194 1195 
6 4155 4158 4157 3983 3984 3986 
6 5435 5436 5431 5401 5292 5293 
7 190 189 187 147 148 149 150 
6 5661 5662 5659 5525 5526 5540 
6 2233 2234 2053 2050 2049 2232 
7 914 814 811 813 812 815 913 
6 3629 3630 3627 3448 3447 3458 
5 3641 3640 3459 3466 3642 
6 829 830 740 735 734 743 
6 1293 1295 1170 1162 1163 1164 
5 281 282 232 227 233 
6 2836 2835 2640 2639 2638 2676 
6 1470 1471 1450 1339 1338 1341 
6 806 804 713 712 793 807 
6 1168 1167 1119 1047 1048 1050 
7 2745 2744 2740 2543 2542 2541 2743 
6 4655 4657 4658 4499 4497 4496 
6 1948 1949 1775 1772 1771 1779 
6 2929 2931 2930 2735 2733 2919 
5 3677 3676 3501 3499 3675 
6 1607 1609 1459 1458 1457 1606 
6 3318 3475 3476 3294 3292 3314 
7 2163 2165 2166 2157 1989 1988 1987 
7 1375 1378 1377 1243 1240 1241 1242 
6 812 813 715 716 719 720 
6 1719 1561 1550 1551 1552 1720 
6 476 477 478 407 406 410 
7 3802 3957 3956 3784 3781 3782 3800 
6 788 787 692 693 694 695 
6 3646 3642 3466 3464 3465 3647 
6 1566 1565 1417 1415 1416 1563 
5 3450 3449 3317 3266 3268 
6 1870 1871 1695 1693 1692 1694 
6 4952 4951 4948 4800 4799 4945 
6 2495 2494 2302 2298 2297 2300 
6 3511 3510 3509 3327 3328 3329 
6 47 40 30 29 46 48 
6 4369 4370 4354 4352 4198 4199 
7 5431 5542 5541 5404 5403 5402 5401 
6 3504 3505 3324 3322 3321 3503 
7 1294 1292 1293 1164 1161 1160 1165 
5 5002 5001 4997 4849 4850 
6 5236 5235 5234 5089 5088 5091 
6 2841 2843 2839 2645 2646 2647 
6 1198 1199 1079 1077 1076 1197 
5 4442 4443 4276 4275 4307 
6 5945 5944 5831 5814 5813 5941 
6 3669 3671 3672 3494 3492 3493 
5 2867 2866 2670 2668 2863 
5 5438 5437 5429 5294 5295 
5 6094 6093 5969 5968 6091 
6 4024 4027 4026 4007 3853 3854 
6 5659 5660 5527 5524 5523 5525 
6 1302 1280 1172 1171 1173 1301 
6 999 997 894 888 890 1000 
6 1119 1124 1125 1002 1001 1047 
6 2265 2264 2089 2084 2083 2260 
6 417 419 416 354 355 353 
7 2287 2288 2286 2261 2104 2106 2109 
7 2145 2150 2149 2126 1970 1969 1971 
7 1764 1763 1758 1596 1603 1765 1766 
6 1794 1795 1792 1625 1626 1627 
6 5950 5949 5935 5818 5817 5819 
6 6443 6442 6331 6328 6329 6332 
5 3513 3512 3511 3329 3330 
6 4016 4017 3842 3840 3841 4008 
6 3433 3438 3437 3256 3253 3254 
6 3777 3778 3602 3601 3600 3609 
6 1579 1581 1434 1431 1432 1433 
7 284 283 240 228 229 230 231 
6 487 488 427 415 416 419 
7 204 202 163 162 166 205 206 
6 1019 1017 985 909 911 1018 
7 1587 1586 1584 1437 1438 1439 1441 
6 3052 3053 3050 2859 2858 2880 
6 1807 1808 1643 1641 1642 1804 
6 1202 1203 1192 1080 1081 1084 
6 345 290 283 284 285 344 
6 2162 2161 2154 1984 1983 2159 
6 5001 5140 5141 4998 4996 4997 
6 1143 1024 1023 1022 1026 1144 
6 4835 4837 4838 4684 4680 4681 
5 287 286 281 233 250 
6 224 222 180 179 182 223 
6 3258 3261 3259 3076 3077 3079 
6 2738 2739 2717 2536 2535 2537 
7 3134 3133 3131 2942 2941 2940 2943 
6 123 106 102 88 91 122 
6 692 690 604 605 606 693 
6 1269 1266 1137 1136 1261 1268 
6 5269 5268 5125 5122 5121 5123 
6 1074 1075 965 964 963 1071 
6 5554 5555 5552 5414 5415 5421 
6 5710 5836 5835 5709 5704 5705 
6 1042 942 941 934 935 1040 
6 3784 3786 3608 3606 3607 3781 
5 41 33 21 30 40 
6 3655 3654 3648 3473 3474 3653 
6 124 122 91 92 127 128 
5 2005 2004 2003 1831 1832 
6 5251 5252 5237 5104 5105 5250 
6 2712 2713 2710 2510 2509 2511 
6 3632 3631 3498 3449 3450 3452 
6 1583 1703 1704 1537 1534 1535 
6 66 67 44 43 42 61 
6 4340 4341 4170 4168 4169 4335 
7 5096 5097 5094 4950 4949 4948 4951 
6 2740 2741 2738 2537 2538 2543 
6 2673 2674 2475 2472 2473 2669 
6 2324 2323 2321 2140 2139 2141 
6 2154 2155 1978 1976 1975 1984 
6 2279 2278 2273 2097 2267 2277 
6 1569 1571 1570 1421 1419 1420 
5 2477 2476 2283 2280 2285 
6 5958 5959 5952 5830 5829 5957 
5 4113 3944 3943 3942 4112 
6 6200 6201 6082 6079 6080 6084 
6 2520 2519 2518 2323 2324 2325 
7 3136 3137 2949 2946 2947 2948 2952 
6 1041 1040 935 932 933 937 
6 4314 4150 4144 4143 4142 4312 
6 2137 2136 2132 1959 1956 1957 
6 1998 2001 2000 1827 1826 1828 
5 6066 5938 5937 5936 6065 
6 328 329 274 270 271 327 
6 2940 2941 2745 2743 2742 2746 
6 2689 2686 2685 2488 2489 2688 
5 333 334 279 276 278 
7 404 403 340 339 338 395 402 
6 1638 1637 1630 1488 1489 1634 
6 6326 6327 6324 6208 6209 6314 
6 647 648 569 566 565 571 
6 4337 4325 4165 4164 4166 4338 
6 4838 4839 4834 4683 4682 4684 
6 509 508 436 437 438 510 
6 3100 3102 2910 2907 2906 2913 
6 4990 4991 4987 4839 4838 4837 
5 305 304 287 250 251 
5 177 174 140 139 176 
6 355 354 350 293 292 291 
5 20 19 8 7 17 
6 765 752 675 674 761 766 
6 507 506 501 435 436 508 
7 1442 1443 1315 1309 1311 1310 1326 
6 1192 1195 1194 1072 1073 1080 
6 2876 2875 2679 2677 2678 2681 
6 2089 2088 1914 1910 1909 2084 
6 5288 5287 5142 5141 5140 5146 
6 5539 5540 5526 5400 5399 5538 
6 3680 3681 3504 3503 3502 3508 
6 4125 4124 3961 3953 3954 4122 
6 3249 3250 3066 3063 3062 3247 
6 1081 1080 1073 969 970 972 
7 1629 1628 1618 1481 1480 1479 1482 
5 2855 2845 2657 2852 2854 
5 1211 1210 1191 1088 1089 
6 1630 1632 1483 1484 1485 1488 
6 4980 4981 4976 4826 4827 4829 
5 4605 4448 4445 4444 4604 
6 1449 1448 1337 1317 1316 1319 
6 3405 3408 3220 3222 3403 3404 
6 2644 2647 2646 2445 2446 2641 
6 3627 3628 3621 3445 3446 3448 
6 4492 4489 4326 4325 4337 4491 
6 2902 2903 2901 2705 2704 2899 
6 2923 2924 2925 2729 2728 2727 
6 91 88 73 65 94 92 
6 3652 3653 3474 3472 3471 3482 
5 696 697 611 608 691 
5 3944 3771 3770 3769 3943 
6 1284 1287 1285 1154 1155 1281 
6 4658 4659 4531 4498 4500 4499 
5 254 253 204 206 255 
5 3938 3939 3766 3764 3937 
6 3491 3493 3492 3312 3310 3309 
6 62 61 42 39 38 49 
6 4534 4535 4493 4371 4372 4374 
6 2685 2684 2682 2485 2484 2488 
6 1316 1317 1209 1187 1188 1189 
6 2079 2082 2081 1905 1903 1904 
4 512 511 440 513 
6 3277 3278 3093 3092 3091 3276 
6 3102 3101 3099 2908 2909 2910 
6 5961 5960 5834 5832 5831 5944 
7 3846 3848 3839 3836 3673 3672 3671 
6 5117 5118 4974 4972 4973 5113 
6 3831 3833 3834 3664 3658 3659 
7 2487 2486 2292 2289 2290 2291 2294 
5 1249 1117 1116 1115 1248 
6 917 913 815 816 906 918 
6 375 373 312 313 314 317 
7 4639 4637 4483 4481 4482 4487 4640 
6 4826 4824 4670 4671 4673 4827 
6 1990 1992 1991 1985 1817 1818 
6 611 612 534 529 603 608 
6 1743 1742 1576 1573 1574 1736 
6 744 745 695 694 656 739 
6 4660 4661 4506 4502 4501 4510 
6 4940 4794 4788 4789 4790 4939 
5 5695 5698 5697 5562 5563 
6 891 889 786 787 788 790 
5 151 150 149 113 114 
6 3612 3613 3431 3430 3429 3610 
6 1085 1084 1081 972 973 1082 
6 2513 2511 2509 2319 2317 2318 
6 822 821 729 726 727 817 
7 2693 2748 2749 2550 2548 2547 2549 
6 1775 1776 1607 1606 1605 1772 
5 5257 5255 5112 5110 5108 
6 1026 1022 917 918 1013 1027 
5 3672 3673 3660 3495 3494 
5 332 331 275 274 329 
6 853 852 845 757 756 847 
6 2310 2309 2133 2125 2124 2127 
6 2363 2361 2359 2178 2177 2176 
6 2534 2725 2726 2526 2524 2525 
6 719 716 630 631 632 633 
6 1898 1896 1725 1726 1727 1899 
5 2304 2305 2123 2118 2130 
6 1036 1037 938 928 929 1034 
6 2077 2074 1898 1899 1901 2076 
5 3495 3660 3483 3480 3481 
6 572 571 565 498 497 564 
6 3038 3036 2843 2841 2842 3035 
6 4468 4469 4467 4304 4303 4309 
6 3457 3458 3447 3274 3273 3282 
6 953 952 850 848 863 864 
6 935 934 839 833 834 932 
6 2653 2456 2451 2450 2651 2652 
6 2680 2681 2678 2481 2480 2671 
6 1025 1020 915 916 1023 1024 
6 2687 2688 2489 2486 2487 2490 
6 380 381 336 320 319 322 
6 4365 4364 4196 4194 4193 4195 
7 3293 3296 3295 3112 3110 3111 3109 
7 6205 6204 6200 6084 6085 6083 6086 
6 1721 1720 1552 1553 1554 1722 
5 588 587 512 513 589 
6 392 391 332 329 328 387 
5 472 475 404 402 466 
7 462 461 393 391 392 458 463 
6 3856 3855 3683 3681 3680 3687 
6 907 905 806 807 896 908 
6 1610 1611 1601 1462 1463 1467 
6 3970 3971 3801 3799 3798 3969 
7 4503 4504 4491 4337 4338 4339 4342 
6 734 735 653 646 645 654 
6 1873 1872 1870 1694 1724 1869 
6 5674 5675 5661 5540 5539 5673 
6 897 896 807 793 794 797 
7 619 620 539 536 535 537 617 
6 1605 1606 1457 1456 1455 1602 
6 5960 5962 5963 5956 5833 5834 
6 3429 3430 3248 3246 3245 3428 
6 2070 2071 1894 1892 1891 2067 
5 3097 3096 2903 2902 3094 
6 5413 5412 5272 5268 5269 5270 
6 1884 1883 1713 1709 1708 1878 
6 5087 4946 4940 4939 4942 5086 
7 2299 2300 2297 2114 2115 2119 2296 
6 2839 2840 2650 2643 2642 2645 
6 5814 5831 5832 5703 5700 5701 
6 2143 2144 2142 1965 1964 1972 
7 5090 5091 5088 4944 4943 4953 4958 
6 1659 1830 1829 1821 1657 1658 
4 6551 6550 6445 6446 
6 2267 2097 2094 2085 2087 2266 
7 1396 1395 1268 1261 1262 1263 1264 
4 1191 1190 1069 1088 
6 5537 5538 5399 5397 5398 5536 
7 4444 4445 4280 4277 4278 4276 4443 
5 139 140 105 104 138 
7 679 678 600 591 592 593 628 
5 1656 1655 1654 1492 1649 
6 3463 3462 3280 3278 3277 3460 
6 1111 992 989 990 991 1110 
6 718 714 679 628 629 717 
6 4795 4644 4642 4641 4788 4794 
6 532 531 453 454 464 533 
6 1029 1028 923 919 920 943 
6 5699 5823 5821 5690 5691 5696 
6 811 810 718 717 715 813 
6 630 626 547 548 550 631 
6 801 799 706 705 709 802 
6 623 622 549 541 542 624 
6 2103 2099 1925 1924 1923 2101 
6 211 210 171 169 195 197 
7 995 996 975 887 886 885 993 
6 4133 4136 4135 3966 3964 3963 
6 4979 4986 4985 4831 4832 4844 
5 464 454 394 393 461 
6 552 554 483 479 478 477 
6 4816 4817 4665 4661 4660 4668 
5 576 575 505 501 506 
7 1967 1968 1966 1793 1789 1790 1961 
6 2650 2651 2450 2448 2449 2643 
6 933 932 834 831 832 835 
6 1782 1783 1778 1614 1615 1613 
6 2541 2542 2347 2345 2344 2539 
6 433 434 366 368 369 370 
5 2367 2366 2365 2181 2182 
6 4017 4018 4015 3845 3843 3842 
6 4160 4159 4155 3986 3985 3987 
5 6085 6084 6080 5959 5958 
6 4965 4967 4966 4841 4814 4815 
6 5119 5120 5116 4975 4974 5118 
6 383 382 380 322 321 323 
5 511 510 438 439 440 
5 1809 1810 1800 1643 1808 
6 3108 3109 3111 2916 2914 2937 
6 4779 4775 4773 4622 4623 4777 
6 5423 5422 5420 5278 5279 5280 
6 5417 5416 5406 5273 5272 5412 
6 1129 1016 1007 1006 1010 1128 
7 1933 1934 1761 1760 1759 1758 1763 
6 335 333 278 277 320 336 
6 4946 4945 4799 4795 4794 4940 
6 1983 1984 1975 1810 1809 1981 
6 3421 3420 3244 3239 3238 3419 
5 2562 2561 2560 2366 2367 
6 4671 4670 4669 4512 4511 4513 
5 4278 4277 4110 4107 4108 
6 3238 3239 3056 3054 3055 3236 
6 3446 3445 3440 3262 3263 3264 
7 393 394 384 330 331 332 391 
6 389 388 326 325 374 386 
4 870 770 769 869 
7 2064 2063 1889 1886 1885 1887 2062 
6 4694 4693 4691 4536 4537 4538 
6 1711 1710 1548 1543 1542 1544 
6 2437 2438 2242 2239 2240 2281 
5 2643 2449 2441 2444 2642 
6 927 926 827 826 825 921 
6 2894 2895 2698 2696 2697 2716 
6 1046 1045 1038 939 938 1037 
5 371 370 369 309 372 
5 4633 4634 4627 4475 4476 
5 1306 1307 1179 1177 1184 
6 1727 1726 1560 1561 1719 1728 
6 2151 2311 2310 2127 2126 2149 
6 709 705 621 620 619 708 
6 1825 1824 1819 1651 1652 1653 
5 6434 6321 6320 6319 6323 
6 880 784 783 776 777 878 
5 1643 1800 1636 1633 1641 
6 3326 3325 3319 3143 3142 3144 
6 6328 6331 6330 6312 6212 6213 
6 85 86 82 59 60 77 
6 6064 6065 5936 5934 5935 5949 
6 5275 5281 5282 5135 5132 5131 
6 3584 3404 3403 3402 3435 3585 
6 4950 4947 4937 4797 4798 4949 
4 5392 5244 5243 5246 
6 4805 4804 4651 4650 4663 4806 
7 342 343 344 285 282 281 286 
6 4630 4631 4628 4473 4472 4619 
6 662 661 659 580 579 657 
6 2268 2269 2266 2087 2086 2091 
6 2682 2683 2660 2482 2483 2485 
6 2242 2241 2065 2061 2060 2239 
6 5425 5428 5427 5418 5286 5285 
6 1947 1946 1945 1770 1769 1791 
6 473 474 405 403 404 475 
6 1926 1927 1902 1753 1752 1755 
6 175 176 139 138 137 141 
5 1647 1805 1806 1640 1646 
5 1593 1589 1445 1446 1594 
6 3502 3503 3321 3320 3319 3325 
6 4773 4774 4630 4619 4618 4622 
6 5129 5130 5128 4983 4982 4988 
6 3862 4028 4029 3857 3855 3856 
6 1902 1904 1903 1731 1729 1753 
6 3853 4007 4006 3833 3831 3832 
6 1811 1813 1814 1647 1646 1645 
6 1298 1297 1253 1167 1168 1169 
6 3130 3129 3108 2937 2936 2938 
6 3093 3094 2902 2899 2898 3092 
6 1054 1052 944 945 947 1055 
6 3116 3117 3118 2926 2925 2924 
6 4152 4151 4146 3980 3991 4153 
6 599 596 520 519 591 600 
6 297 296 245 243 242 246 
6 1402 1401 1399 1269 1268 1395 
6 1802 1803 1799 1637 1638 1801 
5 104 105 76 75 103 
7 154 155 134 117 116 115 118 
5 4208 4207 4206 4037 4038 
6 3231 3232 3046 3045 3044 3229 
6 4531 4530 4529 4366 4367 4498 
6 3768 3767 3589 3588 3587 3765 
5 2761 2760 2759 2561 2562 
7 989 884 880 878 879 881 990 
5 14 15 6 12 13 
6 3275 3276 3091 3089 3090 3271 
5 136 135 101 117 134 
6 2092 2090 1913 1915 1914 2088 
5 5254 5256 5257 5108 5109 
5 2114 2113 1935 1941 2115 
6 2273 2274 2096 2093 2094 2097 
5 5410 5267 5264 5265 5407 
6 859 766 761 760 762 860 
6 4788 4641 4635 4636 4638 4789 
6 2450 2451 2258 2253 2252 2448 
5 4638 4636 4480 4483 4637 
6 5267 5266 5263 5120 5119 5264 
6 4676 4677 4672 4517 4516 4524 
5 857 856 855 759 858 
6 3827 3828 3655 3653 3652 3661 
6 3242 3419 3238 3236 3235 3237 
7 4618 4619 4472 4461 4459 4460 4464 
6 1328 1327 1200 1199 1198 1324 
6 805 721 711 710 713 804 
5 2849 2850 2653 2652 2848 
6 1333 1332 1207 1204 1205 1208 
6 4360 4359 4358 4186 4187 4192 
6 2755 2889 2888 2694 2692 2751 
6 2148 2147 2146 1968 1967 2138 
6 2496 2497 2495 2300 2299 2492 
7 4927 4930 4783 4779 4777 4778 4780 
6 3465 3464 3281 3279 3280 3462 
6 5688 5689 5556 5553 5552 5555 
5 5829 5830 5823 5699 5828 
5 1213 1212 1211 1089 1090 
6 2315 2314 2312 2131 2132 2136 
6 2331 2330 2150 2145 2146 2147 
6 5841 5965 5964 5839 5835 5836 
6 252 220 203 202 204 253 
6 4313 4312 4142 4141 4140 4310 
7 4537 4536 4534 4374 4373 4375 4376 
7 1185 1184 1177 1065 1066 1180 1186 
7 4786 4787 4776 4634 4633 4632 4643 
6 3127 3299 3298 3117 3116 3115 
6 2950 3083 3084 2891 2888 2889 
5 3625 3626 3605 3444 3624 
6 4645 4643 4632 4486 4642 4644 
6 1247 1248 1115 1113 1114 1246 
5 221 219 178 180 222 
5 4148 4145 4139 3978 3976 
5 78 77 60 54 79 
6 4926 4929 4928 4782 4776 4787 
6 1928 2080 2079 1904 1902 1927 
7 4978 4977 4968 4825 4824 4826 4976 
6 4358 4357 4351 4184 4185 4186 
7 444 443 386 374 373 375 376 
6 366 367 365 306 307 368 
6 23 22 10 9 8 19 
7 3032 3031 2838 2837 2835 2836 2870 
6 4999 5106 5107 4962 4959 4960 
6 3469 3470 3456 3287 3286 3467 
6 5137 5138 5139 5127 4995 4994 
5 341 337 280 339 340 
5 1083 1082 973 971 974 
6 1059 1058 1056 948 949 956 
6 2179 2362 2363 2176 2174 2175 
6 1956 1959 1953 1783 1782 1781 
7 586 584 509 510 511 512 587 
6 773 772 687 678 679 714 
6 2655 2648 2453 2452 2454 2654 
6 5403 5404 5405 5284 5258 5259 
6 4959 4962 4961 4811 4809 4808 
5 3111 3110 2918 2915 2916 
6 1692 1693 1524 1523 1522 1557 
6 2742 2743 2541 2539 2540 2545 
6 6199 6189 6078 6077 6076 6197 
6 1338 1339 1318 1210 1211 1212 
6 1778 1779 1771 1611 1610 1614 
6 1475 1474 1470 1341 1340 1344 
6 1438 1437 1435 1304 1303 1305 
6 3821 3820 3645 3644 3643 3813 
6 2864 2865 2862 2666 2667 2860 
6 1882 1880 1879 1706 1707 1705 
6 5244 5241 5097 5096 5098 5243 
6 2086 2087 2085 1916 1908 1912 
6 1274 1276 1146 1143 1144 1147 
5 1642 1641 1633 1490 1639 
5 5803 5802 5671 5669 5685 
6 4821 4820 4666 4664 4665 4817 
6 603 529 522 521 523 602 
6 894 895 795 792 791 888 
6 2734 2737 2736 2725 2534 2533 
6 5114 5113 4973 4969 4968 4977 
5 681 595 594 598 680 
5 2870 2836 2676 2679 2875 
6 3267 3268 3266 3135 3082 3085 
6 4295 4296 4134 4124 4125 4294 
6 991 990 881 882 883 987 
6 3078 3079 3077 2884 2883 2885 
6 1261 1136 1129 1128 1132 1262 
6 3125 3128 3127 3115 2934 2935 
6 5405 5426 5425 5285 5283 5284 
6 2508 2507 2502 2313 2312 2314 
6 643 644 573 562 561 642 
6 1524 1525 1378 1375 1376 1523 
6 5935 5934 5805 5802 5803 5818 
6 2728 2729 2730 2531 2529 2528 
6 3313 3314 3292 3129 3130 3132 
5 1619 1620 1473 1481 1618 
7 2083 2084 1909 1907 1906 1905 2081 
6 837 838 829 743 742 828 
5 1440 1441 1439 1308 1313 
6 3844 3847 3846 3671 3669 3670 
5 1631 1629 1482 1483 1632 
6 6193 6194 6192 6071 6070 6092 
6 6093 6092 6070 5966 5967 5969 
6 3995 3996 3822 3820 3821 3989 
6 2446 2445 2443 2247 2248 2440 
6 3107 3106 3100 2913 2928 3105 
6 2235 2054 2052 2051 2053 2234 
7 557 636 635 559 554 552 553 
6 4519 4518 4356 4353 4352 4354 
6 2295 2294 2291 2111 2110 2116 
5 1988 1989 1980 1815 1816 
6 2914 2916 2915 2719 2717 2739 
6 1911 1912 1908 1743 1736 1738 
4 4932 4925 4783 4930 
5 618 617 537 534 612 
6 818 817 727 723 722 746 
5 514 515 442 441 467 
6 820 819 730 724 725 728 
5 2887 2886 2691 2690 2695 
6 1468 1469 1465 1336 1337 1448 
6 2953 2952 2948 2757 2756 2758 
5 4695 4847 4846 4693 4694 
6 5093 5092 4952 4945 4946 5087 
6 2004 2180 2179 2175 2002 2003 
6 3850 3849 3677 3675 3674 3808 
6 2858 2859 2857 2661 2660 2683 
6 1166 1165 1160 1045 1046 1158 
6 3087 3088 3081 2892 2893 2900 
5 278 276 226 264 277 
6 4516 4517 4514 4350 4351 4357 
6 3683 3682 3506 3505 3504 3681 
6 2731 2906 2907 2714 2709 2708 
6 936 937 933 835 836 930 
5 4785 4784 4631 4630 4774 
6 5683 5682 5551 5547 5546 5557 
7 2747 2746 2742 2545 2546 2544 2551 
5 2893 2892 2887 2695 2703 
7 4992 4994 4995 4979 4844 4843 4842 
6 137 138 104 103 102 106 
6 290 295 294 241 240 283 
6 3779 3780 3611 3603 3602 3778 
6 1048 1047 1001 940 941 942 
6 4463 4462 4299 4298 4297 4301 
6 2347 2346 2340 2161 2162 2345 
6 6531 6532 6428 6426 6425 6427 
6 4191 4189 4018 4017 4016 4183 
6 6202 6203 6198 6081 6082 6201 
6 4465 4464 4460 4300 4299 4462 
6 1241 1240 1109 1106 1107 1108 
6 3782 3781 3607 3604 3605 3626 
7 786 785 696 691 690 692 787 
7 459 457 390 388 389 455 460 
7 2284 2285 2280 2103 2101 2102 2275 
5 6438 6437 6325 6324 6327 
6 4627 4626 4625 4469 4468 4475 
6 3142 3143 3136 2952 2953 2954 
5 4448 4282 4281 4280 4445 
6 3478 3479 3302 3297 3295 3296 
6 549 551 473 475 472 541 
5 3994 3993 3819 3818 3823 
7 2702 2703 2695 2690 2499 2498 2500 
6 38 39 23 19 20 31 
6 3308 3309 3310 3128 3125 3126 
7 5247 5248 5103 5100 5101 5102 5115 
6 4129 4131 4126 3958 3959 3960 
7 1348 1347 1342 1217 1219 1218 1345 
6 5681 5701 5700 5567 5564 5565 
6 5812 5811 5809 5678 5679 5707 
4 598 594 518 597 
5 1265 1264 1263 1133 1260 
6 451 452 450 382 383 385 
4 6548 6441 6440 6444 
6 5700 5703 5702 5694 5566 5567 
4 5241 5095 5094 5097 
5 1489 1488 1485 1352 1486 
7 3253 3256 3255 3071 3068 3067 3069 
6 703 699 613 614 616 702 
6 994 993 885 884 989 992 
6 3676 3678 3679 3657 3500 3501 
6 815 812 720 721 805 816 
7 5558 5563 5562 5560 5422 5423 5424 
6 1300 1299 1298 1169 1170 1295 
5 2884 2882 2686 2689 2883 
6 2852 2657 2655 2654 2656 2853 
6 3985 3986 3984 3812 3811 3859 
6 5386 5385 5383 5238 5237 5252 
6 167 168 131 132 129 165 
5 213 214 208 173 212 
6 2343 2342 2160 2158 2157 2166 
6 2456 2455 2257 2259 2258 2451 
6 1589 1588 1587 1441 1440 1445 
5 3254 3253 3069 3066 3250 
6 3303 3306 3305 3124 3121 3122 
6 1132 1128 1010 1011 1012 1131 
6 2862 2863 2668 2665 2664 2666 
6 850 849 754 752 765 848 
5 2133 2134 1960 1955 2125 
5 401 400 399 337 341 
6 4326 4323 4152 4153 4165 4325 
7 4849 4997 4996 4848 4845 4846 4847 
7 1256 1257 1252 1121 1120 1122 1123 
6 2700 2699 2501 2494 2495 2497 
6 711 633 632 622 623 710 
6 2710 2711 2706 2507 2508 2510 
6 2174 2176 2177 2001 1998 1997 
6 846 843 749 750 751 844 
5 1906 1907 1735 1732 1733 
6 3638 3637 3461 3455 3456 3470 
7 5833 5956 5957 5829 5828 5827 5826 
6 1313 1308 1306 1184 1185 1312 
6 6068 6069 5945 5941 5940 5942 
6 2730 2732 2731 2708 2530 2531 
6 1932 1931 1929 1756 1757 1762 
6 2939 2938 2936 2741 2740 2744 
6 4030 4032 3987 3985 3859 3860 
6 529 534 460 455 456 522 
6 632 631 550 551 549 622 
5 3979 3977 3805 3806 3815 
6 7136 7133 7057 7056 7058 7135 
6 6702 6701 6607 6606 6605 6700 
6 5587 5588 5470 5450 5451 5464 
6 5032 5034 4882 4879 4880 5031 
6 6618 6617 6519 6516 6517 6615 
6 1850 1849 1678 1677 1846 1851 
6 7034 7012 6953 6954 6955 7035 
5 3597 3594 3417 3416 3596 
5 5326 5324 5179 5178 5327 
6 2781 2622 2583 2582 2584 2782 
6 4873 4731 4720 4721 4723 4874 
6 7529 7512 7467 7466 7469 7530 
6 6947 6946 6859 6858 6857 6944 
5 6882 6883 6871 6792 6881 
6 3879 3710 3708 3704 3877 3878 
6 3333 3159 3149 3148 3154 3332 
7 3011 3010 3004 2813 2814 2815 3008 
6 5012 5011 4893 4859 4860 5009 
6 7460 7398 7394 7393 7392 7458 
6 4758 4757 4749 4602 4601 4616 
6 7247 7248 7174 7171 7172 7246 
5 7646 7589 7588 7587 7645 
6 5582 5581 5449 5446 5445 5447 
6 7760 7758 7752 7709 7710 7711 
6 3891 3890 3729 3716 3715 3885 
6 7883 7882 7844 7841 7842 7849 
6 4216 4215 4048 4047 4046 4213 
7 7944 7943 7909 7907 7908 7938 7942 
6 7726 7727 7673 7674 7675 7677 
5 7164 7163 7086 7087 7088 
6 6827 6830 6829 6736 6735 6737 
6 6605 6606 6506 6504 6505 6604 
6 6953 6930 6866 6867 6868 6954 
6 6262 6146 6144 6145 6148 6263 
6 7938 7908 7905 7906 7939 7941 
5 2434 2429 2236 2235 2433 
6 4044 3876 3871 3872 3873 4043 
6 6553 6457 6454 6447 6451 6552 
6 6603 6604 6505 6503 6502 6508 
5 5218 5219 5220 5076 5085 
6 2404 2403 2226 2208 2209 2387 
6 8044 8043 8042 8021 8020 8022 
5 6808 6805 6713 6716 6809 
6 4602 4594 4440 4441 4458 4601 
6 5533 5532 5531 5393 5392 5394 
6 4385 4384 4218 4215 4216 4383 
5 2630 2436 2428 2430 2631 
7 6028 6026 5904 5897 5898 5901 6027 
5 5926 5925 5924 5795 5808 
6 7004 7005 7003 6921 6920 6922 
6 4254 4086 4085 4084 4251 4253 
6 6692 6693 6600 6593 6594 6608 
6 6627 6628 6525 6526 6527 6528 
6 7998 7997 7996 7967 7966 7968 
6 6402 6401 6291 6288 6294 6300 
6 7787 7786 7742 7739 7740 7785 
6 5350 5351 5347 5202 5203 5215 
6 7718 7717 7715 7666 7665 7668 
6 6422 6423 6421 6309 6308 6317 
6 6161 6162 6037 6038 6039 6157 
6 6058 6059 5931 5929 5930 6056 
6 2808 2809 2613 2611 2612 2616 
7 5178 5179 5174 5033 5034 5032 5176 
6 7899 7898 7896 7859 7858 7860 
6 5858 5859 5731 5727 5728 5729 
6 7503 7502 7500 7436 7437 7439 
6 7936 7935 7933 7898 7899 7900 
6 2034 2030 1863 1862 2039 2041 
6 6216 6099 6098 6097 6133 6217 
5 4054 3891 3885 3887 4055 
6 3521 3522 3341 3338 3339 3514 
6 7318 7320 7247 7246 7245 7317 
5 1877 1833 1700 1699 1876 
5 4936 4935 4934 4785 4924 
6 4584 4426 4425 4424 4582 4583 
6 3934 3930 3760 3761 3776 3935 
7 7327 7259 7258 7257 7256 7255 7325 
6 6645 6646 6644 6634 6545 6546 
6 5056 5055 4905 4903 4904 5053 
7 6271 6269 6153 6152 6154 6160 6268 
6 7311 7312 7242 7240 7241 7262 
6 6734 6730 6636 6637 6640 6733 
5 1683 1518 1517 1681 1682 
6 3543 3541 3360 3359 3361 3544 
6 6874 6875 6784 6781 6782 6872 
7 2596 2595 2398 2397 2396 2400 2402 
6 7597 7593 7535 7536 7595 7596 
6 6513 6510 6403 6404 6405 6511 
5 1094 984 977 979 1095 
6 7039 7038 6960 6957 6958 6966 
6 7238 7237 7235 7160 7161 7162 
6 7366 7365 7296 7297 7299 7367 
6 6903 6901 6813 6812 6814 6904 
6 7906 7905 7869 7868 7867 7904 
6 5361 5360 5356 5213 5212 5354 
6 5760 5753 5626 5625 5628 5761 
7 8101 8102 8094 8093 8092 8091 8096 
6 7174 7173 7099 7096 7097 7171 
6 5057 5051 4907 4906 4905 5055 
5 2422 2228 2227 2424 2423 
5 3417 3413 3234 3233 3416 
6 7309 7308 7307 7236 7235 7237 
6 7662 7659 7605 7606 7608 7661 
6 6648 6645 6546 6547 6549 6647 
6 7137 7135 7058 7059 7060 7138 
5 4872 4871 4862 4719 4742 
7 6929 6847 6840 6841 6842 6866 6930 
6 7701 7700 7649 7650 7651 7702 
5 2199 2196 2022 2195 2198 
5 3210 3022 3021 3206 3209 
6 6626 6624 6523 6524 6525 6628 
6 7223 7221 7148 7147 7149 7224 
6 4701 4702 4549 4545 4546 4699 
5 1384 1353 1250 1249 1383 
6 3871 3703 3696 3695 3697 3872 
6 6689 6691 6590 6589 6592 6688 
6 2414 2410 2220 2219 2411 2413 
6 7887 7888 7848 7847 7846 7851 
6 4440 4432 4273 4274 4291 4441 
6 7053 7052 7049 6972 6973 6974 
7 6724 6722 6626 6628 6627 6629 6631 
6 7249 7250 7175 7173 7174 7248 
6 7908 7907 7871 7870 7869 7905 
5 1531 1494 1384 1383 1530 
6 6267 6263 6148 6149 6155 6266 
6 5167 5168 5160 5023 5024 5043 
7 7160 7159 7158 7083 7082 7084 7161 
6 4568 4569 4410 4408 4409 4560 
6 5719 5717 5584 5583 5715 5718 
6 7680 7679 7678 7624 7625 7626 
6 5777 5776 5648 5641 5642 5645 
6 5044 5043 5024 4892 4893 5011 
6 5646 5647 5632 5512 5513 5514 
7 6862 6772 6768 6767 6766 6770 6861 
6 6525 6524 6418 6417 6419 6526 
6 6607 6608 6594 6507 6506 6606 
6 7382 7316 7313 7314 7380 7383 
6 6456 6452 6344 6343 6342 6455 
6 4580 4423 4420 4421 4578 4579 
5 4239 4240 4069 4070 4079 
6 6638 6639 6539 6536 6537 6540 
6 3913 3912 3911 3741 3740 3905 
6 5210 5211 5072 5068 5067 5208 
5 7010 7009 6926 6927 6928 
6 3367 3368 3187 3183 3184 3201 
6 5325 5327 5178 5176 5177 5306 
5 3022 2825 2824 3018 3021 
6 3371 3370 3200 3188 3189 3352 
6 5499 5500 5362 5358 5359 5498 
7 5189 5187 5167 5043 5044 5156 5188 
7 4410 4411 4249 4243 4244 4245 4408 
6 6299 6293 6183 6182 6181 6297 
5 3194 3190 3006 3007 3193 
6 5019 5013 4878 4865 4867 5020 
5 8024 8023 7997 7998 7999 
6 7202 7201 7128 7127 7126 7130 
6 3709 3705 3530 3532 3531 3707 
5 5733 5722 5598 5600 5734 
6 5323 5321 5175 5174 5179 5324 
5 3202 3201 3184 3014 3191 
5 5042 4891 4890 5040 5041 
6 7544 7543 7540 7480 7481 7483 
6 4390 4388 4225 4220 4219 4222 
6 6751 6662 6656 6657 6659 6750 
5 7288 7289 7217 7216 7219 
6 5173 5035 5026 5027 5028 5172 
6 4565 4418 4403 4404 4405 4564 
5 1859 1861 1685 1684 1858 
6 2791 2783 2593 2594 2592 2790 
5 6348 6349 6235 6230 6347 
6 7692 7691 7640 7637 7688 7690 
4 7589 7528 7527 7588 
5 5349 5346 5201 5200 5348 
7 7657 7655 7602 7601 7600 7603 7658 
6 1512 1511 1508 1368 1369 1502 
6 6787 6788 6698 6693 6692 6704 
6 5667 5666 5658 5530 5531 5532 
7 7667 7668 7665 7611 7613 7612 7614 
7 4567 4566 4564 4405 4406 4407 4412 
6 5481 5482 5440 5339 5338 5341 
6 7155 7153 7077 7076 7078 7079 
6 7421 7420 7419 7352 7351 7354 
6 2973 2974 2971 2776 2775 2969 
6 7978 7949 7947 7946 7950 7979 
6 5018 5022 4869 4870 4866 5016 
6 6967 6966 6958 6883 6882 6965 
5 2416 2412 2221 2224 2415 
6 3899 3897 3726 3725 3727 3900 
6 5862 5860 5732 5730 5731 5859 
6 7060 7059 6980 6981 6982 7061 
5 7158 7157 7081 7080 7083 
5 6928 6927 6837 6838 6839 
6 5896 5891 5764 5765 5774 5895 
6 3921 3751 3748 3747 3750 3922 
7 6361 6362 6247 6245 6244 6246 6359 
6 8023 8022 8020 7995 7996 7997 
6 7610 7609 7607 7550 7549 7551 
6 5356 5357 5210 5208 5209 5213 
6 4700 4699 4546 4544 4543 4697 
6 1844 1843 1673 1669 1668 1841 
7 7041 7040 6962 6961 6959 6960 7038 
7 3694 3693 3521 3514 3515 3576 3692 
5 6952 6865 6864 6950 6951 
6 7709 7708 7657 7658 7660 7710 
7 6147 6143 6141 6022 6023 6144 6146 
6 3723 3721 3546 3545 3548 3724 
6 7660 7658 7603 7604 7605 7659 
6 7197 7196 7191 7121 7124 7125 
6 8036 8035 8012 8013 8015 8037 
5 7442 7443 7441 7374 7376 
6 6127 6121 6005 6004 6006 6126 
6 5623 5624 5485 5486 5488 5619 
6 4571 4570 4416 4411 4410 4569 
6 4770 4766 4614 4615 4763 4769 
6 3708 3707 3531 3529 3702 3704 
6 2995 2992 2989 2796 2799 2994 
6 7748 7734 7699 7700 7701 7749 
5 8109 8107 8104 8105 8106 
5 7987 7985 7955 7957 7986 
5 1371 1372 1237 1367 1370 
6 4735 4583 4582 4581 4734 4736 
6 6675 6676 6578 6575 6576 6668 
6 7782 7781 7737 7734 7748 7780 
5 7465 7399 7398 7460 7464 
6 5328 5182 5181 5180 5322 5329 
6 7857 7855 7813 7814 7815 7856 
6 5466 5329 5322 5321 5323 5465 
7 7433 7432 7427 7363 7362 7361 7429 
6 2788 2787 2590 2589 2588 2785 
5 5855 5856 5726 5724 5748 
6 2800 2798 2607 2608 2803 2805 
5 5762 5761 5628 5627 5630 
6 5735 5606 5602 5601 5604 5736 
6 7027 7028 6947 6944 6945 7025 
6 7852 7853 7850 7810 7809 7811 
6 2192 2191 2015 2014 2013 2189 
5 5866 5742 5739 5738 5865 
6 2195 2022 2019 2018 2017 2194 
5 6594 6593 6500 6489 6507 
5 5460 5318 5316 5454 5459 
5 8045 8044 8022 8023 8024 
6 2801 2802 2619 2603 2604 2779 
6 2989 2988 2795 2792 2793 2796 
7 5891 5892 5763 5760 5761 5762 5764 
6 5485 5484 5342 5340 5343 5486 
5 2592 2594 2395 2393 2591 
7 5907 5906 5781 5776 5777 5778 5786 
5 3925 3752 3751 3921 3924 
5 7937 7936 7900 7901 7902 
6 7548 7547 7545 7484 7485 7486 
6 3007 3006 3003 2811 2810 3005 
6 4040 4039 3869 3867 3868 3929 
6 8002 8001 7973 7974 7981 8003 
5 5223 5222 5080 5078 5077 
6 6163 6165 6164 6042 6040 6049 
6 6231 6118 6112 6113 6114 6232 
6 6625 6623 6521 6522 6523 6624 
6 4394 4395 4228 4225 4388 4391 
5 5797 5796 5665 5663 5794 
6 3739 3728 3562 3563 3564 3738 
6 7498 7499 7492 7432 7433 7494 
6 4451 4452 4286 4284 4285 4290 
5 6252 6217 6133 6135 6251 
6 6568 6569 6464 6461 6462 6468 
6 6280 6282 6281 6165 6163 6174 
5 3712 3537 3533 3535 3711 
6 7029 7030 6949 6946 6947 7028 
6 3715 3716 3552 3536 3537 3712 
6 4727 4726 4576 4570 4571 4725 
6 2407 2401 2212 2213 2406 2408 
6 4232 4233 4071 4062 4061 4230 
6 5036 4885 4884 4883 5026 5035 
6 3185 3181 2995 2994 2996 3186 
6 6285 6286 6277 6167 6166 6170 
5 2572 2383 2379 2377 2573 
5 8051 8030 8029 8047 8050 
7 8059 8056 8038 8039 8040 8041 8058 
6 5902 5903 5770 5771 5773 5899 
6 4863 4864 4715 4712 4711 4861 
5 7204 7202 7130 7132 7205 
7 2196 2197 2023 2021 2020 2019 2022 
6 7595 7536 7534 7533 7537 7594 
6 7212 7210 7137 7138 7139 7213 
6 2774 2773 2579 2574 2575 2577 
6 3524 3523 3518 3340 3341 3522 
6 5462 5461 5320 5317 5318 5460 
6 7764 7763 7762 7716 7715 7717 
6 3189 3188 3013 3000 2999 3168 
5 5612 5476 5475 5610 5611 
6 2026 2025 1850 1851 2021 2023 
6 3386 3208 3204 3203 3353 3385 
6 6244 6245 6130 6127 6126 6128 
5 5745 5612 5611 5743 5744 
7 7744 7743 7694 7693 7691 7692 7741 
6 5731 5730 5599 5596 5595 5727 
6 6986 6985 6902 6901 6903 6987 
6 5449 5448 5335 5305 5304 5446 
6 6474 6476 6363 6362 6361 6473 
7 6278 6279 6268 6160 6162 6161 6274 
6 5720 5613 5586 5585 5716 5721 
7 4611 4610 4453 4450 4452 4451 4455 
5 2238 2237 2184 2056 2230 
5 5075 5073 4936 4924 4925 
6 4893 4892 4872 4742 4741 4859 
6 6630 6629 6627 6528 6529 6530 
6 4292 4291 4274 4120 4121 4288 
6 5642 5641 5515 5505 5506 5511 
6 5374 5373 5352 5226 5227 5228 
6 4238 4236 4068 4067 4069 4240 
6 7553 7554 7552 7490 7491 7493 
6 4866 4870 4718 4714 4715 4864 
5 979 977 873 870 978 
6 5203 5202 5199 5058 5059 5071 
6 7461 7463 7397 7395 7453 7457 
6 4856 4855 4704 4702 4701 4853 
6 5054 5053 4904 4901 4902 4908 
5 6514 6411 6407 6406 6410 
6 2021 1851 1846 1845 1847 2020 
6 6886 6885 6880 6793 6798 6884 
5 1863 1853 1687 1860 1862 
6 6117 6115 5996 5995 6108 6116 
6 4414 4412 4407 4246 4247 4413 
5 5480 5479 5458 5337 5478 
6 7796 7794 7750 7751 7754 7793 
6 7962 7963 7961 7928 7927 7929 
6 7148 7146 7068 7069 7070 7147 
5 5232 5231 5218 5085 5095 
6 2990 2991 2984 2794 2795 2988 
6 7236 7234 7232 7159 7160 7235 
6 6587 6588 6487 6483 6490 6586 
6 7324 7323 7253 7251 7252 7322 
6 5767 5768 5638 5631 5632 5647 
6 7815 7814 7769 7770 7772 7816 
6 7438 7439 7437 7371 7370 7373 
5 2635 2633 2434 2433 2634 
5 6000 5873 5872 5998 5999 
6 6164 6168 6169 6045 6043 6042 
6 4852 4851 4700 4697 4698 4744 
6 7368 7369 7367 7299 7298 7301 
6 5781 5782 5780 5649 5648 5776 
5 4416 4417 4250 4249 4411 
6 6900 6898 6808 6809 6810 6899 
6 5377 5508 5507 5368 5366 5367 
6 7638 7584 7580 7579 7582 7639 
6 6258 6256 6255 6140 6142 6257 
6 6453 6345 6337 6338 6344 6452 
6 7016 7013 6934 6933 7011 7015 
6 6866 6842 6775 6774 6777 6867 
6 1103 1100 983 984 1094 1102 
6 6913 6911 6823 6822 6824 6912 
6 2803 2608 2606 2605 2610 2804 
5 7779 7778 7731 7732 7733 
6 6905 6904 6814 6815 6816 6906 
6 8089 8088 8086 8073 8074 8075 
6 6840 6754 6747 6746 6749 6841 
6 4210 4211 4041 4039 4040 4097 
6 5905 5895 5774 5775 5897 5904 
7 6038 6037 6036 6029 5909 5908 5910 
6 6564 6565 6459 6458 6558 6563 
6 6045 6044 5915 5914 5913 6043 
6 7389 7385 7319 7320 7318 7386 
5 5493 5492 5351 5350 5363 
6 7777 7776 7775 7730 7731 7778 
6 6153 6151 6028 6027 6031 6152 
7 7132 7130 7126 7052 7053 7054 7131 
5 6902 6899 6811 6813 6901 
6 7481 7480 7477 7414 7415 7417 
6 7338 7333 7268 7267 7336 7337 
7 6295 6298 6297 6181 6178 6179 6180 
6 7981 7974 7948 7949 7978 7980 
6 2436 2435 2369 2237 2238 2428 
6 7264 7261 7190 7189 7195 7263 
6 7567 7568 7565 7505 7504 7507 
6 2828 2829 2632 2633 2635 2831 
6 4742 4719 4709 4587 4707 4741 
5 3217 3213 3030 3040 3216 
7 2772 2771 2576 2572 2573 2571 2768 
7 3339 3338 3157 3155 3156 3211 3331 
6 4237 4234 4065 4066 4068 4236 
6 7678 7677 7675 7623 7622 7624 
6 7478 7475 7412 7413 7476 7479 
6 6246 6244 6128 6129 6241 6243 
6 7890 7887 7851 7850 7853 7891 
6 7111 7090 7034 7035 7037 7112 
5 3901 3900 3727 3728 3739 
6 3932 3926 3759 3758 3931 3933 
7 6735 6736 6733 6640 6639 6638 6641 
6 7550 7548 7486 7487 7489 7549 
5 1367 1237 1233 1235 1366 
5 6842 6841 6749 6748 6775 
6 6173 6174 6163 6049 6050 6171 
5 7602 7599 7541 7542 7601 
6 7621 7620 7615 7561 7562 7616 
6 6228 6116 6108 6107 6111 6227 
5 4761 4760 4609 4605 4759 
7 3947 3948 3775 3772 3773 3774 3945 
6 5050 5049 5047 4898 4899 4900 
6 6758 6757 6663 6662 6751 6756 
6 3882 3881 3709 3707 3708 3710 
6 3557 3556 3378 3376 3377 3380 
6 1663 1662 1495 1494 1531 1661 
5 6859 6860 6771 6765 6858 
6 4880 4879 4730 4726 4727 4877 
6 5030 5031 4880 4877 4878 5013 
6 4913 4912 4762 4760 4761 4910 
6 6958 6957 6873 6870 6871 6883 
6 5972 5973 5845 5844 5843 5881 
6 7009 7008 7007 6925 6924 6926 
6 2184 2183 2007 2006 2055 2056 
6 7228 7227 7226 7152 7151 7154 
6 2976 2975 2780 2777 2778 2972 
6 6017 6012 5887 5889 5888 6014 
6 7715 7716 7713 7664 7663 7666 
6 7487 7486 7485 7420 7421 7422 
6 3702 3529 3525 3526 3696 3703 
6 7277 7276 7204 7205 7207 7278 
7 4380 4381 4378 4212 4211 4210 4264 
6 5726 5725 5594 5589 5616 5724 
6 4703 4551 4550 4547 4548 4705 
6 3350 3349 3167 3166 3165 3344 
6 2981 2979 2784 2783 2791 2982 
6 5900 5899 5773 5768 5767 5779 
6 5376 5375 5374 5228 5229 5364 
6 3531 3532 3348 3347 3525 3529 
5 1680 1681 1517 1516 1515 
6 7600 7601 7542 7539 7540 7543 
6 7093 7017 7014 7013 7016 7092 
6 4386 4387 4221 4217 4218 4384 
6 6622 6621 6616 6520 6521 6623 
6 7116 7115 7041 7038 7039 7047 
5 7157 7156 7155 7079 7081 
6 6369 6367 6254 6253 6255 6256 
6 6055 6054 6053 5925 5926 5933 
6 5446 5304 5303 5302 5443 5445 
5 7110 7033 7032 7108 7109 
7 5590 5591 5459 5454 5452 5453 5455 
6 7198 7125 7124 7123 7122 7129 
6 6376 6374 6264 6265 6378 6379 
6 5882 5881 5843 5752 5751 5757 
6 6616 6615 6517 6514 6515 6520 
6 8047 8029 8026 8025 8027 8046 
6 5474 5332 5331 5330 5471 5473 
5 6097 5975 5973 5972 6010 
5 6768 6678 6672 6671 6767 
6 6378 6265 6262 6263 6267 6377 
6 7410 7344 7341 7342 7345 7411 
5 1689 1688 1521 1519 1676 
6 3696 3526 3516 3517 3519 3695 
6 3546 3544 3361 3362 3364 3545 
6 3204 3020 3016 3015 3169 3203 
6 7024 7026 6942 6940 6941 7023 
6 6878 6869 6785 6786 6876 6877 
5 8040 8039 8017 8016 8019 
6 6961 6877 6876 6875 6874 6959 
5 2396 2397 2205 2204 2207 
6 7152 7150 7073 7072 7074 7151 
5 6537 6536 6436 6434 6437 
6 6599 6598 6496 6495 6494 6501 
6 7412 7408 7343 7344 7410 7413 
6 5029 5028 5027 4876 4875 4881 
6 6779 6780 6685 6684 6695 6778 
6 5355 5354 5212 5207 5206 5353 
6 6892 6890 6888 6799 6800 6891 
6 6154 6152 6031 6030 6029 6036 
6 3377 3376 3198 3195 3196 3199 
6 6403 6400 6393 6289 6292 6404 
7 4214 4213 4046 4044 4043 4045 4209 
6 7305 7304 7303 7233 7232 7234 
6 2819 2625 2621 2622 2781 2818 
6 5454 5316 5310 5312 5311 5452 
6 1857 1858 1684 1683 1682 1856 
6 6699 6700 6605 6604 6603 6609 
5 1096 1095 979 978 1093 
6 3549 3547 3365 3366 3369 3550 
6 6829 6826 6825 6734 6733 6736 
5 4436 4437 4272 4270 4435 
6 3178 3179 2990 2988 2989 2992 
6 3750 3747 3573 3572 3746 3749 
7 5477 5478 5337 5334 5336 5335 5448 
6 2618 2617 2615 2418 2417 2420 
5 7999 7998 7968 7969 7970 
7 6110 6109 5988 5987 5986 5985 6001 
6 6294 6288 6175 6176 6183 6293 
6 7921 7918 7916 7884 7885 7919 
5 7947 7914 7912 7917 7946 
6 4085 3917 3915 3916 4082 4084 
6 3341 3340 3335 3158 3157 3338 
6 7619 7618 7558 7559 7560 7563 
5 2590 2591 2393 2392 2589 
5 6340 6341 6223 6220 6221 
5 7203 7198 7129 7128 7201 
5 4911 4910 4761 4759 4784 
6 5212 5213 5209 5070 5069 5207 
6 6718 6717 6712 6621 6622 6719 
6 4272 4271 4262 4103 4269 4270 
6 7755 7753 7706 7705 7707 7757 
6 6472 6473 6361 6359 6360 6470 
7 2220 2214 2041 2039 2040 2217 2219 
6 2830 2636 2630 2631 2632 2829 
6 3369 3366 3185 3186 3187 3368 
7 4915 4914 4769 4763 4764 4762 4912 
6 3154 3148 2965 2964 2963 3153 
6 4226 4223 4056 4057 4059 4227 
6 5885 5884 5755 5753 5760 5763 
6 6803 6801 6707 6706 6708 6802 
6 5746 5615 5614 5613 5720 5747 
6 5072 5071 5059 4922 4923 5068 
6 7713 7714 7712 7662 7661 7664 
6 7812 7811 7809 7765 7766 7767 
6 1691 1690 1679 1520 1521 1688 
6 4768 4767 4617 4612 4613 4765 
5 5496 5361 5354 5355 5495 
6 7473 7468 7406 7407 7471 7472 
7 4559 4558 4399 4397 4398 4554 4557 
6 2037 2036 1857 1856 1855 1866 
5 6150 6033 6026 6028 6151 
7 4746 4745 4743 4591 4589 4590 4592 
6 6502 6503 6396 6394 6393 6400 
6 5308 5309 5163 5161 5160 5168 
6 2965 2958 2772 2768 2769 2964 
6 7397 7396 7390 7328 7384 7395 
6 4591 4588 4542 4431 4430 4589 
5 7495 7494 7433 7429 7431 
6 2600 2402 2400 2401 2407 2599 
6 5593 5592 5590 5455 5456 5457 
6 5752 5713 5617 5618 5620 5751 
6 5633 5499 5498 5497 5502 5634 
6 7066 7064 6986 6987 6989 7067 
6 6395 6398 6399 6287 6284 6283 
6 6484 6482 6372 6373 6375 6485 
6 4218 4217 4053 4049 4048 4215 
6 3157 3158 3151 2967 2968 3155 
7 3360 3354 3176 3174 3175 3177 3359 
6 4886 4736 4734 4733 4884 4885 
7 7244 7243 7169 7167 7168 7240 7242 
6 5629 5630 5627 5492 5493 5504 
6 7582 7579 7519 7520 7578 7581 
7 7220 7219 7216 7144 7143 7145 7218 
5 8095 8083 8082 8093 8094 
6 7431 7429 7361 7360 7364 7430 
5 4093 3925 3924 4091 4092 
6 8011 8010 8007 7983 7982 7984 
6 4446 4290 4285 4279 4283 4447 
4 5534 5533 5394 5529 
6 7339 7335 7269 7270 7273 7340 
6 4243 4081 4074 4073 4075 4244 
6 4265 4264 4210 4097 4098 4263 
6 4709 4708 4556 4553 4552 4587 
6 8015 8013 7987 7986 7989 8014 
6 1679 1680 1515 1513 1514 1520 
6 7117 7118 7042 7040 7041 7115 
7 6142 6140 6137 6019 6018 6022 6141 
5 7902 7901 7862 7863 7864 
6 7831 7789 7786 7787 7829 7830 
6 6737 6735 6641 6642 6643 6731 
6 5637 5634 5502 5501 5631 5638 
6 5487 5483 5481 5341 5342 5484 
5 7683 7682 7628 7629 7630 
4 3049 3041 2855 3048 
5 7510 7509 7444 7445 7446 
7 3169 3015 2980 2979 2981 3171 3170 
6 6242 6241 6129 6124 6125 6218 
6 8070 8066 8053 8052 8054 8069 
6 1846 1677 1671 1670 1672 1845 
6 6449 6336 6334 6335 6368 6448 
6 6277 6276 6275 6158 6159 6167 
5 7630 7629 7570 7571 7572 
6 3926 3927 3755 3754 3753 3759 
7 4247 4246 4239 4079 4078 4080 4248 
6 6102 5981 5977 5979 5978 6101 
5 5665 5664 5534 5529 5663 
5 6337 6242 6218 6224 6338 
6 4458 4441 4291 4292 4454 4457 
5 7840 7825 7797 7838 7839 
6 5639 5640 5629 5504 5503 5636 
5 2846 2844 2832 2649 2845 
6 7195 7189 7119 7120 7193 7194 
6 5451 5450 5325 5306 5307 5319 
6 5793 5792 5657 5658 5666 5788 
5 6839 6838 6743 6744 6745 
6 5996 5993 5869 5868 5983 5995 
6 2611 2413 2411 2412 2416 2612 
6 5775 5774 5765 5640 5639 5766 
6 6344 6338 6224 6225 6226 6343 
6 7126 7127 7050 7048 7049 7052 
5 5924 5923 5797 5794 5795 
6 4100 3933 3931 3930 3934 4099 
5 6431 6430 6318 6316 6321 
6 7281 7279 7208 7209 7211 7282 
6 2815 2814 2617 2618 2620 2812 
6 6643 6642 6542 6544 6543 6635 
6 3902 3903 3737 3730 3729 3890 
6 5497 5498 5359 5357 5356 5360 
6 3213 3028 3025 3027 3026 3030 
6 3760 3757 3582 3583 3599 3761 
6 7928 7926 7890 7891 7893 7927 
7 4051 3888 3880 3881 3882 3883 4050 
6 6739 6740 6738 6732 6644 6646 
5 4744 4698 4588 4591 4743 
6 6459 6460 6357 6345 6453 6458 
6 4920 4921 4916 4770 4769 4914 
6 5175 5172 5028 5029 5033 5174 
6 6177 6180 6179 6054 6055 6061 
6 7532 7530 7469 7468 7473 7531 
5 6166 6167 6159 6041 6046 
6 1670 1671 1512 1502 1503 1504 
6 5322 5180 5173 5172 5175 5321 
6 3351 3352 3189 3168 3167 3349 
6 5345 5344 5197 5196 5201 5346 
6 7068 7067 6989 6988 6990 7069 
5 3393 3210 3209 3389 3392 
6 5893 5894 5890 5885 5763 5892 
6 5737 5736 5604 5605 5603 5608 
6 6509 6508 6502 6400 6403 6510 
6 6992 6991 6908 6909 6910 6993 
6 6505 6504 6398 6395 6396 6503 
6 6419 6417 6304 6305 6307 6420 
5 6547 6546 6545 6531 6441 
6 6774 6775 6748 6681 6680 6682 
5 4379 4214 4209 4212 4378 
6 4720 4577 4565 4564 4566 4721 
6 6284 6287 6285 6170 6169 6168 
6 7648 7633 7591 7590 7592 7647 
6 1228 1229 1226 1099 1098 1101 
6 1514 1513 1371 1370 1509 1510 
6 7003 7002 7001 6999 6919 6921 
6 6573 6568 6468 6469 6475 6574 
6 6764 6763 6675 6668 6667 6762 
6 3737 3736 3733 3560 3561 3730 
6 6123 6122 6110 6001 6005 6121 
6 7354 7351 7283 7284 7285 7353 
5 3009 3008 2815 2812 2817 
6 8080 8067 8064 8063 8065 8079 
5 1673 1674 1507 1506 1669 
6 8049 8046 8027 8028 8033 8048 
6 6796 6797 6703 6701 6702 6794 
6 5227 5226 5205 5081 5082 5084 
7 5864 5865 5738 5735 5736 5737 5740 
7 7774 7773 7771 7725 7727 7726 7729 
6 5456 5455 5453 5313 5314 5315 
6 7783 7738 7735 7736 7737 7781 
6 4598 4599 4438 4437 4436 4596 
6 6034 6035 5911 5906 5907 5917 
6 3552 3553 3381 3370 3371 3536 
6 5371 5372 5365 5224 5225 5370 
6 8012 8011 7984 7985 7987 8013 
6 6708 6706 6610 6611 6612 6709 
6 7598 7594 7537 7538 7541 7599 
6 3873 3872 3697 3698 3701 3875 
5 3554 3383 3372 3373 3375 
6 3151 3150 2962 2959 2960 2967 
6 5849 5721 5716 5717 5719 5848 
5 7186 7185 7184 7257 7258 
6 3537 3536 3371 3352 3351 3533 
6 6172 6171 6050 6047 6048 6051 
6 3152 3153 2963 2961 2962 3150 
6 6853 6854 6761 6760 6759 6851 
6 3910 3901 3739 3738 3741 3911 
6 5318 5317 5170 5169 5310 5316 
6 2400 2396 2207 2206 2212 2401 
6 7564 7563 7560 7501 7500 7502 
6 7966 7967 7964 7932 7931 7934 
6 4088 3923 3920 3919 4087 4089 
6 6234 6232 6114 6115 6117 6233 
7 7576 7573 7513 7514 7512 7529 7575 
6 6880 6879 6791 6788 6787 6793 
5 6562 6560 6457 6553 6561 
6 5651 5778 5777 5645 5644 5643 
6 7675 7674 7617 7618 7619 7623 
6 7526 7524 7462 7463 7461 7522 
6 6339 6340 6221 6219 6334 6336 
6 3025 2834 2830 2829 2828 3027 
6 4546 4545 4386 4384 4385 4544 
5 7975 7976 7944 7942 7972 
6 1847 1845 1672 1674 1673 1843 
6 5064 4920 4914 4915 5062 5063 
5 981 982 980 871 872 
6 2987 2982 2791 2790 2789 2985 
6 7183 7109 7108 7107 7106 7182 
6 4405 4404 4237 4236 4238 4406 
6 6945 6944 6857 6856 6855 6943 
6 6499 6501 6494 6391 6392 6497 
5 4389 4390 4222 4221 4387 
6 7474 7470 7409 7408 7412 7475 
6 7403 7401 7334 7333 7338 7402 
6 5843 5844 5714 5712 5713 5752 
6 7534 7472 7471 7470 7474 7533 
6 7377 7375 7306 7307 7308 7378 
6 7044 7045 6967 6965 6964 6971 
5 7528 7465 7464 7525 7527 
5 5379 5377 5367 5230 5378 
6 7476 7413 7410 7411 7414 7477 
6 7735 7689 7685 7684 7686 7736 
6 6382 6273 6270 6269 6271 6384 
6 6270 6156 6150 6151 6153 6269 
5 7446 7445 7377 7378 7379 
6 6527 6526 6419 6420 6421 6423 
6 6111 6107 5989 5990 5988 6109 
6 6415 6414 6409 6301 6303 6416 
6 5880 5878 5750 5749 5875 5879 
6 6465 6353 6350 6352 6351 6463 
6 7043 7036 6963 6962 7040 7042 
5 1098 1099 1097 980 982 
6 7845 7835 7801 7802 7803 7843 
6 4734 4581 4580 4579 4732 4733 
5 6773 6679 6678 6768 6772 
6 8075 8074 8059 8058 8060 8076 
5 1226 1227 1104 1097 1099 
7 5722 5723 5608 5603 5588 5587 5598 
5 7612 7613 7554 7553 7556 
6 3713 3711 3535 3534 3706 3714 
7 8053 8048 8033 8032 8031 8034 8052 
6 4269 4103 4102 4101 4266 4268 
6 6566 6567 6471 6460 6459 6565 
5 5919 5918 5793 5788 5801 
6 5607 5473 5471 5472 5602 5606 
6 5503 5504 5493 5363 5362 5500 
6 5877 5876 5855 5748 5750 5878 
7 5758 5757 5751 5620 5621 5622 5756 
7 2412 2411 2219 2217 2218 2216 2221 
6 7384 7328 7321 7315 7319 7385 
7 7805 7798 7758 7760 7759 7761 7804 
6 6481 6479 6370 6371 6372 6482 
7 4882 4881 4875 4728 4729 4730 4879 
6 5164 5025 5019 5020 5021 5166 
6 7063 7061 6982 6983 6984 7062 
6 5365 5364 5229 5216 5217 5224 
6 1100 1101 1098 982 981 983 
6 2806 2804 2610 2609 2614 2807 
6 7050 7051 7044 6971 6970 7048 
6 4235 4083 4064 4063 4065 4234 
6 4256 4089 4087 4086 4254 4255 
6 5066 5065 4919 4917 4916 4921 
6 7253 7254 7179 7178 7177 7251 
6 6029 6030 5902 5899 5900 5909 
5 7878 7877 7837 7835 7845 
5 5620 5618 5483 5487 5621 
6 5911 5910 5908 5782 5781 5906 
6 2833 2827 2637 2636 2830 2834 
6 5610 5475 5474 5473 5607 5609 
5 7185 7110 7109 7183 7184 
5 6581 6478 6477 6572 6580 
5 2427 2229 2228 2422 2426 
6 5517 5516 5508 5377 5379 5518 
5 4704 4705 4548 4549 4702 
6 5854 5741 5723 5722 5733 5853 
7 6836 6834 6832 6740 6739 6741 6835 
6 5447 5445 5443 5444 5579 5580 
6 4225 4228 4227 4059 4058 4220 
6 8038 8037 8015 8014 8017 8039 
6 4728 4722 4572 4573 4574 4729 
6 6529 6528 6527 6423 6422 6432 
5 6275 6274 6161 6157 6158 
6 7948 7940 7913 7914 7947 7949 
6 5067 5068 4923 4918 4919 5065 
5 6247 6248 6239 6130 6245 
7 7358 7359 7355 7287 7289 7288 7292 
6 5339 5296 5190 5191 5192 5338 
6 2970 2969 2775 2771 2772 2958 
5 7239 7238 7162 7163 7164 
6 4409 4408 4245 4241 4242 4402 
6 6363 6364 6355 6248 6247 6362 
6 6698 6697 6601 6602 6600 6693 
5 7698 7646 7645 7644 7697 
6 2566 2565 2372 2371 2370 2564 
6 4432 4433 4268 4266 4267 4273 
7 7558 7557 7498 7494 7495 7496 7559 
5 4261 4093 4092 4259 4260 
6 6048 6047 5922 5918 5919 5932 
6 4905 4906 4755 4753 4754 4903 
6 6024 6021 5896 5895 5905 6025 
6 5739 5609 5607 5606 5735 5738 
6 6179 6178 6057 6052 6053 6054 
6 2778 2777 2581 2578 2579 2773 
6 3365 3363 3182 3181 3185 3366 
6 2769 2768 2571 2569 2570 2767 
6 7207 7205 7132 7131 7134 7206 
6 3874 3875 3701 3700 3699 3870 
6 5440 5439 5299 5297 5296 5339 
6 2789 2790 2592 2591 2590 2787 
5 7512 7514 7449 7448 7467 
7 5800 5801 5788 5666 5667 5668 5798 
7 2637 2629 2563 2435 2436 2630 2636 
5 7363 7358 7292 7293 7362 
6 4754 4753 4598 4596 4597 4752 
5 6876 6786 6783 6784 6875 
6 4738 4585 4584 4583 4735 4737 
6 4887 4888 4737 4735 4736 4886 
6 3356 3170 3171 3173 3358 3357 
7 7491 7490 7488 7424 7426 7425 7428 
5 6238 6229 6122 6123 6240 
6 7651 7650 7597 7596 7653 7654 
6 8026 8004 8000 8001 8002 8025 
6 6375 6373 6260 6261 6264 6374 
6 2378 2376 2193 2191 2192 2374 
6 5912 5913 5914 5784 5783 5789 
6 7952 7954 7921 7919 7920 7922 
6 6667 6668 6576 6567 6566 6666 
6 6738 6828 6827 6737 6731 6732 
6 2962 2961 2766 2765 2764 2959 
6 2571 2573 2377 2376 2378 2569 
6 7807 7808 7804 7761 7762 7763 
6 6798 6793 6787 6704 6703 6797 
6 3399 3394 3214 3215 3396 3398 
6 7070 7069 6990 6991 6992 7071 
7 7357 7356 7353 7285 7286 7287 7355 
5 6544 6542 6541 6438 6439 
6 7103 7102 7024 7023 7022 7101 
6 3381 3380 3377 3199 3200 3370 
7 6669 6571 6570 6569 6568 6573 6670 
6 2409 2405 2215 2214 2220 2410 
5 6318 6317 6308 6199 6316 
6 1495 1496 1356 1353 1384 1494 
5 6039 6038 5910 5911 6035 
6 4919 4918 4771 4767 4768 4917 
5 2215 2211 2034 2041 2214 
5 2207 2204 2027 2033 2206 
5 2832 2831 2635 2634 2649 
5 7560 7559 7496 7497 7501 
6 6661 6658 6562 6561 6653 6660 
6 7189 7190 7188 7113 7114 7119 
6 2009 2010 1837 1835 1834 2008 
6 7635 7581 7578 7577 7631 7636 
6 4422 4257 4256 4255 4420 4423 
6 4541 4540 4382 4379 4378 4381 
6 4902 4901 4751 4750 4749 4757 
5 6421 6420 6307 6306 6309 
5 6098 5976 5974 5975 6097 
7 4091 3924 3921 3922 3923 4088 4090 
6 6519 6518 6512 6412 6413 6516 
6 5914 5915 5916 5787 5785 5784 
6 7685 7636 7631 7632 7634 7684 
6 4382 4383 4216 4213 4214 4379 
6 3595 3418 3412 3413 3417 3594 
6 2780 2779 2604 2580 2581 2777 
6 7380 7314 7312 7311 7332 7381 
6 5155 5012 5009 5010 5153 5154 
7 7525 7464 7460 7458 7459 7462 7524 
6 4419 4253 4251 4252 4403 4418 
5 5033 5029 4881 4882 5034 
6 3905 3740 3731 3732 3734 3904 
6 7901 7900 7899 7860 7861 7862 
5 6475 6469 6364 6363 6476 
6 5901 5898 5772 5769 5770 5903 
6 7370 7371 7368 7301 7300 7302 
6 6672 6580 6572 6571 6669 6671 
6 6816 6815 6721 6720 6723 6817 
6 7518 7457 7453 7452 7454 7517 
5 2584 2582 2389 2394 2585 
5 7945 7911 7910 7909 7943 
6 7390 7391 7324 7322 7321 7328 
6 7924 7922 7920 7886 7889 7923 
6 4065 4063 3895 3896 3898 4066 
5 7231 7230 7229 7156 7157 
6 2193 2194 2017 2016 2015 2191 
6 5225 5224 5217 5079 5080 5222 
6 5791 5790 5655 5656 5657 5792 
6 7506 7507 7504 7440 7441 7443 
6 3580 3577 3399 3398 3579 3581 
5 3519 3517 3337 3336 3520 
5 3774 3773 3597 3596 3771 
6 4080 4078 3912 3913 4074 4081 
6 7893 7891 7853 7852 7854 7892 
6 7799 7800 7756 7752 7758 7798 
7 7925 7923 7889 7888 7887 7890 7926 
6 6749 6746 6655 6654 6681 6748 
6 3172 2987 2985 2986 3174 3176 
6 6558 6458 6453 6452 6456 6557 
6 7406 7402 7338 7337 7405 7407 
6 3013 3012 3009 2817 2816 3000 
5 5220 5221 5223 5077 5076 
6 8073 8072 8057 8056 8059 8074 
6 7696 7697 7644 7642 7643 7695 
6 6843 6756 6751 6750 6753 6845 
6 5618 5617 5576 5482 5481 5483 
6 6281 6283 6284 6168 6164 6165 
6 5314 5313 5308 5168 5167 5187 
6 7287 7286 7214 7215 7217 7289 
6 5156 5044 5011 5012 5155 5157 
5 4077 4076 3908 3909 4072 
6 6650 6649 6647 6549 6548 6550 
6 5463 5464 5451 5319 5320 5461 
6 5985 5986 5857 5856 5855 5876 
6 6695 6684 6595 6596 6597 6694 
6 3372 3202 3191 3190 3194 3373 
5 7733 7732 7681 7682 7683 
6 5024 5023 5014 4871 4872 4892 
5 6974 6973 6890 6892 6975 
6 3559 3558 3555 3379 3378 3556 
6 7100 7101 7022 7021 7020 7098 
5 1232 1231 1103 1102 1225 
7 4069 4067 3899 3900 3901 3910 4070 
6 3567 3391 3386 3385 3387 3569 
6 2798 2797 2602 2600 2599 2607 
6 6169 6170 6166 6046 6044 6045 
7 3583 3582 3578 3400 3401 3412 3418 
6 4434 4435 4270 4269 4268 4433 
6 6307 6305 6187 6188 6190 6306 
6 7653 7596 7595 7594 7598 7652 
6 6927 6926 6924 6836 6835 6837 
5 7306 7305 7234 7236 7307 
6 7673 7672 7621 7616 7617 7674 
6 5197 5195 5052 5051 5057 5196 
6 3378 3379 3374 3197 3198 3376 
5 7425 7426 7357 7355 7359 
7 6490 6483 6379 6378 6377 6380 6491 
6 5007 5008 4857 4855 4856 5005 
6 7099 7098 7020 7019 7018 7096 
6 6936 6937 6850 6848 6932 6935 
6 2960 2959 2764 2762 2763 2770 
6 3548 3545 3364 3363 3365 3547 
6 6976 6975 6892 6891 6893 6977 
6 4552 4553 4394 4391 4550 4551 
6 5930 5929 5800 5798 5799 5928 
5 4082 3916 3914 4064 4083 
6 5458 5457 5456 5315 5334 5337 
6 1834 1835 1663 1661 1700 1833 
6 4896 4897 4894 4745 4746 4748 
5 6968 6969 6886 6884 6889 
6 6354 6249 6237 6236 6350 6353 
5 8033 8028 8008 8009 8032 
6 7990 7988 7958 7959 7960 7991 
6 1505 1504 1503 1363 1362 1364 
6 7232 7233 7231 7157 7158 7159 
6 7691 7693 7641 7638 7639 7640 
6 3171 2981 2982 2987 3172 3173 
6 7809 7810 7807 7763 7764 7765 
5 5184 5041 5040 5039 5183 
7 7265 7266 7194 7193 7192 7191 7196 
6 1363 1361 1229 1228 1230 1362 
6 7427 7428 7425 7359 7358 7363 
6 6032 6025 5905 5904 6026 6033 
6 4724 4725 4571 4569 4568 4713 
6 2822 2820 2626 2625 2819 2823 
6 2775 2776 2774 2577 2576 2771 
6 3571 3392 3389 3388 3390 3570 
6 3343 3164 3160 3159 3333 3342 
7 3719 3717 3540 3542 3541 3543 3720 
6 3387 3385 3353 3355 3538 3539 
6 5299 5298 5152 5151 5150 5297 
6 5158 5159 5030 5013 5019 5025 
6 6831 6917 6918 6830 6827 6828 
7 5863 5853 5733 5734 5732 5860 5861 
6 6467 6365 6354 6353 6465 6466 
5 4572 4567 4412 4414 4573 
6 7825 7824 7782 7780 7795 7797 
6 4613 4612 4457 4454 4453 4610 
6 5613 5614 5480 5478 5477 5586 
6 7625 7624 7622 7566 7565 7568 
6 7578 7520 7515 7516 7574 7577 
7 6224 6218 6125 6104 6103 6106 6225 
7 2417 2418 2415 2224 2223 2222 2225 
6 7627 7626 7625 7568 7567 7569 
6 4068 4066 3898 3897 3899 4067 
6 7252 7251 7177 7176 7175 7250 
6 7217 7215 7141 7142 7144 7216 
6 4430 4431 4380 4264 4265 4428 
6 4732 4579 4578 4577 4720 4731 
6 5229 5228 5227 5084 5083 5216 
6 3390 3388 3207 3208 3386 3391 
6 4600 4592 4590 4439 4438 4599 
6 3733 3735 3559 3556 3557 3560 
7 6223 6222 6105 6102 6101 6100 6220 
6 7108 7032 7031 7030 7029 7107 
6 7077 7075 6996 6997 6998 7076 
6 1674 1672 1670 1504 1505 1507 
6 5648 5649 5646 5514 5515 5641 
5 3599 3583 3418 3595 3598 
6 7772 7770 7723 7724 7725 7771 
5 8100 8099 8088 8089 8090 
6 6612 6611 6509 6510 6513 6613 
6 6879 6881 6792 6789 6790 6791 
6 7546 7544 7483 7482 7484 7545 
7 7105 7104 7027 7025 7026 7024 7102 
6 3757 3756 3581 3579 3578 3582 
6 6100 6101 5978 5976 6098 6099 
6 3206 3021 3018 3017 3019 3205 
6 5998 5872 5871 5870 5991 5997 
6 1499 1497 1359 1354 1355 1357 
6 3722 3720 3543 3544 3546 3721 
6 3742 3718 3717 3719 3893 3892 
6 6498 6497 6392 6387 6388 6389 
6 7240 7168 7166 7165 7187 7241 
6 7592 7590 7532 7531 7535 7593 
6 7511 7450 7447 7449 7514 7513 
6 6351 6352 6234 6233 6235 6349 
6 7523 7522 7461 7457 7518 7521 
6 6770 6766 6674 6673 6677 6769 
6 6006 6004 5877 5878 5880 6008 
4 6543 6544 6439 6532 
6 6334 6219 6216 6217 6252 6335 
6 6342 6343 6226 6222 6223 6341 
6 6821 6819 6818 6725 6728 6820 
7 4548 4547 4389 4387 4386 4545 4549 
5 5740 5737 5608 5723 5741 
7 5750 5748 5724 5616 5615 5746 5749 
6 2212 2206 2033 2032 2210 2213 
7 7449 7447 7383 7380 7381 7400 7448 
6 7540 7539 7479 7476 7477 7480 
6 6747 6660 6653 6652 6655 6746 
5 6478 6366 6365 6467 6477 
6 5589 5594 5593 5457 5458 5479 
6 8060 8058 8041 8042 8043 8061 
5 7088 7087 7008 7009 7010 
6 5977 5851 5849 5848 5847 5979 
5 8068 8051 8050 8064 8067 
6 6492 6491 6380 6381 6386 6493 
6 6471 6470 6360 6358 6357 6460 
7 6786 6785 6776 6690 6691 6689 6783 
5 4889 4739 4738 4737 4888 
6 5047 5048 5045 4897 4896 4898 
6 6409 6408 6298 6295 6296 6301 
6 3516 3342 3333 3332 3337 3517 
6 3699 3700 3524 3522 3521 3693 
5 6640 6637 6538 6539 6639 
5 6745 6744 6649 6650 6651 
5 3883 3882 3710 3879 3884 
6 4923 4922 4909 4772 4771 4918 
7 1864 1865 1691 1688 1689 1848 1852 
6 5622 5621 5487 5484 5485 5624 
6 6144 6023 6020 6021 6024 6145 
6 4854 4853 4701 4699 4700 4851 
6 6838 6837 6835 6741 6742 6743 
6 6857 6858 6765 6763 6764 6856 
5 7314 7313 7244 7242 7312 
6 4220 4058 4051 4050 4052 4219 
6 4041 4042 3874 3870 3869 4039 
7 5992 5991 5870 5866 5865 5864 5867 
5 5603 5605 5469 5470 5588 
6 2015 2016 1842 1839 1840 2014 
6 8097 8096 8091 8085 8084 8087 
6 6523 6522 6415 6416 6418 6524 
6 6183 6176 6060 6059 6058 6182 
6 8093 8082 8080 8079 8081 8092 
5 4711 4712 4559 4557 4710 
6 3192 3193 3007 3005 3004 3010 
7 6593 6600 6602 6499 6497 6498 6500 
6 5160 5161 5017 5015 5014 5023 
6 5307 5306 5177 5159 5158 5171 
6 3348 3345 3163 3164 3343 3347 
7 3227 3216 3040 3039 3041 3049 3228 
6 6907 6906 6816 6817 6818 6819 
6 7850 7851 7846 7808 7807 7810 
7 984 983 981 872 874 873 977 
6 5191 5190 5149 5046 5045 5048 
7 6480 6448 6368 6367 6369 6370 6479 
6 7622 7623 7619 7563 7564 7566 
6 4407 4406 4238 4240 4239 4246 
6 6982 6981 6897 6898 6900 6983 
7 6590 6591 6584 6484 6485 6486 6589 
5 7462 7459 7396 7397 7463 
6 7082 7083 7080 7002 7003 7005 
6 7280 7278 7207 7206 7208 7279 
6 3706 3534 3527 3528 3530 3705 
6 5657 5656 5521 5522 5530 5658 
6 7273 7270 7199 7200 7272 7274 
6 7819 7818 7773 7774 7775 7776 
5 2628 2427 2426 2624 2627 
5 7953 7951 7918 7921 7954 
6 5886 5883 5759 5754 5755 5884 
6 7441 7440 7438 7373 7372 7374 
5 3358 3173 3172 3176 3354 
6 6644 6732 6731 6643 6635 6634 
6 7725 7724 7676 7672 7673 7727 
6 7177 7178 7103 7101 7100 7176 
6 5765 5764 5762 5630 5629 5640 
6 2372 2373 2190 2188 2187 2371 
5 7574 7516 7511 7513 7573 
6 7085 7084 7082 7005 7004 7006 
6 7903 7904 7867 7866 7865 7876 
5 2421 2388 2389 2582 2583 
6 8000 7975 7972 7971 7973 8001 
6 5006 5005 4856 4853 4854 5003 
6 6405 6404 6292 6290 6291 6401 
6 1668 1669 1506 1501 1500 1667 
6 3895 3894 3722 3721 3723 3896 
5 7424 7423 7356 7357 7426 
6 1361 1360 1234 1227 1226 1229 
6 4909 4908 4902 4757 4758 4772 
7 6346 6347 6230 6228 6227 6229 6238 
6 3207 3205 3019 3020 3204 3208 
6 7813 7812 7767 7768 7769 7814 
5 4103 4262 4096 4094 4102 
6 7957 7955 7952 7922 7924 7956 
6 4285 4284 4116 4114 4115 4279 
5 6134 6011 6012 6017 6136 
6 6292 6289 6280 6174 6173 6290 
6 4907 4900 4899 4756 4755 4906 
6 8065 8063 8049 8048 8053 8066 
6 1502 1369 1360 1361 1363 1503 
6 7285 7284 7212 7213 7214 7286 
6 6850 6849 6758 6756 6843 6848 
6 4242 4241 4077 4072 4071 4233 
6 3353 3203 3169 3170 3356 3355 
6 2795 2794 2786 2598 2597 2792 
6 7270 7269 7265 7196 7197 7199 
6 4869 4868 4716 4717 4718 4870 
6 1837 1836 1665 1662 1663 1835 
6 4403 4252 4235 4234 4237 4404 
6 7007 7006 7004 6922 6923 6925 
6 4052 4050 3883 3884 4049 4053 
6 7222 7218 7145 7146 7148 7221 
6 3949 3950 3935 3776 3775 3948 
6 3538 3355 3356 3357 3542 3540 
6 4894 4895 4852 4744 4743 4745 
6 6133 6097 6010 6011 6134 6135 
6 7500 7501 7497 7434 7435 7436 
6 2563 2564 2370 2368 2369 2435 
5 4740 4586 4585 4738 4739 
6 7296 7295 7223 7224 7225 7297 
6 6939 6938 6852 6849 6850 6937 
6 5576 5577 5442 5439 5440 5482 
4 8103 8095 8094 8102 
5 3928 3929 3868 3755 3927 
6 6963 6956 6878 6877 6961 6962 
6 5626 5619 5488 5489 5490 5625 
5 874 872 871 771 770 
6 3880 3714 3706 3705 3709 3881 
7 3535 3533 3351 3349 3350 3527 3534 
7 6355 6356 6346 6238 6240 6239 6248 
6 7435 7434 7430 7364 7365 7366 
6 2971 2972 2778 2773 2774 2776 
5 6190 6188 6067 6066 6189 
6 7326 7325 7255 7254 7253 7323 
6 3024 2966 2826 2827 2833 3023 
6 5530 5522 5390 5391 5393 5531 
6 7669 7670 7667 7614 7615 7620 
7 1369 1368 1366 1235 1236 1234 1360 
6 4438 4439 4429 4271 4272 4437 
5 7168 7167 7094 7091 7166 
7 7169 7170 7095 7093 7092 7094 7167 
6 3004 3005 2810 2809 2808 2813 
6 6677 6673 6579 6577 6578 6676 
6 5347 5348 5200 5198 5199 5202 
5 4586 4427 4426 4584 4585 
6 6871 6870 6779 6778 6789 6792 
6 7854 7852 7811 7812 7813 7855 
6 6653 6561 6553 6552 6555 6652 
6 4860 4859 4741 4707 4706 4858 
5 6366 6250 6249 6354 6365 
6 2999 3000 2816 2802 2801 2978 
6 6062 6061 6055 5933 5939 6063 
6 4707 4587 4552 4551 4703 4706 
5 7025 6945 6943 6942 7026 
6 5725 5729 5728 5592 5593 5594 
6 6980 6978 6896 6895 6897 6981 
5 1700 1661 1531 1530 1699 
5 1222 1221 1096 1093 1117 
6 7454 7452 7389 7386 7387 7456 
5 4891 4740 4739 4889 4890 
6 5206 5207 5069 5064 5063 5204 
6 4454 4292 4288 4289 4450 4453 
6 7766 7765 7764 7717 7718 7719 
5 6175 6172 6051 6060 6176 
6 6716 6713 6710 6620 6619 6714 
6 7128 7129 7122 7051 7050 7127 
6 6408 6410 6406 6299 6297 6298 
6 7666 7663 7609 7610 7611 7665 
7 4857 4858 4706 4703 4705 4704 4855 
6 7644 7645 7587 7585 7586 7642 
6 7347 7346 7277 7278 7280 7348 
6 4766 4765 4613 4610 4611 4614 
6 6920 6921 6919 6917 6831 6833 
6 2568 2567 2375 2373 2372 2565 
6 8104 8101 8096 8097 8098 8105 
6 6889 6884 6798 6797 6796 6887 
6 5303 5157 5155 5154 5301 5302 
5 3575 3393 3392 3571 3574 
6 6715 6714 6619 6617 6618 6711 
7 2626 2623 2423 2424 2425 2621 2625 
6 7211 7209 7136 7135 7137 7210 
7 6973 6972 6968 6889 6887 6888 6890 
6 6868 6867 6777 6776 6785 6869 
6 7664 7661 7608 7607 7609 7663 
6 7960 7959 7925 7926 7928 7961 
5 6360 6359 6246 6243 6358 
7 4755 4756 4747 4600 4599 4598 4753 
6 4116 4117 3947 3945 3946 4114 
6 3889 3886 3713 3714 3880 3888 
5 7455 7456 7387 7388 7451 
6 5595 5596 5462 5460 5459 5591 
6 6114 6113 5994 5993 5996 6115 
6 3917 3918 3745 3743 3744 3915 
6 3718 3566 3539 3538 3540 3717 
6 7001 7078 7076 6998 7000 6999 
6 7649 7647 7592 7593 7597 7650 
6 7842 7841 7799 7798 7805 7806 
6 7283 7282 7211 7210 7212 7284 
6 2370 2371 2187 2185 2186 2368 
5 3701 3698 3523 3524 3700 
6 6407 6300 6294 6293 6299 6406 
6 7920 7919 7885 7882 7883 7886 
6 8057 8055 8036 8037 8038 8056 
6 7586 7585 7526 7522 7523 7583 
7 5867 5864 5740 5741 5854 5868 5869 
6 4056 4055 3887 3886 3889 4057 
6 3898 3896 3723 3724 3726 3897 
7 6932 6848 6843 6845 6844 6846 6931 
6 4047 3878 3877 3876 4044 4046 
5 7723 7722 7671 7676 7724 
6 3772 3598 3595 3594 3597 3773 
6 4716 4713 4568 4560 4563 4717 
5 3562 3551 3382 3384 3563 
7 6964 6965 6882 6881 6879 6880 6885 
6 5522 5521 5519 5380 5381 5390 
5 7775 7774 7729 7728 7730 
6 6979 6977 6893 6894 6896 6978 
6 6392 6391 6383 6279 6278 6387 
6 2793 2792 2597 2595 2596 2601 
6 7073 7071 6992 6993 6995 7072 
5 2046 2047 2043 1868 2029 
6 6888 6887 6796 6794 6795 6799 
6 8054 8052 8034 8035 8036 8055 
5 6899 6810 6807 6806 6811 
6 5471 5330 5328 5329 5466 5472 
6 6108 5995 5983 5984 5989 6107 
6 6572 6477 6467 6466 6570 6571 
6 1665 1664 1498 1496 1495 1662 
5 6690 6683 6591 6590 6691 
6 6303 6301 6296 6184 6185 6302 
6 6782 6781 6687 6686 6685 6780 
6 3389 3209 3206 3205 3207 3388 
5 7784 7785 7740 7738 7783 
6 2632 2631 2430 2429 2434 2633 
6 6515 6514 6410 6408 6409 6414 
6 7485 7484 7482 7418 7419 7420 
6 3579 3398 3396 3397 3400 3578 
6 2980 2818 2781 2782 2784 2979 
7 1666 1667 1500 1497 1499 1498 1664 
6 4582 4424 4422 4423 4580 4581 
7 2377 2379 2198 2195 2194 2193 2376 
6 3743 3568 3566 3718 3742 3744 
6 7414 7411 7345 7346 7347 7415 
5 3234 3228 3049 3048 3233 
6 7471 7407 7405 7404 7409 7470 
5 4398 4397 4231 4229 4393 
6 2017 2018 1844 1841 1842 2016 
5 2055 2006 1877 1876 2054 
5 7291 7290 7220 7218 7222 
6 2383 2382 2381 2199 2198 2379 
7 4061 4062 3902 3890 3891 4054 4060 
6 4574 4573 4414 4413 4415 4575 
7 6159 6158 6157 6039 6035 6034 6041 
6 6663 6664 6564 6563 6656 6662 
6 7914 7913 7903 7876 7881 7912 
6 7400 7381 7332 7331 7334 7401 
6 1355 1354 1224 1221 1222 1223 
6 4578 4421 4419 4418 4565 4577 
5 7193 7120 7118 7117 7192 
6 6350 6236 6231 6232 6234 6352 
6 7579 7580 7521 7518 7517 7519 
7 5342 5341 5338 5192 5193 5194 5340 
6 7933 7934 7931 7897 7896 7898 
6 2007 2008 1834 1833 1877 2006 
6 5180 5181 5038 5036 5035 5173 
6 5986 5987 5862 5859 5858 5857 
6 6016 6013 5886 5884 5885 5890 
6 6723 6720 6625 6624 6626 6722 
6 4102 4094 3932 3933 4100 4101 
6 7994 7993 7992 7963 7962 7965 
6 5921 5920 5912 5789 5790 5791 
6 7372 7373 7370 7302 7303 7304 
6 2190 2189 2013 2012 2011 2188 
5 4283 4279 4115 4113 4282 
5 5989 5984 5863 5861 5990 
6 7686 7684 7634 7633 7648 7687 
6 4762 4764 4608 4607 4609 4760 
5 3923 3922 3750 3749 3920 
6 4087 3919 3918 3917 4085 4086 
6 7054 7053 6974 6975 6976 7055 
6 7615 7614 7612 7556 7555 7561 
6 5311 5312 5165 5162 5163 5309 
6 7166 7091 7089 7090 7111 7165 
6 4289 4288 4121 4119 4118 4287 
6 4071 4072 3909 3903 3902 4062 
6 4554 4398 4393 4392 4396 4555 
6 8017 8014 7989 7988 7990 8016 
5 7742 7741 7692 7690 7739 
5 2201 2200 2026 2023 2197 
5 5887 5882 5757 5758 5889 
7 7375 7376 7374 7372 7304 7305 7306 
6 7591 7575 7529 7530 7532 7590 
5 1498 1499 1357 1356 1496 
6 6855 6856 6764 6762 6761 6854 
7 6696 6694 6597 6598 6599 6601 6697 
6 6138 6136 6017 6014 6015 6139 
6 7175 7176 7100 7098 7099 7173 
6 4715 4714 4561 4558 4559 4712 
6 5453 5452 5311 5309 5308 5313 
6 6846 6844 6755 6754 6840 6847 
6 3931 3758 3756 3757 3760 3930 
6 6534 6533 6433 6430 6431 6435 
6 8031 8032 8009 8006 8007 8010 
6 2384 2385 2203 2200 2201 2380 
6 5443 5302 5301 5300 5441 5444 
5 5939 5933 5926 5808 5938 
6 2570 2569 2378 2374 2375 2567 
6 7321 7322 7252 7250 7249 7315 
6 3518 3520 3336 3334 3335 3340 
5 3149 2970 2958 2965 3148 
6 7364 7360 7294 7295 7296 7365 
6 4593 4434 4433 4432 4440 4594 
5 2624 2426 2422 2423 2623 
6 6418 6416 6303 6302 6304 6417 
6 8006 7980 7978 7979 7983 8007 
6 7844 7843 7803 7800 7799 7841 
7 7826 7827 7784 7783 7781 7782 7824 
7 6494 6495 6385 6382 6384 6383 6391 
6 6556 6450 6449 6448 6480 6554 
6 6918 6916 6915 6826 6829 6830 
6 7144 7142 7065 7064 7066 7143 
6 4121 4120 4105 3950 3949 4119 
6 4723 4721 4566 4567 4572 4722 
6 7097 7096 7018 7017 7093 7095 
7 7861 7860 7858 7817 7818 7819 7820 
6 6683 6682 6680 6585 6584 6591 
6 5716 5585 5581 5582 5584 5717 
6 7707 7705 7656 7655 7657 7708 
6 7154 7151 7074 7075 7077 7153 
5 8091 8092 8081 8078 8085 
6 3776 3761 3599 3598 3772 3775 
6 6451 6447 6339 6336 6449 6450 
7 2996 2994 2799 2797 2798 2800 2997 
6 5644 5645 5642 5511 5510 5509 
6 2607 2599 2407 2408 2606 2608 
5 6865 6773 6772 6862 6864 
5 5080 5079 5074 4932 5078 
5 5062 4915 4912 4913 5061 
6 7191 7192 7117 7115 7116 7121 
6 7049 7048 6970 6969 6968 6972 
6 8034 8031 8010 8011 8012 8035 
6 4059 4057 3889 3888 4051 4058 
6 5359 5358 5214 5211 5210 5357 
6 5513 5512 5494 5373 5374 5375 
6 7699 7687 7648 7647 7649 7700 
6 5668 5667 5532 5533 5534 5664 
5 6370 6369 6256 6258 6371 
6 6386 6381 6272 6273 6382 6385 
5 7747 7698 7697 7696 7746 
6 4771 4772 4758 4616 4617 4767 
6 6970 6971 6964 6885 6886 6969 
7 5201 5196 5057 5055 5056 5198 5200 
6 3200 3199 3196 3012 3013 3188 
6 2581 2580 2404 2387 2386 2578 
5 7863 7862 7861 7820 7821 
6 7065 7062 6984 6985 6986 7064 
6 4420 4255 4254 4253 4419 4421 
5 7310 7309 7237 7238 7239 
7 5632 5631 5501 5496 5495 5494 5512 
5 4259 4092 4091 4090 4258 
6 4257 4258 4090 4088 4089 4256 
6 3530 3528 3346 3345 3348 3532 
5 8030 8005 8004 8026 8029 
6 5165 5166 5021 5022 5018 5162 
6 7818 7817 7816 7772 7771 7773 
6 6955 6954 6868 6869 6878 6956 
6 6755 6752 6661 6660 6747 6754 
5 5335 5336 5189 5188 5305 
6 6235 6233 6117 6116 6228 6230 
6 4415 4413 4247 4248 4250 4417 
4 8110 8108 8107 8109 
6 5488 5486 5343 5344 5345 5489 
6 6753 6750 6659 6658 6661 6752 
6 3160 2973 2969 2970 3149 3159 
6 7640 7639 7582 7581 7635 7637 
6 6766 6767 6671 6669 6670 6674 
5 7864 7863 7821 7822 7823 
7 4064 3914 3892 3893 3894 3895 4063 
6 7983 7979 7950 7951 7953 7982 
5 2013 2014 1840 1838 2012 
5 3155 2968 2966 3024 3156 
6 7676 7671 7669 7620 7621 7672 
6 6579 6574 6475 6476 6474 6577 
6 4250 4248 4080 4081 4243 4249 
6 8008 8003 7981 7980 8006 8009 
6 5366 5368 5369 5221 5220 5219 
6 2615 2616 2612 2416 2415 2418 
6 6730 6729 6726 6633 6632 6636 
5 7875 7834 7832 7833 7874 
6 6539 6538 6534 6435 6436 6536 
5 1521 1520 1514 1510 1519 
6 7833 7832 7790 7788 7789 7831 
6 5598 5587 5464 5463 5597 5600 
5 5773 5771 5637 5638 5768 
5 3177 3175 2991 2990 3179 
6 4617 4616 4601 4458 4457 4612 
6 7552 7551 7549 7489 7488 7490 
6 5301 5154 5153 5152 5298 5300 
6 7229 7228 7154 7153 7155 7156 
6 7737 7736 7686 7687 7699 7734 
6 7350 7348 7280 7279 7281 7349 
6 3573 3570 3390 3391 3567 3572 
5 6393 6394 6282 6280 6289 
6 4267 4266 4101 4100 4099 4104 
6 6042 6043 5913 5912 5920 6040 
6 6239 6240 6123 6121 6127 6130 
6 2816 2817 2812 2620 2619 2802 
6 7352 7349 7281 7282 7283 7351 
6 4286 4287 4118 4117 4116 4284 
6 6619 6620 6614 6518 6519 6617 
5 2621 2425 2421 2583 2622 
7 3337 3332 3154 3153 3152 3334 3336 
6 2614 2609 2414 2413 2611 2613 
6 6659 6657 6559 6560 6562 6658 
5 4748 4746 4592 4600 4747 
6 7181 7182 7106 7104 7105 7180 
6 2968 2967 2960 2770 2826 2966 
6 6910 6909 6821 6820 6823 6911 
6 2375 2374 2192 2189 2190 2373 
6 5170 5171 5158 5025 5164 5169 
6 6813 6811 6806 6717 6718 6812 
6 5604 5601 5468 5467 5469 5605 
6 7492 7493 7491 7428 7427 7432 
6 4615 4614 4611 4455 4456 4606 
6 6800 6799 6795 6705 6707 6801 
7 1855 1856 1682 1681 1680 1679 1690 
6 3400 3397 3217 3216 3227 3401 
5 7834 7792 7791 7790 7832 
6 4078 4079 4070 3910 3911 3912 
7 7740 7739 7690 7688 7689 7735 7738 
6 6656 6563 6558 6557 6559 6657 
6 7821 7820 7819 7776 7777 7822 
6 5192 5191 5048 5047 5049 5193 
6 3919 3920 3749 3746 3745 3918 
6 6002 6003 5879 5875 5874 5980 
5 7992 7991 7960 7961 7963 
6 5852 5747 5720 5721 5849 5851 
6 7541 7538 7478 7479 7539 7542 
7 6771 6769 6677 6676 6675 6763 6765 
6 7720 7719 7718 7668 7667 7670 
6 7303 7302 7300 7230 7231 7233 
7 4425 4260 4259 4258 4257 4422 4424 
6 5927 5928 5799 5796 5797 5923 
6 2430 2428 2238 2230 2236 2429 
7 2203 2202 2028 2024 2025 2026 2200 
6 6272 6266 6155 6156 6270 6273 
5 6496 6493 6386 6385 6495 
6 4867 4865 4724 4713 4716 4868 
6 4710 4557 4554 4555 4556 4708 
5 5186 5042 5041 5184 5185 
6 4098 4097 4040 3929 3928 4095 
6 7392 7393 7326 7323 7324 7391 
6 2419 2420 2417 2225 2226 2403 
6 4393 4229 4224 4223 4226 4392 
7 7880 7879 7839 7838 7836 7837 7877 
6 7617 7616 7562 7557 7558 7618 
6 6852 6851 6759 6757 6758 6849 
6 7535 7531 7473 7472 7534 7536 
5 7759 7760 7711 7712 7714 
6 6665 6666 6566 6565 6564 6664 
6 7756 7757 7707 7708 7709 7752 
7 7973 7971 7941 7939 7940 7948 7974 
7 1840 1839 1666 1664 1665 1836 1838 
6 2029 1868 1864 1852 2024 2028 
6 2766 2767 2570 2567 2568 2765 
6 5602 5472 5466 5465 5468 5601 
7 5770 5769 5635 5633 5634 5637 5771 
6 4076 4075 4073 3907 3906 3908 
6 6597 6596 6492 6493 6496 6598 
6 5585 5586 5477 5448 5449 5581 
5 7848 7849 7842 7806 7847 
6 2186 2185 2009 2008 2007 2183 
6 5520 5518 5379 5378 5380 5519 
6 6582 6554 6480 6479 6481 6583 
6 7969 7968 7966 7934 7933 7935 
6 2784 2782 2584 2585 2593 2783 
6 7489 7487 7422 7423 7424 7488 
7 7300 7301 7298 7227 7228 7229 7230 
6 7930 7929 7927 7893 7892 7894 
7 4862 4861 4711 4710 4708 4709 4719 
5 7572 7571 7508 7509 7510 
6 5922 5921 5791 5792 5793 5918 
6 3754 3692 3576 3577 3580 3753 
6 6578 6577 6474 6473 6472 6575 
5 4763 4615 4606 4608 4764 
6 7000 6998 6997 6914 6915 6916 
6 7341 7274 7272 7271 7275 7342 
5 5052 5050 4900 4907 5051 
5 7379 7378 7308 7309 7310 
5 6924 6925 6923 6834 6836 
6 7608 7606 7547 7548 7550 7607 
6 5799 5798 5668 5664 5665 5796 
6 5615 5616 5589 5479 5480 5614 
6 3729 3730 3561 3553 3552 3716 
6 4224 4060 4054 4055 4056 4223 
6 5713 5712 5578 5577 5576 5617 
6 5026 4883 4873 4874 4876 5027 
7 6011 6010 5972 5881 5882 5887 6012 
7 7387 7386 7318 7317 7316 7382 7388 
7 6560 6559 6557 6456 6455 6454 6457 
6 7453 7395 7384 7385 7389 7452 
6 6304 6302 6185 6186 6187 6305 
6 6744 6743 6742 6648 6647 6649 
5 7970 7969 7935 7936 7937 
6 7482 7483 7481 7417 7416 7418 
6 4750 4595 4593 4594 4602 4749 
6 5362 5363 5350 5215 5214 5358 
6 4550 4391 4388 4390 4389 4547 
7 5040 4890 4889 4888 4887 5037 5039 
6 4876 4874 4723 4722 4728 4875 
7 3362 3361 3359 3177 3179 3178 3180 
6 2019 2020 1847 1843 1844 2018 
7 5982 5980 5874 5852 5851 5977 5981 
6 5755 5754 5623 5619 5626 5753 
6 7909 7910 7873 7872 7871 7907 
6 6949 6948 6863 6860 6859 6946 
6 5182 5183 5039 5037 5038 5181 
6 7867 7868 7828 7827 7826 7866 
6 7508 7506 7443 7442 7444 7509 
6 2575 2574 2384 2380 2381 2382 
6 7214 7213 7139 7140 7141 7215 
5 5333 5186 5185 5331 5332 
6 2799 2796 2793 2601 2602 2797 
6 6020 5893 5892 5891 5896 6021 
6 7795 7780 7748 7749 7750 7794 
7 7885 7884 7878 7845 7843 7844 7882 
6 2984 2983 2788 2785 2786 2794 
6 4073 4074 3913 3905 3904 3907 
6 3161 3162 2976 2972 2971 2974 
6 6810 6809 6716 6714 6715 6807 
6 6674 6670 6573 6574 6579 6673 
6 6814 6812 6718 6719 6721 6815 
6 7162 7161 7084 7085 7086 7163 
6 4399 4400 4232 4230 4231 4397 
6 5635 5636 5503 5500 5499 5633 
5 2593 2585 2394 2395 2594 
6 7046 7047 7039 6966 6967 7045 
6 3175 3174 2986 2983 2984 2991 
5 8106 8105 8098 8099 8100 
6 6060 6051 6048 5932 5931 6059 
6 7089 7015 7011 7012 7034 7090 
6 7846 7847 7806 7805 7804 7808 
6 4222 4219 4052 4053 4217 4221 
6 3016 2823 2819 2818 2980 3015 
6 6703 6704 6692 6608 6607 6701 
7 5380 5378 5230 5231 5232 5242 5381 
6 7838 7797 7795 7794 7796 7836 
6 4899 4898 4896 4748 4747 4756 
6 7631 7577 7574 7573 7576 7632 
6 7828 7829 7787 7785 7784 7827 
6 5045 5046 5004 4895 4894 4897 
6 5305 5188 5156 5157 5303 5304 
5 4542 4541 4381 4380 4431 
6 6726 6727 6631 6629 6630 6633 
5 4115 4114 3946 3944 4113 
6 6535 6530 6529 6432 6433 6533 
6 7634 7632 7576 7575 7591 7633 
7 8018 8019 8016 7990 7991 7992 7993 
6 4561 4562 4401 4400 4399 4558 
6 5780 5779 5767 5647 5646 5649 
6 7018 7019 6936 6935 7014 7017 
6 8081 8079 8065 8066 8070 8078 
5 6067 6063 5939 5938 6066 
6 3187 3186 2996 2997 2998 3183 
6 7916 7915 7880 7877 7878 7884 
6 6137 6139 6015 6013 6016 6019 
5 2031 1854 1853 1863 2030 
7 2040 2039 1862 1860 1861 1859 2035 
6 7790 7791 7745 7743 7744 7788 
6 6642 6641 6638 6540 6541 6542 
6 4576 4575 4415 4417 4416 4570 
6 6489 6500 6498 6389 6390 6397 
6 7139 7138 7060 7061 7063 7140 
6 6119 5999 5998 5997 6112 6118 
6 7114 7113 7112 7037 7036 7043 
6 7141 7140 7063 7062 7065 7142 
5 5476 5333 5332 5474 5475 
5 2398 2399 2390 2205 2397 
6 4884 4733 4732 4731 4873 4883 
5 2825 2628 2627 2821 2824 
6 6464 6463 6351 6349 6348 6461 
6 6112 5997 5991 5992 5994 6113 
7 6357 6358 6243 6241 6242 6337 6345 
6 6863 6861 6770 6769 6771 6860 
6 4429 4428 4265 4263 4262 4271 
6 5578 5579 5444 5441 5442 5577 
6 7445 7444 7442 7376 7375 7377 
6 6057 6056 5930 5928 5927 6052 
6 7931 7932 7930 7894 7895 7897 
6 5209 5208 5067 5065 5066 5070 
6 4904 4903 4754 4752 4751 4901 
6 6950 6864 6862 6861 6863 6948 
7 7643 7642 7586 7583 7584 7638 7641 
5 3041 3039 2846 2845 2855 
5 7330 7260 7259 7327 7329 
6 7745 7746 7696 7695 7694 7743 
6 6897 6895 6804 6805 6808 6898 
5 4609 4607 4449 4448 4605 
6 7255 7256 7181 7180 7179 7254 
6 4105 4104 4099 3934 3935 3950 
6 3868 3867 3694 3692 3754 3755 
6 6155 6149 6032 6033 6150 6156 
6 6399 6397 6390 6286 6285 6287 
6 6486 6485 6375 6374 6376 6488 
6 7334 7331 7264 7263 7268 7333 
6 2986 2985 2789 2787 2788 2983 
6 7124 7121 7116 7047 7046 7123 
5 3734 3732 3558 3559 3735 
5 3946 3945 3774 3771 3944 
6 5334 5315 5314 5187 5189 5336 
6 7562 7561 7555 7499 7498 7557 
5 3364 3362 3180 3182 3363 
5 4450 4289 4287 4286 4452 
6 7343 7340 7273 7274 7341 7344 
6 3019 3017 2822 2823 3016 3020 
6 7728 7729 7726 7677 7678 7679 
6 6015 6014 5888 5883 5886 6013 
6 7257 7184 7183 7182 7181 7256 
6 5846 5718 5715 5714 5844 5845 
4 6132 6009 6120 6131 
6 6687 6688 6592 6588 6587 6686 
6 7037 7035 6955 6956 6963 7036 
6 6915 6914 6912 6824 6825 6826 
7 7275 7271 7203 7201 7202 7204 7276 
6 6614 6613 6513 6511 6512 6518 
6 7603 7600 7543 7544 7546 7604 
7 6254 6251 6135 6134 6136 6138 6253 
5 1250 1223 1222 1117 1249 
6 2386 2387 2209 2202 2203 2385 
6 3726 3724 3548 3547 3549 3725 
7 6044 6046 6041 6034 5917 5916 5915 
6 6895 6896 6894 6803 6802 6804 
6 8027 8025 8002 8003 8008 8028 
6 3732 3731 3565 3554 3555 3558 
6 5010 5009 4860 4858 4857 5008 
6 4245 4244 4075 4076 4077 4241 
6 6795 6794 6702 6700 6699 6705 
6 5783 5784 5785 5652 5650 5653 
5 6908 6907 6819 6821 6909 
6 3909 3908 3906 3736 3737 3903 
5 4427 4261 4260 4425 4426 
6 5059 5058 5054 4908 4909 4922 
6 7031 6951 6950 6948 6949 7030 
6 7094 7092 7016 7015 7089 7091 
6 5599 5597 5463 5461 5462 5596 
7 7985 7984 7982 7953 7954 7952 7955 
6 6759 6760 6665 6664 6663 6757 
5 7436 7435 7366 7367 7369 
6 2579 2578 2386 2385 2384 2574 
5 7272 7200 7198 7203 7271 
5 2998 2997 2800 2805 2993 
6 6229 6227 6111 6109 6110 6122 
6 7245 7246 7172 7170 7169 7243 
6 8071 8069 8054 8055 8057 8072 
6 7467 7448 7400 7401 7403 7466 
6 2043 2042 1867 1865 1864 1868 
6 2763 2762 2566 2564 2563 2629 
5 6845 6753 6752 6755 6844 
6 5163 5162 5018 5016 5017 5161 
6 2826 2770 2763 2629 2637 2827 
5 7199 7197 7125 7198 7200 
6 4730 4729 4574 4575 4576 4726 
6 3758 3759 3753 3580 3581 3756 
6 5515 5514 5513 5375 5376 5505 
6 6380 6377 6267 6266 6272 6381 
6 6469 6468 6462 6356 6355 6364 
6 4401 4402 4242 4233 4232 4400 
6 3215 3214 3212 3029 3028 3213 
6 4590 4589 4430 4428 4429 4439 
6 2381 2380 2201 2197 2196 2199 
6 6255 6253 6138 6139 6137 6140 
6 2406 2213 2210 2211 2215 2405 
6 7613 7611 7610 7551 7552 7554 
7 7706 7703 7654 7653 7652 7656 7705 
7 6637 6636 6632 6535 6533 6534 6538 
6 2963 2964 2769 2767 2766 2961 
5 6250 6132 6131 6237 6249 
6 3184 3183 2998 2993 3001 3014 
5 2217 2040 2035 2038 2218 
7 3190 3191 3014 3001 3002 3003 3006 
6 7896 7897 7895 7857 7856 7859 
6 2604 2603 2419 2403 2404 2580 
6 6942 6943 6855 6854 6853 6940 
6 6031 6027 5901 5903 5902 6030 
7 6506 6507 6489 6397 6399 6398 6504 
6 4878 4877 4727 4725 4724 4865 
6 2369 2368 2186 2183 2184 2237 
6 6053 6052 5927 5923 5924 5925 
6 2620 2618 2420 2419 2603 2619 
7 3374 3375 3373 3194 3193 3192 3197 
6 6761 6762 6667 6666 6665 6760 
6 6824 6822 6729 6730 6734 6825 
6 5199 5198 5056 5053 5054 5058 
6 3335 3334 3152 3150 3151 3158 
5 6487 6488 6376 6379 6483 
6 6806 6807 6715 6711 6712 6717 
6 3877 3704 3702 3703 3871 3876 
6 5790 5789 5783 5653 5654 5655 
7 6655 6652 6555 6556 6554 6582 6654 
6 3576 3515 3395 3394 3399 3577 
6 6996 6994 6913 6912 6914 6997 
6 7688 7637 7635 7636 7685 7689 
7 6050 6049 6040 5920 5921 5922 6047 
6 8108 8103 8102 8101 8104 8107 
4 6651 6650 6550 6551 
6 5149 5148 5006 5003 5004 5046 
7 3346 3344 3165 3162 3161 3163 3345 
4 7260 7186 7258 7259 
6 6181 6182 6058 6056 6057 6178 
7 4608 4606 4456 4446 4447 4449 4607 
5 2586 2587 2391 2390 2399 
7 1676 1519 1510 1509 1508 1511 1675 
5 8083 8068 8067 8080 8082 
6 6685 6686 6587 6586 6595 6684 
6 1500 1501 1365 1358 1359 1497 
6 1848 1689 1676 1675 1678 1849 
6 5650 5652 5651 5643 5516 5517 
6 2810 2811 2807 2614 2613 2809 
6 5728 5727 5595 5591 5590 5592 
6 6818 6817 6723 6722 6724 6725 
6 2024 1852 1848 1849 1850 2025 
6 1867 1866 1855 1690 1691 1865 
6 3196 3195 3011 3008 3009 3012 
6 2224 2221 2216 2045 2044 2223 
6 4543 4544 4385 4383 4382 4540 
6 3916 3915 3744 3742 3892 3914 
7 1224 1225 1102 1094 1095 1096 1221 
6 4917 4768 4765 4766 4770 4916 
6 7293 7292 7288 7219 7220 7290 
5 3003 3002 2806 2807 2811 
6 5468 5465 5323 5324 5326 5467 
6 6707 6705 6699 6609 6610 6706 
5 5994 5992 5867 5869 5993 
7 7520 7519 7517 7454 7456 7455 7515 
6 3395 3331 3211 3212 3214 3394 
6 4563 4560 4409 4402 4401 4562 
6 7022 7023 6941 6938 6939 7021 
6 7881 7876 7865 7840 7839 7879 
6 5871 5744 5743 5742 5866 5870 
5 8090 8089 8075 8076 8077 
6 7417 7415 7347 7348 7350 7416 
6 7722 7721 7720 7670 7669 7671 
5 6633 6630 6530 6535 6632 
6 7496 7495 7431 7430 7434 7497 
6 6512 6511 6405 6401 6402 6412 
6 2606 2408 2406 2405 2409 2605 
5 6009 6000 5999 6119 6120 
5 7871 7872 7831 7830 7870 
6 7754 7751 7704 7703 7706 7753 
6 5083 5084 5082 4935 4936 5073 
6 6989 6987 6903 6904 6905 6988 
6 6712 6711 6618 6615 6616 6621 
6 2977 2978 2801 2779 2780 2975 
7 6454 6455 6342 6341 6340 6339 6447 
6 2211 2210 2032 2031 2030 2034 
6 5653 5650 5517 5518 5520 5654 
6 7869 7870 7830 7829 7828 7868 
6 5492 5491 5349 5348 5347 5351 
5 8077 8076 8060 8061 8062 
6 6893 6891 6800 6801 6803 6894 
5 4455 4451 4290 4446 4456 
6 5490 5489 5345 5346 5349 5491 
6 6148 6145 6024 6025 6032 6149 
7 3001 2993 2805 2803 2804 2806 3002 
6 3551 3550 3369 3368 3367 3382 
4 873 874 770 870 
7 3698 3697 3695 3519 3520 3518 3523 
6 7682 7681 7680 7626 7627 7628 
6 3525 3347 3343 3342 3516 3526 
6 4212 4209 4045 4042 4041 4211 
5 3515 3514 3339 3331 3395 
6 5310 5169 5164 5166 5165 5312 
6 6777 6774 6682 6683 6690 6776 
6 5017 5016 4866 4864 4863 5015 
5 5873 5745 5744 5871 5872 
5 5511 5506 5372 5371 5510 
5 6007 6008 5880 5879 6003 
6 2764 2765 2568 2565 2566 2762 
6 7316 7317 7245 7243 7244 7313 
6 3198 3197 3192 3010 3011 3195 
6 8064 8050 8047 8046 8049 8063 
5 6436 6435 6431 6321 6434 
6 1230 1228 1101 1100 1103 1231 
5 7873 7874 7833 7831 7872 
6 7996 7995 7994 7965 7964 7967 
6 6741 6739 6646 6645 6648 6742 
6 3748 3574 3571 3570 3573 3747 
6 6187 6186 6062 6063 6067 6188 
6 7145 7143 7066 7067 7068 7146 
6 4274 4273 4267 4104 4105 4120 
6 5230 5367 5366 5219 5218 5231 
4 5393 5391 5244 5392 
6 6394 6396 6395 6283 6281 6282 
7 5331 5185 5184 5183 5182 5328 5330 
6 5060 5061 4913 4910 4911 4933 
6 5983 5868 5854 5853 5863 5984 
6 5297 5150 5148 5149 5190 5296 
6 5888 5889 5758 5756 5759 5883 
6 4045 4043 3873 3875 3874 4042 
6 7149 7147 7070 7071 7073 7150 
6 7319 7315 7249 7248 7247 7320 
6 2038 2035 1859 1858 1857 2036 
6 5978 5979 5847 5850 5974 5976 
6 2597 2598 2586 2399 2398 2595 
5 7977 7945 7943 7944 7976 
5 6226 6225 6106 6105 6222 
6 7964 7965 7962 7929 7930 7932 
6 5082 5081 5060 4933 4934 4935 
6 6984 6983 6900 6899 6902 6985 
6 7859 7856 7815 7816 7817 7858 
6 5847 5848 5719 5718 5846 5850 
6 7605 7604 7546 7545 7547 7606 
6 8005 7977 7976 7975 8000 8004 
6 4396 4392 4226 4227 4228 4395 
6 7801 7793 7754 7753 7755 7802 
6 6592 6589 6486 6488 6487 6588 
6 5856 5857 5858 5729 5725 5726 
6 7268 7263 7195 7194 7266 7267 
6 6388 6387 6278 6274 6275 6276 
6 1508 1509 1370 1367 1366 1368 
6 4251 4084 4082 4083 4235 4252 
6 3163 3161 2974 2973 3160 3164 
6 7789 7788 7744 7741 7742 7786 
5 2588 2589 2392 2391 2587 
7 3746 3572 3567 3569 3568 3743 3745 
5 7823 7822 7777 7778 7779 
6 3412 3401 3227 3228 3234 3413 
6 7555 7556 7553 7493 7492 7499 
6 4118 4119 3949 3948 3947 4117 
5 8062 8061 8043 8044 8045 
7 1365 1364 1362 1230 1231 1232 1358 
5 2425 2424 2227 2388 2421 
6 6784 6783 6689 6688 6687 6781 
5 3568 3569 3387 3539 3566 
6 5442 5441 5300 5298 5299 5439 
5 7437 7436 7369 7368 7371 
5 6555 6552 6451 6450 6556 
6 5004 5003 4854 4851 4852 4895 
5 6517 6516 6413 6411 6514 
6 6570 6466 6465 6463 6464 6569 
6 5785 5787 5786 5778 5651 5652 
6 3211 3156 3024 3023 3029 3212 
5 5916 5917 5907 5786 5787 
6 6413 6412 6402 6300 6407 6411 
6 7058 7056 6979 6978 6980 7059 
5 6679 6581 6580 6672 6678 
6 7122 7123 7046 7045 7044 7051 
6 5628 5625 5490 5491 5492 5627 
7 5205 5204 5063 5062 5061 5060 5081 
6 6576 6575 6472 6470 6471 6567 
6 2226 2225 2222 2047 2046 2208 
5 3396 3215 3213 3217 3397 
6 7106 7107 7029 7028 7027 7104 
6 7208 7206 7134 7133 7136 7209 
6 7989 7986 7957 7956 7958 7988 
6 7516 7515 7455 7451 7450 7511 
6 6681 6654 6582 6583 6585 6680 
7 5217 5216 5083 5073 5075 5074 5079 
6 6595 6586 6490 6491 6492 6596 
6 6721 6719 6622 6623 6625 6720 
5 6728 6725 6724 6631 6727 
5 7399 7330 7329 7394 7398 
6 7014 6935 6932 6931 6934 7013 
6 7450 7451 7388 7382 7383 7447 
6 7086 7085 7006 7007 7008 7087 
6 3182 3180 3178 2992 2995 3181 
6 5908 5909 5900 5779 5780 5782 
7 7732 7731 7730 7728 7679 7680 7681 
7 6129 6128 6126 6006 6008 6007 6124 
7 5507 5509 5510 5371 5370 5369 5368 
6 7336 7267 7266 7265 7269 7335 
6 7958 7956 7924 7923 7925 7959 
5 5897 5775 5766 5772 5898 
6 5516 5643 5644 5509 5507 5508 
6 1356 1357 1355 1223 1250 1353 
5 2602 2601 2596 2402 2600 
5 6160 6154 6036 6037 6162 
5 3752 3575 3574 3748 3751 
6 5369 5370 5225 5222 5223 5221 
6 5974 5850 5846 5845 5973 5975 
7 6805 6804 6802 6708 6709 6710 6713 
6 7134 7131 7054 7055 7057 7133 
7 3727 3725 3549 3550 3551 3562 3728 
6 5743 5611 5610 5609 5739 5742 
6 2821 2627 2624 2623 2626 2820 
7 4096 4095 3928 3927 3926 3932 4094 
6 7504 7505 7503 7439 7438 7440 
6 6960 6959 6874 6872 6873 6957 
6 7294 7291 7222 7221 7223 7295 
5 1861 1860 1687 1686 1685 
5 7033 6952 6951 7031 7032 
6 6005 6001 5985 5876 5877 6004 
6 8087 8084 8071 8072 8073 8086 
6 7020 7021 6939 6937 6936 7019 
7 6237 6131 6120 6119 6118 6231 6236 
6 1678 1675 1511 1512 1671 1677 
6 3026 3027 2828 2831 2832 2844 
6 7299 7297 7225 7226 7227 7298 
6 7565 7566 7564 7502 7503 7505 
5 7704 7702 7651 7654 7703 
6 2187 2188 2011 2010 2009 2185 
6 7917 7912 7881 7879 7880 7915 
6 6308 6309 6306 6190 6189 6199 
6 7394 7329 7327 7325 7326 7393 
6 6941 6940 6853 6851 6852 6938 
6 7459 7458 7392 7391 7390 7396 
6 5875 5749 5746 5747 5852 5874 
6 6789 6778 6695 6694 6696 6790 
6 5343 5340 5194 5195 5197 5344 
6 4049 3884 3879 3878 4047 4048 
6 5391 5390 5381 5242 5241 5244 
6 5151 5007 5005 5006 5148 5150 
6 2577 2575 2382 2383 2572 2576 
5 7911 7875 7874 7873 7910 
5 6296 6295 6180 6177 6184 
6 6610 6609 6603 6508 6509 6611 
6 3740 3741 3738 3564 3565 3731 
6 3561 3560 3557 3380 3381 3553 
6 7469 7466 7403 7402 7406 7468 
6 6710 6709 6612 6613 6614 6620 
5 1234 1236 1105 1104 1227 
5 4262 4263 4098 4095 4096 
6 7889 7886 7883 7849 7848 7888 
6 5069 5070 5066 4921 4920 5064 
6 1506 1507 1505 1364 1365 1501 
6 6022 6018 5894 5893 6020 6023 
6 3165 3166 2977 2975 2976 3162 
6 7405 7337 7336 7335 7339 7404 
6 7225 7224 7149 7150 7152 7226 
6 6934 6931 6846 6847 6929 6933 
6 5177 5176 5032 5031 5030 5159 
6 2011 2012 1838 1836 1837 2010 
6 6185 6184 6177 6061 6062 6186 
6 7332 7311 7262 7261 7264 7331 
6 7803 7802 7755 7757 7756 7800 
5 7584 7583 7523 7521 7580 
7 5714 5715 5583 5580 5579 5578 5712 
6 5021 5020 4867 4868 4869 5022 
5 6104 6002 5980 5982 6103 
6 7345 7342 7275 7276 7277 7346 
5 7694 7695 7643 7641 7693 
6 6832 6833 6831 6828 6738 6740 
6 6923 6922 6920 6833 6832 6834 
6 6791 6790 6696 6697 6698 6788 
6 3869 3870 3699 3693 3694 3867 
6 7120 7119 7114 7043 7042 7118 
6 2236 2230 2056 2055 2054 2235 
7 5469 5467 5326 5327 5325 5450 5470 
6 7423 7422 7421 7354 7353 7356 
6 6368 6335 6252 6251 6254 6367 
5 7972 7942 7938 7941 7971 
6 7750 7749 7701 7702 7704 7751 
6 5153 5010 5008 5007 5151 5152 
4 5074 5075 4925 4932 
5 3555 3554 3375 3374 3379 
6 5732 5734 5600 5597 5599 5730 
5 1515 1516 1372 1371 1513 
6 5320 5319 5307 5171 5170 5317 
5 6259 6257 6142 6141 6143 
6 7179 7180 7105 7102 7103 7178 
6 8042 8041 8040 8019 8018 8021 
5 7628 7627 7569 7570 7629 
6 5655 5654 5520 5519 5521 5656 
6 8098 8097 8087 8086 8088 8099 
6 7762 7761 7759 7714 7713 7716 
6 5759 5756 5622 5624 5623 5754 
6 5014 5015 4863 4861 4862 4871 
6 6264 6261 6147 6146 6262 6265 
5 2032 2033 2027 1854 2031 
6 7057 7055 6976 6977 6979 7056 
6 7895 7894 7892 7854 7855 7857 
6 7187 7165 7111 7112 7113 7188 
6 4718 4717 4563 4562 4561 4714 
5 4934 4933 4911 4784 4785 
6 6521 6520 6515 6414 6415 6522 
7 7951 7950 7946 7917 7915 7916 7918 
5 6260 6259 6143 6147 6261 
7 7361 7362 7293 7290 7291 7294 7360 
6 2786 2785 2588 2587 2586 2598 
6 5037 4887 4886 4885 5036 5038 
6 5214 5215 5203 5071 5072 5211 
6 4231 4230 4061 4060 4224 4229 
6 5494 5495 5355 5353 5352 5373 
6 7865 7866 7826 7824 7825 7840 
6 6545 6634 6635 6543 6532 6531 
6 7419 7418 7416 7350 7349 7352 
6 6433 6432 6422 6317 6318 6430 
6 5352 5353 5206 5204 5205 5226 
6 1842 1841 1668 1667 1666 1839 
6 5772 5766 5639 5636 5635 5769 
7 3906 3907 3904 3734 3735 3733 3736 
7 3383 3384 3382 3367 3201 3202 3372 
7 4698 4697 4543 4540 4541 4542 4588 
5 6541 6540 6537 6437 6438 
6 5506 5505 5376 5364 5365 5372 
6 8020 8021 8018 7993 7994 7995 
5 4449 4447 4283 4282 4448 
6 7656 7652 7598 7599 7602 7655 
6 2216 2218 2038 2036 2037 2045 
5 6601 6599 6501 6499 6602 
7 6372 6371 6258 6257 6259 6260 6373 
6 3018 2824 2821 2820 2822 3017 
6 7409 7404 7339 7340 7343 7408 
7 6291 6290 6173 6171 6172 6175 6288 
6 5502 5497 5360 5361 5496 5501 
7 7587 7588 7527 7525 7524 7526 7585 
6 7074 7072 6995 6994 6996 7075 
6 7080 7081 7079 7078 7001 7002 
4 1235 1233 1105 1236 
5 3527 3350 3344 3346 3528 
6 2610 2605 2409 2410 2414 2609 
4 6549 6547 6441 6548 
6 6995 6993 6910 6911 6913 6994 
4 5242 5232 5095 5241 
5 7792 7747 7746 7745 7791 
7 4597 4596 4436 4435 4434 4593 4595 
6 2814 2813 2808 2616 2615 2617 
6 1359 1358 1232 1225 1224 1354 
6 7711 7710 7660 7659 7662 7712 
6 2209 2208 2046 2029 2028 2202 
7 6990 6988 6905 6906 6907 6908 6991 
6 4556 4555 4396 4395 4394 4553 
5 6018 6019 6016 5890 5894 
6 3040 3030 3026 2844 2846 3039 
6 7768 7767 7766 7719 7720 7721 
6 5931 5932 5919 5801 5800 5929 
6 3542 3357 3358 3354 3360 3541 
5 3893 3719 3720 3722 3894 
6 7940 7939 7906 7904 7903 7913 
6 3029 3023 2833 2834 3025 3028 
6 6106 6103 5982 5981 6102 6105 
5 4751 4752 4597 4595 4750 
6 7537 7533 7474 7475 7478 7538 
6 3167 3168 2999 2978 2977 3166 
6 5194 5193 5049 5050 5052 5195 
6 6462 6461 6348 6347 6346 6356 
5 7172 7171 7097 7095 7170 
5 1685 1686 1518 1683 1684 
6 6390 6389 6388 6276 6277 6286 
7 7570 7569 7567 7507 7506 7508 7571 
7 3887 3885 3715 3712 3711 3713 3886 
6 6585 6583 6481 6482 6484 6584 
6 2222 2223 2044 2042 2043 2047 
6 7011 6933 6929 6930 6953 7012 
6 8085 8078 8070 8069 8071 8084 
6 5988 5990 5861 5860 5862 5987 
5 5584 5582 5447 5580 5583 
6 6873 6872 6782 6780 6779 6870 
7 6823 6820 6728 6727 6726 6729 6822 
6 6125 6124 6007 6003 6002 6104 
6 6919 6999 7000 6916 6918 6917 
6 7262 7241 7187 7188 7190 7261 
6 6221 6220 6100 6099 6216 6219 
6 7837 7836 7796 7793 7801 7835 
6 7769 7768 7721 7722 7723 7770 
6 3564 3563 3384 3383 3554 3565 
6 2044 2045 2037 1866 1867 2042 
5 6383 6384 6271 6268 6279 
90 103 106 109 111 117 127 129 131 133 135 137 139 141 143 145 147 149 151 153 155 157 159 161 163 165 167 169 172 174 176 178 180 182 184 186 188 190 192 194 197 199 201 203 205 207 209 211 213 215 217 219 221 223 225 227 229 231 233 235 237 239 241 243 244 
1 3 4 6 7 10 11 14 16 19 23 25 28 29 34 35 36 39 41 42 45 46 48 49 51 52 53 55 56 59 63 66 75 76 77 80 81 84 91 92 93 104 105 107 108 110 112 113 114 115 116 118 119 120 121 122 123 124 125 
116 126 128 130 132 134 136 138 140 142 144 146 148 150 152 154 156 158 160 162 164 166 168 170 171 173 175 177 179 181 183 185 187 189 191 193 195 196 198 200 202 204 206 208 210 212 214 216 218 220 222 224 226 228 230 232 234 236 238 240 242 244 
1 2 5 8 9 12 13 15 17 18 20 21 22 24 26 27 30 31 32 33 37 38 40 43 44 47 50 54 57 58 60 61 62 64 65 67 68 69 70 71 72 73 74 78 79 82 83 85 86 87 88 89 90 94 95 96 97 98 99 100 101 102 